ts,equity,cash,position_value
2026-04-09T08:00:00+00:00,10000.000000,10000.000000,0.000000
2026-04-09T09:00:00+00:00,10000.000000,10000.000000,0.000000
2026-04-09T10:00:00+00:00,10000.000000,10000.000000,0.000000
2026-04-09T11:00:00+00:00,10000.000000,10000.000000,0.000000
2026-04-09T12:00:00+00:00,10000.000000,10000.000000,0.000000
2026-04-09T13:00:00+00:00,10000.000000,10000.000000,0.000000
2026-04-09T14:00:00+00:00,10000.000000,10000.000000,0.000000
2026-04-09T15:00:00+00:00,10000.000000,10000.000000,0.000000
2026-04-09T16:00:00+00:00,10000.000000,10000.000000,0.000000
2026-04-09T17:00:00+00:00,10000.000000,10000.000000,0.000000
2026-04-09T18:00:00+00:00,10000.000000,10000.000000,0.000000
2026-04-09T19:00:00+00:00,10000.000000,10000.000000,0.000000
2026-04-09T20:00:00+00:00,10000.000000,10000.000000,0.000000
2026-04-09T21:00:00+00:00,10000.000000,10000.000000,0.000000
2026-04-09T22:00:00+00:00,10000.000000,10000.000000,0.000000
2026-04-09T23:00:00+00:00,10000.000000,10000.000000,0.000000
2026-04-10T00:00:00+00:00,10000.000000,10000.000000,0.000000
2026-04-10T01:00:00+00:00,10000.000000,10000.000000,0.000000
2026-04-10T02:00:00+00:00,10000.000000,10000.000000,0.000000
2026-04-10T03:00:00+00:00,10000.000000,10000.000000,0.000000
2026-04-10T04:00:00+00:00,10000.000000,10000.000000,0.000000
2026-04-10T05:00:00+00:00,10000.000000,10000.000000,0.000000
2026-04-10T06:00:00+00:00,10000.000000,10000.000000,0.000000
2026-04-10T07:00:00+00:00,10000.000000,10000.000000,0.000000
2026-04-10T08:00:00+00:00,10000.000000,10000.000000,0.000000
2026-04-10T09:00:00+00:00,10000.000000,10000.000000,0.000000
2026-04-10T10:00:00+00:00,10000.000000,10000.000000,0.000000
2026-04-10T11:00:00+00:00,10000.000000,10000.000000,0.000000
2026-04-10T12:00:00+00:00,10000.000000,10000.000000,0.000000
2026-04-10T13:00:00+00:00,10000.000000,10000.000000,0.000000
2026-04-10T14:00:00+00:00,10000.000000,10000.000000,0.000000
2026-04-10T15:00:00+00:00,10000.000000,10000.000000,0.000000
2026-04-10T16:00:00+00:00,10000.000000,10000.000000,0.000000
2026-04-10T17:00:00+00:00,10000.000000,10000.000000,0.000000
2026-04-10T18:00:00+00:00,10000.000000,10000.000000,0.000000
2026-04-10T19:00:00+00:00,10000.000000,10000.000000,0.000000
2026-04-10T20:00:00+00:00,10000.000000,10000.000000,0.000000
2026-04-10T21:00:00+00:00,10000.000000,10000.000000,0.000000
2026-04-10T22:00:00+00:00,10000.000000,10000.000000,0.000000
2026-04-10T23:00:00+00:00,10000.000000,10000.000000,0.000000
2026-04-11T00:00:00+00:00,10000.000000,10000.000000,0.000000
2026-04-11T01:00:00+00:00,10000.000000,10000.000000,0.000000
2026-04-11T02:00:00+00:00,10000.000000,10000.000000,0.000000
2026-04-11T03:00:00+00:00,10000.000000,10000.000000,0.000000
2026-04-11T04:00:00+00:00,10000.000000,10000.000000,0.000000
2026-04-11T05:00:00+00:00,10000.000000,10000.000000,0.000000
2026-04-11T06:00:00+00:00,10000.000000,10000.000000,0.000000
2026-04-11T07:00:00+00:00,10000.000000,10000.000000,0.000000
2026-04-11T08:00:00+00:00,10000.000000,10000.000000,0.000000
2026-04-11T09:00:00+00:00,10000.000000,10000.000000,0.000000
2026-04-11T10:00:00+00:00,10000.000000,10000.000000,0.000000
2026-04-11T11:00:00+00:00,9992.999000,-7.001000,10000.000000
2026-04-11T12:00:00+00:00,9989.881515,-7.001000,9996.882515
2026-04-11T13:00:00+00:00,9964.273606,-7.001000,9971.274606
2026-04-11T14:00:00+00:00,9974.516770,-7.001000,9981.517770
2026-04-11T15:00:00+00:00,10008.363746,-7.001000,10015.364746
2026-04-11T16:00:00+00:00,10034.748257,10034.748257,0.000000
2026-04-11T17:00:00+00:00,10034.748257,10034.748257,0.000000
2026-04-11T18:00:00+00:00,10034.748257,10034.748257,0.000000
2026-04-11T19:00:00+00:00,10034.748257,10034.748257,0.000000
2026-04-11T20:00:00+00:00,10034.748257,10034.748257,0.000000
2026-04-11T21:00:00+00:00,10034.748257,10034.748257,0.000000
2026-04-11T22:00:00+00:00,10034.748257,10034.748257,0.000000
2026-04-11T23:00:00+00:00,10034.748257,10034.748257,0.000000
2026-04-12T00:00:00+00:00,10034.748257,10034.748257,0.000000
2026-04-12T01:00:00+00:00,10034.748257,10034.748257,0.000000
2026-04-12T02:00:00+00:00,10034.748257,10034.748257,0.000000
2026-04-12T03:00:00+00:00,10034.748257,10034.748257,0.000000
2026-04-12T04:00:00+00:00,10034.748257,10034.748257,0.000000
2026-04-12T05:00:00+00:00,10034.748257,10034.748257,0.000000
2026-04-12T06:00:00+00:00,10034.748257,10034.748257,0.000000
2026-04-12T07:00:00+00:00,10034.748257,10034.748257,0.000000
2026-04-12T08:00:00+00:00,10034.748257,10034.748257,0.000000
2026-04-12T09:00:00+00:00,10034.748257,10034.748257,0.000000
2026-04-12T10:00:00+00:00,10034.748257,10034.748257,0.000000
2026-04-12T11:00:00+00:00,10034.748257,10034.748257,0.000000
2026-04-12T12:00:00+00:00,10034.748257,10034.748257,0.000000
2026-04-12T13:00:00+00:00,10034.748257,10034.748257,0.000000
2026-04-12T14:00:00+00:00,10034.748257,10034.748257,0.000000
2026-04-12T15:00:00+00:00,10034.748257,10034.748257,0.000000
2026-04-12T16:00:00+00:00,10034.748257,10034.748257,0.000000
2026-04-12T17:00:00+00:00,10034.748257,10034.748257,0.000000
2026-04-12T18:00:00+00:00,10034.748257,10034.748257,0.000000
2026-04-12T19:00:00+00:00,10034.748257,10034.748257,0.000000
2026-04-12T20:00:00+00:00,10034.748257,10034.748257,0.000000
2026-04-12T21:00:00+00:00,10034.748257,10034.748257,0.000000
2026-04-12T22:00:00+00:00,10034.748257,10034.748257,0.000000
2026-04-12T23:00:00+00:00,10034.748257,10034.748257,0.000000
2026-04-13T00:00:00+00:00,10034.748257,10034.748257,0.000000
2026-04-13T01:00:00+00:00,10034.748257,10034.748257,0.000000
2026-04-13T02:00:00+00:00,10034.748257,10034.748257,0.000000
2026-04-13T03:00:00+00:00,10034.748257,10034.748257,0.000000
2026-04-13T04:00:00+00:00,10034.748257,10034.748257,0.000000
2026-04-13T05:00:00+00:00,10034.748257,10034.748257,0.000000
2026-04-13T06:00:00+00:00,10034.748257,10034.748257,0.000000
2026-04-13T07:00:00+00:00,10034.748257,10034.748257,0.000000
2026-04-13T08:00:00+00:00,10034.748257,10034.748257,0.000000
2026-04-13T09:00:00+00:00,10034.748257,10034.748257,0.000000
2026-04-13T10:00:00+00:00,10034.748257,10034.748257,0.000000
2026-04-13T11:00:00+00:00,10034.748257,10034.748257,0.000000
2026-04-13T12:00:00+00:00,10034.748257,10034.748257,0.000000
2026-04-13T13:00:00+00:00,10034.748257,10034.748257,0.000000
2026-04-13T14:00:00+00:00,10034.748257,10034.748257,0.000000
2026-04-13T15:00:00+00:00,10034.748257,10034.748257,0.000000
2026-04-13T16:00:00+00:00,10034.748257,10034.748257,0.000000
2026-04-13T17:00:00+00:00,10027.724936,-3.009421,10034.748257
2026-04-13T18:00:00+00:00,9995.020093,-3.009421,10067.453100
2026-04-13T19:00:00+00:00,9902.230781,9902.230781,0.000000
2026-04-13T20:00:00+00:00,9902.230781,9902.230781,0.000000
2026-04-13T21:00:00+00:00,9902.230781,9902.230781,0.000000
2026-04-13T22:00:00+00:00,9902.230781,9902.230781,0.000000
2026-04-13T23:00:00+00:00,9902.230781,9902.230781,0.000000
2026-04-14T00:00:00+00:00,9902.230781,9902.230781,0.000000
2026-04-14T01:00:00+00:00,9902.230781,9902.230781,0.000000
2026-04-14T02:00:00+00:00,9902.230781,9902.230781,0.000000
2026-04-14T03:00:00+00:00,9902.230781,9902.230781,0.000000
2026-04-14T04:00:00+00:00,9902.230781,9902.230781,0.000000
2026-04-14T05:00:00+00:00,9902.230781,9902.230781,0.000000
2026-04-14T06:00:00+00:00,9902.230781,9902.230781,0.000000
2026-04-14T07:00:00+00:00,9902.230781,9902.230781,0.000000
2026-04-14T08:00:00+00:00,9902.230781,9902.230781,0.000000
2026-04-14T09:00:00+00:00,9902.230781,9902.230781,0.000000
2026-04-14T10:00:00+00:00,9902.230781,9902.230781,0.000000
2026-04-14T11:00:00+00:00,9902.230781,9902.230781,0.000000
2026-04-14T12:00:00+00:00,9902.230781,9902.230781,0.000000
2026-04-14T13:00:00+00:00,9902.230781,9902.230781,0.000000
2026-04-14T14:00:00+00:00,9902.230781,9902.230781,0.000000
2026-04-14T15:00:00+00:00,9902.230781,9902.230781,0.000000
2026-04-14T16:00:00+00:00,9902.230781,9902.230781,0.000000
2026-04-14T17:00:00+00:00,9902.230781,9902.230781,0.000000
2026-04-14T18:00:00+00:00,9902.230781,9902.230781,0.000000
2026-04-14T19:00:00+00:00,9902.230781,9902.230781,0.000000
2026-04-14T20:00:00+00:00,9902.230781,9902.230781,0.000000
2026-04-14T21:00:00+00:00,9902.230781,9902.230781,0.000000
2026-04-14T22:00:00+00:00,9902.230781,9902.230781,0.000000
2026-04-14T23:00:00+00:00,9902.230781,9902.230781,0.000000
2026-04-15T00:00:00+00:00,9902.230781,9902.230781,0.000000
2026-04-15T01:00:00+00:00,9902.230781,9902.230781,0.000000
2026-04-15T02:00:00+00:00,9902.230781,9902.230781,0.000000
2026-04-15T03:00:00+00:00,9902.230781,9902.230781,0.000000
2026-04-15T04:00:00+00:00,9902.230781,9902.230781,0.000000
2026-04-15T05:00:00+00:00,9902.230781,9902.230781,0.000000
2026-04-15T06:00:00+00:00,9902.230781,9902.230781,0.000000
2026-04-15T07:00:00+00:00,9902.230781,9902.230781,0.000000
2026-04-15T08:00:00+00:00,9902.230781,9902.230781,0.000000
2026-04-15T09:00:00+00:00,9902.230781,9902.230781,0.000000
2026-04-15T10:00:00+00:00,9902.230781,9902.230781,0.000000
2026-04-15T11:00:00+00:00,9902.230781,9902.230781,0.000000
2026-04-15T12:00:00+00:00,9902.230781,9902.230781,0.000000
2026-04-15T13:00:00+00:00,9902.230781,9902.230781,0.000000
2026-04-15T14:00:00+00:00,9902.230781,9902.230781,0.000000
2026-04-15T15:00:00+00:00,9902.230781,9902.230781,0.000000
2026-04-15T16:00:00+00:00,9902.230781,9902.230781,0.000000
2026-04-15T17:00:00+00:00,9902.230781,9902.230781,0.000000
2026-04-15T18:00:00+00:00,9902.230781,9902.230781,0.000000
2026-04-15T19:00:00+00:00,9902.230781,9902.230781,0.000000
2026-04-15T20:00:00+00:00,9902.230781,9902.230781,0.000000
2026-04-15T21:00:00+00:00,9902.230781,9902.230781,0.000000
2026-04-15T22:00:00+00:00,9902.230781,9902.230781,0.000000
2026-04-15T23:00:00+00:00,9902.230781,9902.230781,0.000000
2026-04-16T00:00:00+00:00,9902.230781,9902.230781,0.000000
2026-04-16T01:00:00+00:00,9902.230781,9902.230781,0.000000
2026-04-16T02:00:00+00:00,9902.230781,9902.230781,0.000000
2026-04-16T03:00:00+00:00,9902.230781,9902.230781,0.000000
2026-04-16T04:00:00+00:00,9902.230781,9902.230781,0.000000
2026-04-16T05:00:00+00:00,9902.230781,9902.230781,0.000000
2026-04-16T06:00:00+00:00,9902.230781,9902.230781,0.000000
2026-04-16T07:00:00+00:00,9902.230781,9902.230781,0.000000
2026-04-16T08:00:00+00:00,9902.230781,9902.230781,0.000000
2026-04-16T09:00:00+00:00,9902.230781,9902.230781,0.000000
2026-04-16T10:00:00+00:00,9902.230781,9902.230781,0.000000
2026-04-16T11:00:00+00:00,9902.230781,9902.230781,0.000000
2026-04-16T12:00:00+00:00,9902.230781,9902.230781,0.000000
2026-04-16T13:00:00+00:00,9902.230781,9902.230781,0.000000
2026-04-16T14:00:00+00:00,9895.298229,-6.932552,9902.230781
2026-04-16T15:00:00+00:00,9980.101833,9980.101833,0.000000
2026-04-16T16:00:00+00:00,9980.101833,9980.101833,0.000000
2026-04-16T17:00:00+00:00,9980.101833,9980.101833,0.000000
2026-04-16T18:00:00+00:00,9980.101833,9980.101833,0.000000
2026-04-16T19:00:00+00:00,9980.101833,9980.101833,0.000000
2026-04-16T20:00:00+00:00,9980.101833,9980.101833,0.000000
2026-04-16T21:00:00+00:00,9980.101833,9980.101833,0.000000
2026-04-16T22:00:00+00:00,9980.101833,9980.101833,0.000000
2026-04-16T23:00:00+00:00,9980.101833,9980.101833,0.000000
2026-04-17T00:00:00+00:00,9980.101833,9980.101833,0.000000
2026-04-17T01:00:00+00:00,9980.101833,9980.101833,0.000000
2026-04-17T02:00:00+00:00,9980.101833,9980.101833,0.000000
2026-04-17T03:00:00+00:00,9980.101833,9980.101833,0.000000
2026-04-17T04:00:00+00:00,9980.101833,9980.101833,0.000000
2026-04-17T05:00:00+00:00,9980.101833,9980.101833,0.000000
2026-04-17T06:00:00+00:00,9980.101833,9980.101833,0.000000
2026-04-17T07:00:00+00:00,9980.101833,9980.101833,0.000000
2026-04-17T08:00:00+00:00,9980.101833,9980.101833,0.000000
2026-04-17T09:00:00+00:00,9980.101833,9980.101833,0.000000
2026-04-17T10:00:00+00:00,9980.101833,9980.101833,0.000000
2026-04-17T11:00:00+00:00,9980.101833,9980.101833,0.000000
2026-04-17T12:00:00+00:00,9980.101833,9980.101833,0.000000
2026-04-17T13:00:00+00:00,9980.101833,9980.101833,0.000000
2026-04-17T14:00:00+00:00,9980.101833,9980.101833,0.000000
2026-04-17T15:00:00+00:00,9980.101833,9980.101833,0.000000
2026-04-17T16:00:00+00:00,9980.101833,9980.101833,0.000000
2026-04-17T17:00:00+00:00,9980.101833,9980.101833,0.000000
2026-04-17T18:00:00+00:00,9980.101833,9980.101833,0.000000
2026-04-17T19:00:00+00:00,9980.101833,9980.101833,0.000000
2026-04-17T20:00:00+00:00,9980.101833,9980.101833,0.000000
2026-04-17T21:00:00+00:00,9980.101833,9980.101833,0.000000
2026-04-17T22:00:00+00:00,9980.101833,9980.101833,0.000000
2026-04-17T23:00:00+00:00,9980.101833,9980.101833,0.000000
2026-04-18T00:00:00+00:00,9980.101833,9980.101833,0.000000
2026-04-18T01:00:00+00:00,9980.101833,9980.101833,0.000000
2026-04-18T02:00:00+00:00,9980.101833,9980.101833,0.000000
2026-04-18T03:00:00+00:00,9980.101833,9980.101833,0.000000
2026-04-18T04:00:00+00:00,9980.101833,9980.101833,0.000000
2026-04-18T05:00:00+00:00,9980.101833,9980.101833,0.000000
2026-04-18T06:00:00+00:00,9980.101833,9980.101833,0.000000
2026-04-18T07:00:00+00:00,9980.101833,9980.101833,0.000000
2026-04-18T08:00:00+00:00,9980.101833,9980.101833,0.000000
2026-04-18T09:00:00+00:00,9980.101833,9980.101833,0.000000
2026-04-18T10:00:00+00:00,9980.101833,9980.101833,0.000000
2026-04-18T11:00:00+00:00,9980.101833,9980.101833,0.000000
2026-04-18T12:00:00+00:00,9980.101833,9980.101833,0.000000
2026-04-18T13:00:00+00:00,9980.101833,9980.101833,0.000000
2026-04-18T14:00:00+00:00,9980.101833,9980.101833,0.000000
2026-04-18T15:00:00+00:00,9980.101833,9980.101833,0.000000
2026-04-18T16:00:00+00:00,9980.101833,9980.101833,0.000000
2026-04-18T17:00:00+00:00,9980.101833,9980.101833,0.000000
2026-04-18T18:00:00+00:00,9980.101833,9980.101833,0.000000
2026-04-18T19:00:00+00:00,9980.101833,9980.101833,0.000000
2026-04-18T20:00:00+00:00,9980.101833,9980.101833,0.000000
2026-04-18T21:00:00+00:00,9980.101833,9980.101833,0.000000
2026-04-18T22:00:00+00:00,9980.101833,9980.101833,0.000000
2026-04-18T23:00:00+00:00,9980.101833,9980.101833,0.000000
2026-04-19T00:00:00+00:00,9980.101833,9980.101833,0.000000
2026-04-19T01:00:00+00:00,9980.101833,9980.101833,0.000000
2026-04-19T02:00:00+00:00,9980.101833,9980.101833,0.000000
2026-04-19T03:00:00+00:00,9980.101833,9980.101833,0.000000
2026-04-19T04:00:00+00:00,9980.101833,9980.101833,0.000000
2026-04-19T05:00:00+00:00,9980.101833,9980.101833,0.000000
2026-04-19T06:00:00+00:00,9980.101833,9980.101833,0.000000
2026-04-19T07:00:00+00:00,9980.101833,9980.101833,0.000000
2026-04-19T08:00:00+00:00,9980.101833,9980.101833,0.000000
2026-04-19T09:00:00+00:00,9980.101833,9980.101833,0.000000
2026-04-19T10:00:00+00:00,9980.101833,9980.101833,0.000000
2026-04-19T11:00:00+00:00,9980.101833,9980.101833,0.000000
2026-04-19T12:00:00+00:00,9980.101833,9980.101833,0.000000
2026-04-19T13:00:00+00:00,9980.101833,9980.101833,0.000000
2026-04-19T14:00:00+00:00,9980.101833,9980.101833,0.000000
2026-04-19T15:00:00+00:00,9980.101833,9980.101833,0.000000
2026-04-19T16:00:00+00:00,9980.101833,9980.101833,0.000000
2026-04-19T17:00:00+00:00,9980.101833,9980.101833,0.000000
2026-04-19T18:00:00+00:00,9980.101833,9980.101833,0.000000
2026-04-19T19:00:00+00:00,9980.101833,9980.101833,0.000000
2026-04-19T20:00:00+00:00,9980.101833,9980.101833,0.000000
2026-04-19T21:00:00+00:00,9980.101833,9980.101833,0.000000
2026-04-19T22:00:00+00:00,9980.101833,9980.101833,0.000000
2026-04-19T23:00:00+00:00,9980.101833,9980.101833,0.000000
2026-04-20T00:00:00+00:00,9980.101833,9980.101833,0.000000
2026-04-20T01:00:00+00:00,9980.101833,9980.101833,0.000000
2026-04-20T02:00:00+00:00,9980.101833,9980.101833,0.000000
2026-04-20T03:00:00+00:00,9980.101833,9980.101833,0.000000
2026-04-20T04:00:00+00:00,9980.101833,9980.101833,0.000000
2026-04-20T05:00:00+00:00,9980.101833,9980.101833,0.000000
2026-04-20T06:00:00+00:00,9980.101833,9980.101833,0.000000
2026-04-20T07:00:00+00:00,9980.101833,9980.101833,0.000000
2026-04-20T08:00:00+00:00,9980.101833,9980.101833,0.000000
2026-04-20T09:00:00+00:00,9980.101833,9980.101833,0.000000
2026-04-20T10:00:00+00:00,9980.101833,9980.101833,0.000000
2026-04-20T11:00:00+00:00,9980.101833,9980.101833,0.000000
2026-04-20T12:00:00+00:00,9980.101833,9980.101833,0.000000
2026-04-20T13:00:00+00:00,9980.101833,9980.101833,0.000000
2026-04-20T14:00:00+00:00,9980.101833,9980.101833,0.000000
2026-04-20T15:00:00+00:00,9980.101833,9980.101833,0.000000
2026-04-20T16:00:00+00:00,9980.101833,9980.101833,0.000000
2026-04-20T17:00:00+00:00,9980.101833,9980.101833,0.000000
2026-04-20T18:00:00+00:00,9980.101833,9980.101833,0.000000
2026-04-20T19:00:00+00:00,9980.101833,9980.101833,0.000000
2026-04-20T20:00:00+00:00,9980.101833,9980.101833,0.000000
2026-04-20T21:00:00+00:00,9980.101833,9980.101833,0.000000
2026-04-20T22:00:00+00:00,9980.101833,9980.101833,0.000000
2026-04-20T23:00:00+00:00,9980.101833,9980.101833,0.000000
2026-04-21T00:00:00+00:00,9980.101833,9980.101833,0.000000
2026-04-21T01:00:00+00:00,9980.101833,9980.101833,0.000000
2026-04-21T02:00:00+00:00,9980.101833,9980.101833,0.000000
2026-04-21T03:00:00+00:00,9980.101833,9980.101833,0.000000
2026-04-21T04:00:00+00:00,9980.101833,9980.101833,0.000000
2026-04-21T05:00:00+00:00,9980.101833,9980.101833,0.000000
2026-04-21T06:00:00+00:00,9980.101833,9980.101833,0.000000
2026-04-21T07:00:00+00:00,9980.101833,9980.101833,0.000000
2026-04-21T08:00:00+00:00,9980.101833,9980.101833,0.000000
2026-04-21T09:00:00+00:00,9980.101833,9980.101833,0.000000
2026-04-21T10:00:00+00:00,9980.101833,9980.101833,0.000000
2026-04-21T11:00:00+00:00,9980.101833,9980.101833,0.000000
2026-04-21T12:00:00+00:00,9980.101833,9980.101833,0.000000
2026-04-21T13:00:00+00:00,9980.101833,9980.101833,0.000000
2026-04-21T14:00:00+00:00,9980.101833,9980.101833,0.000000
2026-04-21T15:00:00+00:00,9980.101833,9980.101833,0.000000
2026-04-21T16:00:00+00:00,9980.101833,9980.101833,0.000000
2026-04-21T17:00:00+00:00,9980.101833,9980.101833,0.000000
2026-04-21T18:00:00+00:00,9980.101833,9980.101833,0.000000
2026-04-21T19:00:00+00:00,9980.101833,9980.101833,0.000000
2026-04-21T20:00:00+00:00,9980.101833,9980.101833,0.000000
2026-04-21T21:00:00+00:00,9980.101833,9980.101833,0.000000
2026-04-21T22:00:00+00:00,9980.101833,9980.101833,0.000000
2026-04-21T23:00:00+00:00,9980.101833,9980.101833,0.000000
2026-04-22T00:00:00+00:00,9980.101833,9980.101833,0.000000
2026-04-22T01:00:00+00:00,9980.101833,9980.101833,0.000000
2026-04-22T02:00:00+00:00,9980.101833,9980.101833,0.000000
2026-04-22T03:00:00+00:00,9980.101833,9980.101833,0.000000
2026-04-22T04:00:00+00:00,9980.101833,9980.101833,0.000000
2026-04-22T05:00:00+00:00,9980.101833,9980.101833,0.000000
2026-04-22T06:00:00+00:00,9980.101833,9980.101833,0.000000
2026-04-22T07:00:00+00:00,9980.101833,9980.101833,0.000000
2026-04-22T08:00:00+00:00,9980.101833,9980.101833,0.000000
2026-04-22T09:00:00+00:00,9980.101833,9980.101833,0.000000
2026-04-22T10:00:00+00:00,9980.101833,9980.101833,0.000000
2026-04-22T11:00:00+00:00,9980.101833,9980.101833,0.000000
2026-04-22T12:00:00+00:00,9980.101833,9980.101833,0.000000
2026-04-22T13:00:00+00:00,9980.101833,9980.101833,0.000000
2026-04-22T14:00:00+00:00,9980.101833,9980.101833,0.000000
2026-04-22T15:00:00+00:00,9980.101833,9980.101833,0.000000
2026-04-22T16:00:00+00:00,9980.101833,9980.101833,0.000000
2026-04-22T17:00:00+00:00,9980.101833,9980.101833,0.000000
2026-04-22T18:00:00+00:00,9980.101833,9980.101833,0.000000
2026-04-22T19:00:00+00:00,9980.101833,9980.101833,0.000000
2026-04-22T20:00:00+00:00,9980.101833,9980.101833,0.000000
2026-04-22T21:00:00+00:00,9980.101833,9980.101833,0.000000
2026-04-22T22:00:00+00:00,9980.101833,9980.101833,0.000000
2026-04-22T23:00:00+00:00,9980.101833,9980.101833,0.000000
2026-04-23T00:00:00+00:00,9980.101833,9980.101833,0.000000
2026-04-23T01:00:00+00:00,9980.101833,9980.101833,0.000000
2026-04-23T02:00:00+00:00,9980.101833,9980.101833,0.000000
2026-04-23T03:00:00+00:00,9980.101833,9980.101833,0.000000
2026-04-23T04:00:00+00:00,9980.101833,9980.101833,0.000000
2026-04-23T05:00:00+00:00,9980.101833,9980.101833,0.000000
2026-04-23T06:00:00+00:00,9980.101833,9980.101833,0.000000
2026-04-23T07:00:00+00:00,9980.101833,9980.101833,0.000000
2026-04-23T08:00:00+00:00,9980.101833,9980.101833,0.000000
2026-04-23T09:00:00+00:00,9980.101833,9980.101833,0.000000
2026-04-23T10:00:00+00:00,9980.101833,9980.101833,0.000000
2026-04-23T11:00:00+00:00,9980.101833,9980.101833,0.000000
2026-04-23T12:00:00+00:00,9980.101833,9980.101833,0.000000
2026-04-23T13:00:00+00:00,9980.101833,9980.101833,0.000000
2026-04-23T14:00:00+00:00,9980.101833,9980.101833,0.000000
2026-04-23T15:00:00+00:00,9980.101833,9980.101833,0.000000
2026-04-23T16:00:00+00:00,9980.101833,9980.101833,0.000000
2026-04-23T17:00:00+00:00,9980.101833,9980.101833,0.000000
2026-04-23T18:00:00+00:00,9980.101833,9980.101833,0.000000
2026-04-23T19:00:00+00:00,9980.101833,9980.101833,0.000000
2026-04-23T20:00:00+00:00,9980.101833,9980.101833,0.000000
2026-04-23T21:00:00+00:00,9980.101833,9980.101833,0.000000
2026-04-23T22:00:00+00:00,9980.101833,9980.101833,0.000000
2026-04-23T23:00:00+00:00,9980.101833,9980.101833,0.000000
2026-04-24T00:00:00+00:00,9980.101833,9980.101833,0.000000
2026-04-24T01:00:00+00:00,9980.101833,9980.101833,0.000000
2026-04-24T02:00:00+00:00,9980.101833,9980.101833,0.000000
2026-04-24T03:00:00+00:00,9980.101833,9980.101833,0.000000
2026-04-24T04:00:00+00:00,9980.101833,9980.101833,0.000000
2026-04-24T05:00:00+00:00,9980.101833,9980.101833,0.000000
2026-04-24T06:00:00+00:00,9980.101833,9980.101833,0.000000
2026-04-24T07:00:00+00:00,9980.101833,9980.101833,0.000000
2026-04-24T08:00:00+00:00,9980.101833,9980.101833,0.000000
2026-04-24T09:00:00+00:00,9980.101833,9980.101833,0.000000
2026-04-24T10:00:00+00:00,9980.101833,9980.101833,0.000000
2026-04-24T11:00:00+00:00,9980.101833,9980.101833,0.000000
2026-04-24T12:00:00+00:00,9980.101833,9980.101833,0.000000
2026-04-24T13:00:00+00:00,9980.101833,9980.101833,0.000000
2026-04-24T14:00:00+00:00,9980.101833,9980.101833,0.000000
2026-04-24T15:00:00+00:00,9980.101833,9980.101833,0.000000
2026-04-24T16:00:00+00:00,9980.101833,9980.101833,0.000000
2026-04-24T17:00:00+00:00,9980.101833,9980.101833,0.000000
2026-04-24T18:00:00+00:00,9980.101833,9980.101833,0.000000
2026-04-24T19:00:00+00:00,9980.101833,9980.101833,0.000000
2026-04-24T20:00:00+00:00,9980.101833,9980.101833,0.000000
2026-04-24T21:00:00+00:00,9980.101833,9980.101833,0.000000
2026-04-24T22:00:00+00:00,9980.101833,9980.101833,0.000000
2026-04-24T23:00:00+00:00,9980.101833,9980.101833,0.000000
2026-04-25T00:00:00+00:00,9980.101833,9980.101833,0.000000
2026-04-25T01:00:00+00:00,9980.101833,9980.101833,0.000000
2026-04-25T02:00:00+00:00,9980.101833,9980.101833,0.000000
2026-04-25T03:00:00+00:00,9980.101833,9980.101833,0.000000
2026-04-25T04:00:00+00:00,9980.101833,9980.101833,0.000000
2026-04-25T05:00:00+00:00,9980.101833,9980.101833,0.000000
2026-04-25T06:00:00+00:00,9980.101833,9980.101833,0.000000
2026-04-25T07:00:00+00:00,9980.101833,9980.101833,0.000000
2026-04-25T08:00:00+00:00,9980.101833,9980.101833,0.000000
2026-04-25T09:00:00+00:00,9980.101833,9980.101833,0.000000
2026-04-25T10:00:00+00:00,9980.101833,9980.101833,0.000000
2026-04-25T11:00:00+00:00,9980.101833,9980.101833,0.000000
2026-04-25T12:00:00+00:00,9980.101833,9980.101833,0.000000
2026-04-25T13:00:00+00:00,9980.101833,9980.101833,0.000000
2026-04-25T14:00:00+00:00,9980.101833,9980.101833,0.000000
2026-04-25T15:00:00+00:00,9980.101833,9980.101833,0.000000
2026-04-25T16:00:00+00:00,9980.101833,9980.101833,0.000000
2026-04-25T17:00:00+00:00,9980.101833,9980.101833,0.000000
2026-04-25T18:00:00+00:00,9980.101833,9980.101833,0.000000
2026-04-25T19:00:00+00:00,9980.101833,9980.101833,0.000000
2026-04-25T20:00:00+00:00,9980.101833,9980.101833,0.000000
2026-04-25T21:00:00+00:00,9980.101833,9980.101833,0.000000
2026-04-25T22:00:00+00:00,9980.101833,9980.101833,0.000000
2026-04-25T23:00:00+00:00,9980.101833,9980.101833,0.000000
2026-04-26T00:00:00+00:00,9980.101833,9980.101833,0.000000
2026-04-26T01:00:00+00:00,9980.101833,9980.101833,0.000000
2026-04-26T02:00:00+00:00,9980.101833,9980.101833,0.000000
2026-04-26T03:00:00+00:00,9980.101833,9980.101833,0.000000
2026-04-26T04:00:00+00:00,9980.101833,9980.101833,0.000000
2026-04-26T05:00:00+00:00,9980.101833,9980.101833,0.000000
2026-04-26T06:00:00+00:00,9980.101833,9980.101833,0.000000
2026-04-26T07:00:00+00:00,9980.101833,9980.101833,0.000000
2026-04-26T08:00:00+00:00,9980.101833,9980.101833,0.000000
2026-04-26T09:00:00+00:00,9980.101833,9980.101833,0.000000
2026-04-26T10:00:00+00:00,9980.101833,9980.101833,0.000000
2026-04-26T11:00:00+00:00,9980.101833,9980.101833,0.000000
2026-04-26T12:00:00+00:00,9980.101833,9980.101833,0.000000
2026-04-26T13:00:00+00:00,9980.101833,9980.101833,0.000000
2026-04-26T14:00:00+00:00,9980.101833,9980.101833,0.000000
2026-04-26T15:00:00+00:00,9980.101833,9980.101833,0.000000
2026-04-26T16:00:00+00:00,9980.101833,9980.101833,0.000000
2026-04-26T17:00:00+00:00,9980.101833,9980.101833,0.000000
2026-04-26T18:00:00+00:00,9980.101833,9980.101833,0.000000
2026-04-26T19:00:00+00:00,9980.101833,9980.101833,0.000000
2026-04-26T20:00:00+00:00,9980.101833,9980.101833,0.000000
2026-04-26T21:00:00+00:00,9980.101833,9980.101833,0.000000
2026-04-26T22:00:00+00:00,9973.116760,-2.993033,9980.101833
2026-04-26T23:00:00+00:00,9907.557724,9907.557724,0.000000
2026-04-27T00:00:00+00:00,9907.557724,9907.557724,0.000000
2026-04-27T01:00:00+00:00,9907.557724,9907.557724,0.000000
2026-04-27T02:00:00+00:00,9907.557724,9907.557724,0.000000
2026-04-27T03:00:00+00:00,9907.557724,9907.557724,0.000000
2026-04-27T04:00:00+00:00,9907.557724,9907.557724,0.000000
2026-04-27T05:00:00+00:00,9907.557724,9907.557724,0.000000
2026-04-27T06:00:00+00:00,9907.557724,9907.557724,0.000000
2026-04-27T07:00:00+00:00,9907.557724,9907.557724,0.000000
2026-04-27T08:00:00+00:00,9900.621443,-6.936281,9907.557724
2026-04-27T09:00:00+00:00,9910.664691,-6.936281,9917.600972
2026-04-27T10:00:00+00:00,9902.117246,-6.936281,9909.053527
2026-04-27T11:00:00+00:00,9902.758304,-6.936281,9909.694585
2026-04-27T12:00:00+00:00,9877.757026,-6.936281,9884.693307
2026-04-27T13:00:00+00:00,9840.537035,9840.537035,0.000000
2026-04-27T14:00:00+00:00,9840.537035,9840.537035,0.000000
2026-04-27T15:00:00+00:00,9840.537035,9840.537035,0.000000
2026-04-27T16:00:00+00:00,9840.537035,9840.537035,0.000000
2026-04-27T17:00:00+00:00,9840.537035,9840.537035,0.000000
2026-04-27T18:00:00+00:00,9840.537035,9840.537035,0.000000
2026-04-27T19:00:00+00:00,9840.537035,9840.537035,0.000000
2026-04-27T20:00:00+00:00,9840.537035,9840.537035,0.000000
2026-04-27T21:00:00+00:00,9840.537035,9840.537035,0.000000
2026-04-27T22:00:00+00:00,9840.537035,9840.537035,0.000000
2026-04-27T23:00:00+00:00,9840.537035,9840.537035,0.000000
2026-04-28T00:00:00+00:00,9840.537035,9840.537035,0.000000
2026-04-28T01:00:00+00:00,9840.537035,9840.537035,0.000000
2026-04-28T02:00:00+00:00,9840.537035,9840.537035,0.000000
2026-04-28T03:00:00+00:00,9840.537035,9840.537035,0.000000
2026-04-28T04:00:00+00:00,9840.537035,9840.537035,0.000000
2026-04-28T05:00:00+00:00,9840.537035,9840.537035,0.000000
2026-04-28T06:00:00+00:00,9840.537035,9840.537035,0.000000
2026-04-28T07:00:00+00:00,9840.537035,9840.537035,0.000000
2026-04-28T08:00:00+00:00,9840.537035,9840.537035,0.000000
2026-04-28T09:00:00+00:00,9840.537035,9840.537035,0.000000
2026-04-28T10:00:00+00:00,9840.537035,9840.537035,0.000000
2026-04-28T11:00:00+00:00,9840.537035,9840.537035,0.000000
2026-04-28T12:00:00+00:00,9840.537035,9840.537035,0.000000
2026-04-28T13:00:00+00:00,9840.537035,9840.537035,0.000000
2026-04-28T14:00:00+00:00,9840.537035,9840.537035,0.000000
2026-04-28T15:00:00+00:00,9840.537035,9840.537035,0.000000
2026-04-28T16:00:00+00:00,9840.537035,9840.537035,0.000000
2026-04-28T17:00:00+00:00,9840.537035,9840.537035,0.000000
2026-04-28T18:00:00+00:00,9840.537035,9840.537035,0.000000
2026-04-28T19:00:00+00:00,9840.537035,9840.537035,0.000000
2026-04-28T20:00:00+00:00,9840.537035,9840.537035,0.000000
2026-04-28T21:00:00+00:00,9840.537035,9840.537035,0.000000
2026-04-28T22:00:00+00:00,9840.537035,9840.537035,0.000000
2026-04-28T23:00:00+00:00,9840.537035,9840.537035,0.000000
2026-04-29T00:00:00+00:00,9840.537035,9840.537035,0.000000
2026-04-29T01:00:00+00:00,9840.537035,9840.537035,0.000000
2026-04-29T02:00:00+00:00,9840.537035,9840.537035,0.000000
2026-04-29T03:00:00+00:00,9840.537035,9840.537035,0.000000
2026-04-29T04:00:00+00:00,9840.537035,9840.537035,0.000000
2026-04-29T05:00:00+00:00,9840.537035,9840.537035,0.000000
2026-04-29T06:00:00+00:00,9840.537035,9840.537035,0.000000
2026-04-29T07:00:00+00:00,9840.537035,9840.537035,0.000000
2026-04-29T08:00:00+00:00,9840.537035,9840.537035,0.000000
2026-04-29T09:00:00+00:00,9840.537035,9840.537035,0.000000
2026-04-29T10:00:00+00:00,9840.537035,9840.537035,0.000000
2026-04-29T11:00:00+00:00,9840.537035,9840.537035,0.000000
2026-04-29T12:00:00+00:00,9840.537035,9840.537035,0.000000
2026-04-29T13:00:00+00:00,9840.537035,9840.537035,0.000000
2026-04-29T14:00:00+00:00,9840.537035,9840.537035,0.000000
2026-04-29T15:00:00+00:00,9840.537035,9840.537035,0.000000
2026-04-29T16:00:00+00:00,9840.537035,9840.537035,0.000000
2026-04-29T17:00:00+00:00,9840.537035,9840.537035,0.000000
2026-04-29T18:00:00+00:00,9840.537035,9840.537035,0.000000
2026-04-29T19:00:00+00:00,9840.537035,9840.537035,0.000000
2026-04-29T20:00:00+00:00,9840.537035,9840.537035,0.000000
2026-04-29T21:00:00+00:00,9840.537035,9840.537035,0.000000
2026-04-29T22:00:00+00:00,9840.537035,9840.537035,0.000000
2026-04-29T23:00:00+00:00,9840.537035,9840.537035,0.000000
2026-04-30T00:00:00+00:00,9840.537035,9840.537035,0.000000
2026-04-30T01:00:00+00:00,9840.537035,9840.537035,0.000000
2026-04-30T02:00:00+00:00,9840.537035,9840.537035,0.000000
2026-04-30T03:00:00+00:00,9840.537035,9840.537035,0.000000
2026-04-30T04:00:00+00:00,9840.537035,9840.537035,0.000000
2026-04-30T05:00:00+00:00,9840.537035,9840.537035,0.000000
2026-04-30T06:00:00+00:00,9840.537035,9840.537035,0.000000
2026-04-30T07:00:00+00:00,9840.537035,9840.537035,0.000000
2026-04-30T08:00:00+00:00,9840.537035,9840.537035,0.000000
2026-04-30T09:00:00+00:00,9840.537035,9840.537035,0.000000
2026-04-30T10:00:00+00:00,9840.537035,9840.537035,0.000000
2026-04-30T11:00:00+00:00,9840.537035,9840.537035,0.000000
2026-04-30T12:00:00+00:00,9840.537035,9840.537035,0.000000
2026-04-30T13:00:00+00:00,9840.537035,9840.537035,0.000000
2026-04-30T14:00:00+00:00,9840.537035,9840.537035,0.000000
2026-04-30T15:00:00+00:00,9840.537035,9840.537035,0.000000
2026-04-30T16:00:00+00:00,9840.537035,9840.537035,0.000000
2026-04-30T17:00:00+00:00,9840.537035,9840.537035,0.000000
2026-04-30T18:00:00+00:00,9840.537035,9840.537035,0.000000
2026-04-30T19:00:00+00:00,9840.537035,9840.537035,0.000000
2026-04-30T20:00:00+00:00,9840.537035,9840.537035,0.000000
2026-04-30T21:00:00+00:00,9840.537035,9840.537035,0.000000
2026-04-30T22:00:00+00:00,9840.537035,9840.537035,0.000000
2026-04-30T23:00:00+00:00,9840.537035,9840.537035,0.000000
2026-05-01T00:00:00+00:00,9840.537035,9840.537035,0.000000
2026-05-01T01:00:00+00:00,9840.537035,9840.537035,0.000000
2026-05-01T02:00:00+00:00,9840.537035,9840.537035,0.000000
2026-05-01T03:00:00+00:00,9840.537035,9840.537035,0.000000
2026-05-01T04:00:00+00:00,9840.537035,9840.537035,0.000000
2026-05-01T05:00:00+00:00,9840.537035,9840.537035,0.000000
2026-05-01T06:00:00+00:00,9840.537035,9840.537035,0.000000
2026-05-01T07:00:00+00:00,9840.537035,9840.537035,0.000000
2026-05-01T08:00:00+00:00,9840.537035,9840.537035,0.000000
2026-05-01T09:00:00+00:00,9840.537035,9840.537035,0.000000
2026-05-01T10:00:00+00:00,9840.537035,9840.537035,0.000000
2026-05-01T11:00:00+00:00,9840.537035,9840.537035,0.000000
2026-05-01T12:00:00+00:00,9840.537035,9840.537035,0.000000
2026-05-01T13:00:00+00:00,9840.537035,9840.537035,0.000000
2026-05-01T14:00:00+00:00,9840.537035,9840.537035,0.000000
2026-05-01T15:00:00+00:00,9840.537035,9840.537035,0.000000
2026-05-01T16:00:00+00:00,9840.537035,9840.537035,0.000000
2026-05-01T17:00:00+00:00,9840.537035,9840.537035,0.000000
2026-05-01T18:00:00+00:00,9840.537035,9840.537035,0.000000
2026-05-01T19:00:00+00:00,9840.537035,9840.537035,0.000000
2026-05-01T20:00:00+00:00,9840.537035,9840.537035,0.000000
2026-05-01T21:00:00+00:00,9840.537035,9840.537035,0.000000
2026-05-01T22:00:00+00:00,9840.537035,9840.537035,0.000000
2026-05-01T23:00:00+00:00,9840.537035,9840.537035,0.000000
2026-05-02T00:00:00+00:00,9840.537035,9840.537035,0.000000
2026-05-02T01:00:00+00:00,9840.537035,9840.537035,0.000000
2026-05-02T02:00:00+00:00,9840.537035,9840.537035,0.000000
2026-05-02T03:00:00+00:00,9840.537035,9840.537035,0.000000
2026-05-02T04:00:00+00:00,9840.537035,9840.537035,0.000000
2026-05-02T05:00:00+00:00,9840.537035,9840.537035,0.000000
2026-05-02T06:00:00+00:00,9840.537035,9840.537035,0.000000
2026-05-02T07:00:00+00:00,9840.537035,9840.537035,0.000000
2026-05-02T08:00:00+00:00,9840.537035,9840.537035,0.000000
2026-05-02T09:00:00+00:00,9840.537035,9840.537035,0.000000
2026-05-02T10:00:00+00:00,9840.537035,9840.537035,0.000000
2026-05-02T11:00:00+00:00,9840.537035,9840.537035,0.000000
2026-05-02T12:00:00+00:00,9840.537035,9840.537035,0.000000
2026-05-02T13:00:00+00:00,9840.537035,9840.537035,0.000000
2026-05-02T14:00:00+00:00,9840.537035,9840.537035,0.000000
2026-05-02T15:00:00+00:00,9840.537035,9840.537035,0.000000
2026-05-02T16:00:00+00:00,9840.537035,9840.537035,0.000000
2026-05-02T17:00:00+00:00,9840.537035,9840.537035,0.000000
2026-05-02T18:00:00+00:00,9840.537035,9840.537035,0.000000
2026-05-02T19:00:00+00:00,9840.537035,9840.537035,0.000000
2026-05-02T20:00:00+00:00,9840.537035,9840.537035,0.000000
2026-05-02T21:00:00+00:00,9840.537035,9840.537035,0.000000
2026-05-02T22:00:00+00:00,9840.537035,9840.537035,0.000000
2026-05-02T23:00:00+00:00,9840.537035,9840.537035,0.000000
2026-05-03T00:00:00+00:00,9840.537035,9840.537035,0.000000
2026-05-03T01:00:00+00:00,9840.537035,9840.537035,0.000000
2026-05-03T02:00:00+00:00,9840.537035,9840.537035,0.000000
2026-05-03T03:00:00+00:00,9840.537035,9840.537035,0.000000
2026-05-03T04:00:00+00:00,9840.537035,9840.537035,0.000000
2026-05-03T05:00:00+00:00,9840.537035,9840.537035,0.000000
2026-05-03T06:00:00+00:00,9840.537035,9840.537035,0.000000
2026-05-03T07:00:00+00:00,9840.537035,9840.537035,0.000000
2026-05-03T08:00:00+00:00,9840.537035,9840.537035,0.000000
2026-05-03T09:00:00+00:00,9840.537035,9840.537035,0.000000
2026-05-03T10:00:00+00:00,9840.537035,9840.537035,0.000000
2026-05-03T11:00:00+00:00,9840.537035,9840.537035,0.000000
2026-05-03T12:00:00+00:00,9840.537035,9840.537035,0.000000
2026-05-03T13:00:00+00:00,9840.537035,9840.537035,0.000000
2026-05-03T14:00:00+00:00,9840.537035,9840.537035,0.000000
2026-05-03T15:00:00+00:00,9840.537035,9840.537035,0.000000
2026-05-03T16:00:00+00:00,9840.537035,9840.537035,0.000000
2026-05-03T17:00:00+00:00,9840.537035,9840.537035,0.000000
2026-05-03T18:00:00+00:00,9840.537035,9840.537035,0.000000
2026-05-03T19:00:00+00:00,9840.537035,9840.537035,0.000000
2026-05-03T20:00:00+00:00,9833.649643,-2.951177,9840.537035
2026-05-03T21:00:00+00:00,9812.566861,9812.566861,0.000000
2026-05-03T22:00:00+00:00,9812.566861,9812.566861,0.000000
2026-05-03T23:00:00+00:00,9812.566861,9812.566861,0.000000
2026-05-04T00:00:00+00:00,9812.566861,9812.566861,0.000000
2026-05-04T01:00:00+00:00,9812.566861,9812.566861,0.000000
2026-05-04T02:00:00+00:00,9812.566861,9812.566861,0.000000
2026-05-04T03:00:00+00:00,9812.566861,9812.566861,0.000000
2026-05-04T04:00:00+00:00,9812.566861,9812.566861,0.000000
2026-05-04T05:00:00+00:00,9812.566861,9812.566861,0.000000
2026-05-04T06:00:00+00:00,9812.566861,9812.566861,0.000000
2026-05-04T07:00:00+00:00,9812.566861,9812.566861,0.000000
2026-05-04T08:00:00+00:00,9812.566861,9812.566861,0.000000
2026-05-04T09:00:00+00:00,9812.566861,9812.566861,0.000000
2026-05-04T10:00:00+00:00,9812.566861,9812.566861,0.000000
2026-05-04T11:00:00+00:00,9812.566861,9812.566861,0.000000
2026-05-04T12:00:00+00:00,9812.566861,9812.566861,0.000000
2026-05-04T13:00:00+00:00,9812.566861,9812.566861,0.000000
2026-05-04T14:00:00+00:00,9812.566861,9812.566861,0.000000
2026-05-04T15:00:00+00:00,9812.566861,9812.566861,0.000000
2026-05-04T16:00:00+00:00,9812.566861,9812.566861,0.000000
2026-05-04T17:00:00+00:00,9812.566861,9812.566861,0.000000
2026-05-04T18:00:00+00:00,9812.566861,9812.566861,0.000000
2026-05-04T19:00:00+00:00,9812.566861,9812.566861,0.000000
2026-05-04T20:00:00+00:00,9812.566861,9812.566861,0.000000
2026-05-04T21:00:00+00:00,9812.566861,9812.566861,0.000000
2026-05-04T22:00:00+00:00,9812.566861,9812.566861,0.000000
2026-05-04T23:00:00+00:00,9812.566861,9812.566861,0.000000
2026-05-05T00:00:00+00:00,9812.566861,9812.566861,0.000000
2026-05-05T01:00:00+00:00,9812.566861,9812.566861,0.000000
2026-05-05T02:00:00+00:00,9812.566861,9812.566861,0.000000
2026-05-05T03:00:00+00:00,9812.566861,9812.566861,0.000000
2026-05-05T04:00:00+00:00,9812.566861,9812.566861,0.000000
2026-05-05T05:00:00+00:00,9812.566861,9812.566861,0.000000
2026-05-05T06:00:00+00:00,9812.566861,9812.566861,0.000000
2026-05-05T07:00:00+00:00,9812.566861,9812.566861,0.000000
2026-05-05T08:00:00+00:00,9812.566861,9812.566861,0.000000
2026-05-05T09:00:00+00:00,9812.566861,9812.566861,0.000000
2026-05-05T10:00:00+00:00,9812.566861,9812.566861,0.000000
2026-05-05T11:00:00+00:00,9812.566861,9812.566861,0.000000
2026-05-05T12:00:00+00:00,9812.566861,9812.566861,0.000000
2026-05-05T13:00:00+00:00,9812.566861,9812.566861,0.000000
2026-05-05T14:00:00+00:00,9812.566861,9812.566861,0.000000
2026-05-05T15:00:00+00:00,9812.566861,9812.566861,0.000000
2026-05-05T16:00:00+00:00,9812.566861,9812.566861,0.000000
2026-05-05T17:00:00+00:00,9812.566861,9812.566861,0.000000
2026-05-05T18:00:00+00:00,9812.566861,9812.566861,0.000000
2026-05-05T19:00:00+00:00,9812.566861,9812.566861,0.000000
2026-05-05T20:00:00+00:00,9812.566861,9812.566861,0.000000
2026-05-05T21:00:00+00:00,9812.566861,9812.566861,0.000000
2026-05-05T22:00:00+00:00,9812.566861,9812.566861,0.000000
2026-05-05T23:00:00+00:00,9812.566861,9812.566861,0.000000
2026-05-06T00:00:00+00:00,9812.566861,9812.566861,0.000000
2026-05-06T01:00:00+00:00,9812.566861,9812.566861,0.000000
2026-05-06T02:00:00+00:00,9812.566861,9812.566861,0.000000
2026-05-06T03:00:00+00:00,9812.566861,9812.566861,0.000000
2026-05-06T04:00:00+00:00,9812.566861,9812.566861,0.000000
2026-05-06T05:00:00+00:00,9812.566861,9812.566861,0.000000
2026-05-06T06:00:00+00:00,9812.566861,9812.566861,0.000000
2026-05-06T07:00:00+00:00,9812.566861,9812.566861,0.000000
2026-05-06T08:00:00+00:00,9812.566861,9812.566861,0.000000
2026-05-06T09:00:00+00:00,9812.566861,9812.566861,0.000000
2026-05-06T10:00:00+00:00,9812.566861,9812.566861,0.000000
2026-05-06T11:00:00+00:00,9812.566861,9812.566861,0.000000
2026-05-06T12:00:00+00:00,9812.566861,9812.566861,0.000000
2026-05-06T13:00:00+00:00,9812.566861,9812.566861,0.000000
2026-05-06T14:00:00+00:00,9812.566861,9812.566861,0.000000
2026-05-06T15:00:00+00:00,9812.566861,9812.566861,0.000000
2026-05-06T16:00:00+00:00,9812.566861,9812.566861,0.000000
2026-05-06T17:00:00+00:00,9812.566861,9812.566861,0.000000
2026-05-06T18:00:00+00:00,9812.566861,9812.566861,0.000000
2026-05-06T19:00:00+00:00,9812.566861,9812.566861,0.000000
2026-05-06T20:00:00+00:00,9812.566861,9812.566861,0.000000
2026-05-06T21:00:00+00:00,9812.566861,9812.566861,0.000000
2026-05-06T22:00:00+00:00,9812.566861,9812.566861,0.000000
2026-05-06T23:00:00+00:00,9812.566861,9812.566861,0.000000
2026-05-07T00:00:00+00:00,9812.566861,9812.566861,0.000000
2026-05-07T01:00:00+00:00,9812.566861,9812.566861,0.000000
2026-05-07T02:00:00+00:00,9812.566861,9812.566861,0.000000
2026-05-07T03:00:00+00:00,9812.566861,9812.566861,0.000000
2026-05-07T04:00:00+00:00,9812.566861,9812.566861,0.000000
2026-05-07T05:00:00+00:00,9812.566861,9812.566861,0.000000
2026-05-07T06:00:00+00:00,9812.566861,9812.566861,0.000000
2026-05-07T07:00:00+00:00,9812.566861,9812.566861,0.000000
2026-05-07T08:00:00+00:00,9812.566861,9812.566861,0.000000
2026-05-07T09:00:00+00:00,9812.566861,9812.566861,0.000000
2026-05-07T10:00:00+00:00,9812.566861,9812.566861,0.000000
2026-05-07T11:00:00+00:00,9812.566861,9812.566861,0.000000
2026-05-07T12:00:00+00:00,9812.566861,9812.566861,0.000000
2026-05-07T13:00:00+00:00,9812.566861,9812.566861,0.000000
2026-05-07T14:00:00+00:00,9812.566861,9812.566861,0.000000
2026-05-07T15:00:00+00:00,9812.566861,9812.566861,0.000000
2026-05-07T16:00:00+00:00,9812.566861,9812.566861,0.000000
2026-05-07T17:00:00+00:00,9805.697083,-6.869778,9812.566861
2026-05-07T18:00:00+00:00,9788.834802,-6.869778,9795.704580
2026-05-07T19:00:00+00:00,9789.688589,-6.869778,9796.558367
2026-05-07T20:00:00+00:00,9760.873298,-6.869778,9767.743076
2026-05-07T21:00:00+00:00,9741.119576,9741.119576,0.000000
2026-05-07T22:00:00+00:00,9741.119576,9741.119576,0.000000
2026-05-07T23:00:00+00:00,9741.119576,9741.119576,0.000000
2026-05-08T00:00:00+00:00,9741.119576,9741.119576,0.000000
2026-05-08T01:00:00+00:00,9741.119576,9741.119576,0.000000
2026-05-08T02:00:00+00:00,9741.119576,9741.119576,0.000000
2026-05-08T03:00:00+00:00,9741.119576,9741.119576,0.000000
2026-05-08T04:00:00+00:00,9741.119576,9741.119576,0.000000
2026-05-08T05:00:00+00:00,9741.119576,9741.119576,0.000000
2026-05-08T06:00:00+00:00,9741.119576,9741.119576,0.000000
2026-05-08T07:00:00+00:00,9741.119576,9741.119576,0.000000
2026-05-08T08:00:00+00:00,9741.119576,9741.119576,0.000000
2026-05-08T09:00:00+00:00,9741.119576,9741.119576,0.000000
2026-05-08T10:00:00+00:00,9741.119576,9741.119576,0.000000
2026-05-08T11:00:00+00:00,9741.119576,9741.119576,0.000000
2026-05-08T12:00:00+00:00,9741.119576,9741.119576,0.000000
2026-05-08T13:00:00+00:00,9741.119576,9741.119576,0.000000
2026-05-08T14:00:00+00:00,9741.119576,9741.119576,0.000000
2026-05-08T15:00:00+00:00,9741.119576,9741.119576,0.000000
2026-05-08T16:00:00+00:00,9741.119576,9741.119576,0.000000
2026-05-08T17:00:00+00:00,9741.119576,9741.119576,0.000000
2026-05-08T18:00:00+00:00,9741.119576,9741.119576,0.000000
2026-05-08T19:00:00+00:00,9741.119576,9741.119576,0.000000
2026-05-08T20:00:00+00:00,9741.119576,9741.119576,0.000000
2026-05-08T21:00:00+00:00,9741.119576,9741.119576,0.000000
2026-05-08T22:00:00+00:00,9741.119576,9741.119576,0.000000
2026-05-08T23:00:00+00:00,9741.119576,9741.119576,0.000000
2026-05-09T00:00:00+00:00,9741.119576,9741.119576,0.000000
2026-05-09T01:00:00+00:00,9741.119576,9741.119576,0.000000
2026-05-09T02:00:00+00:00,9741.119576,9741.119576,0.000000
2026-05-09T03:00:00+00:00,9741.119576,9741.119576,0.000000
2026-05-09T04:00:00+00:00,9734.301767,-2.921362,9741.119576
2026-05-09T05:00:00+00:00,9725.452142,-2.921362,9749.969202
2026-05-09T06:00:00+00:00,9726.505668,-2.921362,9748.915675
2026-05-09T07:00:00+00:00,9726.084258,-2.921362,9749.337086
2026-05-09T08:00:00+00:00,9714.916874,-2.921362,9760.504470
2026-05-09T09:00:00+00:00,9730.087660,-2.921362,9745.333684
2026-05-09T10:00:00+00:00,9733.248240,-2.921362,9742.173103
2026-05-09T11:00:00+00:00,9725.030731,-2.921362,9750.390612
2026-05-09T12:00:00+00:00,9716.813222,-2.921362,9758.608121
2026-05-09T13:00:00+00:00,9725.662847,-2.921362,9749.758496
2026-05-09T14:00:00+00:00,9752.422428,-2.921362,9722.998915
2026-05-09T15:00:00+00:00,9706.034054,9706.034054,0.000000
2026-05-09T16:00:00+00:00,9706.034054,9706.034054,0.000000
2026-05-09T17:00:00+00:00,9706.034054,9706.034054,0.000000
2026-05-09T18:00:00+00:00,9706.034054,9706.034054,0.000000
2026-05-09T19:00:00+00:00,9706.034054,9706.034054,0.000000
2026-05-09T20:00:00+00:00,9706.034054,9706.034054,0.000000
2026-05-09T21:00:00+00:00,9706.034054,9706.034054,0.000000
2026-05-09T22:00:00+00:00,9706.034054,9706.034054,0.000000
2026-05-09T23:00:00+00:00,9706.034054,9706.034054,0.000000
2026-05-10T00:00:00+00:00,9706.034054,9706.034054,0.000000
2026-05-10T01:00:00+00:00,9706.034054,9706.034054,0.000000
2026-05-10T02:00:00+00:00,9706.034054,9706.034054,0.000000
2026-05-10T03:00:00+00:00,9706.034054,9706.034054,0.000000
2026-05-10T04:00:00+00:00,9706.034054,9706.034054,0.000000
2026-05-10T05:00:00+00:00,9706.034054,9706.034054,0.000000
2026-05-10T06:00:00+00:00,9706.034054,9706.034054,0.000000
2026-05-10T07:00:00+00:00,9706.034054,9706.034054,0.000000
2026-05-10T08:00:00+00:00,9706.034054,9706.034054,0.000000
2026-05-10T09:00:00+00:00,9706.034054,9706.034054,0.000000
2026-05-10T10:00:00+00:00,9706.034054,9706.034054,0.000000
2026-05-10T11:00:00+00:00,9706.034054,9706.034054,0.000000
2026-05-10T12:00:00+00:00,9706.034054,9706.034054,0.000000
2026-05-10T13:00:00+00:00,9706.034054,9706.034054,0.000000
2026-05-10T14:00:00+00:00,9706.034054,9706.034054,0.000000
2026-05-10T15:00:00+00:00,9706.034054,9706.034054,0.000000
2026-05-10T16:00:00+00:00,9706.034054,9706.034054,0.000000
2026-05-10T17:00:00+00:00,9706.034054,9706.034054,0.000000
2026-05-10T18:00:00+00:00,9706.034054,9706.034054,0.000000
2026-05-10T19:00:00+00:00,9706.034054,9706.034054,0.000000
2026-05-10T20:00:00+00:00,9706.034054,9706.034054,0.000000
2026-05-10T21:00:00+00:00,9706.034054,9706.034054,0.000000
2026-05-10T22:00:00+00:00,9706.034054,9706.034054,0.000000
2026-05-10T23:00:00+00:00,9706.034054,9706.034054,0.000000
2026-05-11T00:00:00+00:00,9706.034054,9706.034054,0.000000
2026-05-11T01:00:00+00:00,9706.034054,9706.034054,0.000000
2026-05-11T02:00:00+00:00,9706.034054,9706.034054,0.000000
2026-05-11T03:00:00+00:00,9706.034054,9706.034054,0.000000
2026-05-11T04:00:00+00:00,9706.034054,9706.034054,0.000000
2026-05-11T05:00:00+00:00,9706.034054,9706.034054,0.000000
2026-05-11T06:00:00+00:00,9706.034054,9706.034054,0.000000
2026-05-11T07:00:00+00:00,9706.034054,9706.034054,0.000000
2026-05-11T08:00:00+00:00,9706.034054,9706.034054,0.000000
2026-05-11T09:00:00+00:00,9706.034054,9706.034054,0.000000
2026-05-11T10:00:00+00:00,9706.034054,9706.034054,0.000000
2026-05-11T11:00:00+00:00,9706.034054,9706.034054,0.000000
2026-05-11T12:00:00+00:00,9706.034054,9706.034054,0.000000
2026-05-11T13:00:00+00:00,9706.034054,9706.034054,0.000000
2026-05-11T14:00:00+00:00,9706.034054,9706.034054,0.000000
2026-05-11T15:00:00+00:00,9706.034054,9706.034054,0.000000
2026-05-11T16:00:00+00:00,9706.034054,9706.034054,0.000000
2026-05-11T17:00:00+00:00,9706.034054,9706.034054,0.000000
2026-05-11T18:00:00+00:00,9706.034054,9706.034054,0.000000
2026-05-11T19:00:00+00:00,9706.034054,9706.034054,0.000000
2026-05-11T20:00:00+00:00,9706.034054,9706.034054,0.000000
2026-05-11T21:00:00+00:00,9706.034054,9706.034054,0.000000
2026-05-11T22:00:00+00:00,9706.034054,9706.034054,0.000000
2026-05-11T23:00:00+00:00,9706.034054,9706.034054,0.000000
2026-05-12T00:00:00+00:00,9706.034054,9706.034054,0.000000
2026-05-12T01:00:00+00:00,9706.034054,9706.034054,0.000000
2026-05-12T02:00:00+00:00,9706.034054,9706.034054,0.000000
2026-05-12T03:00:00+00:00,9706.034054,9706.034054,0.000000
2026-05-12T04:00:00+00:00,9706.034054,9706.034054,0.000000
2026-05-12T05:00:00+00:00,9706.034054,9706.034054,0.000000
2026-05-12T06:00:00+00:00,9706.034054,9706.034054,0.000000
2026-05-12T07:00:00+00:00,9706.034054,9706.034054,0.000000
2026-05-12T08:00:00+00:00,9706.034054,9706.034054,0.000000
2026-05-12T09:00:00+00:00,9706.034054,9706.034054,0.000000
2026-05-12T10:00:00+00:00,9706.034054,9706.034054,0.000000
2026-05-12T11:00:00+00:00,9699.238860,-6.795194,9706.034054
2026-05-12T12:00:00+00:00,9708.155554,-6.795194,9714.950749
2026-05-12T13:00:00+00:00,9649.156078,9649.156078,0.000000
2026-05-12T14:00:00+00:00,9649.156078,9649.156078,0.000000
2026-05-12T15:00:00+00:00,9649.156078,9649.156078,0.000000
2026-05-12T16:00:00+00:00,9649.156078,9649.156078,0.000000
2026-05-12T17:00:00+00:00,9649.156078,9649.156078,0.000000
2026-05-12T18:00:00+00:00,9649.156078,9649.156078,0.000000
2026-05-12T19:00:00+00:00,9649.156078,9649.156078,0.000000
2026-05-12T20:00:00+00:00,9649.156078,9649.156078,0.000000
2026-05-12T21:00:00+00:00,9649.156078,9649.156078,0.000000
2026-05-12T22:00:00+00:00,9649.156078,9649.156078,0.000000
2026-05-12T23:00:00+00:00,9649.156078,9649.156078,0.000000
2026-05-13T00:00:00+00:00,9649.156078,9649.156078,0.000000
2026-05-13T01:00:00+00:00,9649.156078,9649.156078,0.000000
2026-05-13T02:00:00+00:00,9649.156078,9649.156078,0.000000
2026-05-13T03:00:00+00:00,9649.156078,9649.156078,0.000000
2026-05-13T04:00:00+00:00,9649.156078,9649.156078,0.000000
2026-05-13T05:00:00+00:00,9649.156078,9649.156078,0.000000
2026-05-13T06:00:00+00:00,9649.156078,9649.156078,0.000000
2026-05-13T07:00:00+00:00,9649.156078,9649.156078,0.000000
2026-05-13T08:00:00+00:00,9649.156078,9649.156078,0.000000
2026-05-13T09:00:00+00:00,9649.156078,9649.156078,0.000000
2026-05-13T10:00:00+00:00,9649.156078,9649.156078,0.000000
2026-05-13T11:00:00+00:00,9649.156078,9649.156078,0.000000
2026-05-13T12:00:00+00:00,9649.156078,9649.156078,0.000000
2026-05-13T13:00:00+00:00,9649.156078,9649.156078,0.000000
2026-05-13T14:00:00+00:00,9649.156078,9649.156078,0.000000
2026-05-13T15:00:00+00:00,9649.156078,9649.156078,0.000000
2026-05-13T16:00:00+00:00,9649.156078,9649.156078,0.000000
2026-05-13T17:00:00+00:00,9649.156078,9649.156078,0.000000
2026-05-13T18:00:00+00:00,9649.156078,9649.156078,0.000000
2026-05-13T19:00:00+00:00,9649.156078,9649.156078,0.000000
2026-05-13T20:00:00+00:00,9649.156078,9649.156078,0.000000
2026-05-13T21:00:00+00:00,9649.156078,9649.156078,0.000000
2026-05-13T22:00:00+00:00,9649.156078,9649.156078,0.000000
2026-05-13T23:00:00+00:00,9649.156078,9649.156078,0.000000
2026-05-14T00:00:00+00:00,9649.156078,9649.156078,0.000000
2026-05-14T01:00:00+00:00,9649.156078,9649.156078,0.000000
2026-05-14T02:00:00+00:00,9649.156078,9649.156078,0.000000
2026-05-14T03:00:00+00:00,9649.156078,9649.156078,0.000000
2026-05-14T04:00:00+00:00,9649.156078,9649.156078,0.000000
2026-05-14T05:00:00+00:00,9649.156078,9649.156078,0.000000
2026-05-14T06:00:00+00:00,9649.156078,9649.156078,0.000000
2026-05-14T07:00:00+00:00,9649.156078,9649.156078,0.000000
2026-05-14T08:00:00+00:00,9649.156078,9649.156078,0.000000
2026-05-14T09:00:00+00:00,9649.156078,9649.156078,0.000000
2026-05-14T10:00:00+00:00,9649.156078,9649.156078,0.000000
2026-05-14T11:00:00+00:00,9649.156078,9649.156078,0.000000
2026-05-14T12:00:00+00:00,9649.156078,9649.156078,0.000000
2026-05-14T13:00:00+00:00,9649.156078,9649.156078,0.000000
2026-05-14T14:00:00+00:00,9649.156078,9649.156078,0.000000
2026-05-14T15:00:00+00:00,9649.156078,9649.156078,0.000000
2026-05-14T16:00:00+00:00,9649.156078,9649.156078,0.000000
2026-05-14T17:00:00+00:00,9649.156078,9649.156078,0.000000
2026-05-14T18:00:00+00:00,9649.156078,9649.156078,0.000000
2026-05-14T19:00:00+00:00,9649.156078,9649.156078,0.000000
2026-05-14T20:00:00+00:00,9649.156078,9649.156078,0.000000
2026-05-14T21:00:00+00:00,9649.156078,9649.156078,0.000000
2026-05-14T22:00:00+00:00,9649.156078,9649.156078,0.000000
2026-05-14T23:00:00+00:00,9649.156078,9649.156078,0.000000
2026-05-15T00:00:00+00:00,9649.156078,9649.156078,0.000000
2026-05-15T01:00:00+00:00,9649.156078,9649.156078,0.000000
2026-05-15T02:00:00+00:00,9649.156078,9649.156078,0.000000
2026-05-15T03:00:00+00:00,9649.156078,9649.156078,0.000000
2026-05-15T04:00:00+00:00,9649.156078,9649.156078,0.000000
2026-05-15T05:00:00+00:00,9649.156078,9649.156078,0.000000
2026-05-15T06:00:00+00:00,9649.156078,9649.156078,0.000000
2026-05-15T07:00:00+00:00,9649.156078,9649.156078,0.000000
2026-05-15T08:00:00+00:00,9649.156078,9649.156078,0.000000
2026-05-15T09:00:00+00:00,9649.156078,9649.156078,0.000000
2026-05-15T10:00:00+00:00,9649.156078,9649.156078,0.000000
2026-05-15T11:00:00+00:00,9649.156078,9649.156078,0.000000
2026-05-15T12:00:00+00:00,9649.156078,9649.156078,0.000000
2026-05-15T13:00:00+00:00,9649.156078,9649.156078,0.000000
2026-05-15T14:00:00+00:00,9649.156078,9649.156078,0.000000
2026-05-15T15:00:00+00:00,9649.156078,9649.156078,0.000000
2026-05-15T16:00:00+00:00,9649.156078,9649.156078,0.000000
2026-05-15T17:00:00+00:00,9649.156078,9649.156078,0.000000
2026-05-15T18:00:00+00:00,9649.156078,9649.156078,0.000000
2026-05-15T19:00:00+00:00,9649.156078,9649.156078,0.000000
2026-05-15T20:00:00+00:00,9649.156078,9649.156078,0.000000
2026-05-15T21:00:00+00:00,9649.156078,9649.156078,0.000000
2026-05-15T22:00:00+00:00,9649.156078,9649.156078,0.000000
2026-05-15T23:00:00+00:00,9649.156078,9649.156078,0.000000
2026-05-16T00:00:00+00:00,9649.156078,9649.156078,0.000000
2026-05-16T01:00:00+00:00,9649.156078,9649.156078,0.000000
2026-05-16T02:00:00+00:00,9649.156078,9649.156078,0.000000
2026-05-16T03:00:00+00:00,9649.156078,9649.156078,0.000000
2026-05-16T04:00:00+00:00,9649.156078,9649.156078,0.000000
2026-05-16T05:00:00+00:00,9649.156078,9649.156078,0.000000
2026-05-16T06:00:00+00:00,9649.156078,9649.156078,0.000000
2026-05-16T07:00:00+00:00,9649.156078,9649.156078,0.000000
2026-05-16T08:00:00+00:00,9649.156078,9649.156078,0.000000
2026-05-16T09:00:00+00:00,9649.156078,9649.156078,0.000000
2026-05-16T10:00:00+00:00,9649.156078,9649.156078,0.000000
2026-05-16T11:00:00+00:00,9649.156078,9649.156078,0.000000
2026-05-16T12:00:00+00:00,9649.156078,9649.156078,0.000000
2026-05-16T13:00:00+00:00,9649.156078,9649.156078,0.000000
2026-05-16T14:00:00+00:00,9649.156078,9649.156078,0.000000
2026-05-16T15:00:00+00:00,9649.156078,9649.156078,0.000000
2026-05-16T16:00:00+00:00,9649.156078,9649.156078,0.000000
2026-05-16T17:00:00+00:00,9649.156078,9649.156078,0.000000
2026-05-16T18:00:00+00:00,9649.156078,9649.156078,0.000000
2026-05-16T19:00:00+00:00,9649.156078,9649.156078,0.000000
2026-05-16T20:00:00+00:00,9649.156078,9649.156078,0.000000
2026-05-16T21:00:00+00:00,9649.156078,9649.156078,0.000000
2026-05-16T22:00:00+00:00,9649.156078,9649.156078,0.000000
2026-05-16T23:00:00+00:00,9649.156078,9649.156078,0.000000
2026-05-17T00:00:00+00:00,9649.156078,9649.156078,0.000000
2026-05-17T01:00:00+00:00,9649.156078,9649.156078,0.000000
2026-05-17T02:00:00+00:00,9649.156078,9649.156078,0.000000
2026-05-17T03:00:00+00:00,9649.156078,9649.156078,0.000000
2026-05-17T04:00:00+00:00,9649.156078,9649.156078,0.000000
2026-05-17T05:00:00+00:00,9642.402633,-2.893782,9649.156078
2026-05-17T06:00:00+00:00,9645.935748,-2.893782,9645.622963
2026-05-17T07:00:00+00:00,9640.636076,-2.893782,9650.922635
2026-05-17T08:00:00+00:00,9640.636076,-2.893782,9650.922635
2026-05-17T09:00:00+00:00,9623.412144,-2.893782,9668.146567
2026-05-17T10:00:00+00:00,9604.863294,-2.893782,9686.695418
2026-05-17T11:00:00+00:00,9614.358538,-2.893782,9677.200173
2026-05-17T12:00:00+00:00,9604.421654,-2.893782,9687.137057
2026-05-17T13:00:00+00:00,9615.020997,-2.893782,9676.537714
2026-05-17T14:00:00+00:00,9639.311158,-2.893782,9652.247553
2026-05-17T15:00:00+00:00,9639.752798,-2.893782,9651.805913
2026-05-17T16:00:00+00:00,9656.755910,-2.893782,9634.802801
2026-05-17T17:00:00+00:00,9651.677059,-2.893782,9639.881653
2026-05-17T18:00:00+00:00,9630.036733,-2.893782,9661.521978
2026-05-17T19:00:00+00:00,9601.389181,9601.389181,0.000000
2026-05-17T20:00:00+00:00,9601.389181,9601.389181,0.000000
2026-05-17T21:00:00+00:00,9601.389181,9601.389181,0.000000
2026-05-17T22:00:00+00:00,9601.389181,9601.389181,0.000000
2026-05-17T23:00:00+00:00,9601.389181,9601.389181,0.000000
2026-05-18T00:00:00+00:00,9601.389181,9601.389181,0.000000
2026-05-18T01:00:00+00:00,9601.389181,9601.389181,0.000000
2026-05-18T02:00:00+00:00,9601.389181,9601.389181,0.000000
2026-05-18T03:00:00+00:00,9601.389181,9601.389181,0.000000
2026-05-18T04:00:00+00:00,9601.389181,9601.389181,0.000000
2026-05-18T05:00:00+00:00,9601.389181,9601.389181,0.000000
2026-05-18T06:00:00+00:00,9601.389181,9601.389181,0.000000
2026-05-18T07:00:00+00:00,9601.389181,9601.389181,0.000000
2026-05-18T08:00:00+00:00,9601.389181,9601.389181,0.000000
2026-05-18T09:00:00+00:00,9601.389181,9601.389181,0.000000
2026-05-18T10:00:00+00:00,9601.389181,9601.389181,0.000000
2026-05-18T11:00:00+00:00,9601.389181,9601.389181,0.000000
2026-05-18T12:00:00+00:00,9601.389181,9601.389181,0.000000
2026-05-18T13:00:00+00:00,9601.389181,9601.389181,0.000000
2026-05-18T14:00:00+00:00,9601.389181,9601.389181,0.000000
2026-05-18T15:00:00+00:00,9601.389181,9601.389181,0.000000
2026-05-18T16:00:00+00:00,9601.389181,9601.389181,0.000000
2026-05-18T17:00:00+00:00,9601.389181,9601.389181,0.000000
2026-05-18T18:00:00+00:00,9601.389181,9601.389181,0.000000
2026-05-18T19:00:00+00:00,9601.389181,9601.389181,0.000000
2026-05-18T20:00:00+00:00,9601.389181,9601.389181,0.000000
2026-05-18T21:00:00+00:00,9601.389181,9601.389181,0.000000
2026-05-18T22:00:00+00:00,9601.389181,9601.389181,0.000000
2026-05-18T23:00:00+00:00,9601.389181,9601.389181,0.000000
2026-05-19T00:00:00+00:00,9601.389181,9601.389181,0.000000
2026-05-19T01:00:00+00:00,9601.389181,9601.389181,0.000000
2026-05-19T02:00:00+00:00,9601.389181,9601.389181,0.000000
2026-05-19T03:00:00+00:00,9601.389181,9601.389181,0.000000
2026-05-19T04:00:00+00:00,9601.389181,9601.389181,0.000000
2026-05-19T05:00:00+00:00,9601.389181,9601.389181,0.000000
2026-05-19T06:00:00+00:00,9601.389181,9601.389181,0.000000
2026-05-19T07:00:00+00:00,9601.389181,9601.389181,0.000000
2026-05-19T08:00:00+00:00,9601.389181,9601.389181,0.000000
2026-05-19T09:00:00+00:00,9601.389181,9601.389181,0.000000
2026-05-19T10:00:00+00:00,9601.389181,9601.389181,0.000000
2026-05-19T11:00:00+00:00,9601.389181,9601.389181,0.000000
2026-05-19T12:00:00+00:00,9601.389181,9601.389181,0.000000
2026-05-19T13:00:00+00:00,9601.389181,9601.389181,0.000000
2026-05-19T14:00:00+00:00,9601.389181,9601.389181,0.000000
2026-05-19T15:00:00+00:00,9601.389181,9601.389181,0.000000
2026-05-19T16:00:00+00:00,9601.389181,9601.389181,0.000000
2026-05-19T17:00:00+00:00,9601.389181,9601.389181,0.000000
2026-05-19T18:00:00+00:00,9601.389181,9601.389181,0.000000
2026-05-19T19:00:00+00:00,9601.389181,9601.389181,0.000000
2026-05-19T20:00:00+00:00,9601.389181,9601.389181,0.000000
2026-05-19T21:00:00+00:00,9601.389181,9601.389181,0.000000
2026-05-19T22:00:00+00:00,9601.389181,9601.389181,0.000000
2026-05-19T23:00:00+00:00,9601.389181,9601.389181,0.000000
2026-05-20T00:00:00+00:00,9601.389181,9601.389181,0.000000
2026-05-20T01:00:00+00:00,9601.389181,9601.389181,0.000000
2026-05-20T02:00:00+00:00,9601.389181,9601.389181,0.000000
2026-05-20T03:00:00+00:00,9601.389181,9601.389181,0.000000
2026-05-20T04:00:00+00:00,9601.389181,9601.389181,0.000000
2026-05-20T05:00:00+00:00,9601.389181,9601.389181,0.000000
2026-05-20T06:00:00+00:00,9601.389181,9601.389181,0.000000
2026-05-20T07:00:00+00:00,9601.389181,9601.389181,0.000000
2026-05-20T08:00:00+00:00,9601.389181,9601.389181,0.000000
2026-05-20T09:00:00+00:00,9601.389181,9601.389181,0.000000
2026-05-20T10:00:00+00:00,9601.389181,9601.389181,0.000000
2026-05-20T11:00:00+00:00,9601.389181,9601.389181,0.000000
2026-05-20T12:00:00+00:00,9601.389181,9601.389181,0.000000
2026-05-20T13:00:00+00:00,9601.389181,9601.389181,0.000000
2026-05-20T14:00:00+00:00,9601.389181,9601.389181,0.000000
2026-05-20T15:00:00+00:00,9601.389181,9601.389181,0.000000
2026-05-20T16:00:00+00:00,9601.389181,9601.389181,0.000000
2026-05-20T17:00:00+00:00,9601.389181,9601.389181,0.000000
2026-05-20T18:00:00+00:00,9601.389181,9601.389181,0.000000
2026-05-20T19:00:00+00:00,9601.389181,9601.389181,0.000000
2026-05-20T20:00:00+00:00,9601.389181,9601.389181,0.000000
2026-05-20T21:00:00+00:00,9601.389181,9601.389181,0.000000
2026-05-20T22:00:00+00:00,9601.389181,9601.389181,0.000000
2026-05-20T23:00:00+00:00,9601.389181,9601.389181,0.000000
2026-05-21T00:00:00+00:00,9601.389181,9601.389181,0.000000
2026-05-21T01:00:00+00:00,9601.389181,9601.389181,0.000000
2026-05-21T02:00:00+00:00,9601.389181,9601.389181,0.000000
2026-05-21T03:00:00+00:00,9601.389181,9601.389181,0.000000
2026-05-21T04:00:00+00:00,9601.389181,9601.389181,0.000000
2026-05-21T05:00:00+00:00,9601.389181,9601.389181,0.000000
2026-05-21T06:00:00+00:00,9601.389181,9601.389181,0.000000
2026-05-21T07:00:00+00:00,9601.389181,9601.389181,0.000000
2026-05-21T08:00:00+00:00,9601.389181,9601.389181,0.000000
2026-05-21T09:00:00+00:00,9601.389181,9601.389181,0.000000
2026-05-21T10:00:00+00:00,9601.389181,9601.389181,0.000000
2026-05-21T11:00:00+00:00,9601.389181,9601.389181,0.000000
2026-05-21T12:00:00+00:00,9601.389181,9601.389181,0.000000
2026-05-21T13:00:00+00:00,9594.667248,-6.721933,9601.389181
2026-05-21T14:00:00+00:00,9600.782494,-6.721933,9607.504427
2026-05-21T15:00:00+00:00,9590.670463,9590.670463,0.000000
2026-05-21T16:00:00+00:00,9590.670463,9590.670463,0.000000
2026-05-21T17:00:00+00:00,9590.670463,9590.670463,0.000000
2026-05-21T18:00:00+00:00,9590.670463,9590.670463,0.000000
2026-05-21T19:00:00+00:00,9590.670463,9590.670463,0.000000
2026-05-21T20:00:00+00:00,9590.670463,9590.670463,0.000000
2026-05-21T21:00:00+00:00,9590.670463,9590.670463,0.000000
2026-05-21T22:00:00+00:00,9590.670463,9590.670463,0.000000
2026-05-21T23:00:00+00:00,9590.670463,9590.670463,0.000000
2026-05-22T00:00:00+00:00,9590.670463,9590.670463,0.000000
2026-05-22T01:00:00+00:00,9590.670463,9590.670463,0.000000
2026-05-22T02:00:00+00:00,9590.670463,9590.670463,0.000000
2026-05-22T03:00:00+00:00,9590.670463,9590.670463,0.000000
2026-05-22T04:00:00+00:00,9590.670463,9590.670463,0.000000
2026-05-22T05:00:00+00:00,9590.670463,9590.670463,0.000000
2026-05-22T06:00:00+00:00,9590.670463,9590.670463,0.000000
2026-05-22T07:00:00+00:00,9590.670463,9590.670463,0.000000
2026-05-22T08:00:00+00:00,9590.670463,9590.670463,0.000000
2026-05-22T09:00:00+00:00,9590.670463,9590.670463,0.000000
2026-05-22T10:00:00+00:00,9590.670463,9590.670463,0.000000
2026-05-22T11:00:00+00:00,9590.670463,9590.670463,0.000000
2026-05-22T12:00:00+00:00,9590.670463,9590.670463,0.000000
2026-05-22T13:00:00+00:00,9590.670463,9590.670463,0.000000
2026-05-22T14:00:00+00:00,9590.670463,9590.670463,0.000000
2026-05-22T15:00:00+00:00,9590.670463,9590.670463,0.000000
2026-05-22T16:00:00+00:00,9590.670463,9590.670463,0.000000
2026-05-22T17:00:00+00:00,9590.670463,9590.670463,0.000000
2026-05-22T18:00:00+00:00,9590.670463,9590.670463,0.000000
2026-05-22T19:00:00+00:00,9590.670463,9590.670463,0.000000
2026-05-22T20:00:00+00:00,9590.670463,9590.670463,0.000000
2026-05-22T21:00:00+00:00,9590.670463,9590.670463,0.000000
2026-05-22T22:00:00+00:00,9590.670463,9590.670463,0.000000
2026-05-22T23:00:00+00:00,9590.670463,9590.670463,0.000000
2026-05-23T00:00:00+00:00,9590.670463,9590.670463,0.000000
2026-05-23T01:00:00+00:00,9590.670463,9590.670463,0.000000
2026-05-23T02:00:00+00:00,9590.670463,9590.670463,0.000000
2026-05-23T03:00:00+00:00,9590.670463,9590.670463,0.000000
2026-05-23T04:00:00+00:00,9590.670463,9590.670463,0.000000
2026-05-23T05:00:00+00:00,9590.670463,9590.670463,0.000000
2026-05-23T06:00:00+00:00,9590.670463,9590.670463,0.000000
2026-05-23T07:00:00+00:00,9590.670463,9590.670463,0.000000
2026-05-23T08:00:00+00:00,9590.670463,9590.670463,0.000000
2026-05-23T09:00:00+00:00,9590.670463,9590.670463,0.000000
2026-05-23T10:00:00+00:00,9590.670463,9590.670463,0.000000
2026-05-23T11:00:00+00:00,9590.670463,9590.670463,0.000000
2026-05-23T12:00:00+00:00,9590.670463,9590.670463,0.000000
2026-05-23T13:00:00+00:00,9590.670463,9590.670463,0.000000
2026-05-23T14:00:00+00:00,9590.670463,9590.670463,0.000000
2026-05-23T15:00:00+00:00,9590.670463,9590.670463,0.000000
2026-05-23T16:00:00+00:00,9590.670463,9590.670463,0.000000
2026-05-23T17:00:00+00:00,9590.670463,9590.670463,0.000000
2026-05-23T18:00:00+00:00,9590.670463,9590.670463,0.000000
2026-05-23T19:00:00+00:00,9590.670463,9590.670463,0.000000
2026-05-23T20:00:00+00:00,9590.670463,9590.670463,0.000000
2026-05-23T21:00:00+00:00,9590.670463,9590.670463,0.000000
2026-05-23T22:00:00+00:00,9590.670463,9590.670463,0.000000
2026-05-23T23:00:00+00:00,9590.670463,9590.670463,0.000000
2026-05-24T00:00:00+00:00,9590.670463,9590.670463,0.000000
2026-05-24T01:00:00+00:00,9590.670463,9590.670463,0.000000
2026-05-24T02:00:00+00:00,9590.670463,9590.670463,0.000000
2026-05-24T03:00:00+00:00,9590.670463,9590.670463,0.000000
2026-05-24T04:00:00+00:00,9590.670463,9590.670463,0.000000
2026-05-24T05:00:00+00:00,9590.670463,9590.670463,0.000000
2026-05-24T06:00:00+00:00,9590.670463,9590.670463,0.000000
2026-05-24T07:00:00+00:00,9590.670463,9590.670463,0.000000
2026-05-24T08:00:00+00:00,9590.670463,9590.670463,0.000000
2026-05-24T09:00:00+00:00,9590.670463,9590.670463,0.000000
2026-05-24T10:00:00+00:00,9590.670463,9590.670463,0.000000
2026-05-24T11:00:00+00:00,9590.670463,9590.670463,0.000000
2026-05-24T12:00:00+00:00,9590.670463,9590.670463,0.000000
2026-05-24T13:00:00+00:00,9590.670463,9590.670463,0.000000
2026-05-24T14:00:00+00:00,9590.670463,9590.670463,0.000000
2026-05-24T15:00:00+00:00,9590.670463,9590.670463,0.000000
2026-05-24T16:00:00+00:00,9590.670463,9590.670463,0.000000
2026-05-24T17:00:00+00:00,9590.670463,9590.670463,0.000000
2026-05-24T18:00:00+00:00,9590.670463,9590.670463,0.000000
2026-05-24T19:00:00+00:00,9590.670463,9590.670463,0.000000
2026-05-24T20:00:00+00:00,9590.670463,9590.670463,0.000000
2026-05-24T21:00:00+00:00,9590.670463,9590.670463,0.000000
2026-05-24T22:00:00+00:00,9590.670463,9590.670463,0.000000
2026-05-24T23:00:00+00:00,9590.670463,9590.670463,0.000000
2026-05-25T00:00:00+00:00,9590.670463,9590.670463,0.000000
2026-05-25T01:00:00+00:00,9590.670463,9590.670463,0.000000
2026-05-25T02:00:00+00:00,9590.670463,9590.670463,0.000000
2026-05-25T03:00:00+00:00,9590.670463,9590.670463,0.000000
2026-05-25T04:00:00+00:00,9590.670463,9590.670463,0.000000
2026-05-25T05:00:00+00:00,9590.670463,9590.670463,0.000000
2026-05-25T06:00:00+00:00,9590.670463,9590.670463,0.000000
2026-05-25T07:00:00+00:00,9590.670463,9590.670463,0.000000
2026-05-25T08:00:00+00:00,9590.670463,9590.670463,0.000000
2026-05-25T09:00:00+00:00,9583.957953,-2.876242,9590.670463
2026-05-25T10:00:00+00:00,9582.371444,-2.876242,9592.256972
2026-05-25T11:00:00+00:00,9592.343783,-2.876242,9582.284633
2026-05-25T12:00:00+00:00,9582.598088,-2.876242,9592.030328
2026-05-25T13:00:00+00:00,9585.997750,-2.876242,9588.630667
2026-05-25T14:00:00+00:00,9521.497225,9521.497225,0.000000
2026-05-25T15:00:00+00:00,9521.497225,9521.497225,0.000000
2026-05-25T16:00:00+00:00,9521.497225,9521.497225,0.000000
2026-05-25T17:00:00+00:00,9521.497225,9521.497225,0.000000
2026-05-25T18:00:00+00:00,9521.497225,9521.497225,0.000000
2026-05-25T19:00:00+00:00,9521.497225,9521.497225,0.000000
2026-05-25T20:00:00+00:00,9521.497225,9521.497225,0.000000
2026-05-25T21:00:00+00:00,9521.497225,9521.497225,0.000000
2026-05-25T22:00:00+00:00,9521.497225,9521.497225,0.000000
2026-05-25T23:00:00+00:00,9521.497225,9521.497225,0.000000
2026-05-26T00:00:00+00:00,9521.497225,9521.497225,0.000000
2026-05-26T01:00:00+00:00,9521.497225,9521.497225,0.000000
2026-05-26T02:00:00+00:00,9521.497225,9521.497225,0.000000
2026-05-26T03:00:00+00:00,9521.497225,9521.497225,0.000000
2026-05-26T04:00:00+00:00,9521.497225,9521.497225,0.000000
2026-05-26T05:00:00+00:00,9521.497225,9521.497225,0.000000
2026-05-26T06:00:00+00:00,9521.497225,9521.497225,0.000000
2026-05-26T07:00:00+00:00,9521.497225,9521.497225,0.000000
2026-05-26T08:00:00+00:00,9521.497225,9521.497225,0.000000
2026-05-26T09:00:00+00:00,9521.497225,9521.497225,0.000000
2026-05-26T10:00:00+00:00,9521.497225,9521.497225,0.000000
2026-05-26T11:00:00+00:00,9521.497225,9521.497225,0.000000
2026-05-26T12:00:00+00:00,9521.497225,9521.497225,0.000000
2026-05-26T13:00:00+00:00,9521.497225,9521.497225,0.000000
2026-05-26T14:00:00+00:00,9521.497225,9521.497225,0.000000
2026-05-26T15:00:00+00:00,9521.497225,9521.497225,0.000000
2026-05-26T16:00:00+00:00,9521.497225,9521.497225,0.000000
2026-05-26T17:00:00+00:00,9521.497225,9521.497225,0.000000
2026-05-26T18:00:00+00:00,9521.497225,9521.497225,0.000000
2026-05-26T19:00:00+00:00,9521.497225,9521.497225,0.000000
2026-05-26T20:00:00+00:00,9521.497225,9521.497225,0.000000
2026-05-26T21:00:00+00:00,9521.497225,9521.497225,0.000000
2026-05-26T22:00:00+00:00,9521.497225,9521.497225,0.000000
2026-05-26T23:00:00+00:00,9521.497225,9521.497225,0.000000
2026-05-27T00:00:00+00:00,9521.497225,9521.497225,0.000000
2026-05-27T01:00:00+00:00,9521.497225,9521.497225,0.000000
2026-05-27T02:00:00+00:00,9521.497225,9521.497225,0.000000
2026-05-27T03:00:00+00:00,9521.497225,9521.497225,0.000000
2026-05-27T04:00:00+00:00,9521.497225,9521.497225,0.000000
2026-05-27T05:00:00+00:00,9521.497225,9521.497225,0.000000
2026-05-27T06:00:00+00:00,9521.497225,9521.497225,0.000000
2026-05-27T07:00:00+00:00,9521.497225,9521.497225,0.000000
2026-05-27T08:00:00+00:00,9521.497225,9521.497225,0.000000
2026-05-27T09:00:00+00:00,9521.497225,9521.497225,0.000000
2026-05-27T10:00:00+00:00,9521.497225,9521.497225,0.000000
2026-05-27T11:00:00+00:00,9521.497225,9521.497225,0.000000
2026-05-27T12:00:00+00:00,9521.497225,9521.497225,0.000000
2026-05-27T13:00:00+00:00,9521.497225,9521.497225,0.000000
2026-05-27T14:00:00+00:00,9521.497225,9521.497225,0.000000
2026-05-27T15:00:00+00:00,9521.497225,9521.497225,0.000000
2026-05-27T16:00:00+00:00,9521.497225,9521.497225,0.000000
2026-05-27T17:00:00+00:00,9521.497225,9521.497225,0.000000
2026-05-27T18:00:00+00:00,9514.831224,-6.666000,9521.497225
2026-05-27T19:00:00+00:00,9518.768120,-6.666000,9525.434120
2026-05-27T20:00:00+00:00,9545.863223,-6.666000,9552.529223
2026-05-27T21:00:00+00:00,9395.869262,9395.869262,0.000000
2026-05-27T22:00:00+00:00,9395.869262,9395.869262,0.000000
2026-05-27T23:00:00+00:00,9395.869262,9395.869262,0.000000
2026-05-28T00:00:00+00:00,9395.869262,9395.869262,0.000000
2026-05-28T01:00:00+00:00,9395.869262,9395.869262,0.000000
2026-05-28T02:00:00+00:00,9395.869262,9395.869262,0.000000
2026-05-28T03:00:00+00:00,9395.869262,9395.869262,0.000000
2026-05-28T04:00:00+00:00,9395.869262,9395.869262,0.000000
2026-05-28T05:00:00+00:00,9395.869262,9395.869262,0.000000
2026-05-28T06:00:00+00:00,9395.869262,9395.869262,0.000000
2026-05-28T07:00:00+00:00,9395.869262,9395.869262,0.000000
2026-05-28T08:00:00+00:00,9395.869262,9395.869262,0.000000
2026-05-28T09:00:00+00:00,9395.869262,9395.869262,0.000000
2026-05-28T10:00:00+00:00,9395.869262,9395.869262,0.000000
2026-05-28T11:00:00+00:00,9395.869262,9395.869262,0.000000
2026-05-28T12:00:00+00:00,9395.869262,9395.869262,0.000000
2026-05-28T13:00:00+00:00,9395.869262,9395.869262,0.000000
2026-05-28T14:00:00+00:00,9395.869262,9395.869262,0.000000
2026-05-28T15:00:00+00:00,9395.869262,9395.869262,0.000000
2026-05-28T16:00:00+00:00,9395.869262,9395.869262,0.000000
2026-05-28T17:00:00+00:00,9395.869262,9395.869262,0.000000
2026-05-28T18:00:00+00:00,9395.869262,9395.869262,0.000000
2026-05-28T19:00:00+00:00,9395.869262,9395.869262,0.000000
2026-05-28T20:00:00+00:00,9395.869262,9395.869262,0.000000
2026-05-28T21:00:00+00:00,9395.869262,9395.869262,0.000000
2026-05-28T22:00:00+00:00,9395.869262,9395.869262,0.000000
2026-05-28T23:00:00+00:00,9395.869262,9395.869262,0.000000
2026-05-29T00:00:00+00:00,9395.869262,9395.869262,0.000000
2026-05-29T01:00:00+00:00,9395.869262,9395.869262,0.000000
2026-05-29T02:00:00+00:00,9395.869262,9395.869262,0.000000
2026-05-29T03:00:00+00:00,9395.869262,9395.869262,0.000000
2026-05-29T04:00:00+00:00,9395.869262,9395.869262,0.000000
2026-05-29T05:00:00+00:00,9395.869262,9395.869262,0.000000
2026-05-29T06:00:00+00:00,9395.869262,9395.869262,0.000000
2026-05-29T07:00:00+00:00,9395.869262,9395.869262,0.000000
2026-05-29T08:00:00+00:00,9395.869262,9395.869262,0.000000
2026-05-29T09:00:00+00:00,9395.869262,9395.869262,0.000000
2026-05-29T10:00:00+00:00,9395.869262,9395.869262,0.000000
2026-05-29T11:00:00+00:00,9395.869262,9395.869262,0.000000
2026-05-29T12:00:00+00:00,9395.869262,9395.869262,0.000000
2026-05-29T13:00:00+00:00,9395.869262,9395.869262,0.000000
2026-05-29T14:00:00+00:00,9395.869262,9395.869262,0.000000
2026-05-29T15:00:00+00:00,9395.869262,9395.869262,0.000000
2026-05-29T16:00:00+00:00,9395.869262,9395.869262,0.000000
2026-05-29T17:00:00+00:00,9395.869262,9395.869262,0.000000
2026-05-29T18:00:00+00:00,9395.869262,9395.869262,0.000000
2026-05-29T19:00:00+00:00,9395.869262,9395.869262,0.000000
2026-05-29T20:00:00+00:00,9395.869262,9395.869262,0.000000
2026-05-29T21:00:00+00:00,9395.869262,9395.869262,0.000000
2026-05-29T22:00:00+00:00,9395.869262,9395.869262,0.000000
2026-05-29T23:00:00+00:00,9395.869262,9395.869262,0.000000
2026-05-30T00:00:00+00:00,9395.869262,9395.869262,0.000000
2026-05-30T01:00:00+00:00,9395.869262,9395.869262,0.000000
2026-05-30T02:00:00+00:00,9395.869262,9395.869262,0.000000
2026-05-30T03:00:00+00:00,9395.869262,9395.869262,0.000000
2026-05-30T04:00:00+00:00,9395.869262,9395.869262,0.000000
2026-05-30T05:00:00+00:00,9395.869262,9395.869262,0.000000
2026-05-30T06:00:00+00:00,9395.869262,9395.869262,0.000000
2026-05-30T07:00:00+00:00,9395.869262,9395.869262,0.000000
2026-05-30T08:00:00+00:00,9395.869262,9395.869262,0.000000
2026-05-30T09:00:00+00:00,9395.869262,9395.869262,0.000000
2026-05-30T10:00:00+00:00,9395.869262,9395.869262,0.000000
2026-05-30T11:00:00+00:00,9395.869262,9395.869262,0.000000
2026-05-30T12:00:00+00:00,9395.869262,9395.869262,0.000000
2026-05-30T13:00:00+00:00,9395.869262,9395.869262,0.000000
2026-05-30T14:00:00+00:00,9395.869262,9395.869262,0.000000
2026-05-30T15:00:00+00:00,9395.869262,9395.869262,0.000000
2026-05-30T16:00:00+00:00,9395.869262,9395.869262,0.000000
2026-05-30T17:00:00+00:00,9395.869262,9395.869262,0.000000
2026-05-30T18:00:00+00:00,9395.869262,9395.869262,0.000000
2026-05-30T19:00:00+00:00,9395.869262,9395.869262,0.000000
2026-05-30T20:00:00+00:00,9395.869262,9395.869262,0.000000
2026-05-30T21:00:00+00:00,9395.869262,9395.869262,0.000000
2026-05-30T22:00:00+00:00,9395.869262,9395.869262,0.000000
2026-05-30T23:00:00+00:00,9395.869262,9395.869262,0.000000
2026-05-31T00:00:00+00:00,9395.869262,9395.869262,0.000000
2026-05-31T01:00:00+00:00,9395.869262,9395.869262,0.000000
2026-05-31T02:00:00+00:00,9395.869262,9395.869262,0.000000
2026-05-31T03:00:00+00:00,9395.869262,9395.869262,0.000000
2026-05-31T04:00:00+00:00,9395.869262,9395.869262,0.000000
2026-05-31T05:00:00+00:00,9395.869262,9395.869262,0.000000
2026-05-31T06:00:00+00:00,9395.869262,9395.869262,0.000000
2026-05-31T07:00:00+00:00,9395.869262,9395.869262,0.000000
2026-05-31T08:00:00+00:00,9395.869262,9395.869262,0.000000
2026-05-31T09:00:00+00:00,9395.869262,9395.869262,0.000000
2026-05-31T10:00:00+00:00,9395.869262,9395.869262,0.000000
2026-05-31T11:00:00+00:00,9395.869262,9395.869262,0.000000
2026-05-31T12:00:00+00:00,9395.869262,9395.869262,0.000000
2026-05-31T13:00:00+00:00,9395.869262,9395.869262,0.000000
2026-05-31T14:00:00+00:00,9395.869262,9395.869262,0.000000
2026-05-31T15:00:00+00:00,9395.869262,9395.869262,0.000000
2026-05-31T16:00:00+00:00,9395.869262,9395.869262,0.000000
2026-05-31T17:00:00+00:00,9395.869262,9395.869262,0.000000
2026-05-31T18:00:00+00:00,9395.869262,9395.869262,0.000000
2026-05-31T19:00:00+00:00,9395.869262,9395.869262,0.000000
2026-05-31T20:00:00+00:00,9395.869262,9395.869262,0.000000
2026-05-31T21:00:00+00:00,9395.869262,9395.869262,0.000000
2026-05-31T22:00:00+00:00,9395.869262,9395.869262,0.000000
2026-05-31T23:00:00+00:00,9395.869262,9395.869262,0.000000
2026-06-01T00:00:00+00:00,9395.869262,9395.869262,0.000000
2026-06-01T01:00:00+00:00,9395.869262,9395.869262,0.000000
2026-06-01T02:00:00+00:00,9395.869262,9395.869262,0.000000
2026-06-01T03:00:00+00:00,9395.869262,9395.869262,0.000000
2026-06-01T04:00:00+00:00,9395.869262,9395.869262,0.000000
2026-06-01T05:00:00+00:00,9395.869262,9395.869262,0.000000
2026-06-01T06:00:00+00:00,9395.869262,9395.869262,0.000000
2026-06-01T07:00:00+00:00,9395.869262,9395.869262,0.000000
2026-06-01T08:00:00+00:00,9395.869262,9395.869262,0.000000
2026-06-01T09:00:00+00:00,9395.869262,9395.869262,0.000000
2026-06-01T10:00:00+00:00,9395.869262,9395.869262,0.000000
2026-06-01T11:00:00+00:00,9395.869262,9395.869262,0.000000
2026-06-01T12:00:00+00:00,9395.869262,9395.869262,0.000000
2026-06-01T13:00:00+00:00,9395.869262,9395.869262,0.000000
2026-06-01T14:00:00+00:00,9395.869262,9395.869262,0.000000
2026-06-01T15:00:00+00:00,9395.869262,9395.869262,0.000000
2026-06-01T16:00:00+00:00,9395.869262,9395.869262,0.000000
2026-06-01T17:00:00+00:00,9395.869262,9395.869262,0.000000
2026-06-01T18:00:00+00:00,9395.869262,9395.869262,0.000000
2026-06-01T19:00:00+00:00,9395.869262,9395.869262,0.000000
2026-06-01T20:00:00+00:00,9395.869262,9395.869262,0.000000
2026-06-01T21:00:00+00:00,9395.869262,9395.869262,0.000000
2026-06-01T22:00:00+00:00,9395.869262,9395.869262,0.000000
2026-06-01T23:00:00+00:00,9395.869262,9395.869262,0.000000
2026-06-02T00:00:00+00:00,9395.869262,9395.869262,0.000000
2026-06-02T01:00:00+00:00,9395.869262,9395.869262,0.000000
2026-06-02T02:00:00+00:00,9395.869262,9395.869262,0.000000
2026-06-02T03:00:00+00:00,9395.869262,9395.869262,0.000000
2026-06-02T04:00:00+00:00,9395.869262,9395.869262,0.000000
2026-06-02T05:00:00+00:00,9395.869262,9395.869262,0.000000
2026-06-02T06:00:00+00:00,9395.869262,9395.869262,0.000000
2026-06-02T07:00:00+00:00,9395.869262,9395.869262,0.000000
2026-06-02T08:00:00+00:00,9395.869262,9395.869262,0.000000
2026-06-02T09:00:00+00:00,9395.869262,9395.869262,0.000000
2026-06-02T10:00:00+00:00,9395.869262,9395.869262,0.000000
2026-06-02T11:00:00+00:00,9395.869262,9395.869262,0.000000
2026-06-02T12:00:00+00:00,9395.869262,9395.869262,0.000000
2026-06-02T13:00:00+00:00,9395.869262,9395.869262,0.000000
2026-06-02T14:00:00+00:00,9395.869262,9395.869262,0.000000
2026-06-02T15:00:00+00:00,9395.869262,9395.869262,0.000000
2026-06-02T16:00:00+00:00,9395.869262,9395.869262,0.000000
2026-06-02T17:00:00+00:00,9395.869262,9395.869262,0.000000
2026-06-02T18:00:00+00:00,9395.869262,9395.869262,0.000000
2026-06-02T19:00:00+00:00,9395.869262,9395.869262,0.000000
2026-06-02T20:00:00+00:00,9395.869262,9395.869262,0.000000
2026-06-02T21:00:00+00:00,9395.869262,9395.869262,0.000000
2026-06-02T22:00:00+00:00,9395.869262,9395.869262,0.000000
2026-06-02T23:00:00+00:00,9395.869262,9395.869262,0.000000
2026-06-03T00:00:00+00:00,9395.869262,9395.869262,0.000000
2026-06-03T01:00:00+00:00,9395.869262,9395.869262,0.000000
2026-06-03T02:00:00+00:00,9395.869262,9395.869262,0.000000
2026-06-03T03:00:00+00:00,9395.869262,9395.869262,0.000000
2026-06-03T04:00:00+00:00,9395.869262,9395.869262,0.000000
2026-06-03T05:00:00+00:00,9395.869262,9395.869262,0.000000
2026-06-03T06:00:00+00:00,9395.869262,9395.869262,0.000000
2026-06-03T07:00:00+00:00,9395.869262,9395.869262,0.000000
2026-06-03T08:00:00+00:00,9395.869262,9395.869262,0.000000
2026-06-03T09:00:00+00:00,9395.869262,9395.869262,0.000000
2026-06-03T10:00:00+00:00,9395.869262,9395.869262,0.000000
2026-06-03T11:00:00+00:00,9395.869262,9395.869262,0.000000
2026-06-03T12:00:00+00:00,9395.869262,9395.869262,0.000000
2026-06-03T13:00:00+00:00,9395.869262,9395.869262,0.000000
2026-06-03T14:00:00+00:00,9395.869262,9395.869262,0.000000
2026-06-03T15:00:00+00:00,9395.869262,9395.869262,0.000000
2026-06-03T16:00:00+00:00,9395.869262,9395.869262,0.000000
2026-06-03T17:00:00+00:00,9395.869262,9395.869262,0.000000
2026-06-03T18:00:00+00:00,9395.869262,9395.869262,0.000000
2026-06-03T19:00:00+00:00,9395.869262,9395.869262,0.000000
2026-06-03T20:00:00+00:00,9395.869262,9395.869262,0.000000
2026-06-03T21:00:00+00:00,9395.869262,9395.869262,0.000000
2026-06-03T22:00:00+00:00,9395.869262,9395.869262,0.000000
2026-06-03T23:00:00+00:00,9395.869262,9395.869262,0.000000
2026-06-04T00:00:00+00:00,9395.869262,9395.869262,0.000000
2026-06-04T01:00:00+00:00,9395.869262,9395.869262,0.000000
2026-06-04T02:00:00+00:00,9395.869262,9395.869262,0.000000
2026-06-04T03:00:00+00:00,9395.869262,9395.869262,0.000000
2026-06-04T04:00:00+00:00,9395.869262,9395.869262,0.000000
2026-06-04T05:00:00+00:00,9395.869262,9395.869262,0.000000
2026-06-04T06:00:00+00:00,9395.869262,9395.869262,0.000000
2026-06-04T07:00:00+00:00,9395.869262,9395.869262,0.000000
2026-06-04T08:00:00+00:00,9395.869262,9395.869262,0.000000
2026-06-04T09:00:00+00:00,9395.869262,9395.869262,0.000000
2026-06-04T10:00:00+00:00,9395.869262,9395.869262,0.000000
2026-06-04T11:00:00+00:00,9395.869262,9395.869262,0.000000
2026-06-04T12:00:00+00:00,9395.869262,9395.869262,0.000000
2026-06-04T13:00:00+00:00,9395.869262,9395.869262,0.000000
2026-06-04T14:00:00+00:00,9395.869262,9395.869262,0.000000
2026-06-04T15:00:00+00:00,9395.869262,9395.869262,0.000000
2026-06-04T16:00:00+00:00,9395.869262,9395.869262,0.000000
2026-06-04T17:00:00+00:00,9395.869262,9395.869262,0.000000
2026-06-04T18:00:00+00:00,9395.869262,9395.869262,0.000000
2026-06-04T19:00:00+00:00,9395.869262,9395.869262,0.000000
2026-06-04T20:00:00+00:00,9395.869262,9395.869262,0.000000
2026-06-04T21:00:00+00:00,9395.869262,9395.869262,0.000000
2026-06-04T22:00:00+00:00,9395.869262,9395.869262,0.000000
2026-06-04T23:00:00+00:00,9395.869262,9395.869262,0.000000
2026-06-05T00:00:00+00:00,9395.869262,9395.869262,0.000000
2026-06-05T01:00:00+00:00,9395.869262,9395.869262,0.000000
2026-06-05T02:00:00+00:00,9395.869262,9395.869262,0.000000
2026-06-05T03:00:00+00:00,9395.869262,9395.869262,0.000000
2026-06-05T04:00:00+00:00,9395.869262,9395.869262,0.000000
2026-06-05T05:00:00+00:00,9395.869262,9395.869262,0.000000
2026-06-05T06:00:00+00:00,9395.869262,9395.869262,0.000000
2026-06-05T07:00:00+00:00,9395.869262,9395.869262,0.000000
2026-06-05T08:00:00+00:00,9395.869262,9395.869262,0.000000
2026-06-05T09:00:00+00:00,9395.869262,9395.869262,0.000000
2026-06-05T10:00:00+00:00,9395.869262,9395.869262,0.000000
2026-06-05T11:00:00+00:00,9395.869262,9395.869262,0.000000
2026-06-05T12:00:00+00:00,9395.869262,9395.869262,0.000000
2026-06-05T13:00:00+00:00,9395.869262,9395.869262,0.000000
2026-06-05T14:00:00+00:00,9395.869262,9395.869262,0.000000
2026-06-05T15:00:00+00:00,9395.869262,9395.869262,0.000000
2026-06-05T16:00:00+00:00,9395.869262,9395.869262,0.000000
2026-06-05T17:00:00+00:00,9395.869262,9395.869262,0.000000
2026-06-05T18:00:00+00:00,9395.869262,9395.869262,0.000000
2026-06-05T19:00:00+00:00,9395.869262,9395.869262,0.000000
2026-06-05T20:00:00+00:00,9395.869262,9395.869262,0.000000
2026-06-05T21:00:00+00:00,9395.869262,9395.869262,0.000000
2026-06-05T22:00:00+00:00,9395.869262,9395.869262,0.000000
2026-06-05T23:00:00+00:00,9395.869262,9395.869262,0.000000
2026-06-06T00:00:00+00:00,9395.869262,9395.869262,0.000000
2026-06-06T01:00:00+00:00,9395.869262,9395.869262,0.000000
2026-06-06T02:00:00+00:00,9395.869262,9395.869262,0.000000
2026-06-06T03:00:00+00:00,9395.869262,9395.869262,0.000000
2026-06-06T04:00:00+00:00,9395.869262,9395.869262,0.000000
2026-06-06T05:00:00+00:00,9395.869262,9395.869262,0.000000
2026-06-06T06:00:00+00:00,9395.869262,9395.869262,0.000000
2026-06-06T07:00:00+00:00,9395.869262,9395.869262,0.000000
2026-06-06T08:00:00+00:00,9395.869262,9395.869262,0.000000
2026-06-06T09:00:00+00:00,9395.869262,9395.869262,0.000000
2026-06-06T10:00:00+00:00,9395.869262,9395.869262,0.000000
2026-06-06T11:00:00+00:00,9395.869262,9395.869262,0.000000
2026-06-06T12:00:00+00:00,9395.869262,9395.869262,0.000000
2026-06-06T13:00:00+00:00,9395.869262,9395.869262,0.000000
2026-06-06T14:00:00+00:00,9395.869262,9395.869262,0.000000
2026-06-06T15:00:00+00:00,9395.869262,9395.869262,0.000000
2026-06-06T16:00:00+00:00,9395.869262,9395.869262,0.000000
2026-06-06T17:00:00+00:00,9395.869262,9395.869262,0.000000
2026-06-06T18:00:00+00:00,9395.869262,9395.869262,0.000000
2026-06-06T19:00:00+00:00,9395.869262,9395.869262,0.000000
2026-06-06T20:00:00+00:00,9395.869262,9395.869262,0.000000
2026-06-06T21:00:00+00:00,9395.869262,9395.869262,0.000000
2026-06-06T22:00:00+00:00,9395.869262,9395.869262,0.000000
2026-06-06T23:00:00+00:00,9395.869262,9395.869262,0.000000
2026-06-07T00:00:00+00:00,9395.869262,9395.869262,0.000000
2026-06-07T01:00:00+00:00,9395.869262,9395.869262,0.000000
2026-06-07T02:00:00+00:00,9395.869262,9395.869262,0.000000
2026-06-07T03:00:00+00:00,9395.869262,9395.869262,0.000000
2026-06-07T04:00:00+00:00,9395.869262,9395.869262,0.000000
2026-06-07T05:00:00+00:00,9395.869262,9395.869262,0.000000
2026-06-07T06:00:00+00:00,9395.869262,9395.869262,0.000000
2026-06-07T07:00:00+00:00,9395.869262,9395.869262,0.000000
2026-06-07T08:00:00+00:00,9395.869262,9395.869262,0.000000
2026-06-07T09:00:00+00:00,9395.869262,9395.869262,0.000000
2026-06-07T10:00:00+00:00,9395.869262,9395.869262,0.000000
2026-06-07T11:00:00+00:00,9395.869262,9395.869262,0.000000
2026-06-07T12:00:00+00:00,9395.869262,9395.869262,0.000000
2026-06-07T13:00:00+00:00,9395.869262,9395.869262,0.000000
2026-06-07T14:00:00+00:00,9395.869262,9395.869262,0.000000
2026-06-07T15:00:00+00:00,9395.869262,9395.869262,0.000000
2026-06-07T16:00:00+00:00,9395.869262,9395.869262,0.000000
2026-06-07T17:00:00+00:00,9395.869262,9395.869262,0.000000
2026-06-07T18:00:00+00:00,9395.869262,9395.869262,0.000000
2026-06-07T19:00:00+00:00,9395.869262,9395.869262,0.000000
2026-06-07T20:00:00+00:00,9395.869262,9395.869262,0.000000
2026-06-07T21:00:00+00:00,9395.869262,9395.869262,0.000000
2026-06-07T22:00:00+00:00,9395.869262,9395.869262,0.000000
2026-06-07T23:00:00+00:00,9395.869262,9395.869262,0.000000
2026-06-08T00:00:00+00:00,9395.869262,9395.869262,0.000000
2026-06-08T01:00:00+00:00,9395.869262,9395.869262,0.000000
2026-06-08T02:00:00+00:00,9395.869262,9395.869262,0.000000
2026-06-08T03:00:00+00:00,9395.869262,9395.869262,0.000000
2026-06-08T04:00:00+00:00,9395.869262,9395.869262,0.000000
2026-06-08T05:00:00+00:00,9395.869262,9395.869262,0.000000
2026-06-08T06:00:00+00:00,9395.869262,9395.869262,0.000000
2026-06-08T07:00:00+00:00,9395.869262,9395.869262,0.000000
2026-06-08T08:00:00+00:00,9395.869262,9395.869262,0.000000
2026-06-08T09:00:00+00:00,9395.869262,9395.869262,0.000000
2026-06-08T10:00:00+00:00,9395.869262,9395.869262,0.000000
2026-06-08T11:00:00+00:00,9395.869262,9395.869262,0.000000
2026-06-08T12:00:00+00:00,9395.869262,9395.869262,0.000000
2026-06-08T13:00:00+00:00,9395.869262,9395.869262,0.000000
2026-06-08T14:00:00+00:00,9395.869262,9395.869262,0.000000
2026-06-08T15:00:00+00:00,9395.869262,9395.869262,0.000000
2026-06-08T16:00:00+00:00,9395.869262,9395.869262,0.000000
2026-06-08T17:00:00+00:00,9395.869262,9395.869262,0.000000
2026-06-08T18:00:00+00:00,9395.869262,9395.869262,0.000000
2026-06-08T19:00:00+00:00,9395.869262,9395.869262,0.000000
2026-06-08T20:00:00+00:00,9395.869262,9395.869262,0.000000
2026-06-08T21:00:00+00:00,9395.869262,9395.869262,0.000000
2026-06-08T22:00:00+00:00,9395.869262,9395.869262,0.000000
2026-06-08T23:00:00+00:00,9395.869262,9395.869262,0.000000
2026-06-09T00:00:00+00:00,9395.869262,9395.869262,0.000000
2026-06-09T01:00:00+00:00,9395.869262,9395.869262,0.000000
2026-06-09T02:00:00+00:00,9395.869262,9395.869262,0.000000
2026-06-09T03:00:00+00:00,9395.869262,9395.869262,0.000000
2026-06-09T04:00:00+00:00,9395.869262,9395.869262,0.000000
2026-06-09T05:00:00+00:00,9395.869262,9395.869262,0.000000
2026-06-09T06:00:00+00:00,9395.869262,9395.869262,0.000000
2026-06-09T07:00:00+00:00,9395.869262,9395.869262,0.000000
2026-06-09T08:00:00+00:00,9395.869262,9395.869262,0.000000
2026-06-09T09:00:00+00:00,9395.869262,9395.869262,0.000000
2026-06-09T10:00:00+00:00,9395.869262,9395.869262,0.000000
2026-06-09T11:00:00+00:00,9395.869262,9395.869262,0.000000
2026-06-09T12:00:00+00:00,9395.869262,9395.869262,0.000000
2026-06-09T13:00:00+00:00,9395.869262,9395.869262,0.000000
2026-06-09T14:00:00+00:00,9395.869262,9395.869262,0.000000
2026-06-09T15:00:00+00:00,9395.869262,9395.869262,0.000000
2026-06-09T16:00:00+00:00,9395.869262,9395.869262,0.000000
2026-06-09T17:00:00+00:00,9395.869262,9395.869262,0.000000
2026-06-09T18:00:00+00:00,9395.869262,9395.869262,0.000000
2026-06-09T19:00:00+00:00,9395.869262,9395.869262,0.000000
2026-06-09T20:00:00+00:00,9395.869262,9395.869262,0.000000
2026-06-09T21:00:00+00:00,9395.869262,9395.869262,0.000000
2026-06-09T22:00:00+00:00,9395.869262,9395.869262,0.000000
2026-06-09T23:00:00+00:00,9395.869262,9395.869262,0.000000
2026-06-10T00:00:00+00:00,9395.869262,9395.869262,0.000000
2026-06-10T01:00:00+00:00,9395.869262,9395.869262,0.000000
2026-06-10T02:00:00+00:00,9395.869262,9395.869262,0.000000
2026-06-10T03:00:00+00:00,9395.869262,9395.869262,0.000000
2026-06-10T04:00:00+00:00,9395.869262,9395.869262,0.000000
2026-06-10T05:00:00+00:00,9395.869262,9395.869262,0.000000
2026-06-10T06:00:00+00:00,9395.869262,9395.869262,0.000000
2026-06-10T07:00:00+00:00,9395.869262,9395.869262,0.000000
2026-06-10T08:00:00+00:00,9395.869262,9395.869262,0.000000
2026-06-10T09:00:00+00:00,9395.869262,9395.869262,0.000000
2026-06-10T10:00:00+00:00,9395.869262,9395.869262,0.000000
2026-06-10T11:00:00+00:00,9395.869262,9395.869262,0.000000
2026-06-10T12:00:00+00:00,9395.869262,9395.869262,0.000000
2026-06-10T13:00:00+00:00,9395.869262,9395.869262,0.000000
2026-06-10T14:00:00+00:00,9395.869262,9395.869262,0.000000
2026-06-10T15:00:00+00:00,9395.869262,9395.869262,0.000000
2026-06-10T16:00:00+00:00,9395.869262,9395.869262,0.000000
2026-06-10T17:00:00+00:00,9395.869262,9395.869262,0.000000
2026-06-10T18:00:00+00:00,9395.869262,9395.869262,0.000000
2026-06-10T19:00:00+00:00,9395.869262,9395.869262,0.000000
2026-06-10T20:00:00+00:00,9395.869262,9395.869262,0.000000
2026-06-10T21:00:00+00:00,9395.869262,9395.869262,0.000000
2026-06-10T22:00:00+00:00,9395.869262,9395.869262,0.000000
2026-06-10T23:00:00+00:00,9395.869262,9395.869262,0.000000
2026-06-11T00:00:00+00:00,9395.869262,9395.869262,0.000000
2026-06-11T01:00:00+00:00,9395.869262,9395.869262,0.000000
2026-06-11T02:00:00+00:00,9395.869262,9395.869262,0.000000
2026-06-11T03:00:00+00:00,9395.869262,9395.869262,0.000000
2026-06-11T04:00:00+00:00,9395.869262,9395.869262,0.000000
2026-06-11T05:00:00+00:00,9395.869262,9395.869262,0.000000
2026-06-11T06:00:00+00:00,9395.869262,9395.869262,0.000000
2026-06-11T07:00:00+00:00,9395.869262,9395.869262,0.000000
2026-06-11T08:00:00+00:00,9395.869262,9395.869262,0.000000
2026-06-11T09:00:00+00:00,9395.869262,9395.869262,0.000000
2026-06-11T10:00:00+00:00,9395.869262,9395.869262,0.000000
2026-06-11T11:00:00+00:00,9395.869262,9395.869262,0.000000
2026-06-11T12:00:00+00:00,9395.869262,9395.869262,0.000000
2026-06-11T13:00:00+00:00,9395.869262,9395.869262,0.000000
2026-06-11T14:00:00+00:00,9395.869262,9395.869262,0.000000
2026-06-11T15:00:00+00:00,9395.869262,9395.869262,0.000000
2026-06-11T16:00:00+00:00,9395.869262,9395.869262,0.000000
2026-06-11T17:00:00+00:00,9395.869262,9395.869262,0.000000
2026-06-11T18:00:00+00:00,9395.869262,9395.869262,0.000000
2026-06-11T19:00:00+00:00,9395.869262,9395.869262,0.000000
2026-06-11T20:00:00+00:00,9395.869262,9395.869262,0.000000
2026-06-11T21:00:00+00:00,9395.869262,9395.869262,0.000000
2026-06-11T22:00:00+00:00,9395.869262,9395.869262,0.000000
2026-06-11T23:00:00+00:00,9395.869262,9395.869262,0.000000
2026-06-12T00:00:00+00:00,9395.869262,9395.869262,0.000000
2026-06-12T01:00:00+00:00,9395.869262,9395.869262,0.000000
2026-06-12T02:00:00+00:00,9395.869262,9395.869262,0.000000
2026-06-12T03:00:00+00:00,9395.869262,9395.869262,0.000000
2026-06-12T04:00:00+00:00,9395.869262,9395.869262,0.000000
2026-06-12T05:00:00+00:00,9395.869262,9395.869262,0.000000
2026-06-12T06:00:00+00:00,9395.869262,9395.869262,0.000000
2026-06-12T07:00:00+00:00,9395.869262,9395.869262,0.000000
2026-06-12T08:00:00+00:00,9395.869262,9395.869262,0.000000
2026-06-12T09:00:00+00:00,9395.869262,9395.869262,0.000000
2026-06-12T10:00:00+00:00,9395.869262,9395.869262,0.000000
2026-06-12T11:00:00+00:00,9395.869262,9395.869262,0.000000
2026-06-12T12:00:00+00:00,9395.869262,9395.869262,0.000000
2026-06-12T13:00:00+00:00,9395.869262,9395.869262,0.000000
2026-06-12T14:00:00+00:00,9395.869262,9395.869262,0.000000
2026-06-12T15:00:00+00:00,9395.869262,9395.869262,0.000000
2026-06-12T16:00:00+00:00,9395.869262,9395.869262,0.000000
2026-06-12T17:00:00+00:00,9395.869262,9395.869262,0.000000
2026-06-12T18:00:00+00:00,9395.869262,9395.869262,0.000000
2026-06-12T19:00:00+00:00,9395.869262,9395.869262,0.000000
2026-06-12T20:00:00+00:00,9395.869262,9395.869262,0.000000
2026-06-12T21:00:00+00:00,9395.869262,9395.869262,0.000000
2026-06-12T22:00:00+00:00,9395.869262,9395.869262,0.000000
2026-06-12T23:00:00+00:00,9395.869262,9395.869262,0.000000
2026-06-13T00:00:00+00:00,9395.869262,9395.869262,0.000000
2026-06-13T01:00:00+00:00,9395.869262,9395.869262,0.000000
2026-06-13T02:00:00+00:00,9395.869262,9395.869262,0.000000
2026-06-13T03:00:00+00:00,9395.869262,9395.869262,0.000000
2026-06-13T04:00:00+00:00,9395.869262,9395.869262,0.000000
2026-06-13T05:00:00+00:00,9395.869262,9395.869262,0.000000
2026-06-13T06:00:00+00:00,9395.869262,9395.869262,0.000000
2026-06-13T07:00:00+00:00,9395.869262,9395.869262,0.000000
2026-06-13T08:00:00+00:00,9395.869262,9395.869262,0.000000
2026-06-13T09:00:00+00:00,9395.869262,9395.869262,0.000000
2026-06-13T10:00:00+00:00,9395.869262,9395.869262,0.000000
2026-06-13T11:00:00+00:00,9395.869262,9395.869262,0.000000
2026-06-13T12:00:00+00:00,9395.869262,9395.869262,0.000000
2026-06-13T13:00:00+00:00,9395.869262,9395.869262,0.000000
2026-06-13T14:00:00+00:00,9395.869262,9395.869262,0.000000
2026-06-13T15:00:00+00:00,9395.869262,9395.869262,0.000000
2026-06-13T16:00:00+00:00,9395.869262,9395.869262,0.000000
2026-06-13T17:00:00+00:00,9395.869262,9395.869262,0.000000
2026-06-13T18:00:00+00:00,9395.869262,9395.869262,0.000000
2026-06-13T19:00:00+00:00,9395.869262,9395.869262,0.000000
2026-06-13T20:00:00+00:00,9395.869262,9395.869262,0.000000
2026-06-13T21:00:00+00:00,9395.869262,9395.869262,0.000000
2026-06-13T22:00:00+00:00,9395.869262,9395.869262,0.000000
2026-06-13T23:00:00+00:00,9395.869262,9395.869262,0.000000
2026-06-14T00:00:00+00:00,9395.869262,9395.869262,0.000000
2026-06-14T01:00:00+00:00,9395.869262,9395.869262,0.000000
2026-06-14T02:00:00+00:00,9395.869262,9395.869262,0.000000
2026-06-14T03:00:00+00:00,9395.869262,9395.869262,0.000000
2026-06-14T04:00:00+00:00,9395.869262,9395.869262,0.000000
2026-06-14T05:00:00+00:00,9395.869262,9395.869262,0.000000
2026-06-14T06:00:00+00:00,9395.869262,9395.869262,0.000000
2026-06-14T07:00:00+00:00,9395.869262,9395.869262,0.000000
2026-06-14T08:00:00+00:00,9395.869262,9395.869262,0.000000
2026-06-14T09:00:00+00:00,9395.869262,9395.869262,0.000000
2026-06-14T10:00:00+00:00,9395.869262,9395.869262,0.000000
2026-06-14T11:00:00+00:00,9395.869262,9395.869262,0.000000
2026-06-14T12:00:00+00:00,9395.869262,9395.869262,0.000000
2026-06-14T13:00:00+00:00,9395.869262,9395.869262,0.000000
2026-06-14T14:00:00+00:00,9395.869262,9395.869262,0.000000
2026-06-14T15:00:00+00:00,9395.869262,9395.869262,0.000000
2026-06-14T16:00:00+00:00,9395.869262,9395.869262,0.000000
2026-06-14T17:00:00+00:00,9395.869262,9395.869262,0.000000
2026-06-14T18:00:00+00:00,9395.869262,9395.869262,0.000000
2026-06-14T19:00:00+00:00,9395.869262,9395.869262,0.000000
2026-06-14T20:00:00+00:00,9395.869262,9395.869262,0.000000
2026-06-14T21:00:00+00:00,9395.869262,9395.869262,0.000000
2026-06-14T22:00:00+00:00,9395.869262,9395.869262,0.000000
2026-06-14T23:00:00+00:00,9395.869262,9395.869262,0.000000
2026-06-15T00:00:00+00:00,9395.869262,9395.869262,0.000000
2026-06-15T01:00:00+00:00,9395.869262,9395.869262,0.000000
2026-06-15T02:00:00+00:00,9395.869262,9395.869262,0.000000
2026-06-15T03:00:00+00:00,9395.869262,9395.869262,0.000000
2026-06-15T04:00:00+00:00,9395.869262,9395.869262,0.000000
2026-06-15T05:00:00+00:00,9395.869262,9395.869262,0.000000
2026-06-15T06:00:00+00:00,9395.869262,9395.869262,0.000000
2026-06-15T07:00:00+00:00,9395.869262,9395.869262,0.000000
2026-06-15T08:00:00+00:00,9395.869262,9395.869262,0.000000
2026-06-15T09:00:00+00:00,9395.869262,9395.869262,0.000000
2026-06-15T10:00:00+00:00,9395.869262,9395.869262,0.000000
2026-06-15T11:00:00+00:00,9395.869262,9395.869262,0.000000
2026-06-15T12:00:00+00:00,9395.869262,9395.869262,0.000000
2026-06-15T13:00:00+00:00,9395.869262,9395.869262,0.000000
2026-06-15T14:00:00+00:00,9395.869262,9395.869262,0.000000
2026-06-15T15:00:00+00:00,9395.869262,9395.869262,0.000000
2026-06-15T16:00:00+00:00,9395.869262,9395.869262,0.000000
2026-06-15T17:00:00+00:00,9395.869262,9395.869262,0.000000
2026-06-15T18:00:00+00:00,9395.869262,9395.869262,0.000000
2026-06-15T19:00:00+00:00,9395.869262,9395.869262,0.000000
2026-06-15T20:00:00+00:00,9395.869262,9395.869262,0.000000
2026-06-15T21:00:00+00:00,9395.869262,9395.869262,0.000000
2026-06-15T22:00:00+00:00,9395.869262,9395.869262,0.000000
2026-06-15T23:00:00+00:00,9395.869262,9395.869262,0.000000
2026-06-16T00:00:00+00:00,9395.869262,9395.869262,0.000000
2026-06-16T01:00:00+00:00,9395.869262,9395.869262,0.000000
2026-06-16T02:00:00+00:00,9395.869262,9395.869262,0.000000
2026-06-16T03:00:00+00:00,9395.869262,9395.869262,0.000000
2026-06-16T04:00:00+00:00,9395.869262,9395.869262,0.000000
2026-06-16T05:00:00+00:00,9395.869262,9395.869262,0.000000
2026-06-16T06:00:00+00:00,9395.869262,9395.869262,0.000000
2026-06-16T07:00:00+00:00,9395.869262,9395.869262,0.000000
2026-06-16T08:00:00+00:00,9395.869262,9395.869262,0.000000
2026-06-16T09:00:00+00:00,9395.869262,9395.869262,0.000000
2026-06-16T10:00:00+00:00,9395.869262,9395.869262,0.000000
2026-06-16T11:00:00+00:00,9395.869262,9395.869262,0.000000
2026-06-16T12:00:00+00:00,9395.869262,9395.869262,0.000000
2026-06-16T13:00:00+00:00,9395.869262,9395.869262,0.000000
2026-06-16T14:00:00+00:00,9395.869262,9395.869262,0.000000
2026-06-16T15:00:00+00:00,9395.869262,9395.869262,0.000000
2026-06-16T16:00:00+00:00,9395.869262,9395.869262,0.000000
2026-06-16T17:00:00+00:00,9395.869262,9395.869262,0.000000
2026-06-16T18:00:00+00:00,9395.869262,9395.869262,0.000000
2026-06-16T19:00:00+00:00,9395.869262,9395.869262,0.000000
2026-06-16T20:00:00+00:00,9395.869262,9395.869262,0.000000
2026-06-16T21:00:00+00:00,9395.869262,9395.869262,0.000000
2026-06-16T22:00:00+00:00,9395.869262,9395.869262,0.000000
2026-06-16T23:00:00+00:00,9395.869262,9395.869262,0.000000
2026-06-17T00:00:00+00:00,9395.869262,9395.869262,0.000000
2026-06-17T01:00:00+00:00,9395.869262,9395.869262,0.000000
2026-06-17T02:00:00+00:00,9395.869262,9395.869262,0.000000
2026-06-17T03:00:00+00:00,9395.869262,9395.869262,0.000000
2026-06-17T04:00:00+00:00,9395.869262,9395.869262,0.000000
2026-06-17T05:00:00+00:00,9395.869262,9395.869262,0.000000
2026-06-17T06:00:00+00:00,9395.869262,9395.869262,0.000000
2026-06-17T07:00:00+00:00,9395.869262,9395.869262,0.000000
2026-06-17T08:00:00+00:00,9395.869262,9395.869262,0.000000
2026-06-17T09:00:00+00:00,9395.869262,9395.869262,0.000000
2026-06-17T10:00:00+00:00,9395.869262,9395.869262,0.000000
2026-06-17T11:00:00+00:00,9395.869262,9395.869262,0.000000
2026-06-17T12:00:00+00:00,9395.869262,9395.869262,0.000000
2026-06-17T13:00:00+00:00,9395.869262,9395.869262,0.000000
2026-06-17T14:00:00+00:00,9395.869262,9395.869262,0.000000
2026-06-17T15:00:00+00:00,9395.869262,9395.869262,0.000000
2026-06-17T16:00:00+00:00,9395.869262,9395.869262,0.000000
2026-06-17T17:00:00+00:00,9395.869262,9395.869262,0.000000
2026-06-17T18:00:00+00:00,9395.869262,9395.869262,0.000000
2026-06-17T19:00:00+00:00,9395.869262,9395.869262,0.000000
2026-06-17T20:00:00+00:00,9395.869262,9395.869262,0.000000
2026-06-17T21:00:00+00:00,9395.869262,9395.869262,0.000000
2026-06-17T22:00:00+00:00,9395.869262,9395.869262,0.000000
2026-06-17T23:00:00+00:00,9395.869262,9395.869262,0.000000
2026-06-18T00:00:00+00:00,9395.869262,9395.869262,0.000000
2026-06-18T01:00:00+00:00,9395.869262,9395.869262,0.000000
2026-06-18T02:00:00+00:00,9395.869262,9395.869262,0.000000
2026-06-18T03:00:00+00:00,9395.869262,9395.869262,0.000000
2026-06-18T04:00:00+00:00,9395.869262,9395.869262,0.000000
2026-06-18T05:00:00+00:00,9395.869262,9395.869262,0.000000
2026-06-18T06:00:00+00:00,9395.869262,9395.869262,0.000000
2026-06-18T07:00:00+00:00,9395.869262,9395.869262,0.000000
2026-06-18T08:00:00+00:00,9395.869262,9395.869262,0.000000
2026-06-18T09:00:00+00:00,9395.869262,9395.869262,0.000000
2026-06-18T10:00:00+00:00,9395.869262,9395.869262,0.000000
2026-06-18T11:00:00+00:00,9395.869262,9395.869262,0.000000
2026-06-18T12:00:00+00:00,9395.869262,9395.869262,0.000000
2026-06-18T13:00:00+00:00,9395.869262,9395.869262,0.000000
2026-06-18T14:00:00+00:00,9395.869262,9395.869262,0.000000
2026-06-18T15:00:00+00:00,9395.869262,9395.869262,0.000000
2026-06-18T16:00:00+00:00,9395.869262,9395.869262,0.000000
2026-06-18T17:00:00+00:00,9395.869262,9395.869262,0.000000
2026-06-18T18:00:00+00:00,9395.869262,9395.869262,0.000000
2026-06-18T19:00:00+00:00,9395.869262,9395.869262,0.000000
2026-06-18T20:00:00+00:00,9395.869262,9395.869262,0.000000
2026-06-18T21:00:00+00:00,9395.869262,9395.869262,0.000000
2026-06-18T22:00:00+00:00,9395.869262,9395.869262,0.000000
2026-06-18T23:00:00+00:00,9395.869262,9395.869262,0.000000
2026-06-19T00:00:00+00:00,9395.869262,9395.869262,0.000000
2026-06-19T01:00:00+00:00,9395.869262,9395.869262,0.000000
2026-06-19T02:00:00+00:00,9395.869262,9395.869262,0.000000
2026-06-19T03:00:00+00:00,9395.869262,9395.869262,0.000000
2026-06-19T04:00:00+00:00,9395.869262,9395.869262,0.000000
2026-06-19T05:00:00+00:00,9395.869262,9395.869262,0.000000
2026-06-19T06:00:00+00:00,9395.869262,9395.869262,0.000000
2026-06-19T07:00:00+00:00,9395.869262,9395.869262,0.000000
2026-06-19T08:00:00+00:00,9395.869262,9395.869262,0.000000
2026-06-19T09:00:00+00:00,9395.869262,9395.869262,0.000000
2026-06-19T10:00:00+00:00,9395.869262,9395.869262,0.000000
2026-06-19T11:00:00+00:00,9395.869262,9395.869262,0.000000
2026-06-19T12:00:00+00:00,9395.869262,9395.869262,0.000000
2026-06-19T13:00:00+00:00,9395.869262,9395.869262,0.000000
2026-06-19T14:00:00+00:00,9395.869262,9395.869262,0.000000
2026-06-19T15:00:00+00:00,9395.869262,9395.869262,0.000000
2026-06-19T16:00:00+00:00,9395.869262,9395.869262,0.000000
2026-06-19T17:00:00+00:00,9395.869262,9395.869262,0.000000
2026-06-19T18:00:00+00:00,9395.869262,9395.869262,0.000000
2026-06-19T19:00:00+00:00,9395.869262,9395.869262,0.000000
2026-06-19T20:00:00+00:00,9395.869262,9395.869262,0.000000
2026-06-19T21:00:00+00:00,9395.869262,9395.869262,0.000000
2026-06-19T22:00:00+00:00,9395.869262,9395.869262,0.000000
2026-06-19T23:00:00+00:00,9395.869262,9395.869262,0.000000
2026-06-20T00:00:00+00:00,9389.293093,-2.817821,9395.869262
2026-06-20T01:00:00+00:00,9382.966834,-2.817821,9402.195521
2026-06-20T02:00:00+00:00,9411.572525,-2.817821,9373.589830
2026-06-20T03:00:00+00:00,9392.318695,-2.817821,9392.843660
2026-06-20T04:00:00+00:00,9363.713004,-2.817821,9421.449351
2026-06-20T05:00:00+00:00,9271.788733,9271.788733,0.000000
2026-06-20T06:00:00+00:00,9271.788733,9271.788733,0.000000
2026-06-20T07:00:00+00:00,9271.788733,9271.788733,0.000000
2026-06-20T08:00:00+00:00,9271.788733,9271.788733,0.000000
2026-06-20T09:00:00+00:00,9271.788733,9271.788733,0.000000
2026-06-20T10:00:00+00:00,9271.788733,9271.788733,0.000000
2026-06-20T11:00:00+00:00,9271.788733,9271.788733,0.000000
2026-06-20T12:00:00+00:00,9271.788733,9271.788733,0.000000
2026-06-20T13:00:00+00:00,9271.788733,9271.788733,0.000000
2026-06-20T14:00:00+00:00,9271.788733,9271.788733,0.000000
2026-06-20T15:00:00+00:00,9271.788733,9271.788733,0.000000
2026-06-20T16:00:00+00:00,9271.788733,9271.788733,0.000000
2026-06-20T17:00:00+00:00,9271.788733,9271.788733,0.000000
2026-06-20T18:00:00+00:00,9271.788733,9271.788733,0.000000
2026-06-20T19:00:00+00:00,9271.788733,9271.788733,0.000000
2026-06-20T20:00:00+00:00,9271.788733,9271.788733,0.000000
2026-06-20T21:00:00+00:00,9271.788733,9271.788733,0.000000
2026-06-20T22:00:00+00:00,9271.788733,9271.788733,0.000000
2026-06-20T23:00:00+00:00,9271.788733,9271.788733,0.000000
2026-06-21T00:00:00+00:00,9271.788733,9271.788733,0.000000
2026-06-21T01:00:00+00:00,9271.788733,9271.788733,0.000000
2026-06-21T02:00:00+00:00,9271.788733,9271.788733,0.000000
2026-06-21T03:00:00+00:00,9271.788733,9271.788733,0.000000
2026-06-21T04:00:00+00:00,9271.788733,9271.788733,0.000000
2026-06-21T05:00:00+00:00,9271.788733,9271.788733,0.000000
2026-06-21T06:00:00+00:00,9271.788733,9271.788733,0.000000
2026-06-21T07:00:00+00:00,9271.788733,9271.788733,0.000000
2026-06-21T08:00:00+00:00,9271.788733,9271.788733,0.000000
2026-06-21T09:00:00+00:00,9271.788733,9271.788733,0.000000
2026-06-21T10:00:00+00:00,9271.788733,9271.788733,0.000000
2026-06-21T11:00:00+00:00,9271.788733,9271.788733,0.000000
2026-06-21T12:00:00+00:00,9265.297553,-6.491179,9271.788733
2026-06-21T13:00:00+00:00,9260.460659,-6.491179,9266.951838
2026-06-21T14:00:00+00:00,9279.808236,-6.491179,9286.299415
2026-06-21T15:00:00+00:00,9290.556890,-6.491179,9297.048069
2026-06-21T16:00:00+00:00,9277.658505,-6.491179,9284.149684
2026-06-21T17:00:00+00:00,9272.015462,-6.491179,9278.506641
2026-06-21T18:00:00+00:00,9247.551523,9247.551523,0.000000
2026-06-21T19:00:00+00:00,9247.551523,9247.551523,0.000000
2026-06-21T20:00:00+00:00,9247.551523,9247.551523,0.000000
2026-06-21T21:00:00+00:00,9247.551523,9247.551523,0.000000
2026-06-21T22:00:00+00:00,9247.551523,9247.551523,0.000000
2026-06-21T23:00:00+00:00,9247.551523,9247.551523,0.000000
2026-06-22T00:00:00+00:00,9247.551523,9247.551523,0.000000
2026-06-22T01:00:00+00:00,9247.551523,9247.551523,0.000000
2026-06-22T02:00:00+00:00,9247.551523,9247.551523,0.000000
2026-06-22T03:00:00+00:00,9247.551523,9247.551523,0.000000
2026-06-22T04:00:00+00:00,9247.551523,9247.551523,0.000000
2026-06-22T05:00:00+00:00,9247.551523,9247.551523,0.000000
2026-06-22T06:00:00+00:00,9247.551523,9247.551523,0.000000
2026-06-22T07:00:00+00:00,9247.551523,9247.551523,0.000000
2026-06-22T08:00:00+00:00,9247.551523,9247.551523,0.000000
2026-06-22T09:00:00+00:00,9247.551523,9247.551523,0.000000
2026-06-22T10:00:00+00:00,9247.551523,9247.551523,0.000000
2026-06-22T11:00:00+00:00,9247.551523,9247.551523,0.000000
2026-06-22T12:00:00+00:00,9247.551523,9247.551523,0.000000
2026-06-22T13:00:00+00:00,9247.551523,9247.551523,0.000000
2026-06-22T14:00:00+00:00,9247.551523,9247.551523,0.000000
2026-06-22T15:00:00+00:00,9247.551523,9247.551523,0.000000
2026-06-22T16:00:00+00:00,9247.551523,9247.551523,0.000000
2026-06-22T17:00:00+00:00,9247.551523,9247.551523,0.000000
2026-06-22T18:00:00+00:00,9247.551523,9247.551523,0.000000
2026-06-22T19:00:00+00:00,9247.551523,9247.551523,0.000000
2026-06-22T20:00:00+00:00,9247.551523,9247.551523,0.000000
2026-06-22T21:00:00+00:00,9247.551523,9247.551523,0.000000
2026-06-22T22:00:00+00:00,9247.551523,9247.551523,0.000000
2026-06-22T23:00:00+00:00,9247.551523,9247.551523,0.000000
2026-06-23T00:00:00+00:00,9247.551523,9247.551523,0.000000
2026-06-23T01:00:00+00:00,9247.551523,9247.551523,0.000000
2026-06-23T02:00:00+00:00,9247.551523,9247.551523,0.000000
2026-06-23T03:00:00+00:00,9247.551523,9247.551523,0.000000
2026-06-23T04:00:00+00:00,9247.551523,9247.551523,0.000000
2026-06-23T05:00:00+00:00,9247.551523,9247.551523,0.000000
2026-06-23T06:00:00+00:00,9247.551523,9247.551523,0.000000
2026-06-23T07:00:00+00:00,9247.551523,9247.551523,0.000000
2026-06-23T08:00:00+00:00,9247.551523,9247.551523,0.000000
2026-06-23T09:00:00+00:00,9247.551523,9247.551523,0.000000
2026-06-23T10:00:00+00:00,9247.551523,9247.551523,0.000000
2026-06-23T11:00:00+00:00,9247.551523,9247.551523,0.000000
2026-06-23T12:00:00+00:00,9247.551523,9247.551523,0.000000
2026-06-23T13:00:00+00:00,9247.551523,9247.551523,0.000000
2026-06-23T14:00:00+00:00,9247.551523,9247.551523,0.000000
2026-06-23T15:00:00+00:00,9247.551523,9247.551523,0.000000
2026-06-23T16:00:00+00:00,9247.551523,9247.551523,0.000000
2026-06-23T17:00:00+00:00,9247.551523,9247.551523,0.000000
2026-06-23T18:00:00+00:00,9247.551523,9247.551523,0.000000
2026-06-23T19:00:00+00:00,9247.551523,9247.551523,0.000000
2026-06-23T20:00:00+00:00,9247.551523,9247.551523,0.000000
2026-06-23T21:00:00+00:00,9247.551523,9247.551523,0.000000
2026-06-23T22:00:00+00:00,9247.551523,9247.551523,0.000000
2026-06-23T23:00:00+00:00,9247.551523,9247.551523,0.000000
2026-06-24T00:00:00+00:00,9247.551523,9247.551523,0.000000
2026-06-24T01:00:00+00:00,9247.551523,9247.551523,0.000000
2026-06-24T02:00:00+00:00,9247.551523,9247.551523,0.000000
2026-06-24T03:00:00+00:00,9247.551523,9247.551523,0.000000
2026-06-24T04:00:00+00:00,9247.551523,9247.551523,0.000000
2026-06-24T05:00:00+00:00,9247.551523,9247.551523,0.000000
2026-06-24T06:00:00+00:00,9247.551523,9247.551523,0.000000
2026-06-24T07:00:00+00:00,9247.551523,9247.551523,0.000000
2026-06-24T08:00:00+00:00,9247.551523,9247.551523,0.000000
2026-06-24T09:00:00+00:00,9247.551523,9247.551523,0.000000
2026-06-24T10:00:00+00:00,9247.551523,9247.551523,0.000000
2026-06-24T11:00:00+00:00,9247.551523,9247.551523,0.000000
2026-06-24T12:00:00+00:00,9247.551523,9247.551523,0.000000
2026-06-24T13:00:00+00:00,9247.551523,9247.551523,0.000000
2026-06-24T14:00:00+00:00,9247.551523,9247.551523,0.000000
2026-06-24T15:00:00+00:00,9247.551523,9247.551523,0.000000
2026-06-24T16:00:00+00:00,9247.551523,9247.551523,0.000000
2026-06-24T17:00:00+00:00,9247.551523,9247.551523,0.000000
2026-06-24T18:00:00+00:00,9247.551523,9247.551523,0.000000
2026-06-24T19:00:00+00:00,9247.551523,9247.551523,0.000000
2026-06-24T20:00:00+00:00,9247.551523,9247.551523,0.000000
2026-06-24T21:00:00+00:00,9247.551523,9247.551523,0.000000
2026-06-24T22:00:00+00:00,9247.551523,9247.551523,0.000000
2026-06-24T23:00:00+00:00,9247.551523,9247.551523,0.000000
2026-06-25T00:00:00+00:00,9247.551523,9247.551523,0.000000
2026-06-25T01:00:00+00:00,9247.551523,9247.551523,0.000000
2026-06-25T02:00:00+00:00,9247.551523,9247.551523,0.000000
2026-06-25T03:00:00+00:00,9247.551523,9247.551523,0.000000
2026-06-25T04:00:00+00:00,9247.551523,9247.551523,0.000000
2026-06-25T05:00:00+00:00,9247.551523,9247.551523,0.000000
2026-06-25T06:00:00+00:00,9247.551523,9247.551523,0.000000
2026-06-25T07:00:00+00:00,9247.551523,9247.551523,0.000000
2026-06-25T08:00:00+00:00,9247.551523,9247.551523,0.000000
2026-06-25T09:00:00+00:00,9247.551523,9247.551523,0.000000
2026-06-25T10:00:00+00:00,9247.551523,9247.551523,0.000000
2026-06-25T11:00:00+00:00,9247.551523,9247.551523,0.000000
2026-06-25T12:00:00+00:00,9247.551523,9247.551523,0.000000
2026-06-25T13:00:00+00:00,9247.551523,9247.551523,0.000000
2026-06-25T14:00:00+00:00,9247.551523,9247.551523,0.000000
2026-06-25T15:00:00+00:00,9247.551523,9247.551523,0.000000
2026-06-25T16:00:00+00:00,9247.551523,9247.551523,0.000000
2026-06-25T17:00:00+00:00,9247.551523,9247.551523,0.000000
2026-06-25T18:00:00+00:00,9247.551523,9247.551523,0.000000
2026-06-25T19:00:00+00:00,9247.551523,9247.551523,0.000000
2026-06-25T20:00:00+00:00,9247.551523,9247.551523,0.000000
2026-06-25T21:00:00+00:00,9247.551523,9247.551523,0.000000
2026-06-25T22:00:00+00:00,9247.551523,9247.551523,0.000000
2026-06-25T23:00:00+00:00,9247.551523,9247.551523,0.000000
2026-06-26T00:00:00+00:00,9247.551523,9247.551523,0.000000
2026-06-26T01:00:00+00:00,9247.551523,9247.551523,0.000000
2026-06-26T02:00:00+00:00,9247.551523,9247.551523,0.000000
2026-06-26T03:00:00+00:00,9247.551523,9247.551523,0.000000
2026-06-26T04:00:00+00:00,9247.551523,9247.551523,0.000000
2026-06-26T05:00:00+00:00,9247.551523,9247.551523,0.000000
2026-06-26T06:00:00+00:00,9247.551523,9247.551523,0.000000
2026-06-26T07:00:00+00:00,9247.551523,9247.551523,0.000000
2026-06-26T08:00:00+00:00,9247.551523,9247.551523,0.000000
2026-06-26T09:00:00+00:00,9247.551523,9247.551523,0.000000
2026-06-26T10:00:00+00:00,9247.551523,9247.551523,0.000000
2026-06-26T11:00:00+00:00,9247.551523,9247.551523,0.000000
2026-06-26T12:00:00+00:00,9247.551523,9247.551523,0.000000
2026-06-26T13:00:00+00:00,9247.551523,9247.551523,0.000000
2026-06-26T14:00:00+00:00,9247.551523,9247.551523,0.000000
2026-06-26T15:00:00+00:00,9247.551523,9247.551523,0.000000
2026-06-26T16:00:00+00:00,9241.079162,-2.773341,9247.551523
2026-06-26T17:00:00+00:00,9167.670599,9167.670599,0.000000
2026-06-26T18:00:00+00:00,9167.670599,9167.670599,0.000000
2026-06-26T19:00:00+00:00,9167.670599,9167.670599,0.000000
2026-06-26T20:00:00+00:00,9167.670599,9167.670599,0.000000
2026-06-26T21:00:00+00:00,9167.670599,9167.670599,0.000000
2026-06-26T22:00:00+00:00,9167.670599,9167.670599,0.000000
2026-06-26T23:00:00+00:00,9167.670599,9167.670599,0.000000
2026-06-27T00:00:00+00:00,9167.670599,9167.670599,0.000000
2026-06-27T01:00:00+00:00,9167.670599,9167.670599,0.000000
2026-06-27T02:00:00+00:00,9167.670599,9167.670599,0.000000
2026-06-27T03:00:00+00:00,9167.670599,9167.670599,0.000000
2026-06-27T04:00:00+00:00,9167.670599,9167.670599,0.000000
2026-06-27T05:00:00+00:00,9167.670599,9167.670599,0.000000
2026-06-27T06:00:00+00:00,9167.670599,9167.670599,0.000000
2026-06-27T07:00:00+00:00,9167.670599,9167.670599,0.000000
2026-06-27T08:00:00+00:00,9167.670599,9167.670599,0.000000
2026-06-27T09:00:00+00:00,9167.670599,9167.670599,0.000000
2026-06-27T10:00:00+00:00,9167.670599,9167.670599,0.000000
2026-06-27T11:00:00+00:00,9167.670599,9167.670599,0.000000
2026-06-27T12:00:00+00:00,9167.670599,9167.670599,0.000000
2026-06-27T13:00:00+00:00,9167.670599,9167.670599,0.000000
2026-06-27T14:00:00+00:00,9167.670599,9167.670599,0.000000
2026-06-27T15:00:00+00:00,9167.670599,9167.670599,0.000000
2026-06-27T16:00:00+00:00,9167.670599,9167.670599,0.000000
2026-06-27T17:00:00+00:00,9167.670599,9167.670599,0.000000
2026-06-27T18:00:00+00:00,9167.670599,9167.670599,0.000000
2026-06-27T19:00:00+00:00,9167.670599,9167.670599,0.000000
2026-06-27T20:00:00+00:00,9167.670599,9167.670599,0.000000
2026-06-27T21:00:00+00:00,9167.670599,9167.670599,0.000000
2026-06-27T22:00:00+00:00,9161.252312,-6.418286,9167.670599
2026-06-27T23:00:00+00:00,9131.336267,-6.418286,9137.754553
2026-06-28T00:00:00+00:00,9136.854760,-6.418286,9143.273047
2026-06-28T01:00:00+00:00,9138.887890,-6.418286,9145.306176
2026-06-28T02:00:00+00:00,9096.805683,9096.805683,0.000000
2026-06-28T03:00:00+00:00,9096.805683,9096.805683,0.000000
2026-06-28T04:00:00+00:00,9096.805683,9096.805683,0.000000
2026-06-28T05:00:00+00:00,9096.805683,9096.805683,0.000000
2026-06-28T06:00:00+00:00,9096.805683,9096.805683,0.000000
2026-06-28T07:00:00+00:00,9096.805683,9096.805683,0.000000
2026-06-28T08:00:00+00:00,9096.805683,9096.805683,0.000000
2026-06-28T09:00:00+00:00,9096.805683,9096.805683,0.000000
2026-06-28T10:00:00+00:00,9096.805683,9096.805683,0.000000
2026-06-28T11:00:00+00:00,9096.805683,9096.805683,0.000000
2026-06-28T12:00:00+00:00,9096.805683,9096.805683,0.000000
2026-06-28T13:00:00+00:00,9096.805683,9096.805683,0.000000
2026-06-28T14:00:00+00:00,9096.805683,9096.805683,0.000000
2026-06-28T15:00:00+00:00,9096.805683,9096.805683,0.000000
2026-06-28T16:00:00+00:00,9096.805683,9096.805683,0.000000
2026-06-28T17:00:00+00:00,9096.805683,9096.805683,0.000000
2026-06-28T18:00:00+00:00,9096.805683,9096.805683,0.000000
2026-06-28T19:00:00+00:00,9096.805683,9096.805683,0.000000
2026-06-28T20:00:00+00:00,9096.805683,9096.805683,0.000000
2026-06-28T21:00:00+00:00,9096.805683,9096.805683,0.000000
2026-06-28T22:00:00+00:00,9096.805683,9096.805683,0.000000
2026-06-28T23:00:00+00:00,9096.805683,9096.805683,0.000000
2026-06-29T00:00:00+00:00,9096.805683,9096.805683,0.000000
2026-06-29T01:00:00+00:00,9096.805683,9096.805683,0.000000
2026-06-29T02:00:00+00:00,9096.805683,9096.805683,0.000000
2026-06-29T03:00:00+00:00,9096.805683,9096.805683,0.000000
2026-06-29T04:00:00+00:00,9096.805683,9096.805683,0.000000
2026-06-29T05:00:00+00:00,9096.805683,9096.805683,0.000000
2026-06-29T06:00:00+00:00,9096.805683,9096.805683,0.000000
2026-06-29T07:00:00+00:00,9096.805683,9096.805683,0.000000
2026-06-29T08:00:00+00:00,9096.805683,9096.805683,0.000000
2026-06-29T09:00:00+00:00,9096.805683,9096.805683,0.000000
2026-06-29T10:00:00+00:00,9096.805683,9096.805683,0.000000
2026-06-29T11:00:00+00:00,9096.805683,9096.805683,0.000000
2026-06-29T12:00:00+00:00,9096.805683,9096.805683,0.000000
2026-06-29T13:00:00+00:00,9096.805683,9096.805683,0.000000
2026-06-29T14:00:00+00:00,9096.805683,9096.805683,0.000000
2026-06-29T15:00:00+00:00,9096.805683,9096.805683,0.000000
2026-06-29T16:00:00+00:00,9096.805683,9096.805683,0.000000
2026-06-29T17:00:00+00:00,9096.805683,9096.805683,0.000000
2026-06-29T18:00:00+00:00,9096.805683,9096.805683,0.000000
2026-06-29T19:00:00+00:00,9096.805683,9096.805683,0.000000
2026-06-29T20:00:00+00:00,9096.805683,9096.805683,0.000000
2026-06-29T21:00:00+00:00,9096.805683,9096.805683,0.000000
2026-06-29T22:00:00+00:00,9096.805683,9096.805683,0.000000
2026-06-29T23:00:00+00:00,9096.805683,9096.805683,0.000000
2026-06-30T00:00:00+00:00,9096.805683,9096.805683,0.000000
2026-06-30T01:00:00+00:00,9096.805683,9096.805683,0.000000
2026-06-30T02:00:00+00:00,9096.805683,9096.805683,0.000000
2026-06-30T03:00:00+00:00,9096.805683,9096.805683,0.000000
2026-06-30T04:00:00+00:00,9096.805683,9096.805683,0.000000
2026-06-30T05:00:00+00:00,9096.805683,9096.805683,0.000000
2026-06-30T06:00:00+00:00,9096.805683,9096.805683,0.000000
2026-06-30T07:00:00+00:00,9096.805683,9096.805683,0.000000
2026-06-30T08:00:00+00:00,9096.805683,9096.805683,0.000000
2026-06-30T09:00:00+00:00,9096.805683,9096.805683,0.000000
2026-06-30T10:00:00+00:00,9096.805683,9096.805683,0.000000
2026-06-30T11:00:00+00:00,9096.805683,9096.805683,0.000000
2026-06-30T12:00:00+00:00,9096.805683,9096.805683,0.000000
2026-06-30T13:00:00+00:00,9096.805683,9096.805683,0.000000
2026-06-30T14:00:00+00:00,9096.805683,9096.805683,0.000000
2026-06-30T15:00:00+00:00,9096.805683,9096.805683,0.000000
2026-06-30T16:00:00+00:00,9096.805683,9096.805683,0.000000
2026-06-30T17:00:00+00:00,9096.805683,9096.805683,0.000000
2026-06-30T18:00:00+00:00,9096.805683,9096.805683,0.000000
2026-06-30T19:00:00+00:00,9096.805683,9096.805683,0.000000
2026-06-30T20:00:00+00:00,9096.805683,9096.805683,0.000000
2026-06-30T21:00:00+00:00,9096.805683,9096.805683,0.000000
2026-06-30T22:00:00+00:00,9096.805683,9096.805683,0.000000
2026-06-30T23:00:00+00:00,9096.805683,9096.805683,0.000000
2026-07-01T00:00:00+00:00,9096.805683,9096.805683,0.000000
2026-07-01T01:00:00+00:00,9096.805683,9096.805683,0.000000
2026-07-01T02:00:00+00:00,9096.805683,9096.805683,0.000000
2026-07-01T03:00:00+00:00,9096.805683,9096.805683,0.000000
2026-07-01T04:00:00+00:00,9096.805683,9096.805683,0.000000
2026-07-01T05:00:00+00:00,9096.805683,9096.805683,0.000000
2026-07-01T06:00:00+00:00,9096.805683,9096.805683,0.000000
2026-07-01T07:00:00+00:00,9096.805683,9096.805683,0.000000
2026-07-01T08:00:00+00:00,9096.805683,9096.805683,0.000000
2026-07-01T09:00:00+00:00,9096.805683,9096.805683,0.000000
2026-07-01T10:00:00+00:00,9096.805683,9096.805683,0.000000
2026-07-01T11:00:00+00:00,9096.805683,9096.805683,0.000000
2026-07-01T12:00:00+00:00,9096.805683,9096.805683,0.000000
2026-07-01T13:00:00+00:00,9096.805683,9096.805683,0.000000
2026-07-01T14:00:00+00:00,9096.805683,9096.805683,0.000000
2026-07-01T15:00:00+00:00,9096.805683,9096.805683,0.000000
2026-07-01T16:00:00+00:00,9096.805683,9096.805683,0.000000
2026-07-01T17:00:00+00:00,9096.805683,9096.805683,0.000000
2026-07-01T18:00:00+00:00,9096.805683,9096.805683,0.000000
2026-07-01T19:00:00+00:00,9096.805683,9096.805683,0.000000
2026-07-01T20:00:00+00:00,9096.805683,9096.805683,0.000000
2026-07-01T21:00:00+00:00,9096.805683,9096.805683,0.000000
2026-07-01T22:00:00+00:00,9090.438828,-2.728132,9096.805683
2026-07-01T23:00:00+00:00,9088.510974,9088.510974,0.000000
2026-07-02T00:00:00+00:00,9088.510974,9088.510974,0.000000
2026-07-02T01:00:00+00:00,9088.510974,9088.510974,0.000000
2026-07-02T02:00:00+00:00,9088.510974,9088.510974,0.000000
2026-07-02T03:00:00+00:00,9088.510974,9088.510974,0.000000
2026-07-02T04:00:00+00:00,9088.510974,9088.510974,0.000000
2026-07-02T05:00:00+00:00,9088.510974,9088.510974,0.000000
2026-07-02T06:00:00+00:00,9088.510974,9088.510974,0.000000
2026-07-02T07:00:00+00:00,9088.510974,9088.510974,0.000000
2026-07-02T08:00:00+00:00,9088.510974,9088.510974,0.000000
2026-07-02T09:00:00+00:00,9088.510974,9088.510974,0.000000
2026-07-02T10:00:00+00:00,9088.510974,9088.510974,0.000000
2026-07-02T11:00:00+00:00,9088.510974,9088.510974,0.000000
2026-07-02T12:00:00+00:00,9088.510974,9088.510974,0.000000
2026-07-02T13:00:00+00:00,9088.510974,9088.510974,0.000000
2026-07-02T14:00:00+00:00,9088.510974,9088.510974,0.000000
2026-07-02T15:00:00+00:00,9088.510974,9088.510974,0.000000
2026-07-02T16:00:00+00:00,9088.510974,9088.510974,0.000000
2026-07-02T17:00:00+00:00,9088.510974,9088.510974,0.000000
2026-07-02T18:00:00+00:00,9088.510974,9088.510974,0.000000
2026-07-02T19:00:00+00:00,9088.510974,9088.510974,0.000000
2026-07-02T20:00:00+00:00,9088.510974,9088.510974,0.000000
2026-07-02T21:00:00+00:00,9088.510974,9088.510974,0.000000
2026-07-02T22:00:00+00:00,9088.510974,9088.510974,0.000000
2026-07-02T23:00:00+00:00,9088.510974,9088.510974,0.000000
2026-07-03T00:00:00+00:00,9088.510974,9088.510974,0.000000
2026-07-03T01:00:00+00:00,9088.510974,9088.510974,0.000000
2026-07-03T02:00:00+00:00,9088.510974,9088.510974,0.000000
2026-07-03T03:00:00+00:00,9088.510974,9088.510974,0.000000
2026-07-03T04:00:00+00:00,9088.510974,9088.510974,0.000000
2026-07-03T05:00:00+00:00,9088.510974,9088.510974,0.000000
2026-07-03T06:00:00+00:00,9088.510974,9088.510974,0.000000
2026-07-03T07:00:00+00:00,9088.510974,9088.510974,0.000000
2026-07-03T08:00:00+00:00,9088.510974,9088.510974,0.000000
2026-07-03T09:00:00+00:00,9088.510974,9088.510974,0.000000
2026-07-03T10:00:00+00:00,9088.510974,9088.510974,0.000000
2026-07-03T11:00:00+00:00,9088.510974,9088.510974,0.000000
2026-07-03T12:00:00+00:00,9088.510974,9088.510974,0.000000
2026-07-03T13:00:00+00:00,9088.510974,9088.510974,0.000000
2026-07-03T14:00:00+00:00,9088.510974,9088.510974,0.000000
2026-07-03T15:00:00+00:00,9088.510974,9088.510974,0.000000
2026-07-03T16:00:00+00:00,9088.510974,9088.510974,0.000000
2026-07-03T17:00:00+00:00,9088.510974,9088.510974,0.000000
2026-07-03T18:00:00+00:00,9088.510974,9088.510974,0.000000
2026-07-03T19:00:00+00:00,9088.510974,9088.510974,0.000000
2026-07-03T20:00:00+00:00,9088.510974,9088.510974,0.000000
2026-07-03T21:00:00+00:00,9088.510974,9088.510974,0.000000
2026-07-03T22:00:00+00:00,9088.510974,9088.510974,0.000000
2026-07-03T23:00:00+00:00,9088.510974,9088.510974,0.000000
2026-07-04T00:00:00+00:00,9088.510974,9088.510974,0.000000
2026-07-04T01:00:00+00:00,9088.510974,9088.510974,0.000000
2026-07-04T02:00:00+00:00,9088.510974,9088.510974,0.000000
2026-07-04T03:00:00+00:00,9088.510974,9088.510974,0.000000
2026-07-04T04:00:00+00:00,9088.510974,9088.510974,0.000000
2026-07-04T05:00:00+00:00,9088.510974,9088.510974,0.000000
2026-07-04T06:00:00+00:00,9088.510974,9088.510974,0.000000
2026-07-04T07:00:00+00:00,9088.510974,9088.510974,0.000000
2026-07-04T08:00:00+00:00,9088.510974,9088.510974,0.000000
2026-07-04T09:00:00+00:00,9088.510974,9088.510974,0.000000
2026-07-04T10:00:00+00:00,9088.510974,9088.510974,0.000000
2026-07-04T11:00:00+00:00,9088.510974,9088.510974,0.000000
2026-07-04T12:00:00+00:00,9088.510974,9088.510974,0.000000
2026-07-04T13:00:00+00:00,9088.510974,9088.510974,0.000000
2026-07-04T14:00:00+00:00,9088.510974,9088.510974,0.000000
2026-07-04T15:00:00+00:00,9088.510974,9088.510974,0.000000
2026-07-04T16:00:00+00:00,9088.510974,9088.510974,0.000000
2026-07-04T17:00:00+00:00,9088.510974,9088.510974,0.000000
2026-07-04T18:00:00+00:00,9088.510974,9088.510974,0.000000
2026-07-04T19:00:00+00:00,9088.510974,9088.510974,0.000000
2026-07-04T20:00:00+00:00,9088.510974,9088.510974,0.000000
2026-07-04T21:00:00+00:00,9088.510974,9088.510974,0.000000
2026-07-04T22:00:00+00:00,9088.510974,9088.510974,0.000000
2026-07-04T23:00:00+00:00,9088.510974,9088.510974,0.000000
2026-07-05T00:00:00+00:00,9088.510974,9088.510974,0.000000
2026-07-05T01:00:00+00:00,9088.510974,9088.510974,0.000000
2026-07-05T02:00:00+00:00,9088.510974,9088.510974,0.000000
2026-07-05T03:00:00+00:00,9088.510974,9088.510974,0.000000
2026-07-05T04:00:00+00:00,9088.510974,9088.510974,0.000000
2026-07-05T05:00:00+00:00,9088.510974,9088.510974,0.000000
2026-07-05T06:00:00+00:00,9088.510974,9088.510974,0.000000
2026-07-05T07:00:00+00:00,9088.510974,9088.510974,0.000000
2026-07-05T08:00:00+00:00,9088.510974,9088.510974,0.000000
2026-07-05T09:00:00+00:00,9088.510974,9088.510974,0.000000
2026-07-05T10:00:00+00:00,9088.510974,9088.510974,0.000000
2026-07-05T11:00:00+00:00,9088.510974,9088.510974,0.000000
2026-07-05T12:00:00+00:00,9088.510974,9088.510974,0.000000
2026-07-05T13:00:00+00:00,9088.510974,9088.510974,0.000000
2026-07-05T14:00:00+00:00,9088.510974,9088.510974,0.000000
2026-07-05T15:00:00+00:00,9088.510974,9088.510974,0.000000
2026-07-05T16:00:00+00:00,9088.510974,9088.510974,0.000000
2026-07-05T17:00:00+00:00,9088.510974,9088.510974,0.000000
2026-07-05T18:00:00+00:00,9088.510974,9088.510974,0.000000
2026-07-05T19:00:00+00:00,9088.510974,9088.510974,0.000000
2026-07-05T20:00:00+00:00,9088.510974,9088.510974,0.000000
2026-07-05T21:00:00+00:00,9088.510974,9088.510974,0.000000
2026-07-05T22:00:00+00:00,9088.510974,9088.510974,0.000000
2026-07-05T23:00:00+00:00,9088.510974,9088.510974,0.000000
2026-07-06T00:00:00+00:00,9088.510974,9088.510974,0.000000
2026-07-06T01:00:00+00:00,9088.510974,9088.510974,0.000000
2026-07-06T02:00:00+00:00,9088.510974,9088.510974,0.000000
2026-07-06T03:00:00+00:00,9088.510974,9088.510974,0.000000
2026-07-06T04:00:00+00:00,9088.510974,9088.510974,0.000000
2026-07-06T05:00:00+00:00,9088.510974,9088.510974,0.000000
2026-07-06T06:00:00+00:00,9088.510974,9088.510974,0.000000
2026-07-06T07:00:00+00:00,9088.510974,9088.510974,0.000000
2026-07-06T08:00:00+00:00,9088.510974,9088.510974,0.000000
2026-07-06T09:00:00+00:00,9088.510974,9088.510974,0.000000
2026-07-06T10:00:00+00:00,9088.510974,9088.510974,0.000000
2026-07-06T11:00:00+00:00,9088.510974,9088.510974,0.000000
2026-07-06T12:00:00+00:00,9088.510974,9088.510974,0.000000
2026-07-06T13:00:00+00:00,9088.510974,9088.510974,0.000000
2026-07-06T14:00:00+00:00,9088.510974,9088.510974,0.000000
2026-07-06T15:00:00+00:00,9088.510974,9088.510974,0.000000
2026-07-06T16:00:00+00:00,9088.510974,9088.510974,0.000000
2026-07-06T17:00:00+00:00,9088.510974,9088.510974,0.000000
2026-07-06T18:00:00+00:00,9088.510974,9088.510974,0.000000
2026-07-06T19:00:00+00:00,9088.510974,9088.510974,0.000000
2026-07-06T20:00:00+00:00,9088.510974,9088.510974,0.000000
2026-07-06T21:00:00+00:00,9088.510974,9088.510974,0.000000
2026-07-06T22:00:00+00:00,9088.510974,9088.510974,0.000000
2026-07-06T23:00:00+00:00,9088.510974,9088.510974,0.000000
2026-07-07T00:00:00+00:00,9088.510974,9088.510974,0.000000
2026-07-07T01:00:00+00:00,9088.510974,9088.510974,0.000000
2026-07-07T02:00:00+00:00,9088.510974,9088.510974,0.000000
2026-07-07T03:00:00+00:00,9088.510974,9088.510974,0.000000
2026-07-07T04:00:00+00:00,9088.510974,9088.510974,0.000000
2026-07-07T05:00:00+00:00,9088.510974,9088.510974,0.000000
2026-07-07T06:00:00+00:00,9088.510974,9088.510974,0.000000
2026-07-07T07:00:00+00:00,9088.510974,9088.510974,0.000000
2026-07-07T08:00:00+00:00,9088.510974,9088.510974,0.000000
2026-07-07T09:00:00+00:00,9088.510974,9088.510974,0.000000
2026-07-07T10:00:00+00:00,9088.510974,9088.510974,0.000000
2026-07-07T11:00:00+00:00,9088.510974,9088.510974,0.000000
2026-07-07T12:00:00+00:00,9088.510974,9088.510974,0.000000
2026-07-07T13:00:00+00:00,9088.510974,9088.510974,0.000000
2026-07-07T14:00:00+00:00,9088.510974,9088.510974,0.000000
2026-07-07T15:00:00+00:00,9088.510974,9088.510974,0.000000
2026-07-07T16:00:00+00:00,9088.510974,9088.510974,0.000000
2026-07-07T17:00:00+00:00,9088.510974,9088.510974,0.000000
2026-07-07T18:00:00+00:00,9088.510974,9088.510974,0.000000
2026-07-07T19:00:00+00:00,9088.510974,9088.510974,0.000000
2026-07-07T20:00:00+00:00,9088.510974,9088.510974,0.000000
2026-07-07T21:00:00+00:00,9088.510974,9088.510974,0.000000
2026-07-07T22:00:00+00:00,9088.510974,9088.510974,0.000000
2026-07-07T23:00:00+00:00,9088.510974,9088.510974,0.000000
2026-07-08T00:00:00+00:00,9088.510974,9088.510974,0.000000
2026-07-08T01:00:00+00:00,9088.510974,9088.510974,0.000000
2026-07-08T02:00:00+00:00,9082.148108,-6.362867,9088.510974
2026-07-08T03:00:00+00:00,9034.925656,9034.925656,0.000000
2026-07-08T04:00:00+00:00,9034.925656,9034.925656,0.000000
2026-07-08T05:00:00+00:00,9034.925656,9034.925656,0.000000
2026-07-08T06:00:00+00:00,9034.925656,9034.925656,0.000000
2026-07-08T07:00:00+00:00,9034.925656,9034.925656,0.000000
2026-07-08T07:00:00+00:00,9034.925656,9034.925656,0.000000
