ts,equity,cash,position_value
2026-04-09T08:00:00+00:00,10000.000000,10000.000000,0.000000
2026-04-09T09:00:00+00:00,10000.000000,10000.000000,0.000000
2026-04-09T10:00:00+00:00,10000.000000,10000.000000,0.000000
2026-04-09T11:00:00+00:00,10000.000000,10000.000000,0.000000
2026-04-09T12:00:00+00:00,10000.000000,10000.000000,0.000000
2026-04-09T13:00:00+00:00,10000.000000,10000.000000,0.000000
2026-04-09T14:00:00+00:00,10000.000000,10000.000000,0.000000
2026-04-09T15:00:00+00:00,10000.000000,10000.000000,0.000000
2026-04-09T16:00:00+00:00,10000.000000,10000.000000,0.000000
2026-04-09T17:00:00+00:00,10000.000000,10000.000000,0.000000
2026-04-09T18:00:00+00:00,10000.000000,10000.000000,0.000000
2026-04-09T19:00:00+00:00,10000.000000,10000.000000,0.000000
2026-04-09T20:00:00+00:00,10000.000000,10000.000000,0.000000
2026-04-09T21:00:00+00:00,10000.000000,10000.000000,0.000000
2026-04-09T22:00:00+00:00,10000.000000,10000.000000,0.000000
2026-04-09T23:00:00+00:00,10000.000000,10000.000000,0.000000
2026-04-10T00:00:00+00:00,10000.000000,10000.000000,0.000000
2026-04-10T01:00:00+00:00,10000.000000,10000.000000,0.000000
2026-04-10T02:00:00+00:00,10000.000000,10000.000000,0.000000
2026-04-10T03:00:00+00:00,9992.999000,-7.001000,10000.000000
2026-04-10T04:00:00+00:00,10036.695095,-7.001000,10043.696095
2026-04-10T05:00:00+00:00,10043.100805,-7.001000,10050.101805
2026-04-10T06:00:00+00:00,9984.297274,9984.297274,0.000000
2026-04-10T07:00:00+00:00,9984.297274,9984.297274,0.000000
2026-04-10T08:00:00+00:00,9984.297274,9984.297274,0.000000
2026-04-10T09:00:00+00:00,9984.297274,9984.297274,0.000000
2026-04-10T10:00:00+00:00,9984.297274,9984.297274,0.000000
2026-04-10T11:00:00+00:00,9984.297274,9984.297274,0.000000
2026-04-10T12:00:00+00:00,9977.309264,-2.994291,9984.297274
2026-04-10T13:00:00+00:00,9959.980494,-2.994291,10001.626044
2026-04-10T14:00:00+00:00,9852.446047,9852.446047,0.000000
2026-04-10T15:00:00+00:00,9852.446047,9852.446047,0.000000
2026-04-10T16:00:00+00:00,9852.446047,9852.446047,0.000000
2026-04-10T17:00:00+00:00,9852.446047,9852.446047,0.000000
2026-04-10T18:00:00+00:00,9852.446047,9852.446047,0.000000
2026-04-10T19:00:00+00:00,9852.446047,9852.446047,0.000000
2026-04-10T20:00:00+00:00,9845.548349,-6.897697,9852.446047
2026-04-10T21:00:00+00:00,9843.581749,-6.897697,9850.479447
2026-04-10T22:00:00+00:00,9762.487555,9762.487555,0.000000
2026-04-10T23:00:00+00:00,9762.487555,9762.487555,0.000000
2026-04-11T00:00:00+00:00,9762.487555,9762.487555,0.000000
2026-04-11T01:00:00+00:00,9762.487555,9762.487555,0.000000
2026-04-11T02:00:00+00:00,9762.487555,9762.487555,0.000000
2026-04-11T03:00:00+00:00,9762.487555,9762.487555,0.000000
2026-04-11T04:00:00+00:00,9762.487555,9762.487555,0.000000
2026-04-11T05:00:00+00:00,9762.487555,9762.487555,0.000000
2026-04-11T06:00:00+00:00,9762.487555,9762.487555,0.000000
2026-04-11T07:00:00+00:00,9762.487555,9762.487555,0.000000
2026-04-11T08:00:00+00:00,9762.487555,9762.487555,0.000000
2026-04-11T09:00:00+00:00,9762.487555,9762.487555,0.000000
2026-04-11T10:00:00+00:00,9762.487555,9762.487555,0.000000
2026-04-11T11:00:00+00:00,9762.487555,9762.487555,0.000000
2026-04-11T12:00:00+00:00,9762.487555,9762.487555,0.000000
2026-04-11T13:00:00+00:00,9762.487555,9762.487555,0.000000
2026-04-11T14:00:00+00:00,9755.654790,-2.927770,9762.487555
2026-04-11T15:00:00+00:00,9722.550538,-2.927770,9795.591807
2026-04-11T16:00:00+00:00,9633.565516,9633.565516,0.000000
2026-04-11T17:00:00+00:00,9633.565516,9633.565516,0.000000
2026-04-11T18:00:00+00:00,9633.565516,9633.565516,0.000000
2026-04-11T19:00:00+00:00,9633.565516,9633.565516,0.000000
2026-04-11T20:00:00+00:00,9633.565516,9633.565516,0.000000
2026-04-11T21:00:00+00:00,9633.565516,9633.565516,0.000000
2026-04-11T22:00:00+00:00,9633.565516,9633.565516,0.000000
2026-04-11T23:00:00+00:00,9633.565516,9633.565516,0.000000
2026-04-12T00:00:00+00:00,9626.821057,-6.744459,9633.565516
2026-04-12T01:00:00+00:00,9506.458909,9506.458909,0.000000
2026-04-12T02:00:00+00:00,9506.458909,9506.458909,0.000000
2026-04-12T03:00:00+00:00,9506.458909,9506.458909,0.000000
2026-04-12T04:00:00+00:00,9506.458909,9506.458909,0.000000
2026-04-12T05:00:00+00:00,9506.458909,9506.458909,0.000000
2026-04-12T06:00:00+00:00,9506.458909,9506.458909,0.000000
2026-04-12T07:00:00+00:00,9506.458909,9506.458909,0.000000
2026-04-12T08:00:00+00:00,9506.458909,9506.458909,0.000000
2026-04-12T09:00:00+00:00,9506.458909,9506.458909,0.000000
2026-04-12T10:00:00+00:00,9506.458909,9506.458909,0.000000
2026-04-12T11:00:00+00:00,9506.458909,9506.458909,0.000000
2026-04-12T12:00:00+00:00,9506.458909,9506.458909,0.000000
2026-04-12T13:00:00+00:00,9506.458909,9506.458909,0.000000
2026-04-12T14:00:00+00:00,9506.458909,9506.458909,0.000000
2026-04-12T15:00:00+00:00,9506.458909,9506.458909,0.000000
2026-04-12T16:00:00+00:00,9506.458909,9506.458909,0.000000
2026-04-12T17:00:00+00:00,9506.458909,9506.458909,0.000000
2026-04-12T18:00:00+00:00,9506.458909,9506.458909,0.000000
2026-04-12T19:00:00+00:00,9506.458909,9506.458909,0.000000
2026-04-12T20:00:00+00:00,9499.805338,-2.850987,9506.458909
2026-04-12T21:00:00+00:00,9507.968154,-2.850987,9498.296092
2026-04-12T22:00:00+00:00,9545.320125,9545.320125,0.000000
2026-04-12T23:00:00+00:00,9545.320125,9545.320125,0.000000
2026-04-13T00:00:00+00:00,9545.320125,9545.320125,0.000000
2026-04-13T01:00:00+00:00,9545.320125,9545.320125,0.000000
2026-04-13T02:00:00+00:00,9545.320125,9545.320125,0.000000
2026-04-13T03:00:00+00:00,9538.637446,-6.682679,9545.320125
2026-04-13T04:00:00+00:00,9520.580203,-6.682679,9527.262881
2026-04-13T05:00:00+00:00,9526.671803,-6.682679,9533.354482
2026-04-13T06:00:00+00:00,9557.129805,-6.682679,9563.812483
2026-04-13T07:00:00+00:00,9491.232394,9491.232394,0.000000
2026-04-13T08:00:00+00:00,9491.232394,9491.232394,0.000000
2026-04-13T09:00:00+00:00,9491.232394,9491.232394,0.000000
2026-04-13T10:00:00+00:00,9491.232394,9491.232394,0.000000
2026-04-13T11:00:00+00:00,9491.232394,9491.232394,0.000000
2026-04-13T12:00:00+00:00,9491.232394,9491.232394,0.000000
2026-04-13T13:00:00+00:00,9491.232394,9491.232394,0.000000
2026-04-13T14:00:00+00:00,9491.232394,9491.232394,0.000000
2026-04-13T15:00:00+00:00,9491.232394,9491.232394,0.000000
2026-04-13T16:00:00+00:00,9491.232394,9491.232394,0.000000
2026-04-13T17:00:00+00:00,9484.589480,-2.846421,9491.232394
2026-04-13T18:00:00+00:00,9453.656041,-2.846421,9522.165833
2026-04-13T19:00:00+00:00,9365.892512,9365.892512,0.000000
2026-04-13T20:00:00+00:00,9365.892512,9365.892512,0.000000
2026-04-13T21:00:00+00:00,9365.892512,9365.892512,0.000000
2026-04-13T22:00:00+00:00,9365.892512,9365.892512,0.000000
2026-04-13T23:00:00+00:00,9365.892512,9365.892512,0.000000
2026-04-14T00:00:00+00:00,9365.892512,9365.892512,0.000000
2026-04-14T01:00:00+00:00,9365.892512,9365.892512,0.000000
2026-04-14T02:00:00+00:00,9365.892512,9365.892512,0.000000
2026-04-14T03:00:00+00:00,9365.892512,9365.892512,0.000000
2026-04-14T04:00:00+00:00,9359.335451,-6.557061,9365.892512
2026-04-14T05:00:00+00:00,9325.461347,-6.557061,9332.018409
2026-04-14T06:00:00+00:00,9326.802163,9326.802163,0.000000
2026-04-14T07:00:00+00:00,9326.802163,9326.802163,0.000000
2026-04-14T08:00:00+00:00,9326.802163,9326.802163,0.000000
2026-04-14T09:00:00+00:00,9326.802163,9326.802163,0.000000
2026-04-14T10:00:00+00:00,9326.802163,9326.802163,0.000000
2026-04-14T11:00:00+00:00,9326.802163,9326.802163,0.000000
2026-04-14T12:00:00+00:00,9326.802163,9326.802163,0.000000
2026-04-14T13:00:00+00:00,9320.274334,-2.797108,9326.802163
2026-04-14T14:00:00+00:00,9390.378796,9390.378796,0.000000
2026-04-14T15:00:00+00:00,9390.378796,9390.378796,0.000000
2026-04-14T16:00:00+00:00,9390.378796,9390.378796,0.000000
2026-04-14T17:00:00+00:00,9390.378796,9390.378796,0.000000
2026-04-14T18:00:00+00:00,9390.378796,9390.378796,0.000000
2026-04-14T19:00:00+00:00,9383.804591,-6.574204,9390.378796
2026-04-14T20:00:00+00:00,9390.097867,-6.574204,9396.672071
2026-04-14T21:00:00+00:00,9425.421412,-6.574204,9431.995616
2026-04-14T22:00:00+00:00,9377.024530,9377.024530,0.000000
2026-04-14T23:00:00+00:00,9377.024530,9377.024530,0.000000
2026-04-15T00:00:00+00:00,9370.461550,-2.812170,9377.024530
2026-04-15T01:00:00+00:00,9361.820243,-2.812170,9385.665837
2026-04-15T02:00:00+00:00,9353.897937,9353.897937,0.000000
2026-04-15T03:00:00+00:00,9353.897937,9353.897937,0.000000
2026-04-15T04:00:00+00:00,9353.897937,9353.897937,0.000000
2026-04-15T05:00:00+00:00,9353.897937,9353.897937,0.000000
2026-04-15T06:00:00+00:00,9353.897937,9353.897937,0.000000
2026-04-15T07:00:00+00:00,9353.897937,9353.897937,0.000000
2026-04-15T08:00:00+00:00,9353.897937,9353.897937,0.000000
2026-04-15T09:00:00+00:00,9353.897937,9353.897937,0.000000
2026-04-15T10:00:00+00:00,9353.897937,9353.897937,0.000000
2026-04-15T11:00:00+00:00,9353.897937,9353.897937,0.000000
2026-04-15T12:00:00+00:00,9347.349273,-6.548664,9353.897937
2026-04-15T13:00:00+00:00,9324.687013,-6.548664,9331.235677
2026-04-15T14:00:00+00:00,9314.532657,9314.532657,0.000000
2026-04-15T15:00:00+00:00,9314.532657,9314.532657,0.000000
2026-04-15T16:00:00+00:00,9314.532657,9314.532657,0.000000
2026-04-15T17:00:00+00:00,9314.532657,9314.532657,0.000000
2026-04-15T18:00:00+00:00,9314.532657,9314.532657,0.000000
2026-04-15T19:00:00+00:00,9314.532657,9314.532657,0.000000
2026-04-15T20:00:00+00:00,9314.532657,9314.532657,0.000000
2026-04-15T21:00:00+00:00,9314.532657,9314.532657,0.000000
2026-04-15T22:00:00+00:00,9314.532657,9314.532657,0.000000
2026-04-15T23:00:00+00:00,9314.532657,9314.532657,0.000000
2026-04-16T00:00:00+00:00,9314.532657,9314.532657,0.000000
2026-04-16T01:00:00+00:00,9314.532657,9314.532657,0.000000
2026-04-16T02:00:00+00:00,9314.532657,9314.532657,0.000000
2026-04-16T03:00:00+00:00,9314.532657,9314.532657,0.000000
2026-04-16T04:00:00+00:00,9314.532657,9314.532657,0.000000
2026-04-16T05:00:00+00:00,9314.532657,9314.532657,0.000000
2026-04-16T06:00:00+00:00,9314.532657,9314.532657,0.000000
2026-04-16T07:00:00+00:00,9314.532657,9314.532657,0.000000
2026-04-16T08:00:00+00:00,9314.532657,9314.532657,0.000000
2026-04-16T09:00:00+00:00,9314.532657,9314.532657,0.000000
2026-04-16T10:00:00+00:00,9314.532657,9314.532657,0.000000
2026-04-16T11:00:00+00:00,9314.532657,9314.532657,0.000000
2026-04-16T12:00:00+00:00,9314.532657,9314.532657,0.000000
2026-04-16T13:00:00+00:00,9314.532657,9314.532657,0.000000
2026-04-16T14:00:00+00:00,9314.532657,9314.532657,0.000000
2026-04-16T15:00:00+00:00,9314.532657,9314.532657,0.000000
2026-04-16T16:00:00+00:00,9314.532657,9314.532657,0.000000
2026-04-16T17:00:00+00:00,9314.532657,9314.532657,0.000000
2026-04-16T18:00:00+00:00,9308.013416,-2.793428,9314.532657
2026-04-16T19:00:00+00:00,9260.013414,9260.013414,0.000000
2026-04-16T20:00:00+00:00,9260.013414,9260.013414,0.000000
2026-04-16T21:00:00+00:00,9260.013414,9260.013414,0.000000
2026-04-16T22:00:00+00:00,9260.013414,9260.013414,0.000000
2026-04-16T23:00:00+00:00,9260.013414,9260.013414,0.000000
2026-04-17T00:00:00+00:00,9260.013414,9260.013414,0.000000
2026-04-17T01:00:00+00:00,9253.530478,-6.482935,9260.013414
2026-04-17T02:00:00+00:00,9241.233774,-6.482935,9247.716709
2026-04-17T03:00:00+00:00,9215.648695,-6.482935,9222.131631
2026-04-17T04:00:00+00:00,9227.152064,-6.482935,9233.634999
2026-04-17T05:00:00+00:00,9187.963463,9187.963463,0.000000
2026-04-17T06:00:00+00:00,9187.963463,9187.963463,0.000000
2026-04-17T07:00:00+00:00,9187.963463,9187.963463,0.000000
2026-04-17T08:00:00+00:00,9187.963463,9187.963463,0.000000
2026-04-17T09:00:00+00:00,9187.963463,9187.963463,0.000000
2026-04-17T10:00:00+00:00,9187.963463,9187.963463,0.000000
2026-04-17T11:00:00+00:00,9187.963463,9187.963463,0.000000
2026-04-17T12:00:00+00:00,9187.963463,9187.963463,0.000000
2026-04-17T13:00:00+00:00,9187.963463,9187.963463,0.000000
2026-04-17T14:00:00+00:00,9187.963463,9187.963463,0.000000
2026-04-17T15:00:00+00:00,9187.963463,9187.963463,0.000000
2026-04-17T16:00:00+00:00,9187.963463,9187.963463,0.000000
2026-04-17T17:00:00+00:00,9187.963463,9187.963463,0.000000
2026-04-17T18:00:00+00:00,9187.963463,9187.963463,0.000000
2026-04-17T19:00:00+00:00,9187.963463,9187.963463,0.000000
2026-04-17T20:00:00+00:00,9187.963463,9187.963463,0.000000
2026-04-17T21:00:00+00:00,9187.963463,9187.963463,0.000000
2026-04-17T22:00:00+00:00,9187.963463,9187.963463,0.000000
2026-04-17T23:00:00+00:00,9187.963463,9187.963463,0.000000
2026-04-18T00:00:00+00:00,9187.963463,9187.963463,0.000000
2026-04-18T01:00:00+00:00,9187.963463,9187.963463,0.000000
2026-04-18T02:00:00+00:00,9187.963463,9187.963463,0.000000
2026-04-18T03:00:00+00:00,9187.963463,9187.963463,0.000000
2026-04-18T04:00:00+00:00,9187.963463,9187.963463,0.000000
2026-04-18T05:00:00+00:00,9187.963463,9187.963463,0.000000
2026-04-18T06:00:00+00:00,9187.963463,9187.963463,0.000000
2026-04-18T07:00:00+00:00,9187.963463,9187.963463,0.000000
2026-04-18T08:00:00+00:00,9187.963463,9187.963463,0.000000
2026-04-18T09:00:00+00:00,9187.963463,9187.963463,0.000000
2026-04-18T10:00:00+00:00,9187.963463,9187.963463,0.000000
2026-04-18T11:00:00+00:00,9187.963463,9187.963463,0.000000
2026-04-18T12:00:00+00:00,9187.963463,9187.963463,0.000000
2026-04-18T13:00:00+00:00,9187.963463,9187.963463,0.000000
2026-04-18T14:00:00+00:00,9187.963463,9187.963463,0.000000
2026-04-18T15:00:00+00:00,9187.963463,9187.963463,0.000000
2026-04-18T16:00:00+00:00,9187.963463,9187.963463,0.000000
2026-04-18T17:00:00+00:00,9187.963463,9187.963463,0.000000
2026-04-18T18:00:00+00:00,9187.963463,9187.963463,0.000000
2026-04-18T19:00:00+00:00,9187.963463,9187.963463,0.000000
2026-04-18T20:00:00+00:00,9187.963463,9187.963463,0.000000
2026-04-18T21:00:00+00:00,9181.532808,-2.755470,9187.963463
2026-04-18T22:00:00+00:00,9176.848656,-2.755470,9192.647615
2026-04-18T23:00:00+00:00,9200.464587,-2.755470,9169.031684
2026-04-19T00:00:00+00:00,9205.734258,-2.755470,9163.762013
2026-04-19T01:00:00+00:00,9211.003928,-2.755470,9158.492342
2026-04-19T02:00:00+00:00,9247.501277,-2.755470,9121.994994
2026-04-19T03:00:00+00:00,9240.865395,-2.755470,9128.630876
2026-04-19T04:00:00+00:00,9237.386898,9237.386898,0.000000
2026-04-19T05:00:00+00:00,9237.386898,9237.386898,0.000000
2026-04-19T06:00:00+00:00,9237.386898,9237.386898,0.000000
2026-04-19T07:00:00+00:00,9237.386898,9237.386898,0.000000
2026-04-19T08:00:00+00:00,9237.386898,9237.386898,0.000000
2026-04-19T09:00:00+00:00,9237.386898,9237.386898,0.000000
2026-04-19T10:00:00+00:00,9237.386898,9237.386898,0.000000
2026-04-19T11:00:00+00:00,9237.386898,9237.386898,0.000000
2026-04-19T12:00:00+00:00,9237.386898,9237.386898,0.000000
2026-04-19T13:00:00+00:00,9237.386898,9237.386898,0.000000
2026-04-19T14:00:00+00:00,9237.386898,9237.386898,0.000000
2026-04-19T15:00:00+00:00,9237.386898,9237.386898,0.000000
2026-04-19T16:00:00+00:00,9237.386898,9237.386898,0.000000
2026-04-19T17:00:00+00:00,9237.386898,9237.386898,0.000000
2026-04-19T18:00:00+00:00,9237.386898,9237.386898,0.000000
2026-04-19T19:00:00+00:00,9237.386898,9237.386898,0.000000
2026-04-19T20:00:00+00:00,9237.386898,9237.386898,0.000000
2026-04-19T21:00:00+00:00,9237.386898,9237.386898,0.000000
2026-04-19T22:00:00+00:00,9237.386898,9237.386898,0.000000
2026-04-19T23:00:00+00:00,9237.386898,9237.386898,0.000000
2026-04-20T00:00:00+00:00,9237.386898,9237.386898,0.000000
2026-04-20T01:00:00+00:00,9237.386898,9237.386898,0.000000
2026-04-20T02:00:00+00:00,9237.386898,9237.386898,0.000000
2026-04-20T03:00:00+00:00,9237.386898,9237.386898,0.000000
2026-04-20T04:00:00+00:00,9237.386898,9237.386898,0.000000
2026-04-20T05:00:00+00:00,9237.386898,9237.386898,0.000000
2026-04-20T06:00:00+00:00,9237.386898,9237.386898,0.000000
2026-04-20T07:00:00+00:00,9237.386898,9237.386898,0.000000
2026-04-20T08:00:00+00:00,9237.386898,9237.386898,0.000000
2026-04-20T09:00:00+00:00,9237.386898,9237.386898,0.000000
2026-04-20T10:00:00+00:00,9237.386898,9237.386898,0.000000
2026-04-20T11:00:00+00:00,9237.386898,9237.386898,0.000000
2026-04-20T12:00:00+00:00,9237.386898,9237.386898,0.000000
2026-04-20T13:00:00+00:00,9237.386898,9237.386898,0.000000
2026-04-20T14:00:00+00:00,9237.386898,9237.386898,0.000000
2026-04-20T15:00:00+00:00,9237.386898,9237.386898,0.000000
2026-04-20T16:00:00+00:00,9237.386898,9237.386898,0.000000
2026-04-20T17:00:00+00:00,9237.386898,9237.386898,0.000000
2026-04-20T18:00:00+00:00,9237.386898,9237.386898,0.000000
2026-04-20T19:00:00+00:00,9237.386898,9237.386898,0.000000
2026-04-20T20:00:00+00:00,9230.919803,-6.467095,9237.386898
2026-04-20T21:00:00+00:00,9188.234163,9188.234163,0.000000
2026-04-20T22:00:00+00:00,9188.234163,9188.234163,0.000000
2026-04-20T23:00:00+00:00,9188.234163,9188.234163,0.000000
2026-04-21T00:00:00+00:00,9188.234163,9188.234163,0.000000
2026-04-21T01:00:00+00:00,9188.234163,9188.234163,0.000000
2026-04-21T02:00:00+00:00,9188.234163,9188.234163,0.000000
2026-04-21T03:00:00+00:00,9188.234163,9188.234163,0.000000
2026-04-21T04:00:00+00:00,9188.234163,9188.234163,0.000000
2026-04-21T05:00:00+00:00,9188.234163,9188.234163,0.000000
2026-04-21T06:00:00+00:00,9188.234163,9188.234163,0.000000
2026-04-21T07:00:00+00:00,9188.234163,9188.234163,0.000000
2026-04-21T08:00:00+00:00,9188.234163,9188.234163,0.000000
2026-04-21T09:00:00+00:00,9188.234163,9188.234163,0.000000
2026-04-21T10:00:00+00:00,9188.234163,9188.234163,0.000000
2026-04-21T11:00:00+00:00,9188.234163,9188.234163,0.000000
2026-04-21T12:00:00+00:00,9188.234163,9188.234163,0.000000
2026-04-21T13:00:00+00:00,9181.803318,-2.755551,9188.234163
2026-04-21T14:00:00+00:00,9175.186073,9175.186073,0.000000
2026-04-21T15:00:00+00:00,9175.186073,9175.186073,0.000000
2026-04-21T16:00:00+00:00,9175.186073,9175.186073,0.000000
2026-04-21T17:00:00+00:00,9175.186073,9175.186073,0.000000
2026-04-21T18:00:00+00:00,9175.186073,9175.186073,0.000000
2026-04-21T19:00:00+00:00,9175.186073,9175.186073,0.000000
2026-04-21T20:00:00+00:00,9175.186073,9175.186073,0.000000
2026-04-21T21:00:00+00:00,9175.186073,9175.186073,0.000000
2026-04-21T22:00:00+00:00,9175.186073,9175.186073,0.000000
2026-04-21T23:00:00+00:00,9175.186073,9175.186073,0.000000
2026-04-22T00:00:00+00:00,9175.186073,9175.186073,0.000000
2026-04-22T01:00:00+00:00,9175.186073,9175.186073,0.000000
2026-04-22T02:00:00+00:00,9175.186073,9175.186073,0.000000
2026-04-22T03:00:00+00:00,9175.186073,9175.186073,0.000000
2026-04-22T04:00:00+00:00,9175.186073,9175.186073,0.000000
2026-04-22T05:00:00+00:00,9175.186073,9175.186073,0.000000
2026-04-22T06:00:00+00:00,9175.186073,9175.186073,0.000000
2026-04-22T07:00:00+00:00,9175.186073,9175.186073,0.000000
2026-04-22T08:00:00+00:00,9175.186073,9175.186073,0.000000
2026-04-22T09:00:00+00:00,9175.186073,9175.186073,0.000000
2026-04-22T10:00:00+00:00,9168.762526,-6.423548,9175.186073
2026-04-22T11:00:00+00:00,9201.406233,-6.423548,9207.829781
2026-04-22T12:00:00+00:00,9225.793003,-6.423548,9232.216551
2026-04-22T13:00:00+00:00,9215.765339,9215.765339,0.000000
2026-04-22T14:00:00+00:00,9215.765339,9215.765339,0.000000
2026-04-22T15:00:00+00:00,9215.765339,9215.765339,0.000000
2026-04-22T16:00:00+00:00,9215.765339,9215.765339,0.000000
2026-04-22T17:00:00+00:00,9215.765339,9215.765339,0.000000
2026-04-22T18:00:00+00:00,9215.765339,9215.765339,0.000000
2026-04-22T19:00:00+00:00,9215.765339,9215.765339,0.000000
2026-04-22T20:00:00+00:00,9215.765339,9215.765339,0.000000
2026-04-22T21:00:00+00:00,9215.765339,9215.765339,0.000000
2026-04-22T22:00:00+00:00,9215.765339,9215.765339,0.000000
2026-04-22T23:00:00+00:00,9215.765339,9215.765339,0.000000
2026-04-23T00:00:00+00:00,9215.765339,9215.765339,0.000000
2026-04-23T01:00:00+00:00,9215.765339,9215.765339,0.000000
2026-04-23T02:00:00+00:00,9215.765339,9215.765339,0.000000
2026-04-23T03:00:00+00:00,9215.765339,9215.765339,0.000000
2026-04-23T04:00:00+00:00,9215.765339,9215.765339,0.000000
2026-04-23T05:00:00+00:00,9215.765339,9215.765339,0.000000
2026-04-23T06:00:00+00:00,9215.765339,9215.765339,0.000000
2026-04-23T07:00:00+00:00,9215.765339,9215.765339,0.000000
2026-04-23T08:00:00+00:00,9209.315225,-2.763808,9215.765339
2026-04-23T09:00:00+00:00,9236.016006,9236.016006,0.000000
2026-04-23T10:00:00+00:00,9236.016006,9236.016006,0.000000
2026-04-23T11:00:00+00:00,9236.016006,9236.016006,0.000000
2026-04-23T12:00:00+00:00,9236.016006,9236.016006,0.000000
2026-04-23T13:00:00+00:00,9236.016006,9236.016006,0.000000
2026-04-23T14:00:00+00:00,9236.016006,9236.016006,0.000000
2026-04-23T15:00:00+00:00,9236.016006,9236.016006,0.000000
2026-04-23T16:00:00+00:00,9236.016006,9236.016006,0.000000
2026-04-23T17:00:00+00:00,9236.016006,9236.016006,0.000000
2026-04-23T18:00:00+00:00,9236.016006,9236.016006,0.000000
2026-04-23T19:00:00+00:00,9236.016006,9236.016006,0.000000
2026-04-23T20:00:00+00:00,9236.016006,9236.016006,0.000000
2026-04-23T21:00:00+00:00,9236.016006,9236.016006,0.000000
2026-04-23T22:00:00+00:00,9236.016006,9236.016006,0.000000
2026-04-23T23:00:00+00:00,9236.016006,9236.016006,0.000000
2026-04-24T00:00:00+00:00,9236.016006,9236.016006,0.000000
2026-04-24T01:00:00+00:00,9236.016006,9236.016006,0.000000
2026-04-24T02:00:00+00:00,9236.016006,9236.016006,0.000000
2026-04-24T03:00:00+00:00,9236.016006,9236.016006,0.000000
2026-04-24T04:00:00+00:00,9236.016006,9236.016006,0.000000
2026-04-24T05:00:00+00:00,9236.016006,9236.016006,0.000000
2026-04-24T06:00:00+00:00,9236.016006,9236.016006,0.000000
2026-04-24T07:00:00+00:00,9236.016006,9236.016006,0.000000
2026-04-24T08:00:00+00:00,9236.016006,9236.016006,0.000000
2026-04-24T09:00:00+00:00,9229.549871,-6.466135,9236.016006
2026-04-24T10:00:00+00:00,9252.952952,-6.466135,9259.419087
2026-04-24T11:00:00+00:00,9301.759378,-6.466135,9308.225513
2026-04-24T12:00:00+00:00,9290.157851,-6.466135,9296.623985
2026-04-24T13:00:00+00:00,9237.685281,9237.685281,0.000000
2026-04-24T14:00:00+00:00,9237.685281,9237.685281,0.000000
2026-04-24T15:00:00+00:00,9237.685281,9237.685281,0.000000
2026-04-24T16:00:00+00:00,9231.219826,-2.770382,9237.685281
2026-04-24T17:00:00+00:00,9219.849753,-2.770382,9249.055354
2026-04-24T18:00:00+00:00,9218.453428,-2.770382,9250.451679
2026-04-24T19:00:00+00:00,9211.870755,-2.770382,9257.034352
2026-04-24T20:00:00+00:00,9177.569485,-6.429718,9183.999203
2026-04-24T21:00:00+00:00,9130.573317,-6.429718,9137.003035
2026-04-24T22:00:00+00:00,9102.223194,9102.223194,0.000000
2026-04-24T23:00:00+00:00,9102.223194,9102.223194,0.000000
2026-04-25T00:00:00+00:00,9102.223194,9102.223194,0.000000
2026-04-25T01:00:00+00:00,9102.223194,9102.223194,0.000000
2026-04-25T02:00:00+00:00,9102.223194,9102.223194,0.000000
2026-04-25T03:00:00+00:00,9102.223194,9102.223194,0.000000
2026-04-25T04:00:00+00:00,9102.223194,9102.223194,0.000000
2026-04-25T05:00:00+00:00,9102.223194,9102.223194,0.000000
2026-04-25T06:00:00+00:00,9102.223194,9102.223194,0.000000
2026-04-25T07:00:00+00:00,9102.223194,9102.223194,0.000000
2026-04-25T08:00:00+00:00,9102.223194,9102.223194,0.000000
2026-04-25T09:00:00+00:00,9102.223194,9102.223194,0.000000
2026-04-25T10:00:00+00:00,9102.223194,9102.223194,0.000000
2026-04-25T11:00:00+00:00,9102.223194,9102.223194,0.000000
2026-04-25T12:00:00+00:00,9102.223194,9102.223194,0.000000
2026-04-25T13:00:00+00:00,9102.223194,9102.223194,0.000000
2026-04-25T14:00:00+00:00,9095.852548,-2.729757,9102.223194
2026-04-25T15:00:00+00:00,9128.096470,-2.729757,9069.979272
2026-04-25T16:00:00+00:00,9120.035489,-2.729757,9078.040253
2026-04-25T17:00:00+00:00,9122.984629,-2.729757,9075.091113
2026-04-25T18:00:00+00:00,9113.547383,-2.729757,9084.528359
2026-04-25T19:00:00+00:00,9119.249052,-2.729757,9078.826690
2026-04-25T20:00:00+00:00,9107.059277,-2.729757,9091.016465
2026-04-25T21:00:00+00:00,9096.638985,-2.729757,9101.436757
2026-04-25T22:00:00+00:00,9077.099191,9077.099191,0.000000
2026-04-25T23:00:00+00:00,9077.099191,9077.099191,0.000000
2026-04-26T00:00:00+00:00,9077.099191,9077.099191,0.000000
2026-04-26T01:00:00+00:00,9077.099191,9077.099191,0.000000
2026-04-26T02:00:00+00:00,9077.099191,9077.099191,0.000000
2026-04-26T03:00:00+00:00,9077.099191,9077.099191,0.000000
2026-04-26T04:00:00+00:00,9077.099191,9077.099191,0.000000
2026-04-26T05:00:00+00:00,9077.099191,9077.099191,0.000000
2026-04-26T06:00:00+00:00,9077.099191,9077.099191,0.000000
2026-04-26T07:00:00+00:00,9077.099191,9077.099191,0.000000
2026-04-26T08:00:00+00:00,9070.744314,-6.354877,9077.099191
2026-04-26T09:00:00+00:00,9078.921004,-6.354877,9085.275881
2026-04-26T10:00:00+00:00,9072.496462,-6.354877,9078.851339
2026-04-26T11:00:00+00:00,9084.566813,-6.354877,9090.921691
2026-04-26T12:00:00+00:00,9056.921814,-6.354877,9063.276691
2026-04-26T13:00:00+00:00,9081.062518,-6.354877,9087.417395
2026-04-26T14:00:00+00:00,9070.179410,9070.179410,0.000000
2026-04-26T15:00:00+00:00,9070.179410,9070.179410,0.000000
2026-04-26T16:00:00+00:00,9070.179410,9070.179410,0.000000
2026-04-26T17:00:00+00:00,9070.179410,9070.179410,0.000000
2026-04-26T18:00:00+00:00,9070.179410,9070.179410,0.000000
2026-04-26T19:00:00+00:00,9070.179410,9070.179410,0.000000
2026-04-26T20:00:00+00:00,9070.179410,9070.179410,0.000000
2026-04-26T21:00:00+00:00,9070.179410,9070.179410,0.000000
2026-04-26T22:00:00+00:00,9070.179410,9070.179410,0.000000
2026-04-26T23:00:00+00:00,9070.179410,9070.179410,0.000000
2026-04-27T00:00:00+00:00,9070.179410,9070.179410,0.000000
2026-04-27T01:00:00+00:00,9070.179410,9070.179410,0.000000
2026-04-27T02:00:00+00:00,9070.179410,9070.179410,0.000000
2026-04-27T03:00:00+00:00,9070.179410,9070.179410,0.000000
2026-04-27T04:00:00+00:00,9070.179410,9070.179410,0.000000
2026-04-27T05:00:00+00:00,9070.179410,9070.179410,0.000000
2026-04-27T06:00:00+00:00,9070.179410,9070.179410,0.000000
2026-04-27T07:00:00+00:00,9070.179410,9070.179410,0.000000
2026-04-27T08:00:00+00:00,9070.179410,9070.179410,0.000000
2026-04-27T09:00:00+00:00,9070.179410,9070.179410,0.000000
2026-04-27T10:00:00+00:00,9070.179410,9070.179410,0.000000
2026-04-27T11:00:00+00:00,9070.179410,9070.179410,0.000000
2026-04-27T12:00:00+00:00,9070.179410,9070.179410,0.000000
2026-04-27T13:00:00+00:00,9070.179410,9070.179410,0.000000
2026-04-27T14:00:00+00:00,9070.179410,9070.179410,0.000000
2026-04-27T15:00:00+00:00,9070.179410,9070.179410,0.000000
2026-04-27T16:00:00+00:00,9070.179410,9070.179410,0.000000
2026-04-27T17:00:00+00:00,9070.179410,9070.179410,0.000000
2026-04-27T18:00:00+00:00,9070.179410,9070.179410,0.000000
2026-04-27T19:00:00+00:00,9063.831191,-2.720147,9070.179410
2026-04-27T20:00:00+00:00,9055.108912,-2.720147,9078.901689
2026-04-27T21:00:00+00:00,9071.364069,-2.720147,9062.646532
2026-04-27T22:00:00+00:00,9043.413128,-2.720147,9090.597473
2026-04-27T23:00:00+00:00,9003.665105,9003.665105,0.000000
2026-04-28T00:00:00+00:00,9003.665105,9003.665105,0.000000
2026-04-28T01:00:00+00:00,9003.665105,9003.665105,0.000000
2026-04-28T02:00:00+00:00,9003.665105,9003.665105,0.000000
2026-04-28T03:00:00+00:00,9003.665105,9003.665105,0.000000
2026-04-28T04:00:00+00:00,9003.665105,9003.665105,0.000000
2026-04-28T05:00:00+00:00,9003.665105,9003.665105,0.000000
2026-04-28T06:00:00+00:00,9003.665105,9003.665105,0.000000
2026-04-28T07:00:00+00:00,9003.665105,9003.665105,0.000000
2026-04-28T08:00:00+00:00,9003.665105,9003.665105,0.000000
2026-04-28T09:00:00+00:00,9003.665105,9003.665105,0.000000
2026-04-28T10:00:00+00:00,9003.665105,9003.665105,0.000000
2026-04-28T11:00:00+00:00,8997.361639,-6.303466,9003.665105
2026-04-28T12:00:00+00:00,9008.445996,-6.303466,9014.749462
2026-04-28T13:00:00+00:00,8960.286016,8960.286016,0.000000
2026-04-28T14:00:00+00:00,8960.286016,8960.286016,0.000000
2026-04-28T15:00:00+00:00,8960.286016,8960.286016,0.000000
2026-04-28T16:00:00+00:00,8960.286016,8960.286016,0.000000
2026-04-28T17:00:00+00:00,8960.286016,8960.286016,0.000000
2026-04-28T18:00:00+00:00,8954.014712,-2.687190,8960.286016
2026-04-28T19:00:00+00:00,8934.501469,-2.687190,8979.799259
2026-04-28T20:00:00+00:00,8960.649214,-2.687190,8953.651513
2026-04-28T21:00:00+00:00,8980.162457,-2.687190,8934.138271
2026-04-28T22:00:00+00:00,8995.968184,-2.687190,8918.332544
2026-04-28T23:00:00+00:00,8983.674841,-2.687190,8930.625887
2026-04-29T00:00:00+00:00,8970.796101,-2.687190,8943.504627
2026-04-29T01:00:00+00:00,8946.671541,8946.671541,0.000000
2026-04-29T02:00:00+00:00,8946.671541,8946.671541,0.000000
2026-04-29T03:00:00+00:00,8946.671541,8946.671541,0.000000
2026-04-29T04:00:00+00:00,8946.671541,8946.671541,0.000000
2026-04-29T05:00:00+00:00,8946.671541,8946.671541,0.000000
2026-04-29T06:00:00+00:00,8940.407977,-6.263565,8946.671541
2026-04-29T07:00:00+00:00,8936.750460,-6.263565,8943.014024
2026-04-29T08:00:00+00:00,8942.332985,-6.263565,8948.596550
2026-04-29T09:00:00+00:00,8947.922696,8947.922696,0.000000
2026-04-29T10:00:00+00:00,8947.922696,8947.922696,0.000000
2026-04-29T11:00:00+00:00,8947.922696,8947.922696,0.000000
2026-04-29T12:00:00+00:00,8947.922696,8947.922696,0.000000
2026-04-29T13:00:00+00:00,8947.922696,8947.922696,0.000000
2026-04-29T14:00:00+00:00,8947.922696,8947.922696,0.000000
2026-04-29T15:00:00+00:00,8947.922696,8947.922696,0.000000
2026-04-29T16:00:00+00:00,8947.922696,8947.922696,0.000000
2026-04-29T17:00:00+00:00,8947.922696,8947.922696,0.000000
2026-04-29T18:00:00+00:00,8947.922696,8947.922696,0.000000
2026-04-29T19:00:00+00:00,8947.922696,8947.922696,0.000000
2026-04-29T20:00:00+00:00,8947.922696,8947.922696,0.000000
2026-04-29T21:00:00+00:00,8947.922696,8947.922696,0.000000
2026-04-29T22:00:00+00:00,8947.922696,8947.922696,0.000000
2026-04-29T23:00:00+00:00,8941.660045,-2.683482,8947.922696
2026-04-30T00:00:00+00:00,8876.589993,8876.589993,0.000000
2026-04-30T01:00:00+00:00,8876.589993,8876.589993,0.000000
2026-04-30T02:00:00+00:00,8876.589993,8876.589993,0.000000
2026-04-30T03:00:00+00:00,8876.589993,8876.589993,0.000000
2026-04-30T04:00:00+00:00,8876.589993,8876.589993,0.000000
2026-04-30T05:00:00+00:00,8876.589993,8876.589993,0.000000
2026-04-30T06:00:00+00:00,8876.589993,8876.589993,0.000000
2026-04-30T07:00:00+00:00,8876.589993,8876.589993,0.000000
2026-04-30T08:00:00+00:00,8876.589993,8876.589993,0.000000
2026-04-30T09:00:00+00:00,8876.589993,8876.589993,0.000000
2026-04-30T10:00:00+00:00,8870.375492,-6.214501,8876.589993
2026-04-30T11:00:00+00:00,8840.692606,8840.692606,0.000000
2026-04-30T12:00:00+00:00,8840.692606,8840.692606,0.000000
2026-04-30T13:00:00+00:00,8840.692606,8840.692606,0.000000
2026-04-30T14:00:00+00:00,8840.692606,8840.692606,0.000000
2026-04-30T15:00:00+00:00,8840.692606,8840.692606,0.000000
2026-04-30T16:00:00+00:00,8840.692606,8840.692606,0.000000
2026-04-30T17:00:00+00:00,8840.692606,8840.692606,0.000000
2026-04-30T18:00:00+00:00,8840.692606,8840.692606,0.000000
2026-04-30T19:00:00+00:00,8840.692606,8840.692606,0.000000
2026-04-30T20:00:00+00:00,8834.505005,-2.651324,8840.692606
2026-04-30T21:00:00+00:00,8865.760768,-2.651324,8809.436843
2026-04-30T22:00:00+00:00,8872.597966,-2.651324,8802.599645
2026-04-30T23:00:00+00:00,8859.704964,-2.651324,8815.492647
2026-05-01T00:00:00+00:00,8850.132887,-2.651324,8825.064724
2026-05-01T01:00:00+00:00,8804.438282,8804.438282,0.000000
2026-05-01T02:00:00+00:00,8804.438282,8804.438282,0.000000
2026-05-01T03:00:00+00:00,8804.438282,8804.438282,0.000000
2026-05-01T04:00:00+00:00,8804.438282,8804.438282,0.000000
2026-05-01T05:00:00+00:00,8804.438282,8804.438282,0.000000
2026-05-01T06:00:00+00:00,8804.438282,8804.438282,0.000000
2026-05-01T07:00:00+00:00,8804.438282,8804.438282,0.000000
2026-05-01T08:00:00+00:00,8798.274295,-6.163987,8804.438282
2026-05-01T09:00:00+00:00,8779.399249,-6.163987,8785.563236
2026-05-01T10:00:00+00:00,8781.517877,-6.163987,8787.681864
2026-05-01T11:00:00+00:00,8797.118680,-6.163987,8803.282667
2026-05-01T12:00:00+00:00,8819.480975,8819.480975,0.000000
2026-05-01T13:00:00+00:00,8819.480975,8819.480975,0.000000
2026-05-01T14:00:00+00:00,8819.480975,8819.480975,0.000000
2026-05-01T15:00:00+00:00,8819.480975,8819.480975,0.000000
2026-05-01T16:00:00+00:00,8819.480975,8819.480975,0.000000
2026-05-01T17:00:00+00:00,8819.480975,8819.480975,0.000000
2026-05-01T18:00:00+00:00,8819.480975,8819.480975,0.000000
2026-05-01T19:00:00+00:00,8819.480975,8819.480975,0.000000
2026-05-01T20:00:00+00:00,8819.480975,8819.480975,0.000000
2026-05-01T21:00:00+00:00,8819.480975,8819.480975,0.000000
2026-05-01T22:00:00+00:00,8819.480975,8819.480975,0.000000
2026-05-01T23:00:00+00:00,8819.480975,8819.480975,0.000000
2026-05-02T00:00:00+00:00,8819.480975,8819.480975,0.000000
2026-05-02T01:00:00+00:00,8819.480975,8819.480975,0.000000
2026-05-02T02:00:00+00:00,8819.480975,8819.480975,0.000000
2026-05-02T03:00:00+00:00,8819.480975,8819.480975,0.000000
2026-05-02T04:00:00+00:00,8819.480975,8819.480975,0.000000
2026-05-02T05:00:00+00:00,8819.480975,8819.480975,0.000000
2026-05-02T06:00:00+00:00,8819.480975,8819.480975,0.000000
2026-05-02T07:00:00+00:00,8813.308221,-2.644962,8819.480975
2026-05-02T08:00:00+00:00,8803.912535,-2.644962,8828.876661
2026-05-02T09:00:00+00:00,8796.434336,-2.644962,8836.354860
2026-05-02T10:00:00+00:00,8803.337289,-2.644962,8829.451907
2026-05-02T11:00:00+00:00,8808.514503,-2.644962,8824.274693
2026-05-02T12:00:00+00:00,8803.337289,-2.644962,8829.451907
2026-05-02T13:00:00+00:00,8784.929415,-2.644962,8847.859781
2026-05-02T14:00:00+00:00,8792.215865,-2.644962,8840.573331
2026-05-02T15:00:00+00:00,8782.053184,-2.644962,8850.736012
2026-05-02T16:00:00+00:00,8781.094441,-2.644962,8851.694755
2026-05-02T17:00:00+00:00,8794.133352,-2.644962,8838.655844
2026-05-02T18:00:00+00:00,8778.218210,-2.644962,8854.570986
2026-05-02T19:00:00+00:00,8773.424493,-2.644962,8859.364703
2026-05-02T20:00:00+00:00,8772.657498,-2.644962,8860.131698
2026-05-02T21:00:00+00:00,8703.012149,8703.012149,0.000000
2026-05-02T22:00:00+00:00,8703.012149,8703.012149,0.000000
2026-05-02T23:00:00+00:00,8696.919170,-6.092979,8703.012149
2026-05-03T00:00:00+00:00,8686.021381,-6.092979,8692.114359
2026-05-03T01:00:00+00:00,8647.127546,-6.092979,8653.220525
2026-05-03T02:00:00+00:00,8623.487676,8623.487676,0.000000
2026-05-03T03:00:00+00:00,8623.487676,8623.487676,0.000000
2026-05-03T04:00:00+00:00,8623.487676,8623.487676,0.000000
2026-05-03T05:00:00+00:00,8623.487676,8623.487676,0.000000
2026-05-03T06:00:00+00:00,8623.487676,8623.487676,0.000000
2026-05-03T07:00:00+00:00,8623.487676,8623.487676,0.000000
2026-05-03T08:00:00+00:00,8623.487676,8623.487676,0.000000
2026-05-03T09:00:00+00:00,8617.452097,-2.586184,8623.487676
2026-05-03T10:00:00+00:00,8636.259125,-2.586184,8604.680649
2026-05-03T11:00:00+00:00,8604.976148,-2.586184,8635.963625
2026-05-03T12:00:00+00:00,8566.045081,8566.045081,0.000000
2026-05-03T13:00:00+00:00,8566.045081,8566.045081,0.000000
2026-05-03T14:00:00+00:00,8566.045081,8566.045081,0.000000
2026-05-03T15:00:00+00:00,8566.045081,8566.045081,0.000000
2026-05-03T16:00:00+00:00,8566.045081,8566.045081,0.000000
2026-05-03T17:00:00+00:00,8566.045081,8566.045081,0.000000
2026-05-03T18:00:00+00:00,8566.045081,8566.045081,0.000000
2026-05-03T19:00:00+00:00,8566.045081,8566.045081,0.000000
2026-05-03T20:00:00+00:00,8566.045081,8566.045081,0.000000
2026-05-03T21:00:00+00:00,8566.045081,8566.045081,0.000000
2026-05-03T22:00:00+00:00,8566.045081,8566.045081,0.000000
2026-05-03T23:00:00+00:00,8566.045081,8566.045081,0.000000
2026-05-04T00:00:00+00:00,8566.045081,8566.045081,0.000000
2026-05-04T01:00:00+00:00,8566.045081,8566.045081,0.000000
2026-05-04T02:00:00+00:00,8566.045081,8566.045081,0.000000
2026-05-04T03:00:00+00:00,8566.045081,8566.045081,0.000000
2026-05-04T04:00:00+00:00,8566.045081,8566.045081,0.000000
2026-05-04T05:00:00+00:00,8560.047993,-5.997088,8566.045081
2026-05-04T06:00:00+00:00,8493.794423,8493.794423,0.000000
2026-05-04T07:00:00+00:00,8493.794423,8493.794423,0.000000
2026-05-04T08:00:00+00:00,8493.794423,8493.794423,0.000000
2026-05-04T09:00:00+00:00,8493.794423,8493.794423,0.000000
2026-05-04T10:00:00+00:00,8493.794423,8493.794423,0.000000
2026-05-04T11:00:00+00:00,8493.794423,8493.794423,0.000000
2026-05-04T12:00:00+00:00,8493.794423,8493.794423,0.000000
2026-05-04T13:00:00+00:00,8493.794423,8493.794423,0.000000
2026-05-04T14:00:00+00:00,8493.794423,8493.794423,0.000000
2026-05-04T15:00:00+00:00,8493.794423,8493.794423,0.000000
2026-05-04T16:00:00+00:00,8493.794423,8493.794423,0.000000
2026-05-04T17:00:00+00:00,8493.794423,8493.794423,0.000000
2026-05-04T18:00:00+00:00,8493.794423,8493.794423,0.000000
2026-05-04T19:00:00+00:00,8487.849617,-2.547289,8493.794423
2026-05-04T20:00:00+00:00,8511.471038,-2.547289,8470.173002
2026-05-04T21:00:00+00:00,8472.883372,-2.547289,8508.760668
2026-05-04T22:00:00+00:00,8446.826545,8446.826545,0.000000
2026-05-04T23:00:00+00:00,8446.826545,8446.826545,0.000000
2026-05-05T00:00:00+00:00,8446.826545,8446.826545,0.000000
2026-05-05T01:00:00+00:00,8446.826545,8446.826545,0.000000
2026-05-05T02:00:00+00:00,8446.826545,8446.826545,0.000000
2026-05-05T03:00:00+00:00,8446.826545,8446.826545,0.000000
2026-05-05T04:00:00+00:00,8440.912922,-5.913623,8446.826545
2026-05-05T05:00:00+00:00,8438.073354,-5.913623,8443.986978
2026-05-05T06:00:00+00:00,8402.835597,8402.835597,0.000000
2026-05-05T07:00:00+00:00,8402.835597,8402.835597,0.000000
2026-05-05T08:00:00+00:00,8402.835597,8402.835597,0.000000
2026-05-05T09:00:00+00:00,8402.835597,8402.835597,0.000000
2026-05-05T10:00:00+00:00,8402.835597,8402.835597,0.000000
2026-05-05T11:00:00+00:00,8402.835597,8402.835597,0.000000
2026-05-05T12:00:00+00:00,8402.835597,8402.835597,0.000000
2026-05-05T13:00:00+00:00,8402.835597,8402.835597,0.000000
2026-05-05T14:00:00+00:00,8402.835597,8402.835597,0.000000
2026-05-05T15:00:00+00:00,8402.835597,8402.835597,0.000000
2026-05-05T16:00:00+00:00,8402.835597,8402.835597,0.000000
2026-05-05T17:00:00+00:00,8402.835597,8402.835597,0.000000
2026-05-05T18:00:00+00:00,8402.835597,8402.835597,0.000000
2026-05-05T19:00:00+00:00,8402.835597,8402.835597,0.000000
2026-05-05T20:00:00+00:00,8402.835597,8402.835597,0.000000
2026-05-05T21:00:00+00:00,8402.835597,8402.835597,0.000000
2026-05-05T22:00:00+00:00,8402.835597,8402.835597,0.000000
2026-05-05T23:00:00+00:00,8402.835597,8402.835597,0.000000
2026-05-06T00:00:00+00:00,8402.835597,8402.835597,0.000000
2026-05-06T01:00:00+00:00,8402.835597,8402.835597,0.000000
2026-05-06T02:00:00+00:00,8396.954452,-2.520010,8402.835597
2026-05-06T03:00:00+00:00,8371.584322,-2.520010,8428.205727
2026-05-06T04:00:00+00:00,8409.195984,-2.520010,8390.594065
2026-05-06T05:00:00+00:00,8412.744254,-2.520010,8387.045795
2026-05-06T06:00:00+00:00,8392.696528,-2.520010,8407.093521
2026-05-06T07:00:00+00:00,8378.920946,8378.920946,0.000000
2026-05-06T08:00:00+00:00,8378.920946,8378.920946,0.000000
2026-05-06T09:00:00+00:00,8378.920946,8378.920946,0.000000
2026-05-06T10:00:00+00:00,8378.920946,8378.920946,0.000000
2026-05-06T11:00:00+00:00,8378.920946,8378.920946,0.000000
2026-05-06T12:00:00+00:00,8378.920946,8378.920946,0.000000
2026-05-06T13:00:00+00:00,8378.920946,8378.920946,0.000000
2026-05-06T14:00:00+00:00,8378.920946,8378.920946,0.000000
2026-05-06T15:00:00+00:00,8378.920946,8378.920946,0.000000
2026-05-06T16:00:00+00:00,8373.054864,-5.866083,8378.920946
2026-05-06T17:00:00+00:00,8343.367593,-5.866083,8349.233676
2026-05-06T18:00:00+00:00,8311.308023,8311.308023,0.000000
2026-05-06T19:00:00+00:00,8311.308023,8311.308023,0.000000
2026-05-06T20:00:00+00:00,8311.308023,8311.308023,0.000000
2026-05-06T21:00:00+00:00,8311.308023,8311.308023,0.000000
2026-05-06T22:00:00+00:00,8311.308023,8311.308023,0.000000
2026-05-06T23:00:00+00:00,8305.490939,-2.492561,8311.308023
2026-05-07T00:00:00+00:00,8313.236149,8313.236149,0.000000
2026-05-07T01:00:00+00:00,8313.236149,8313.236149,0.000000
2026-05-07T02:00:00+00:00,8313.236149,8313.236149,0.000000
2026-05-07T03:00:00+00:00,8313.236149,8313.236149,0.000000
2026-05-07T04:00:00+00:00,8313.236149,8313.236149,0.000000
2026-05-07T05:00:00+00:00,8313.236149,8313.236149,0.000000
2026-05-07T06:00:00+00:00,8313.236149,8313.236149,0.000000
2026-05-07T07:00:00+00:00,8313.236149,8313.236149,0.000000
2026-05-07T08:00:00+00:00,8313.236149,8313.236149,0.000000
2026-05-07T09:00:00+00:00,8313.236149,8313.236149,0.000000
2026-05-07T10:00:00+00:00,8313.236149,8313.236149,0.000000
2026-05-07T11:00:00+00:00,8313.236149,8313.236149,0.000000
2026-05-07T12:00:00+00:00,8313.236149,8313.236149,0.000000
2026-05-07T13:00:00+00:00,8313.236149,8313.236149,0.000000
2026-05-07T14:00:00+00:00,8313.236149,8313.236149,0.000000
2026-05-07T15:00:00+00:00,8313.236149,8313.236149,0.000000
2026-05-07T16:00:00+00:00,8313.236149,8313.236149,0.000000
2026-05-07T17:00:00+00:00,8313.236149,8313.236149,0.000000
2026-05-07T18:00:00+00:00,8313.236149,8313.236149,0.000000
2026-05-07T19:00:00+00:00,8313.236149,8313.236149,0.000000
2026-05-07T20:00:00+00:00,8313.236149,8313.236149,0.000000
2026-05-07T21:00:00+00:00,8313.236149,8313.236149,0.000000
2026-05-07T22:00:00+00:00,8313.236149,8313.236149,0.000000
2026-05-07T23:00:00+00:00,8313.236149,8313.236149,0.000000
2026-05-08T00:00:00+00:00,8313.236149,8313.236149,0.000000
2026-05-08T01:00:00+00:00,8313.236149,8313.236149,0.000000
2026-05-08T02:00:00+00:00,8313.236149,8313.236149,0.000000
2026-05-08T03:00:00+00:00,8313.236149,8313.236149,0.000000
2026-05-08T04:00:00+00:00,8313.236149,8313.236149,0.000000
2026-05-08T05:00:00+00:00,8313.236149,8313.236149,0.000000
2026-05-08T06:00:00+00:00,8313.236149,8313.236149,0.000000
2026-05-08T07:00:00+00:00,8313.236149,8313.236149,0.000000
2026-05-08T08:00:00+00:00,8313.236149,8313.236149,0.000000
2026-05-08T09:00:00+00:00,8313.236149,8313.236149,0.000000
2026-05-08T10:00:00+00:00,8313.236149,8313.236149,0.000000
2026-05-08T11:00:00+00:00,8313.236149,8313.236149,0.000000
2026-05-08T12:00:00+00:00,8313.236149,8313.236149,0.000000
2026-05-08T13:00:00+00:00,8313.236149,8313.236149,0.000000
2026-05-08T14:00:00+00:00,8313.236149,8313.236149,0.000000
2026-05-08T15:00:00+00:00,8313.236149,8313.236149,0.000000
2026-05-08T16:00:00+00:00,8313.236149,8313.236149,0.000000
2026-05-08T17:00:00+00:00,8313.236149,8313.236149,0.000000
2026-05-08T18:00:00+00:00,8307.416052,-5.820097,8313.236149
2026-05-08T19:00:00+00:00,8316.762018,-5.820097,8322.582114
2026-05-08T20:00:00+00:00,8283.152488,-5.820097,8288.972585
2026-05-08T21:00:00+00:00,8310.471464,-5.820097,8316.291561
2026-05-08T22:00:00+00:00,8298.429547,-5.820097,8304.249644
2026-05-08T23:00:00+00:00,8272.634590,-2.482701,8278.428662
2026-05-09T00:00:00+00:00,8267.609203,-2.482701,8283.454050
2026-05-09T01:00:00+00:00,8247.148696,-2.482701,8303.914557
2026-05-09T02:00:00+00:00,8237.277399,-2.482701,8313.785854
2026-05-09T03:00:00+00:00,8244.097568,-2.482701,8306.965685
2026-05-09T04:00:00+00:00,8205.316856,-5.748567,8211.065423
2026-05-09T05:00:00+00:00,8212.776455,-5.748567,8218.525022
2026-05-09T06:00:00+00:00,8211.888408,-5.748567,8217.636975
2026-05-09T07:00:00+00:00,8212.243627,-5.748567,8217.992194
2026-05-09T08:00:00+00:00,8221.656931,-5.748567,8227.405498
2026-05-09T09:00:00+00:00,8208.869046,-5.748567,8214.617613
2026-05-09T10:00:00+00:00,8206.204903,-5.748567,8211.953470
2026-05-09T11:00:00+00:00,8213.131674,-5.748567,8218.880241
2026-05-09T12:00:00+00:00,8220.058445,-5.748567,8225.807012
2026-05-09T13:00:00+00:00,8212.598846,-5.748567,8218.347413
2026-05-09T14:00:00+00:00,8190.042438,-5.748567,8195.791004
2026-05-09T15:00:00+00:00,8161.745704,8161.745704,0.000000
2026-05-09T16:00:00+00:00,8161.745704,8161.745704,0.000000
2026-05-09T17:00:00+00:00,8161.745704,8161.745704,0.000000
2026-05-09T18:00:00+00:00,8161.745704,8161.745704,0.000000
2026-05-09T19:00:00+00:00,8161.745704,8161.745704,0.000000
2026-05-09T20:00:00+00:00,8156.033298,-2.447708,8161.745704
2026-05-09T21:00:00+00:00,8150.074029,-2.447708,8167.704974
2026-05-09T22:00:00+00:00,8155.507480,-2.447708,8162.271522
2026-05-09T23:00:00+00:00,8155.480120,-5.713652,8161.193772
2026-05-10T00:00:00+00:00,8148.109353,-5.713652,8153.823005
2026-05-10T01:00:00+00:00,8147.407375,-5.713652,8153.121027
2026-05-10T02:00:00+00:00,8161.622426,-5.713652,8167.336077
2026-05-10T03:00:00+00:00,8161.271437,-5.713652,8166.985088
2026-05-10T04:00:00+00:00,8162.675392,-5.713652,8168.389044
2026-05-10T05:00:00+00:00,8159.340998,-5.713652,8165.054649
2026-05-10T06:00:00+00:00,8165.834292,-5.713652,8171.547944
2026-05-10T07:00:00+00:00,8159.340998,-5.713652,8165.054649
2026-05-10T08:00:00+00:00,8169.519676,-5.713652,8175.233327
2026-05-10T09:00:00+00:00,8162.675392,-5.713652,8168.389044
2026-05-10T10:00:00+00:00,8153.023198,-5.713652,8158.736849
2026-05-10T11:00:00+00:00,8142.844520,-5.713652,8148.558171
2026-05-10T12:00:00+00:00,8148.460342,-5.713652,8154.173994
2026-05-10T13:00:00+00:00,8168.466709,-5.713652,8174.180361
2026-05-10T14:00:00+00:00,8172.327587,-5.713652,8178.041239
2026-05-10T15:00:00+00:00,8174.118099,8174.118099,0.000000
2026-05-10T16:00:00+00:00,8174.118099,8174.118099,0.000000
2026-05-10T17:00:00+00:00,8174.118099,8174.118099,0.000000
2026-05-10T18:00:00+00:00,8174.118099,8174.118099,0.000000
2026-05-10T19:00:00+00:00,8174.118099,8174.118099,0.000000
2026-05-10T20:00:00+00:00,8174.118099,8174.118099,0.000000
2026-05-10T21:00:00+00:00,8174.118099,8174.118099,0.000000
2026-05-10T22:00:00+00:00,8174.118099,8174.118099,0.000000
2026-05-10T23:00:00+00:00,8174.118099,8174.118099,0.000000
2026-05-11T00:00:00+00:00,8174.118099,8174.118099,0.000000
2026-05-11T01:00:00+00:00,8168.397034,-2.451418,8174.118099
2026-05-11T02:00:00+00:00,8214.853690,-2.451418,8127.661442
2026-05-11T03:00:00+00:00,8233.797230,8233.797230,0.000000
2026-05-11T04:00:00+00:00,8228.032748,-5.764481,8233.797230
2026-05-11T05:00:00+00:00,8235.624430,-5.764481,8241.388912
2026-05-11T06:00:00+00:00,8230.327908,-5.764481,8236.092389
2026-05-11T07:00:00+00:00,8220.087965,-5.764481,8225.852446
2026-05-11T08:00:00+00:00,8220.087965,-5.764481,8225.852446
2026-05-11T09:00:00+00:00,8239.508547,-5.764481,8245.273028
2026-05-11T10:00:00+00:00,8217.086602,-5.764481,8222.851083
2026-05-11T11:00:00+00:00,8238.096141,-5.764481,8243.860622
2026-05-11T12:00:00+00:00,8216.556950,-5.764481,8222.321431
2026-05-11T13:00:00+00:00,8191.973838,8191.973838,0.000000
2026-05-11T14:00:00+00:00,8191.973838,8191.973838,0.000000
2026-05-11T15:00:00+00:00,8191.973838,8191.973838,0.000000
2026-05-11T16:00:00+00:00,8191.973838,8191.973838,0.000000
2026-05-11T17:00:00+00:00,8191.973838,8191.973838,0.000000
2026-05-11T18:00:00+00:00,8191.973838,8191.973838,0.000000
2026-05-11T19:00:00+00:00,8186.240276,-2.456773,8191.973838
2026-05-11T20:00:00+00:00,8194.994442,-2.456773,8183.219672
2026-05-11T21:00:00+00:00,8185.890109,-2.456773,8192.324005
2026-05-11T22:00:00+00:00,8183.614026,-2.456773,8194.600088
2026-05-11T23:00:00+00:00,8188.866526,-2.456773,8189.347588
2026-05-12T00:00:00+00:00,8210.576858,-2.456773,8167.637256
2026-05-12T01:00:00+00:00,8277.049134,8277.049134,0.000000
2026-05-12T02:00:00+00:00,8277.049134,8277.049134,0.000000
2026-05-12T03:00:00+00:00,8277.049134,8277.049134,0.000000
2026-05-12T04:00:00+00:00,8277.049134,8277.049134,0.000000
2026-05-12T05:00:00+00:00,8277.049134,8277.049134,0.000000
2026-05-12T06:00:00+00:00,8277.049134,8277.049134,0.000000
2026-05-12T07:00:00+00:00,8277.049134,8277.049134,0.000000
2026-05-12T08:00:00+00:00,8277.049134,8277.049134,0.000000
2026-05-12T09:00:00+00:00,8277.049134,8277.049134,0.000000
2026-05-12T10:00:00+00:00,8277.049134,8277.049134,0.000000
2026-05-12T11:00:00+00:00,8277.049134,8277.049134,0.000000
2026-05-12T12:00:00+00:00,8277.049134,8277.049134,0.000000
2026-05-12T13:00:00+00:00,8277.049134,8277.049134,0.000000
2026-05-12T14:00:00+00:00,8277.049134,8277.049134,0.000000
2026-05-12T15:00:00+00:00,8277.049134,8277.049134,0.000000
2026-05-12T16:00:00+00:00,8277.049134,8277.049134,0.000000
2026-05-12T17:00:00+00:00,8277.049134,8277.049134,0.000000
2026-05-12T18:00:00+00:00,8277.049134,8277.049134,0.000000
2026-05-12T19:00:00+00:00,8277.049134,8277.049134,0.000000
2026-05-12T20:00:00+00:00,8277.049134,8277.049134,0.000000
2026-05-12T21:00:00+00:00,8277.049134,8277.049134,0.000000
2026-05-12T22:00:00+00:00,8277.049134,8277.049134,0.000000
2026-05-12T23:00:00+00:00,8277.049134,8277.049134,0.000000
2026-05-13T00:00:00+00:00,8277.049134,8277.049134,0.000000
2026-05-13T01:00:00+00:00,8277.049134,8277.049134,0.000000
2026-05-13T02:00:00+00:00,8277.049134,8277.049134,0.000000
2026-05-13T03:00:00+00:00,8277.049134,8277.049134,0.000000
2026-05-13T04:00:00+00:00,8277.049134,8277.049134,0.000000
2026-05-13T05:00:00+00:00,8271.254372,-5.794762,8277.049134
2026-05-13T06:00:00+00:00,8286.752102,-5.794762,8292.546864
2026-05-13T07:00:00+00:00,8284.049010,-5.794762,8289.843772
2026-05-13T08:00:00+00:00,8340.093125,-5.794762,8345.887888
2026-05-13T09:00:00+00:00,8356.672092,-5.794762,8362.466854
2026-05-13T10:00:00+00:00,8310.359109,-5.794762,8316.153871
2026-05-13T11:00:00+00:00,8292.540981,8292.540981,0.000000
2026-05-13T12:00:00+00:00,8292.540981,8292.540981,0.000000
2026-05-13T13:00:00+00:00,8292.540981,8292.540981,0.000000
2026-05-13T14:00:00+00:00,8286.737031,-2.486933,8292.540981
2026-05-13T15:00:00+00:00,8338.179580,8338.179580,0.000000
2026-05-13T16:00:00+00:00,8338.179580,8338.179580,0.000000
2026-05-13T17:00:00+00:00,8338.179580,8338.179580,0.000000
2026-05-13T18:00:00+00:00,8338.179580,8338.179580,0.000000
2026-05-13T19:00:00+00:00,8338.179580,8338.179580,0.000000
2026-05-13T20:00:00+00:00,8338.179580,8338.179580,0.000000
2026-05-13T21:00:00+00:00,8338.179580,8338.179580,0.000000
2026-05-13T22:00:00+00:00,8338.179580,8338.179580,0.000000
2026-05-13T23:00:00+00:00,8338.179580,8338.179580,0.000000
2026-05-14T00:00:00+00:00,8338.179580,8338.179580,0.000000
2026-05-14T01:00:00+00:00,8338.179580,8338.179580,0.000000
2026-05-14T02:00:00+00:00,8338.179580,8338.179580,0.000000
2026-05-14T03:00:00+00:00,8338.179580,8338.179580,0.000000
2026-05-14T04:00:00+00:00,8338.179580,8338.179580,0.000000
2026-05-14T05:00:00+00:00,8338.179580,8338.179580,0.000000
2026-05-14T06:00:00+00:00,8338.179580,8338.179580,0.000000
2026-05-14T07:00:00+00:00,8338.179580,8338.179580,0.000000
2026-05-14T08:00:00+00:00,8332.342021,-5.837560,8338.179580
2026-05-14T09:00:00+00:00,8301.421018,-5.837560,8307.258578
2026-05-14T10:00:00+00:00,8317.801787,-5.837560,8323.639347
2026-05-14T11:00:00+00:00,8275.280786,-2.483495,8281.076711
2026-05-14T12:00:00+00:00,8247.160120,-2.483495,8309.197378
2026-05-14T13:00:00+00:00,8291.454764,-2.483495,8264.902734
2026-05-14T14:00:00+00:00,8171.717976,8171.717976,0.000000
2026-05-14T15:00:00+00:00,8171.717976,8171.717976,0.000000
2026-05-14T16:00:00+00:00,8171.717976,8171.717976,0.000000
2026-05-14T17:00:00+00:00,8171.717976,8171.717976,0.000000
2026-05-14T18:00:00+00:00,8171.717976,8171.717976,0.000000
2026-05-14T19:00:00+00:00,8165.996956,-5.721020,8171.717976
2026-05-14T20:00:00+00:00,8164.218563,-5.721020,8169.939582
2026-05-14T21:00:00+00:00,8160.839615,-5.721020,8166.560635
2026-05-14T22:00:00+00:00,8163.685045,-5.721020,8169.406064
2026-05-14T23:00:00+00:00,8105.703465,8105.703465,0.000000
2026-05-15T00:00:00+00:00,8105.703465,8105.703465,0.000000
2026-05-15T01:00:00+00:00,8105.703465,8105.703465,0.000000
2026-05-15T02:00:00+00:00,8105.703465,8105.703465,0.000000
2026-05-15T03:00:00+00:00,8105.703465,8105.703465,0.000000
2026-05-15T04:00:00+00:00,8105.703465,8105.703465,0.000000
2026-05-15T05:00:00+00:00,8105.703465,8105.703465,0.000000
2026-05-15T06:00:00+00:00,8105.703465,8105.703465,0.000000
2026-05-15T07:00:00+00:00,8105.703465,8105.703465,0.000000
2026-05-15T08:00:00+00:00,8105.703465,8105.703465,0.000000
2026-05-15T09:00:00+00:00,8105.703465,8105.703465,0.000000
2026-05-15T10:00:00+00:00,8100.030283,-2.430900,8105.703465
2026-05-15T11:00:00+00:00,8117.952153,-2.430900,8087.781594
2026-05-15T12:00:00+00:00,8129.959806,-2.430900,8075.773941
2026-05-15T13:00:00+00:00,8218.920769,8218.920769,0.000000
2026-05-15T14:00:00+00:00,8218.920769,8218.920769,0.000000
2026-05-15T15:00:00+00:00,8218.920769,8218.920769,0.000000
2026-05-15T16:00:00+00:00,8218.920769,8218.920769,0.000000
2026-05-15T17:00:00+00:00,8218.920769,8218.920769,0.000000
2026-05-15T18:00:00+00:00,8218.920769,8218.920769,0.000000
2026-05-15T19:00:00+00:00,8218.920769,8218.920769,0.000000
2026-05-15T20:00:00+00:00,8218.920769,8218.920769,0.000000
2026-05-15T21:00:00+00:00,8218.920769,8218.920769,0.000000
2026-05-15T22:00:00+00:00,8218.920769,8218.920769,0.000000
2026-05-15T23:00:00+00:00,8218.920769,8218.920769,0.000000
2026-05-16T00:00:00+00:00,8218.920769,8218.920769,0.000000
2026-05-16T01:00:00+00:00,8218.920769,8218.920769,0.000000
2026-05-16T02:00:00+00:00,8213.166702,-5.754066,8218.920769
2026-05-16T03:00:00+00:00,8205.976207,-5.754066,8211.730273
2026-05-16T04:00:00+00:00,8198.970083,-5.754066,8204.724149
2026-05-16T05:00:00+00:00,8185.467906,-2.456541,8191.200928
2026-05-16T06:00:00+00:00,8174.886939,8174.886939,0.000000
2026-05-16T07:00:00+00:00,8174.886939,8174.886939,0.000000
2026-05-16T08:00:00+00:00,8174.886939,8174.886939,0.000000
2026-05-16T09:00:00+00:00,8174.886939,8174.886939,0.000000
2026-05-16T10:00:00+00:00,8174.886939,8174.886939,0.000000
2026-05-16T11:00:00+00:00,8174.886939,8174.886939,0.000000
2026-05-16T12:00:00+00:00,8174.886939,8174.886939,0.000000
2026-05-16T13:00:00+00:00,8174.886939,8174.886939,0.000000
2026-05-16T14:00:00+00:00,8174.886939,8174.886939,0.000000
2026-05-16T15:00:00+00:00,8174.886939,8174.886939,0.000000
2026-05-16T16:00:00+00:00,8174.886939,8174.886939,0.000000
2026-05-16T17:00:00+00:00,8174.886939,8174.886939,0.000000
2026-05-16T18:00:00+00:00,8174.886939,8174.886939,0.000000
2026-05-16T19:00:00+00:00,8174.886939,8174.886939,0.000000
2026-05-16T20:00:00+00:00,8174.886939,8174.886939,0.000000
2026-05-16T21:00:00+00:00,8169.163701,-5.723238,8174.886939
2026-05-16T22:00:00+00:00,8161.294044,-5.723238,8167.017283
2026-05-16T23:00:00+00:00,8161.856163,-5.723238,8167.579401
2026-05-17T00:00:00+00:00,8150.988541,-5.723238,8156.711780
2026-05-17T01:00:00+00:00,8111.276578,8111.276578,0.000000
2026-05-17T02:00:00+00:00,8111.276578,8111.276578,0.000000
2026-05-17T03:00:00+00:00,8111.276578,8111.276578,0.000000
2026-05-17T04:00:00+00:00,8111.276578,8111.276578,0.000000
2026-05-17T05:00:00+00:00,8111.276578,8111.276578,0.000000
2026-05-17T06:00:00+00:00,8105.599495,-2.432572,8111.276578
2026-05-17T07:00:00+00:00,8101.142852,-2.432572,8115.733221
2026-05-17T08:00:00+00:00,8101.142852,-2.432572,8115.733221
2026-05-17T09:00:00+00:00,8086.658761,-2.432572,8130.217312
2026-05-17T10:00:00+00:00,8071.060509,-2.432572,8145.815564
2026-05-17T11:00:00+00:00,8079.045329,-2.432572,8137.830744
2026-05-17T12:00:00+00:00,8070.689122,-2.432572,8146.186951
2026-05-17T13:00:00+00:00,8079.602409,-2.432572,8137.273664
2026-05-17T14:00:00+00:00,8100.028691,-2.432572,8116.847382
2026-05-17T15:00:00+00:00,8100.400078,-2.432572,8116.475995
2026-05-17T16:00:00+00:00,8114.698476,-2.432572,8102.177598
2026-05-17T17:00:00+00:00,8110.427526,-2.432572,8106.448548
2026-05-17T18:00:00+00:00,8092.229565,-2.432572,8124.646508
2026-05-17T19:00:00+00:00,8068.139030,8068.139030,0.000000
2026-05-17T20:00:00+00:00,8068.139030,8068.139030,0.000000
2026-05-17T21:00:00+00:00,8068.139030,8068.139030,0.000000
2026-05-17T22:00:00+00:00,8068.139030,8068.139030,0.000000
2026-05-17T23:00:00+00:00,8068.139030,8068.139030,0.000000
2026-05-18T00:00:00+00:00,8068.139030,8068.139030,0.000000
2026-05-18T01:00:00+00:00,8068.139030,8068.139030,0.000000
2026-05-18T02:00:00+00:00,8068.139030,8068.139030,0.000000
2026-05-18T03:00:00+00:00,8068.139030,8068.139030,0.000000
2026-05-18T04:00:00+00:00,8068.139030,8068.139030,0.000000
2026-05-18T05:00:00+00:00,8068.139030,8068.139030,0.000000
2026-05-18T06:00:00+00:00,8068.139030,8068.139030,0.000000
2026-05-18T07:00:00+00:00,8068.139030,8068.139030,0.000000
2026-05-18T08:00:00+00:00,8068.139030,8068.139030,0.000000
2026-05-18T09:00:00+00:00,8068.139030,8068.139030,0.000000
2026-05-18T10:00:00+00:00,8068.139030,8068.139030,0.000000
2026-05-18T11:00:00+00:00,8068.139030,8068.139030,0.000000
2026-05-18T12:00:00+00:00,8068.139030,8068.139030,0.000000
2026-05-18T13:00:00+00:00,8068.139030,8068.139030,0.000000
2026-05-18T14:00:00+00:00,8068.139030,8068.139030,0.000000
2026-05-18T15:00:00+00:00,8068.139030,8068.139030,0.000000
2026-05-18T16:00:00+00:00,8068.139030,8068.139030,0.000000
2026-05-18T17:00:00+00:00,8068.139030,8068.139030,0.000000
2026-05-18T18:00:00+00:00,8068.139030,8068.139030,0.000000
2026-05-18T19:00:00+00:00,8068.139030,8068.139030,0.000000
2026-05-18T20:00:00+00:00,8068.139030,8068.139030,0.000000
2026-05-18T21:00:00+00:00,8068.139030,8068.139030,0.000000
2026-05-18T22:00:00+00:00,8068.139030,8068.139030,0.000000
2026-05-18T23:00:00+00:00,8068.139030,8068.139030,0.000000
2026-05-19T00:00:00+00:00,8068.139030,8068.139030,0.000000
2026-05-19T01:00:00+00:00,8068.139030,8068.139030,0.000000
2026-05-19T02:00:00+00:00,8068.139030,8068.139030,0.000000
2026-05-19T03:00:00+00:00,8068.139030,8068.139030,0.000000
2026-05-19T04:00:00+00:00,8068.139030,8068.139030,0.000000
2026-05-19T05:00:00+00:00,8068.139030,8068.139030,0.000000
2026-05-19T06:00:00+00:00,8068.139030,8068.139030,0.000000
2026-05-19T07:00:00+00:00,8068.139030,8068.139030,0.000000
2026-05-19T08:00:00+00:00,8068.139030,8068.139030,0.000000
2026-05-19T09:00:00+00:00,8068.139030,8068.139030,0.000000
2026-05-19T10:00:00+00:00,8068.139030,8068.139030,0.000000
2026-05-19T11:00:00+00:00,8068.139030,8068.139030,0.000000
2026-05-19T12:00:00+00:00,8068.139030,8068.139030,0.000000
2026-05-19T13:00:00+00:00,8068.139030,8068.139030,0.000000
2026-05-19T14:00:00+00:00,8068.139030,8068.139030,0.000000
2026-05-19T15:00:00+00:00,8068.139030,8068.139030,0.000000
2026-05-19T16:00:00+00:00,8068.139030,8068.139030,0.000000
2026-05-19T17:00:00+00:00,8068.139030,8068.139030,0.000000
2026-05-19T18:00:00+00:00,8068.139030,8068.139030,0.000000
2026-05-19T19:00:00+00:00,8062.490526,-5.648504,8068.139030
2026-05-19T20:00:00+00:00,8081.970020,-5.648504,8087.618524
2026-05-19T21:00:00+00:00,8076.431732,-5.648504,8082.080236
2026-05-19T22:00:00+00:00,8020.740953,8020.740953,0.000000
2026-05-19T23:00:00+00:00,8020.740953,8020.740953,0.000000
2026-05-20T00:00:00+00:00,8020.740953,8020.740953,0.000000
2026-05-20T01:00:00+00:00,8020.740953,8020.740953,0.000000
2026-05-20T02:00:00+00:00,8020.740953,8020.740953,0.000000
2026-05-20T03:00:00+00:00,8020.740953,8020.740953,0.000000
2026-05-20T04:00:00+00:00,8020.740953,8020.740953,0.000000
2026-05-20T05:00:00+00:00,8020.740953,8020.740953,0.000000
2026-05-20T06:00:00+00:00,8020.740953,8020.740953,0.000000
2026-05-20T07:00:00+00:00,8020.740953,8020.740953,0.000000
2026-05-20T08:00:00+00:00,8020.740953,8020.740953,0.000000
2026-05-20T09:00:00+00:00,8020.740953,8020.740953,0.000000
2026-05-20T10:00:00+00:00,8020.740953,8020.740953,0.000000
2026-05-20T11:00:00+00:00,8020.740953,8020.740953,0.000000
2026-05-20T12:00:00+00:00,8020.740953,8020.740953,0.000000
2026-05-20T13:00:00+00:00,8020.740953,8020.740953,0.000000
2026-05-20T14:00:00+00:00,8020.740953,8020.740953,0.000000
2026-05-20T15:00:00+00:00,8020.740953,8020.740953,0.000000
2026-05-20T16:00:00+00:00,8020.740953,8020.740953,0.000000
2026-05-20T17:00:00+00:00,8020.740953,8020.740953,0.000000
2026-05-20T18:00:00+00:00,8020.740953,8020.740953,0.000000
2026-05-20T19:00:00+00:00,8020.740953,8020.740953,0.000000
2026-05-20T20:00:00+00:00,8020.740953,8020.740953,0.000000
2026-05-20T21:00:00+00:00,8020.740953,8020.740953,0.000000
2026-05-20T22:00:00+00:00,8020.740953,8020.740953,0.000000
2026-05-20T23:00:00+00:00,8020.740953,8020.740953,0.000000
2026-05-21T00:00:00+00:00,8020.740953,8020.740953,0.000000
2026-05-21T01:00:00+00:00,8020.740953,8020.740953,0.000000
2026-05-21T02:00:00+00:00,8020.740953,8020.740953,0.000000
2026-05-21T03:00:00+00:00,8020.740953,8020.740953,0.000000
2026-05-21T04:00:00+00:00,8020.740953,8020.740953,0.000000
2026-05-21T05:00:00+00:00,8020.740953,8020.740953,0.000000
2026-05-21T06:00:00+00:00,8020.740953,8020.740953,0.000000
2026-05-21T07:00:00+00:00,8020.740953,8020.740953,0.000000
2026-05-21T08:00:00+00:00,8020.740953,8020.740953,0.000000
2026-05-21T09:00:00+00:00,8020.740953,8020.740953,0.000000
2026-05-21T10:00:00+00:00,8020.740953,8020.740953,0.000000
2026-05-21T11:00:00+00:00,8020.740953,8020.740953,0.000000
2026-05-21T12:00:00+00:00,8020.740953,8020.740953,0.000000
2026-05-21T13:00:00+00:00,8020.740953,8020.740953,0.000000
2026-05-21T14:00:00+00:00,8020.740953,8020.740953,0.000000
2026-05-21T15:00:00+00:00,8020.740953,8020.740953,0.000000
2026-05-21T16:00:00+00:00,8020.740953,8020.740953,0.000000
2026-05-21T17:00:00+00:00,8020.740953,8020.740953,0.000000
2026-05-21T18:00:00+00:00,8015.127236,-2.405420,8020.740953
2026-05-21T19:00:00+00:00,7946.919179,7946.919179,0.000000
2026-05-21T20:00:00+00:00,7946.919179,7946.919179,0.000000
2026-05-21T21:00:00+00:00,7946.919179,7946.919179,0.000000
2026-05-21T22:00:00+00:00,7946.919179,7946.919179,0.000000
2026-05-21T23:00:00+00:00,7946.919179,7946.919179,0.000000
2026-05-22T00:00:00+00:00,7946.919179,7946.919179,0.000000
2026-05-22T01:00:00+00:00,7946.919179,7946.919179,0.000000
2026-05-22T02:00:00+00:00,7946.919179,7946.919179,0.000000
2026-05-22T03:00:00+00:00,7946.919179,7946.919179,0.000000
2026-05-22T04:00:00+00:00,7946.919179,7946.919179,0.000000
2026-05-22T05:00:00+00:00,7946.919179,7946.919179,0.000000
2026-05-22T06:00:00+00:00,7946.919179,7946.919179,0.000000
2026-05-22T07:00:00+00:00,7946.919179,7946.919179,0.000000
2026-05-22T08:00:00+00:00,7946.919179,7946.919179,0.000000
2026-05-22T09:00:00+00:00,7946.919179,7946.919179,0.000000
2026-05-22T10:00:00+00:00,7946.919179,7946.919179,0.000000
2026-05-22T11:00:00+00:00,7946.919179,7946.919179,0.000000
2026-05-22T12:00:00+00:00,7946.919179,7946.919179,0.000000
2026-05-22T13:00:00+00:00,7946.919179,7946.919179,0.000000
2026-05-22T14:00:00+00:00,7946.919179,7946.919179,0.000000
2026-05-22T15:00:00+00:00,7946.919179,7946.919179,0.000000
2026-05-22T16:00:00+00:00,7946.919179,7946.919179,0.000000
2026-05-22T17:00:00+00:00,7946.919179,7946.919179,0.000000
2026-05-22T18:00:00+00:00,7946.919179,7946.919179,0.000000
2026-05-22T19:00:00+00:00,7946.919179,7946.919179,0.000000
2026-05-22T20:00:00+00:00,7946.919179,7946.919179,0.000000
2026-05-22T21:00:00+00:00,7946.919179,7946.919179,0.000000
2026-05-22T22:00:00+00:00,7946.919179,7946.919179,0.000000
2026-05-22T23:00:00+00:00,7946.919179,7946.919179,0.000000
2026-05-23T00:00:00+00:00,7946.919179,7946.919179,0.000000
2026-05-23T01:00:00+00:00,7946.919179,7946.919179,0.000000
2026-05-23T02:00:00+00:00,7946.919179,7946.919179,0.000000
2026-05-23T03:00:00+00:00,7946.919179,7946.919179,0.000000
2026-05-23T04:00:00+00:00,7946.919179,7946.919179,0.000000
2026-05-23T05:00:00+00:00,7946.919179,7946.919179,0.000000
2026-05-23T06:00:00+00:00,7946.919179,7946.919179,0.000000
2026-05-23T07:00:00+00:00,7946.919179,7946.919179,0.000000
2026-05-23T08:00:00+00:00,7946.919179,7946.919179,0.000000
2026-05-23T09:00:00+00:00,7946.919179,7946.919179,0.000000
2026-05-23T10:00:00+00:00,7946.919179,7946.919179,0.000000
2026-05-23T11:00:00+00:00,7946.919179,7946.919179,0.000000
2026-05-23T12:00:00+00:00,7946.919179,7946.919179,0.000000
2026-05-23T13:00:00+00:00,7946.919179,7946.919179,0.000000
2026-05-23T14:00:00+00:00,7946.919179,7946.919179,0.000000
2026-05-23T15:00:00+00:00,7946.919179,7946.919179,0.000000
2026-05-23T16:00:00+00:00,7946.919179,7946.919179,0.000000
2026-05-23T17:00:00+00:00,7946.919179,7946.919179,0.000000
2026-05-23T18:00:00+00:00,7946.919179,7946.919179,0.000000
2026-05-23T19:00:00+00:00,7946.919179,7946.919179,0.000000
2026-05-23T20:00:00+00:00,7946.919179,7946.919179,0.000000
2026-05-23T21:00:00+00:00,7946.919179,7946.919179,0.000000
2026-05-23T22:00:00+00:00,7946.919179,7946.919179,0.000000
2026-05-23T23:00:00+00:00,7946.919179,7946.919179,0.000000
2026-05-24T00:00:00+00:00,7946.919179,7946.919179,0.000000
2026-05-24T01:00:00+00:00,7946.919179,7946.919179,0.000000
2026-05-24T02:00:00+00:00,7941.355541,-5.563638,7946.919179
2026-05-24T03:00:00+00:00,7927.497031,-5.563638,7933.060669
2026-05-24T04:00:00+00:00,7931.804405,-5.563638,7937.368043
2026-05-24T05:00:00+00:00,7931.804405,-5.563638,7937.368043
2026-05-24T06:00:00+00:00,7962.330583,-5.563638,7967.894221
2026-05-24T07:00:00+00:00,7935.737226,-5.563638,7941.300864
2026-05-24T08:00:00+00:00,7932.740791,-5.563638,7938.304429
2026-05-24T09:00:00+00:00,7944.539253,-5.563638,7950.102891
2026-05-24T10:00:00+00:00,7939.857323,-5.563638,7945.420962
2026-05-24T11:00:00+00:00,7953.715834,-5.563638,7959.279472
2026-05-24T12:00:00+00:00,7930.868020,-5.563638,7936.431658
2026-05-24T13:00:00+00:00,7906.422036,7906.422036,0.000000
2026-05-24T14:00:00+00:00,7906.422036,7906.422036,0.000000
2026-05-24T15:00:00+00:00,7900.888331,-2.371136,7906.422036
2026-05-24T16:00:00+00:00,7871.830315,-2.371136,7935.480052
2026-05-24T17:00:00+00:00,7874.849330,-2.371136,7932.461038
2026-05-24T18:00:00+00:00,7885.793258,-2.371136,7921.517110
2026-05-24T19:00:00+00:00,7871.522741,-5.514714,7877.037455
2026-05-24T20:00:00+00:00,7841.139159,-5.514714,7846.653873
2026-05-24T21:00:00+00:00,7773.106724,7773.106724,0.000000
2026-05-24T22:00:00+00:00,7773.106724,7773.106724,0.000000
2026-05-24T23:00:00+00:00,7773.106724,7773.106724,0.000000
2026-05-25T00:00:00+00:00,7773.106724,7773.106724,0.000000
2026-05-25T01:00:00+00:00,7773.106724,7773.106724,0.000000
2026-05-25T02:00:00+00:00,7767.666327,-2.331155,7773.106724
2026-05-25T03:00:00+00:00,7777.858013,-2.331155,7762.915038
2026-05-25T04:00:00+00:00,7740.056121,-2.331155,7800.716930
2026-05-25T05:00:00+00:00,7723.734392,7723.734392,0.000000
2026-05-25T06:00:00+00:00,7723.734392,7723.734392,0.000000
2026-05-25T07:00:00+00:00,7723.734392,7723.734392,0.000000
2026-05-25T08:00:00+00:00,7723.734392,7723.734392,0.000000
2026-05-25T09:00:00+00:00,7723.734392,7723.734392,0.000000
2026-05-25T10:00:00+00:00,7723.734392,7723.734392,0.000000
2026-05-25T11:00:00+00:00,7723.734392,7723.734392,0.000000
2026-05-25T12:00:00+00:00,7723.734392,7723.734392,0.000000
2026-05-25T13:00:00+00:00,7723.734392,7723.734392,0.000000
2026-05-25T14:00:00+00:00,7723.734392,7723.734392,0.000000
2026-05-25T15:00:00+00:00,7723.734392,7723.734392,0.000000
2026-05-25T16:00:00+00:00,7723.734392,7723.734392,0.000000
2026-05-25T17:00:00+00:00,7723.734392,7723.734392,0.000000
2026-05-25T18:00:00+00:00,7723.734392,7723.734392,0.000000
2026-05-25T19:00:00+00:00,7723.734392,7723.734392,0.000000
2026-05-25T20:00:00+00:00,7723.734392,7723.734392,0.000000
2026-05-25T21:00:00+00:00,7718.327006,-5.407386,7723.734392
2026-05-25T22:00:00+00:00,7692.151681,-5.407386,7697.559067
2026-05-25T23:00:00+00:00,7725.282686,-5.407386,7730.690073
2026-05-26T00:00:00+00:00,7621.826363,7621.826363,0.000000
2026-05-26T01:00:00+00:00,7621.826363,7621.826363,0.000000
2026-05-26T02:00:00+00:00,7621.826363,7621.826363,0.000000
2026-05-26T03:00:00+00:00,7621.826363,7621.826363,0.000000
2026-05-26T04:00:00+00:00,7621.826363,7621.826363,0.000000
2026-05-26T05:00:00+00:00,7621.826363,7621.826363,0.000000
2026-05-26T06:00:00+00:00,7621.826363,7621.826363,0.000000
2026-05-26T07:00:00+00:00,7621.826363,7621.826363,0.000000
2026-05-26T08:00:00+00:00,7621.826363,7621.826363,0.000000
2026-05-26T09:00:00+00:00,7621.826363,7621.826363,0.000000
2026-05-26T10:00:00+00:00,7621.826363,7621.826363,0.000000
2026-05-26T11:00:00+00:00,7621.826363,7621.826363,0.000000
2026-05-26T12:00:00+00:00,7621.826363,7621.826363,0.000000
2026-05-26T13:00:00+00:00,7621.826363,7621.826363,0.000000
2026-05-26T14:00:00+00:00,7621.826363,7621.826363,0.000000
2026-05-26T15:00:00+00:00,7621.826363,7621.826363,0.000000
2026-05-26T16:00:00+00:00,7621.826363,7621.826363,0.000000
2026-05-26T17:00:00+00:00,7621.826363,7621.826363,0.000000
2026-05-26T18:00:00+00:00,7621.826363,7621.826363,0.000000
2026-05-26T19:00:00+00:00,7616.491847,-2.285786,7621.826363
2026-05-26T20:00:00+00:00,7601.788186,-2.285786,7636.530024
2026-05-26T21:00:00+00:00,7621.638128,-2.285786,7616.680082
2026-05-26T22:00:00+00:00,7636.341789,-2.285786,7601.976421
2026-05-26T23:00:00+00:00,7619.064987,-2.285786,7619.253222
2026-05-27T00:00:00+00:00,7582.582777,7582.582777,0.000000
2026-05-27T01:00:00+00:00,7582.582777,7582.582777,0.000000
2026-05-27T02:00:00+00:00,7582.582777,7582.582777,0.000000
2026-05-27T03:00:00+00:00,7582.582777,7582.582777,0.000000
2026-05-27T04:00:00+00:00,7582.582777,7582.582777,0.000000
2026-05-27T05:00:00+00:00,7582.582777,7582.582777,0.000000
2026-05-27T06:00:00+00:00,7582.582777,7582.582777,0.000000
2026-05-27T07:00:00+00:00,7582.582777,7582.582777,0.000000
2026-05-27T08:00:00+00:00,7582.582777,7582.582777,0.000000
2026-05-27T09:00:00+00:00,7577.274211,-5.308566,7582.582777
2026-05-27T10:00:00+00:00,7563.801508,-5.308566,7569.110075
2026-05-27T11:00:00+00:00,7566.896589,-5.308566,7572.205155
2026-05-27T12:00:00+00:00,7562.966417,7562.966417,0.000000
2026-05-27T13:00:00+00:00,7562.966417,7562.966417,0.000000
2026-05-27T14:00:00+00:00,7562.966417,7562.966417,0.000000
2026-05-27T15:00:00+00:00,7562.966417,7562.966417,0.000000
2026-05-27T16:00:00+00:00,7562.966417,7562.966417,0.000000
2026-05-27T17:00:00+00:00,7562.966417,7562.966417,0.000000
2026-05-27T18:00:00+00:00,7562.966417,7562.966417,0.000000
2026-05-27T19:00:00+00:00,7562.966417,7562.966417,0.000000
2026-05-27T20:00:00+00:00,7562.966417,7562.966417,0.000000
2026-05-27T21:00:00+00:00,7562.966417,7562.966417,0.000000
2026-05-27T22:00:00+00:00,7562.966417,7562.966417,0.000000
2026-05-27T23:00:00+00:00,7562.966417,7562.966417,0.000000
2026-05-28T00:00:00+00:00,7562.966417,7562.966417,0.000000
2026-05-28T01:00:00+00:00,7562.966417,7562.966417,0.000000
2026-05-28T02:00:00+00:00,7562.966417,7562.966417,0.000000
2026-05-28T03:00:00+00:00,7562.966417,7562.966417,0.000000
2026-05-28T04:00:00+00:00,7562.966417,7562.966417,0.000000
2026-05-28T05:00:00+00:00,7562.966417,7562.966417,0.000000
2026-05-28T06:00:00+00:00,7562.966417,7562.966417,0.000000
2026-05-28T07:00:00+00:00,7562.966417,7562.966417,0.000000
2026-05-28T08:00:00+00:00,7562.966417,7562.966417,0.000000
2026-05-28T09:00:00+00:00,7557.673097,-2.268134,7562.966417
2026-05-28T10:00:00+00:00,7572.282942,-2.268134,7548.356573
2026-05-28T11:00:00+00:00,7573.990586,-2.268134,7546.648928
2026-05-28T12:00:00+00:00,7565.072889,-2.268134,7555.566626
2026-05-28T13:00:00+00:00,7562.837883,7562.837883,0.000000
2026-05-28T14:00:00+00:00,7562.837883,7562.837883,0.000000
2026-05-28T15:00:00+00:00,7562.837883,7562.837883,0.000000
2026-05-28T16:00:00+00:00,7562.837883,7562.837883,0.000000
2026-05-28T17:00:00+00:00,7562.837883,7562.837883,0.000000
2026-05-28T18:00:00+00:00,7562.837883,7562.837883,0.000000
2026-05-28T19:00:00+00:00,7557.543140,-5.294743,7562.837883
2026-05-28T20:00:00+00:00,7555.289780,-5.294743,7560.584523
2026-05-28T21:00:00+00:00,7577.635595,-5.294743,7582.930338
2026-05-28T22:00:00+00:00,7528.274432,7528.274432,0.000000
2026-05-28T23:00:00+00:00,7523.005393,-2.257730,7528.274432
2026-05-29T00:00:00+00:00,7512.513024,-2.257730,7538.766800
2026-05-29T01:00:00+00:00,7529.188395,-2.257730,7522.091429
2026-05-29T02:00:00+00:00,7561.977047,-2.257730,7489.302777
2026-05-29T03:00:00+00:00,7548.674223,-2.257730,7502.605602
2026-05-29T04:00:00+00:00,7527.876849,-2.257730,7523.402975
2026-05-29T05:00:00+00:00,7505.282186,7505.282186,0.000000
2026-05-29T06:00:00+00:00,7505.282186,7505.282186,0.000000
2026-05-29T07:00:00+00:00,7500.027738,-5.254448,7505.282186
2026-05-29T08:00:00+00:00,7495.539381,-5.254448,7500.793829
2026-05-29T09:00:00+00:00,7527.144900,-5.254448,7532.399348
2026-05-29T10:00:00+00:00,7513.118782,-5.254448,7518.373230
2026-05-29T11:00:00+00:00,7489.902705,-2.247795,7495.148559
2026-05-29T12:00:00+00:00,7519.783200,-2.247795,7465.268065
2026-05-29T13:00:00+00:00,7498.685095,7498.685095,0.000000
2026-05-29T14:00:00+00:00,7498.685095,7498.685095,0.000000
2026-05-29T15:00:00+00:00,7498.685095,7498.685095,0.000000
2026-05-29T16:00:00+00:00,7498.685095,7498.685095,0.000000
2026-05-29T17:00:00+00:00,7498.685095,7498.685095,0.000000
2026-05-29T18:00:00+00:00,7498.685095,7498.685095,0.000000
2026-05-29T19:00:00+00:00,7498.685095,7498.685095,0.000000
2026-05-29T20:00:00+00:00,7493.435265,-5.249829,7498.685095
2026-05-29T21:00:00+00:00,7451.271595,7451.271595,0.000000
2026-05-29T22:00:00+00:00,7451.271595,7451.271595,0.000000
2026-05-29T23:00:00+00:00,7451.271595,7451.271595,0.000000
2026-05-30T00:00:00+00:00,7451.271595,7451.271595,0.000000
2026-05-30T01:00:00+00:00,7451.271595,7451.271595,0.000000
2026-05-30T02:00:00+00:00,7451.271595,7451.271595,0.000000
2026-05-30T03:00:00+00:00,7451.271595,7451.271595,0.000000
2026-05-30T04:00:00+00:00,7451.271595,7451.271595,0.000000
2026-05-30T05:00:00+00:00,7451.271595,7451.271595,0.000000
2026-05-30T06:00:00+00:00,7451.271595,7451.271595,0.000000
2026-05-30T07:00:00+00:00,7451.271595,7451.271595,0.000000
2026-05-30T08:00:00+00:00,7446.056450,-2.234636,7451.271595
2026-05-30T09:00:00+00:00,7426.378387,-5.202850,7431.581237
2026-05-30T10:00:00+00:00,7431.170815,-5.202850,7436.373665
2026-05-30T11:00:00+00:00,7428.958925,-5.202850,7434.161775
2026-05-30T12:00:00+00:00,7437.806484,-5.202850,7443.009334
2026-05-30T13:00:00+00:00,7441.124319,-5.202850,7446.327169
2026-05-30T14:00:00+00:00,7463.427542,-5.202850,7468.630392
2026-05-30T15:00:00+00:00,7463.611866,-5.202850,7468.814716
2026-05-30T16:00:00+00:00,7464.902135,-5.202850,7470.104985
2026-05-30T17:00:00+00:00,7465.086459,-5.202850,7470.289309
2026-05-30T18:00:00+00:00,7466.561052,-5.202850,7471.763902
2026-05-30T19:00:00+00:00,7470.800508,-5.202850,7476.003358
2026-05-30T20:00:00+00:00,7464.533487,-5.202850,7469.736337
2026-05-30T21:00:00+00:00,7469.141591,-5.202850,7474.344441
2026-05-30T22:00:00+00:00,7451.077823,-5.202850,7456.280673
2026-05-30T23:00:00+00:00,7446.654044,-5.202850,7451.856894
2026-05-31T00:00:00+00:00,7463.427542,-5.202850,7468.630392
2026-05-31T01:00:00+00:00,7472.643749,-5.202850,7477.846599
2026-05-31T02:00:00+00:00,7491.629137,-5.202850,7496.831987
2026-05-31T03:00:00+00:00,7488.126978,-5.202850,7493.329828
2026-05-31T04:00:00+00:00,7489.417247,-5.202850,7494.620097
2026-05-31T05:00:00+00:00,7475.592936,-5.202850,7480.795786
2026-05-31T06:00:00+00:00,7474.671315,-5.202850,7479.874165
2026-05-31T07:00:00+00:00,7452.921065,-5.202850,7458.123915
2026-05-31T08:00:00+00:00,7466.745377,-5.202850,7471.948227
2026-05-31T09:00:00+00:00,7441.798038,7441.798038,0.000000
2026-05-31T10:00:00+00:00,7441.798038,7441.798038,0.000000
2026-05-31T11:00:00+00:00,7441.798038,7441.798038,0.000000
2026-05-31T12:00:00+00:00,7441.798038,7441.798038,0.000000
2026-05-31T13:00:00+00:00,7441.798038,7441.798038,0.000000
2026-05-31T14:00:00+00:00,7441.798038,7441.798038,0.000000
2026-05-31T15:00:00+00:00,7441.798038,7441.798038,0.000000
2026-05-31T16:00:00+00:00,7441.798038,7441.798038,0.000000
2026-05-31T17:00:00+00:00,7441.798038,7441.798038,0.000000
2026-05-31T18:00:00+00:00,7441.798038,7441.798038,0.000000
2026-05-31T19:00:00+00:00,7441.798038,7441.798038,0.000000
2026-05-31T20:00:00+00:00,7441.798038,7441.798038,0.000000
2026-05-31T21:00:00+00:00,7441.798038,7441.798038,0.000000
2026-05-31T22:00:00+00:00,7441.798038,7441.798038,0.000000
2026-05-31T23:00:00+00:00,7441.798038,7441.798038,0.000000
2026-06-01T00:00:00+00:00,7436.589524,-2.231795,7441.798038
2026-06-01T01:00:00+00:00,7452.837904,7452.837904,0.000000
2026-06-01T02:00:00+00:00,7452.837904,7452.837904,0.000000
2026-06-01T03:00:00+00:00,7452.837904,7452.837904,0.000000
2026-06-01T04:00:00+00:00,7452.837904,7452.837904,0.000000
2026-06-01T05:00:00+00:00,7452.837904,7452.837904,0.000000
2026-06-01T06:00:00+00:00,7452.837904,7452.837904,0.000000
2026-06-01T07:00:00+00:00,7452.837904,7452.837904,0.000000
2026-06-01T08:00:00+00:00,7452.837904,7452.837904,0.000000
2026-06-01T09:00:00+00:00,7452.837904,7452.837904,0.000000
2026-06-01T10:00:00+00:00,7452.837904,7452.837904,0.000000
2026-06-01T11:00:00+00:00,7452.837904,7452.837904,0.000000
2026-06-01T12:00:00+00:00,7452.837904,7452.837904,0.000000
2026-06-01T13:00:00+00:00,7452.837904,7452.837904,0.000000
2026-06-01T14:00:00+00:00,7452.837904,7452.837904,0.000000
2026-06-01T15:00:00+00:00,7452.837904,7452.837904,0.000000
2026-06-01T16:00:00+00:00,7452.837904,7452.837904,0.000000
2026-06-01T17:00:00+00:00,7452.837904,7452.837904,0.000000
2026-06-01T18:00:00+00:00,7452.837904,7452.837904,0.000000
2026-06-01T19:00:00+00:00,7452.837904,7452.837904,0.000000
2026-06-01T20:00:00+00:00,7452.837904,7452.837904,0.000000
2026-06-01T21:00:00+00:00,7452.837904,7452.837904,0.000000
2026-06-01T22:00:00+00:00,7452.837904,7452.837904,0.000000
2026-06-01T23:00:00+00:00,7452.837904,7452.837904,0.000000
2026-06-02T00:00:00+00:00,7452.837904,7452.837904,0.000000
2026-06-02T01:00:00+00:00,7452.837904,7452.837904,0.000000
2026-06-02T02:00:00+00:00,7452.837904,7452.837904,0.000000
2026-06-02T03:00:00+00:00,7452.837904,7452.837904,0.000000
2026-06-02T04:00:00+00:00,7452.837904,7452.837904,0.000000
2026-06-02T05:00:00+00:00,7452.837904,7452.837904,0.000000
2026-06-02T06:00:00+00:00,7452.837904,7452.837904,0.000000
2026-06-02T07:00:00+00:00,7447.620172,-5.217732,7452.837904
2026-06-02T08:00:00+00:00,7439.155099,-5.217732,7444.372831
2026-06-02T09:00:00+00:00,7410.794539,7410.794539,0.000000
2026-06-02T10:00:00+00:00,7410.794539,7410.794539,0.000000
2026-06-02T11:00:00+00:00,7410.794539,7410.794539,0.000000
2026-06-02T12:00:00+00:00,7410.794539,7410.794539,0.000000
2026-06-02T13:00:00+00:00,7410.794539,7410.794539,0.000000
2026-06-02T14:00:00+00:00,7410.794539,7410.794539,0.000000
2026-06-02T15:00:00+00:00,7410.794539,7410.794539,0.000000
2026-06-02T16:00:00+00:00,7410.794539,7410.794539,0.000000
2026-06-02T17:00:00+00:00,7410.794539,7410.794539,0.000000
2026-06-02T18:00:00+00:00,7410.794539,7410.794539,0.000000
2026-06-02T19:00:00+00:00,7410.794539,7410.794539,0.000000
2026-06-02T20:00:00+00:00,7410.794539,7410.794539,0.000000
2026-06-02T21:00:00+00:00,7410.794539,7410.794539,0.000000
2026-06-02T22:00:00+00:00,7410.794539,7410.794539,0.000000
2026-06-02T23:00:00+00:00,7410.794539,7410.794539,0.000000
2026-06-03T00:00:00+00:00,7410.794539,7410.794539,0.000000
2026-06-03T01:00:00+00:00,7410.794539,7410.794539,0.000000
2026-06-03T02:00:00+00:00,7410.794539,7410.794539,0.000000
2026-06-03T03:00:00+00:00,7410.794539,7410.794539,0.000000
2026-06-03T04:00:00+00:00,7410.794539,7410.794539,0.000000
2026-06-03T05:00:00+00:00,7410.794539,7410.794539,0.000000
2026-06-03T06:00:00+00:00,7410.794539,7410.794539,0.000000
2026-06-03T07:00:00+00:00,7410.794539,7410.794539,0.000000
2026-06-03T08:00:00+00:00,7405.607724,-2.222497,7410.794539
2026-06-03T09:00:00+00:00,7381.662049,7381.662049,0.000000
2026-06-03T10:00:00+00:00,7381.662049,7381.662049,0.000000
2026-06-03T11:00:00+00:00,7381.662049,7381.662049,0.000000
2026-06-03T12:00:00+00:00,7381.662049,7381.662049,0.000000
2026-06-03T13:00:00+00:00,7381.662049,7381.662049,0.000000
2026-06-03T14:00:00+00:00,7381.662049,7381.662049,0.000000
2026-06-03T15:00:00+00:00,7381.662049,7381.662049,0.000000
2026-06-03T16:00:00+00:00,7381.662049,7381.662049,0.000000
2026-06-03T17:00:00+00:00,7381.662049,7381.662049,0.000000
2026-06-03T18:00:00+00:00,7381.662049,7381.662049,0.000000
2026-06-03T19:00:00+00:00,7381.662049,7381.662049,0.000000
2026-06-03T20:00:00+00:00,7381.662049,7381.662049,0.000000
2026-06-03T21:00:00+00:00,7381.662049,7381.662049,0.000000
2026-06-03T22:00:00+00:00,7381.662049,7381.662049,0.000000
2026-06-03T23:00:00+00:00,7381.662049,7381.662049,0.000000
2026-06-04T00:00:00+00:00,7381.662049,7381.662049,0.000000
2026-06-04T01:00:00+00:00,7381.662049,7381.662049,0.000000
2026-06-04T02:00:00+00:00,7381.662049,7381.662049,0.000000
2026-06-04T03:00:00+00:00,7381.662049,7381.662049,0.000000
2026-06-04T04:00:00+00:00,7381.662049,7381.662049,0.000000
2026-06-04T05:00:00+00:00,7381.662049,7381.662049,0.000000
2026-06-04T06:00:00+00:00,7381.662049,7381.662049,0.000000
2026-06-04T07:00:00+00:00,7381.662049,7381.662049,0.000000
2026-06-04T08:00:00+00:00,7381.662049,7381.662049,0.000000
2026-06-04T09:00:00+00:00,7381.662049,7381.662049,0.000000
2026-06-04T10:00:00+00:00,7381.662049,7381.662049,0.000000
2026-06-04T11:00:00+00:00,7381.662049,7381.662049,0.000000
2026-06-04T12:00:00+00:00,7381.662049,7381.662049,0.000000
2026-06-04T13:00:00+00:00,7381.662049,7381.662049,0.000000
2026-06-04T14:00:00+00:00,7381.662049,7381.662049,0.000000
2026-06-04T15:00:00+00:00,7376.494147,-5.167902,7381.662049
2026-06-04T16:00:00+00:00,7330.033136,7330.033136,0.000000
2026-06-04T17:00:00+00:00,7330.033136,7330.033136,0.000000
2026-06-04T18:00:00+00:00,7330.033136,7330.033136,0.000000
2026-06-04T19:00:00+00:00,7324.902846,-2.198277,7330.033136
2026-06-04T20:00:00+00:00,7332.950571,-2.198277,7321.985411
2026-06-04T21:00:00+00:00,7344.765413,7344.765413,0.000000
2026-06-04T22:00:00+00:00,7344.765413,7344.765413,0.000000
2026-06-04T23:00:00+00:00,7344.765413,7344.765413,0.000000
2026-06-05T00:00:00+00:00,7344.765413,7344.765413,0.000000
2026-06-05T01:00:00+00:00,7344.765413,7344.765413,0.000000
2026-06-05T02:00:00+00:00,7344.765413,7344.765413,0.000000
2026-06-05T03:00:00+00:00,7344.765413,7344.765413,0.000000
2026-06-05T04:00:00+00:00,7344.765413,7344.765413,0.000000
2026-06-05T05:00:00+00:00,7344.765413,7344.765413,0.000000
2026-06-05T06:00:00+00:00,7344.765413,7344.765413,0.000000
2026-06-05T07:00:00+00:00,7344.765413,7344.765413,0.000000
2026-06-05T08:00:00+00:00,7344.765413,7344.765413,0.000000
2026-06-05T09:00:00+00:00,7344.765413,7344.765413,0.000000
2026-06-05T10:00:00+00:00,7344.765413,7344.765413,0.000000
2026-06-05T11:00:00+00:00,7344.765413,7344.765413,0.000000
2026-06-05T12:00:00+00:00,7344.765413,7344.765413,0.000000
2026-06-05T13:00:00+00:00,7344.765413,7344.765413,0.000000
2026-06-05T14:00:00+00:00,7344.765413,7344.765413,0.000000
2026-06-05T15:00:00+00:00,7344.765413,7344.765413,0.000000
2026-06-05T16:00:00+00:00,7344.765413,7344.765413,0.000000
2026-06-05T17:00:00+00:00,7344.765413,7344.765413,0.000000
2026-06-05T18:00:00+00:00,7344.765413,7344.765413,0.000000
2026-06-05T19:00:00+00:00,7344.765413,7344.765413,0.000000
2026-06-05T20:00:00+00:00,7344.765413,7344.765413,0.000000
2026-06-05T21:00:00+00:00,7344.765413,7344.765413,0.000000
2026-06-05T22:00:00+00:00,7344.765413,7344.765413,0.000000
2026-06-05T23:00:00+00:00,7344.765413,7344.765413,0.000000
2026-06-06T00:00:00+00:00,7344.765413,7344.765413,0.000000
2026-06-06T01:00:00+00:00,7344.765413,7344.765413,0.000000
2026-06-06T02:00:00+00:00,7344.765413,7344.765413,0.000000
2026-06-06T03:00:00+00:00,7344.765413,7344.765413,0.000000
2026-06-06T04:00:00+00:00,7344.765413,7344.765413,0.000000
2026-06-06T05:00:00+00:00,7344.765413,7344.765413,0.000000
2026-06-06T06:00:00+00:00,7344.765413,7344.765413,0.000000
2026-06-06T07:00:00+00:00,7344.765413,7344.765413,0.000000
2026-06-06T08:00:00+00:00,7344.765413,7344.765413,0.000000
2026-06-06T09:00:00+00:00,7344.765413,7344.765413,0.000000
2026-06-06T10:00:00+00:00,7344.765413,7344.765413,0.000000
2026-06-06T11:00:00+00:00,7344.765413,7344.765413,0.000000
2026-06-06T12:00:00+00:00,7344.765413,7344.765413,0.000000
2026-06-06T13:00:00+00:00,7344.765413,7344.765413,0.000000
2026-06-06T14:00:00+00:00,7344.765413,7344.765413,0.000000
2026-06-06T15:00:00+00:00,7344.765413,7344.765413,0.000000
2026-06-06T16:00:00+00:00,7344.765413,7344.765413,0.000000
2026-06-06T17:00:00+00:00,7344.765413,7344.765413,0.000000
2026-06-06T18:00:00+00:00,7344.765413,7344.765413,0.000000
2026-06-06T19:00:00+00:00,7344.765413,7344.765413,0.000000
2026-06-06T20:00:00+00:00,7344.765413,7344.765413,0.000000
2026-06-06T21:00:00+00:00,7344.765413,7344.765413,0.000000
2026-06-06T22:00:00+00:00,7344.765413,7344.765413,0.000000
2026-06-06T23:00:00+00:00,7344.765413,7344.765413,0.000000
2026-06-07T00:00:00+00:00,7344.765413,7344.765413,0.000000
2026-06-07T01:00:00+00:00,7344.765413,7344.765413,0.000000
2026-06-07T02:00:00+00:00,7344.765413,7344.765413,0.000000
2026-06-07T03:00:00+00:00,7344.765413,7344.765413,0.000000
2026-06-07T04:00:00+00:00,7344.765413,7344.765413,0.000000
2026-06-07T05:00:00+00:00,7344.765413,7344.765413,0.000000
2026-06-07T06:00:00+00:00,7344.765413,7344.765413,0.000000
2026-06-07T07:00:00+00:00,7344.765413,7344.765413,0.000000
2026-06-07T08:00:00+00:00,7344.765413,7344.765413,0.000000
2026-06-07T09:00:00+00:00,7344.765413,7344.765413,0.000000
2026-06-07T10:00:00+00:00,7344.765413,7344.765413,0.000000
2026-06-07T11:00:00+00:00,7344.765413,7344.765413,0.000000
2026-06-07T12:00:00+00:00,7344.765413,7344.765413,0.000000
2026-06-07T13:00:00+00:00,7344.765413,7344.765413,0.000000
2026-06-07T14:00:00+00:00,7339.623343,-5.142070,7344.765413
2026-06-07T15:00:00+00:00,7312.231805,7312.231805,0.000000
2026-06-07T16:00:00+00:00,7312.231805,7312.231805,0.000000
2026-06-07T17:00:00+00:00,7312.231805,7312.231805,0.000000
2026-06-07T18:00:00+00:00,7312.231805,7312.231805,0.000000
2026-06-07T19:00:00+00:00,7312.231805,7312.231805,0.000000
2026-06-07T20:00:00+00:00,7312.231805,7312.231805,0.000000
2026-06-07T21:00:00+00:00,7312.231805,7312.231805,0.000000
2026-06-07T22:00:00+00:00,7312.231805,7312.231805,0.000000
2026-06-07T23:00:00+00:00,7312.231805,7312.231805,0.000000
2026-06-08T00:00:00+00:00,7307.113974,-2.192938,7312.231805
2026-06-08T01:00:00+00:00,7358.656604,7358.656604,0.000000
2026-06-08T02:00:00+00:00,7358.656604,7358.656604,0.000000
2026-06-08T03:00:00+00:00,7353.504808,-5.151795,7358.656604
2026-06-08T04:00:00+00:00,7261.565462,7261.565462,0.000000
2026-06-08T05:00:00+00:00,7261.565462,7261.565462,0.000000
2026-06-08T06:00:00+00:00,7261.565462,7261.565462,0.000000
2026-06-08T07:00:00+00:00,7261.565462,7261.565462,0.000000
2026-06-08T08:00:00+00:00,7261.565462,7261.565462,0.000000
2026-06-08T09:00:00+00:00,7261.565462,7261.565462,0.000000
2026-06-08T10:00:00+00:00,7261.565462,7261.565462,0.000000
2026-06-08T11:00:00+00:00,7261.565462,7261.565462,0.000000
2026-06-08T12:00:00+00:00,7261.565462,7261.565462,0.000000
2026-06-08T13:00:00+00:00,7261.565462,7261.565462,0.000000
2026-06-08T14:00:00+00:00,7261.565462,7261.565462,0.000000
2026-06-08T15:00:00+00:00,7261.565462,7261.565462,0.000000
2026-06-08T16:00:00+00:00,7261.565462,7261.565462,0.000000
2026-06-08T17:00:00+00:00,7261.565462,7261.565462,0.000000
2026-06-08T18:00:00+00:00,7261.565462,7261.565462,0.000000
2026-06-08T19:00:00+00:00,7261.565462,7261.565462,0.000000
2026-06-08T20:00:00+00:00,7256.483093,-2.177743,7261.565462
2026-06-08T21:00:00+00:00,7165.670249,7165.670249,0.000000
2026-06-08T22:00:00+00:00,7165.670249,7165.670249,0.000000
2026-06-08T23:00:00+00:00,7165.670249,7165.670249,0.000000
2026-06-09T00:00:00+00:00,7165.670249,7165.670249,0.000000
2026-06-09T01:00:00+00:00,7165.670249,7165.670249,0.000000
2026-06-09T02:00:00+00:00,7165.670249,7165.670249,0.000000
2026-06-09T03:00:00+00:00,7165.670249,7165.670249,0.000000
2026-06-09T04:00:00+00:00,7160.653563,-5.016686,7165.670249
2026-06-09T05:00:00+00:00,7135.857885,7135.857885,0.000000
2026-06-09T06:00:00+00:00,7135.857885,7135.857885,0.000000
2026-06-09T07:00:00+00:00,7135.857885,7135.857885,0.000000
2026-06-09T08:00:00+00:00,7135.857885,7135.857885,0.000000
2026-06-09T09:00:00+00:00,7135.857885,7135.857885,0.000000
2026-06-09T10:00:00+00:00,7135.857885,7135.857885,0.000000
2026-06-09T11:00:00+00:00,7135.857885,7135.857885,0.000000
2026-06-09T12:00:00+00:00,7135.857885,7135.857885,0.000000
2026-06-09T13:00:00+00:00,7135.857885,7135.857885,0.000000
2026-06-09T14:00:00+00:00,7135.857885,7135.857885,0.000000
2026-06-09T15:00:00+00:00,7135.857885,7135.857885,0.000000
2026-06-09T16:00:00+00:00,7135.857885,7135.857885,0.000000
2026-06-09T17:00:00+00:00,7135.857885,7135.857885,0.000000
2026-06-09T18:00:00+00:00,7135.857885,7135.857885,0.000000
2026-06-09T19:00:00+00:00,7135.857885,7135.857885,0.000000
2026-06-09T20:00:00+00:00,7135.857885,7135.857885,0.000000
2026-06-09T21:00:00+00:00,7130.863498,-2.140044,7135.857885
2026-06-09T22:00:00+00:00,7115.874905,7115.874905,0.000000
2026-06-09T23:00:00+00:00,7115.874905,7115.874905,0.000000
2026-06-10T00:00:00+00:00,7115.874905,7115.874905,0.000000
2026-06-10T01:00:00+00:00,7115.874905,7115.874905,0.000000
2026-06-10T02:00:00+00:00,7115.874905,7115.874905,0.000000
2026-06-10T03:00:00+00:00,7115.874905,7115.874905,0.000000
2026-06-10T04:00:00+00:00,7115.874905,7115.874905,0.000000
2026-06-10T05:00:00+00:00,7115.874905,7115.874905,0.000000
2026-06-10T06:00:00+00:00,7115.874905,7115.874905,0.000000
2026-06-10T07:00:00+00:00,7115.874905,7115.874905,0.000000
2026-06-10T08:00:00+00:00,7115.874905,7115.874905,0.000000
2026-06-10T09:00:00+00:00,7115.874905,7115.874905,0.000000
2026-06-10T10:00:00+00:00,7115.874905,7115.874905,0.000000
2026-06-10T11:00:00+00:00,7115.874905,7115.874905,0.000000
2026-06-10T12:00:00+00:00,7115.874905,7115.874905,0.000000
2026-06-10T13:00:00+00:00,7115.874905,7115.874905,0.000000
2026-06-10T14:00:00+00:00,7115.874905,7115.874905,0.000000
2026-06-10T15:00:00+00:00,7115.874905,7115.874905,0.000000
2026-06-10T16:00:00+00:00,7115.874905,7115.874905,0.000000
2026-06-10T17:00:00+00:00,7115.874905,7115.874905,0.000000
2026-06-10T18:00:00+00:00,7110.893081,-4.981824,7115.874905
2026-06-10T19:00:00+00:00,7106.964191,-4.981824,7111.946015
2026-06-10T20:00:00+00:00,7072.610286,7072.610286,0.000000
2026-06-10T21:00:00+00:00,7072.610286,7072.610286,0.000000
2026-06-10T22:00:00+00:00,7072.610286,7072.610286,0.000000
2026-06-10T23:00:00+00:00,7072.610286,7072.610286,0.000000
2026-06-11T00:00:00+00:00,7072.610286,7072.610286,0.000000
2026-06-11T01:00:00+00:00,7072.610286,7072.610286,0.000000
2026-06-11T02:00:00+00:00,7067.660166,-2.121076,7072.610286
2026-06-11T03:00:00+00:00,6979.210388,6979.210388,0.000000
2026-06-11T04:00:00+00:00,6979.210388,6979.210388,0.000000
2026-06-11T05:00:00+00:00,6979.210388,6979.210388,0.000000
2026-06-11T06:00:00+00:00,6979.210388,6979.210388,0.000000
2026-06-11T07:00:00+00:00,6979.210388,6979.210388,0.000000
2026-06-11T08:00:00+00:00,6979.210388,6979.210388,0.000000
2026-06-11T09:00:00+00:00,6979.210388,6979.210388,0.000000
2026-06-11T10:00:00+00:00,6979.210388,6979.210388,0.000000
2026-06-11T11:00:00+00:00,6979.210388,6979.210388,0.000000
2026-06-11T12:00:00+00:00,6979.210388,6979.210388,0.000000
2026-06-11T13:00:00+00:00,6979.210388,6979.210388,0.000000
2026-06-11T14:00:00+00:00,6979.210388,6979.210388,0.000000
2026-06-11T15:00:00+00:00,6979.210388,6979.210388,0.000000
2026-06-11T16:00:00+00:00,6974.324243,-4.886145,6979.210388
2026-06-11T17:00:00+00:00,7143.094584,7143.094584,0.000000
2026-06-11T18:00:00+00:00,7143.094584,7143.094584,0.000000
2026-06-11T19:00:00+00:00,7143.094584,7143.094584,0.000000
2026-06-11T20:00:00+00:00,7143.094584,7143.094584,0.000000
2026-06-11T21:00:00+00:00,7143.094584,7143.094584,0.000000
2026-06-11T22:00:00+00:00,7143.094584,7143.094584,0.000000
2026-06-11T23:00:00+00:00,7143.094584,7143.094584,0.000000
2026-06-12T00:00:00+00:00,7143.094584,7143.094584,0.000000
2026-06-12T01:00:00+00:00,7143.094584,7143.094584,0.000000
2026-06-12T02:00:00+00:00,7143.094584,7143.094584,0.000000
2026-06-12T03:00:00+00:00,7143.094584,7143.094584,0.000000
2026-06-12T04:00:00+00:00,7143.094584,7143.094584,0.000000
2026-06-12T05:00:00+00:00,7143.094584,7143.094584,0.000000
2026-06-12T06:00:00+00:00,7143.094584,7143.094584,0.000000
2026-06-12T07:00:00+00:00,7143.094584,7143.094584,0.000000
2026-06-12T08:00:00+00:00,7143.094584,7143.094584,0.000000
2026-06-12T09:00:00+00:00,7143.094584,7143.094584,0.000000
2026-06-12T10:00:00+00:00,7143.094584,7143.094584,0.000000
2026-06-12T11:00:00+00:00,7143.094584,7143.094584,0.000000
2026-06-12T12:00:00+00:00,7143.094584,7143.094584,0.000000
2026-06-12T13:00:00+00:00,7143.094584,7143.094584,0.000000
2026-06-12T14:00:00+00:00,7143.094584,7143.094584,0.000000
2026-06-12T15:00:00+00:00,7143.094584,7143.094584,0.000000
2026-06-12T16:00:00+00:00,7143.094584,7143.094584,0.000000
2026-06-12T17:00:00+00:00,7143.094584,7143.094584,0.000000
2026-06-12T18:00:00+00:00,7143.094584,7143.094584,0.000000
2026-06-12T19:00:00+00:00,7143.094584,7143.094584,0.000000
2026-06-12T20:00:00+00:00,7138.095132,-2.142214,7143.094584
2026-06-12T21:00:00+00:00,7141.743401,-2.142214,7139.446316
2026-06-12T22:00:00+00:00,7148.181521,-2.142214,7133.008196
2026-06-12T23:00:00+00:00,7132.515428,-2.142214,7148.674289
2026-06-13T00:00:00+00:00,7127.794140,-2.142214,7153.395577
2026-06-13T01:00:00+00:00,7102.319108,7102.319108,0.000000
2026-06-13T02:00:00+00:00,7102.319108,7102.319108,0.000000
2026-06-13T03:00:00+00:00,7102.319108,7102.319108,0.000000
2026-06-13T04:00:00+00:00,7097.346774,-4.972334,7102.319108
2026-06-13T05:00:00+00:00,7101.188981,-4.972334,7106.161314
2026-06-13T06:00:00+00:00,7110.646046,-2.133976,7115.626273
2026-06-13T07:00:00+00:00,7083.361876,-2.133976,7142.910443
2026-06-13T08:00:00+00:00,7091.035549,-2.133976,7135.236770
2026-06-13T09:00:00+00:00,7094.019755,-2.133976,7132.252564
2026-06-13T10:00:00+00:00,7082.358178,-4.961833,7087.320010
2026-06-13T11:00:00+00:00,7100.146360,-4.961833,7105.108192
2026-06-13T12:00:00+00:00,7109.675743,-4.961833,7114.637576
2026-06-13T13:00:00+00:00,7098.452247,-4.961833,7103.414080
2026-06-13T14:00:00+00:00,7106.922810,-4.961833,7111.884643
2026-06-13T15:00:00+00:00,7116.240429,-4.961833,7121.202262
2026-06-13T16:00:00+00:00,7072.799773,7072.799773,0.000000
2026-06-13T17:00:00+00:00,7072.799773,7072.799773,0.000000
2026-06-13T18:00:00+00:00,7072.799773,7072.799773,0.000000
2026-06-13T19:00:00+00:00,7072.799773,7072.799773,0.000000
2026-06-13T20:00:00+00:00,7072.799773,7072.799773,0.000000
2026-06-13T21:00:00+00:00,7072.799773,7072.799773,0.000000
2026-06-13T22:00:00+00:00,7072.799773,7072.799773,0.000000
2026-06-13T23:00:00+00:00,7072.799773,7072.799773,0.000000
2026-06-14T00:00:00+00:00,7072.799773,7072.799773,0.000000
2026-06-14T01:00:00+00:00,7072.799773,7072.799773,0.000000
2026-06-14T02:00:00+00:00,7072.799773,7072.799773,0.000000
2026-06-14T03:00:00+00:00,7072.799773,7072.799773,0.000000
2026-06-14T04:00:00+00:00,7072.799773,7072.799773,0.000000
2026-06-14T05:00:00+00:00,7072.799773,7072.799773,0.000000
2026-06-14T06:00:00+00:00,7072.799773,7072.799773,0.000000
2026-06-14T07:00:00+00:00,7072.799773,7072.799773,0.000000
2026-06-14T08:00:00+00:00,7072.799773,7072.799773,0.000000
2026-06-14T09:00:00+00:00,7072.799773,7072.799773,0.000000
2026-06-14T10:00:00+00:00,7072.799773,7072.799773,0.000000
2026-06-14T11:00:00+00:00,7072.799773,7072.799773,0.000000
2026-06-14T12:00:00+00:00,7072.799773,7072.799773,0.000000
2026-06-14T13:00:00+00:00,7072.799773,7072.799773,0.000000
2026-06-14T14:00:00+00:00,7072.799773,7072.799773,0.000000
2026-06-14T15:00:00+00:00,7072.799773,7072.799773,0.000000
2026-06-14T16:00:00+00:00,7072.799773,7072.799773,0.000000
2026-06-14T17:00:00+00:00,7072.799773,7072.799773,0.000000
2026-06-14T18:00:00+00:00,7072.799773,7072.799773,0.000000
2026-06-14T19:00:00+00:00,7067.849520,-2.121133,7072.799773
2026-06-14T20:00:00+00:00,7046.818488,-2.121133,7093.830805
2026-06-14T21:00:00+00:00,6979.397373,6979.397373,0.000000
2026-06-14T22:00:00+00:00,6979.397373,6979.397373,0.000000
2026-06-14T23:00:00+00:00,6979.397373,6979.397373,0.000000
2026-06-15T00:00:00+00:00,6979.397373,6979.397373,0.000000
2026-06-15T01:00:00+00:00,6979.397373,6979.397373,0.000000
2026-06-15T02:00:00+00:00,6974.511097,-4.886276,6979.397373
2026-06-15T03:00:00+00:00,6991.595529,-4.886276,6996.481805
2026-06-15T04:00:00+00:00,6976.748344,-4.886276,6981.634620
2026-06-15T05:00:00+00:00,6990.985371,-4.886276,6995.871647
2026-06-15T06:00:00+00:00,6987.934579,-4.886276,6992.820855
2026-06-15T07:00:00+00:00,6974.307711,-4.886276,6979.193987
2026-06-15T08:00:00+00:00,6989.968440,-4.886276,6994.854716
2026-06-15T09:00:00+00:00,6955.766619,6955.766619,0.000000
2026-06-15T10:00:00+00:00,6955.766619,6955.766619,0.000000
2026-06-15T11:00:00+00:00,6955.766619,6955.766619,0.000000
2026-06-15T12:00:00+00:00,6955.766619,6955.766619,0.000000
2026-06-15T13:00:00+00:00,6955.766619,6955.766619,0.000000
2026-06-15T14:00:00+00:00,6955.766619,6955.766619,0.000000
2026-06-15T15:00:00+00:00,6955.766619,6955.766619,0.000000
2026-06-15T16:00:00+00:00,6955.766619,6955.766619,0.000000
2026-06-15T17:00:00+00:00,6955.766619,6955.766619,0.000000
2026-06-15T18:00:00+00:00,6955.766619,6955.766619,0.000000
2026-06-15T19:00:00+00:00,6955.766619,6955.766619,0.000000
2026-06-15T20:00:00+00:00,6955.766619,6955.766619,0.000000
2026-06-15T21:00:00+00:00,6955.766619,6955.766619,0.000000
2026-06-15T22:00:00+00:00,6955.766619,6955.766619,0.000000
2026-06-15T23:00:00+00:00,6955.766619,6955.766619,0.000000
2026-06-16T00:00:00+00:00,6955.766619,6955.766619,0.000000
2026-06-16T01:00:00+00:00,6955.766619,6955.766619,0.000000
2026-06-16T02:00:00+00:00,6955.766619,6955.766619,0.000000
2026-06-16T03:00:00+00:00,6955.766619,6955.766619,0.000000
2026-06-16T04:00:00+00:00,6955.766619,6955.766619,0.000000
2026-06-16T05:00:00+00:00,6955.766619,6955.766619,0.000000
2026-06-16T06:00:00+00:00,6955.766619,6955.766619,0.000000
2026-06-16T07:00:00+00:00,6955.766619,6955.766619,0.000000
2026-06-16T08:00:00+00:00,6955.766619,6955.766619,0.000000
2026-06-16T09:00:00+00:00,6955.766619,6955.766619,0.000000
2026-06-16T10:00:00+00:00,6955.766619,6955.766619,0.000000
2026-06-16T11:00:00+00:00,6955.766619,6955.766619,0.000000
2026-06-16T12:00:00+00:00,6955.766619,6955.766619,0.000000
2026-06-16T13:00:00+00:00,6955.766619,6955.766619,0.000000
2026-06-16T14:00:00+00:00,6955.766619,6955.766619,0.000000
2026-06-16T15:00:00+00:00,6955.766619,6955.766619,0.000000
2026-06-16T16:00:00+00:00,6955.766619,6955.766619,0.000000
2026-06-16T17:00:00+00:00,6950.898278,-2.086034,6955.766619
2026-06-16T18:00:00+00:00,6899.923785,6899.923785,0.000000
2026-06-16T19:00:00+00:00,6895.093149,-4.830637,6899.923785
2026-06-16T20:00:00+00:00,6904.705212,-4.830637,6909.535849
2026-06-16T21:00:00+00:00,6898.169009,-4.830637,6902.999646
2026-06-16T22:00:00+00:00,6897.015562,-4.830637,6901.846198
2026-06-16T23:00:00+00:00,6886.250050,-4.830637,6891.080687
2026-06-17T00:00:00+00:00,6890.479358,-4.830637,6895.309995
2026-06-17T01:00:00+00:00,6855.303542,6855.303542,0.000000
2026-06-17T02:00:00+00:00,6855.303542,6855.303542,0.000000
2026-06-17T03:00:00+00:00,6855.303542,6855.303542,0.000000
2026-06-17T04:00:00+00:00,6855.303542,6855.303542,0.000000
2026-06-17T05:00:00+00:00,6855.303542,6855.303542,0.000000
2026-06-17T06:00:00+00:00,6855.303542,6855.303542,0.000000
2026-06-17T07:00:00+00:00,6850.505515,-2.055906,6855.303542
2026-06-17T08:00:00+00:00,6887.709086,6887.709086,0.000000
2026-06-17T09:00:00+00:00,6887.709086,6887.709086,0.000000
2026-06-17T10:00:00+00:00,6887.709086,6887.709086,0.000000
2026-06-17T11:00:00+00:00,6887.709086,6887.709086,0.000000
2026-06-17T12:00:00+00:00,6887.709086,6887.709086,0.000000
2026-06-17T13:00:00+00:00,6887.709086,6887.709086,0.000000
2026-06-17T14:00:00+00:00,6887.709086,6887.709086,0.000000
2026-06-17T15:00:00+00:00,6887.709086,6887.709086,0.000000
2026-06-17T16:00:00+00:00,6887.709086,6887.709086,0.000000
2026-06-17T17:00:00+00:00,6887.709086,6887.709086,0.000000
2026-06-17T18:00:00+00:00,6887.709086,6887.709086,0.000000
2026-06-17T19:00:00+00:00,6887.709086,6887.709086,0.000000
2026-06-17T20:00:00+00:00,6887.709086,6887.709086,0.000000
2026-06-17T21:00:00+00:00,6887.709086,6887.709086,0.000000
2026-06-17T22:00:00+00:00,6887.709086,6887.709086,0.000000
2026-06-17T23:00:00+00:00,6887.709086,6887.709086,0.000000
2026-06-18T00:00:00+00:00,6887.709086,6887.709086,0.000000
2026-06-18T01:00:00+00:00,6887.709086,6887.709086,0.000000
2026-06-18T02:00:00+00:00,6887.709086,6887.709086,0.000000
2026-06-18T03:00:00+00:00,6887.709086,6887.709086,0.000000
2026-06-18T04:00:00+00:00,6887.709086,6887.709086,0.000000
2026-06-18T05:00:00+00:00,6887.709086,6887.709086,0.000000
2026-06-18T06:00:00+00:00,6887.709086,6887.709086,0.000000
2026-06-18T07:00:00+00:00,6887.709086,6887.709086,0.000000
2026-06-18T08:00:00+00:00,6887.709086,6887.709086,0.000000
2026-06-18T09:00:00+00:00,6887.709086,6887.709086,0.000000
2026-06-18T10:00:00+00:00,6887.709086,6887.709086,0.000000
2026-06-18T11:00:00+00:00,6887.709086,6887.709086,0.000000
2026-06-18T12:00:00+00:00,6887.709086,6887.709086,0.000000
2026-06-18T13:00:00+00:00,6887.709086,6887.709086,0.000000
2026-06-18T14:00:00+00:00,6887.709086,6887.709086,0.000000
2026-06-18T15:00:00+00:00,6887.709086,6887.709086,0.000000
2026-06-18T16:00:00+00:00,6887.709086,6887.709086,0.000000
2026-06-18T17:00:00+00:00,6887.709086,6887.709086,0.000000
2026-06-18T18:00:00+00:00,6887.709086,6887.709086,0.000000
2026-06-18T19:00:00+00:00,6887.709086,6887.709086,0.000000
2026-06-18T20:00:00+00:00,6887.709086,6887.709086,0.000000
2026-06-18T21:00:00+00:00,6887.709086,6887.709086,0.000000
2026-06-18T22:00:00+00:00,6887.709086,6887.709086,0.000000
2026-06-18T23:00:00+00:00,6887.709086,6887.709086,0.000000
2026-06-19T00:00:00+00:00,6887.709086,6887.709086,0.000000
2026-06-19T01:00:00+00:00,6887.709086,6887.709086,0.000000
2026-06-19T02:00:00+00:00,6887.709086,6887.709086,0.000000
2026-06-19T03:00:00+00:00,6887.709086,6887.709086,0.000000
2026-06-19T04:00:00+00:00,6887.709086,6887.709086,0.000000
2026-06-19T05:00:00+00:00,6887.709086,6887.709086,0.000000
2026-06-19T06:00:00+00:00,6887.709086,6887.709086,0.000000
2026-06-19T07:00:00+00:00,6887.709086,6887.709086,0.000000
2026-06-19T08:00:00+00:00,6882.887000,-4.822085,6887.709086
2026-06-19T09:00:00+00:00,6848.793449,-4.822085,6853.615534
2026-06-19T10:00:00+00:00,6861.781469,-4.822085,6866.603554
2026-06-19T11:00:00+00:00,6858.534464,-4.822085,6863.356549
2026-06-19T12:00:00+00:00,6832.055989,6832.055989,0.000000
2026-06-19T13:00:00+00:00,6832.055989,6832.055989,0.000000
2026-06-19T14:00:00+00:00,6832.055989,6832.055989,0.000000
2026-06-19T15:00:00+00:00,6832.055989,6832.055989,0.000000
2026-06-19T16:00:00+00:00,6832.055989,6832.055989,0.000000
2026-06-19T17:00:00+00:00,6827.274233,-2.048934,6832.055989
2026-06-19T18:00:00+00:00,6834.692535,-2.048934,6824.637687
2026-06-19T19:00:00+00:00,6840.907870,-2.048934,6818.422352
2026-06-19T20:00:00+00:00,6810.232187,-2.048934,6849.098035
2026-06-19T21:00:00+00:00,6837.699955,-2.048934,6821.630267
2026-06-19T22:00:00+00:00,6814.643069,-2.048934,6844.687152
2026-06-19T23:00:00+00:00,6794.492092,6794.492092,0.000000
2026-06-20T00:00:00+00:00,6794.492092,6794.492092,0.000000
2026-06-20T01:00:00+00:00,6794.492092,6794.492092,0.000000
2026-06-20T02:00:00+00:00,6794.492092,6794.492092,0.000000
2026-06-20T03:00:00+00:00,6794.492092,6794.492092,0.000000
2026-06-20T04:00:00+00:00,6794.492092,6794.492092,0.000000
2026-06-20T05:00:00+00:00,6794.492092,6794.492092,0.000000
2026-06-20T06:00:00+00:00,6794.492092,6794.492092,0.000000
2026-06-20T07:00:00+00:00,6794.492092,6794.492092,0.000000
2026-06-20T08:00:00+00:00,6794.492092,6794.492092,0.000000
2026-06-20T09:00:00+00:00,6794.492092,6794.492092,0.000000
2026-06-20T10:00:00+00:00,6789.735268,-4.756824,6794.492092
2026-06-20T11:00:00+00:00,6787.177989,-4.756824,6791.934813
2026-06-20T12:00:00+00:00,6785.997707,-4.756824,6790.754531
2026-06-20T13:00:00+00:00,6745.092164,6745.092164,0.000000
2026-06-20T14:00:00+00:00,6745.092164,6745.092164,0.000000
2026-06-20T15:00:00+00:00,6745.092164,6745.092164,0.000000
2026-06-20T16:00:00+00:00,6745.092164,6745.092164,0.000000
2026-06-20T17:00:00+00:00,6745.092164,6745.092164,0.000000
2026-06-20T18:00:00+00:00,6745.092164,6745.092164,0.000000
2026-06-20T19:00:00+00:00,6745.092164,6745.092164,0.000000
2026-06-20T20:00:00+00:00,6745.092164,6745.092164,0.000000
2026-06-20T21:00:00+00:00,6745.092164,6745.092164,0.000000
2026-06-20T22:00:00+00:00,6745.092164,6745.092164,0.000000
2026-06-20T23:00:00+00:00,6745.092164,6745.092164,0.000000
2026-06-21T00:00:00+00:00,6745.092164,6745.092164,0.000000
2026-06-21T01:00:00+00:00,6745.092164,6745.092164,0.000000
2026-06-21T02:00:00+00:00,6745.092164,6745.092164,0.000000
2026-06-21T03:00:00+00:00,6740.371274,-2.022853,6745.092164
2026-06-21T04:00:00+00:00,6759.593039,-2.022853,6725.870399
2026-06-21T05:00:00+00:00,6757.263128,-2.022853,6728.200310
2026-06-21T06:00:00+00:00,6746.972688,-2.022853,6738.490750
2026-06-21T07:00:00+00:00,6761.922950,-2.022853,6723.540488
2026-06-21T08:00:00+00:00,6774.349142,-2.022853,6711.114296
2026-06-21T09:00:00+00:00,6759.981358,-2.022853,6725.482080
2026-06-21T10:00:00+00:00,6765.029498,-2.022853,6720.433940
2026-06-21T11:00:00+00:00,6757.248441,6757.248441,0.000000
2026-06-21T12:00:00+00:00,6757.248441,6757.248441,0.000000
2026-06-21T13:00:00+00:00,6757.248441,6757.248441,0.000000
2026-06-21T14:00:00+00:00,6757.248441,6757.248441,0.000000
2026-06-21T15:00:00+00:00,6757.248441,6757.248441,0.000000
2026-06-21T16:00:00+00:00,6757.248441,6757.248441,0.000000
2026-06-21T17:00:00+00:00,6752.517691,-4.730750,6757.248441
2026-06-21T18:00:00+00:00,6734.701364,6734.701364,0.000000
2026-06-21T19:00:00+00:00,6734.701364,6734.701364,0.000000
2026-06-21T20:00:00+00:00,6734.701364,6734.701364,0.000000
2026-06-21T21:00:00+00:00,6734.701364,6734.701364,0.000000
2026-06-21T22:00:00+00:00,6734.701364,6734.701364,0.000000
2026-06-21T23:00:00+00:00,6734.701364,6734.701364,0.000000
2026-06-22T00:00:00+00:00,6729.987747,-2.019737,6734.701364
2026-06-22T01:00:00+00:00,6645.763844,6645.763844,0.000000
2026-06-22T02:00:00+00:00,6645.763844,6645.763844,0.000000
2026-06-22T03:00:00+00:00,6645.763844,6645.763844,0.000000
2026-06-22T04:00:00+00:00,6645.763844,6645.763844,0.000000
2026-06-22T05:00:00+00:00,6645.763844,6645.763844,0.000000
2026-06-22T06:00:00+00:00,6641.111145,-4.652699,6645.763844
2026-06-22T07:00:00+00:00,6647.535317,6647.535317,0.000000
2026-06-22T08:00:00+00:00,6647.535317,6647.535317,0.000000
2026-06-22T09:00:00+00:00,6647.535317,6647.535317,0.000000
2026-06-22T10:00:00+00:00,6647.535317,6647.535317,0.000000
2026-06-22T11:00:00+00:00,6647.535317,6647.535317,0.000000
2026-06-22T12:00:00+00:00,6647.535317,6647.535317,0.000000
2026-06-22T13:00:00+00:00,6647.535317,6647.535317,0.000000
2026-06-22T14:00:00+00:00,6647.535317,6647.535317,0.000000
2026-06-22T15:00:00+00:00,6647.535317,6647.535317,0.000000
2026-06-22T16:00:00+00:00,6647.535317,6647.535317,0.000000
2026-06-22T17:00:00+00:00,6647.535317,6647.535317,0.000000
2026-06-22T18:00:00+00:00,6647.535317,6647.535317,0.000000
2026-06-22T19:00:00+00:00,6647.535317,6647.535317,0.000000
2026-06-22T20:00:00+00:00,6647.535317,6647.535317,0.000000
2026-06-22T21:00:00+00:00,6647.535317,6647.535317,0.000000
2026-06-22T22:00:00+00:00,6647.535317,6647.535317,0.000000
2026-06-22T23:00:00+00:00,6647.535317,6647.535317,0.000000
2026-06-23T00:00:00+00:00,6647.535317,6647.535317,0.000000
2026-06-23T01:00:00+00:00,6647.535317,6647.535317,0.000000
2026-06-23T02:00:00+00:00,6647.535317,6647.535317,0.000000
2026-06-23T03:00:00+00:00,6647.535317,6647.535317,0.000000
2026-06-23T04:00:00+00:00,6647.535317,6647.535317,0.000000
2026-06-23T05:00:00+00:00,6647.535317,6647.535317,0.000000
2026-06-23T06:00:00+00:00,6647.535317,6647.535317,0.000000
2026-06-23T07:00:00+00:00,6647.535317,6647.535317,0.000000
2026-06-23T08:00:00+00:00,6647.535317,6647.535317,0.000000
2026-06-23T09:00:00+00:00,6647.535317,6647.535317,0.000000
2026-06-23T10:00:00+00:00,6647.535317,6647.535317,0.000000
2026-06-23T11:00:00+00:00,6647.535317,6647.535317,0.000000
2026-06-23T12:00:00+00:00,6647.535317,6647.535317,0.000000
2026-06-23T13:00:00+00:00,6642.882707,-1.993596,6647.535317
2026-06-23T14:00:00+00:00,6605.386297,6605.386297,0.000000
2026-06-23T15:00:00+00:00,6605.386297,6605.386297,0.000000
2026-06-23T16:00:00+00:00,6605.386297,6605.386297,0.000000
2026-06-23T17:00:00+00:00,6605.386297,6605.386297,0.000000
2026-06-23T18:00:00+00:00,6605.386297,6605.386297,0.000000
2026-06-23T19:00:00+00:00,6605.386297,6605.386297,0.000000
2026-06-23T20:00:00+00:00,6605.386297,6605.386297,0.000000
2026-06-23T21:00:00+00:00,6605.386297,6605.386297,0.000000
2026-06-23T22:00:00+00:00,6605.386297,6605.386297,0.000000
2026-06-23T23:00:00+00:00,6605.386297,6605.386297,0.000000
2026-06-24T00:00:00+00:00,6605.386297,6605.386297,0.000000
2026-06-24T01:00:00+00:00,6605.386297,6605.386297,0.000000
2026-06-24T02:00:00+00:00,6605.386297,6605.386297,0.000000
2026-06-24T03:00:00+00:00,6605.386297,6605.386297,0.000000
2026-06-24T04:00:00+00:00,6605.386297,6605.386297,0.000000
2026-06-24T05:00:00+00:00,6605.386297,6605.386297,0.000000
2026-06-24T06:00:00+00:00,6600.761866,-4.624431,6605.386297
2026-06-24T07:00:00+00:00,6592.673799,-4.624431,6597.298230
2026-06-24T08:00:00+00:00,6594.449228,-4.624431,6599.073659
2026-06-24T09:00:00+00:00,6557.803706,6557.803706,0.000000
2026-06-24T10:00:00+00:00,6557.803706,6557.803706,0.000000
2026-06-24T11:00:00+00:00,6557.803706,6557.803706,0.000000
2026-06-24T12:00:00+00:00,6557.803706,6557.803706,0.000000
2026-06-24T13:00:00+00:00,6557.803706,6557.803706,0.000000
2026-06-24T14:00:00+00:00,6557.803706,6557.803706,0.000000
2026-06-24T15:00:00+00:00,6557.803706,6557.803706,0.000000
2026-06-24T16:00:00+00:00,6557.803706,6557.803706,0.000000
2026-06-24T17:00:00+00:00,6557.803706,6557.803706,0.000000
2026-06-24T18:00:00+00:00,6557.803706,6557.803706,0.000000
2026-06-24T19:00:00+00:00,6557.803706,6557.803706,0.000000
2026-06-24T20:00:00+00:00,6557.803706,6557.803706,0.000000
2026-06-24T21:00:00+00:00,6557.803706,6557.803706,0.000000
2026-06-24T22:00:00+00:00,6553.213900,-1.966685,6557.803706
2026-06-24T23:00:00+00:00,6524.985145,-1.966685,6586.032461
2026-06-25T00:00:00+00:00,6502.883757,6502.883757,0.000000
2026-06-25T01:00:00+00:00,6502.883757,6502.883757,0.000000
2026-06-25T02:00:00+00:00,6502.883757,6502.883757,0.000000
2026-06-25T03:00:00+00:00,6502.883757,6502.883757,0.000000
2026-06-25T04:00:00+00:00,6502.883757,6502.883757,0.000000
2026-06-25T05:00:00+00:00,6502.883757,6502.883757,0.000000
2026-06-25T06:00:00+00:00,6502.883757,6502.883757,0.000000
2026-06-25T07:00:00+00:00,6502.883757,6502.883757,0.000000
2026-06-25T08:00:00+00:00,6502.883757,6502.883757,0.000000
2026-06-25T09:00:00+00:00,6502.883757,6502.883757,0.000000
2026-06-25T10:00:00+00:00,6502.883757,6502.883757,0.000000
2026-06-25T11:00:00+00:00,6498.331088,-4.552669,6502.883757
2026-06-25T12:00:00+00:00,6503.991698,6503.991698,0.000000
2026-06-25T13:00:00+00:00,6503.991698,6503.991698,0.000000
2026-06-25T14:00:00+00:00,6503.991698,6503.991698,0.000000
2026-06-25T15:00:00+00:00,6503.991698,6503.991698,0.000000
2026-06-25T16:00:00+00:00,6503.991698,6503.991698,0.000000
2026-06-25T17:00:00+00:00,6503.991698,6503.991698,0.000000
2026-06-25T18:00:00+00:00,6499.439554,-1.950547,6503.991698
2026-06-25T19:00:00+00:00,6496.831798,6496.831798,0.000000
2026-06-25T20:00:00+00:00,6496.831798,6496.831798,0.000000
2026-06-25T21:00:00+00:00,6496.831798,6496.831798,0.000000
2026-06-25T22:00:00+00:00,6496.831798,6496.831798,0.000000
2026-06-25T23:00:00+00:00,6496.831798,6496.831798,0.000000
2026-06-26T00:00:00+00:00,6496.831798,6496.831798,0.000000
2026-06-26T01:00:00+00:00,6496.831798,6496.831798,0.000000
2026-06-26T02:00:00+00:00,6496.831798,6496.831798,0.000000
2026-06-26T03:00:00+00:00,6496.831798,6496.831798,0.000000
2026-06-26T04:00:00+00:00,6496.831798,6496.831798,0.000000
2026-06-26T05:00:00+00:00,6496.831798,6496.831798,0.000000
2026-06-26T06:00:00+00:00,6496.831798,6496.831798,0.000000
2026-06-26T07:00:00+00:00,6496.831798,6496.831798,0.000000
2026-06-26T08:00:00+00:00,6496.831798,6496.831798,0.000000
2026-06-26T09:00:00+00:00,6496.831798,6496.831798,0.000000
2026-06-26T10:00:00+00:00,6496.831798,6496.831798,0.000000
2026-06-26T11:00:00+00:00,6496.831798,6496.831798,0.000000
2026-06-26T12:00:00+00:00,6492.283366,-4.548432,6496.831798
2026-06-26T13:00:00+00:00,6583.856717,6583.856717,0.000000
2026-06-26T14:00:00+00:00,6583.856717,6583.856717,0.000000
2026-06-26T15:00:00+00:00,6583.856717,6583.856717,0.000000
2026-06-26T16:00:00+00:00,6583.856717,6583.856717,0.000000
2026-06-26T17:00:00+00:00,6583.856717,6583.856717,0.000000
2026-06-26T18:00:00+00:00,6583.856717,6583.856717,0.000000
2026-06-26T19:00:00+00:00,6583.856717,6583.856717,0.000000
2026-06-26T20:00:00+00:00,6583.856717,6583.856717,0.000000
2026-06-26T21:00:00+00:00,6583.856717,6583.856717,0.000000
2026-06-26T22:00:00+00:00,6583.856717,6583.856717,0.000000
2026-06-26T23:00:00+00:00,6583.856717,6583.856717,0.000000
2026-06-27T00:00:00+00:00,6583.856717,6583.856717,0.000000
2026-06-27T01:00:00+00:00,6583.856717,6583.856717,0.000000
2026-06-27T02:00:00+00:00,6583.856717,6583.856717,0.000000
2026-06-27T03:00:00+00:00,6583.856717,6583.856717,0.000000
2026-06-27T04:00:00+00:00,6583.856717,6583.856717,0.000000
2026-06-27T05:00:00+00:00,6583.856717,6583.856717,0.000000
2026-06-27T06:00:00+00:00,6583.856717,6583.856717,0.000000
2026-06-27T07:00:00+00:00,6579.248676,-1.974499,6583.856717
2026-06-27T08:00:00+00:00,6585.480242,-1.974499,6577.625152
2026-06-27T09:00:00+00:00,6590.673213,-1.974499,6572.432180
2026-06-27T10:00:00+00:00,6585.064804,-1.974499,6578.040589
2026-06-27T11:00:00+00:00,6586.311117,-1.974499,6576.794276
2026-06-27T12:00:00+00:00,6577.379206,-1.974499,6585.726187
2026-06-27T13:00:00+00:00,6550.217760,6550.217760,0.000000
2026-06-27T14:00:00+00:00,6550.217760,6550.217760,0.000000
2026-06-27T15:00:00+00:00,6550.217760,6550.217760,0.000000
2026-06-27T16:00:00+00:00,6550.217760,6550.217760,0.000000
2026-06-27T17:00:00+00:00,6550.217760,6550.217760,0.000000
2026-06-27T18:00:00+00:00,6550.217760,6550.217760,0.000000
2026-06-27T19:00:00+00:00,6550.217760,6550.217760,0.000000
2026-06-27T20:00:00+00:00,6545.631952,-4.585807,6550.217760
2026-06-27T21:00:00+00:00,6520.765577,-4.585807,6525.351384
2026-06-27T22:00:00+00:00,6463.793273,6463.793273,0.000000
2026-06-27T23:00:00+00:00,6463.793273,6463.793273,0.000000
2026-06-28T00:00:00+00:00,6463.793273,6463.793273,0.000000
2026-06-28T01:00:00+00:00,6463.793273,6463.793273,0.000000
2026-06-28T02:00:00+00:00,6463.793273,6463.793273,0.000000
2026-06-28T03:00:00+00:00,6463.793273,6463.793273,0.000000
2026-06-28T04:00:00+00:00,6463.793273,6463.793273,0.000000
2026-06-28T05:00:00+00:00,6463.793273,6463.793273,0.000000
2026-06-28T06:00:00+00:00,6463.793273,6463.793273,0.000000
2026-06-28T07:00:00+00:00,6463.793273,6463.793273,0.000000
2026-06-28T08:00:00+00:00,6463.793273,6463.793273,0.000000
2026-06-28T09:00:00+00:00,6463.793273,6463.793273,0.000000
2026-06-28T10:00:00+00:00,6463.793273,6463.793273,0.000000
2026-06-28T11:00:00+00:00,6459.269264,-1.938492,6463.793273
2026-06-28T12:00:00+00:00,6457.022338,-1.938492,6466.040199
2026-06-28T13:00:00+00:00,6472.750820,-1.938492,6450.311717
2026-06-28T14:00:00+00:00,6465.601510,-1.938492,6457.461027
2026-06-28T15:00:00+00:00,6468.256968,-1.938492,6454.805569
2026-06-28T16:00:00+00:00,6470.785981,6470.785981,0.000000
2026-06-28T17:00:00+00:00,6470.785981,6470.785981,0.000000
2026-06-28T18:00:00+00:00,6470.785981,6470.785981,0.000000
2026-06-28T19:00:00+00:00,6470.785981,6470.785981,0.000000
2026-06-28T20:00:00+00:00,6470.785981,6470.785981,0.000000
2026-06-28T21:00:00+00:00,6470.785981,6470.785981,0.000000
2026-06-28T22:00:00+00:00,6470.785981,6470.785981,0.000000
2026-06-28T23:00:00+00:00,6470.785981,6470.785981,0.000000
2026-06-29T00:00:00+00:00,6470.785981,6470.785981,0.000000
2026-06-29T01:00:00+00:00,6470.785981,6470.785981,0.000000
2026-06-29T02:00:00+00:00,6470.785981,6470.785981,0.000000
2026-06-29T03:00:00+00:00,6470.785981,6470.785981,0.000000
2026-06-29T04:00:00+00:00,6470.785981,6470.785981,0.000000
2026-06-29T05:00:00+00:00,6470.785981,6470.785981,0.000000
2026-06-29T06:00:00+00:00,6470.785981,6470.785981,0.000000
2026-06-29T07:00:00+00:00,6470.785981,6470.785981,0.000000
2026-06-29T08:00:00+00:00,6466.255784,-4.530197,6470.785981
2026-06-29T09:00:00+00:00,6480.249787,-4.530197,6484.779985
2026-06-29T10:00:00+00:00,6489.304731,-4.530197,6493.834928
2026-06-29T11:00:00+00:00,6468.342234,6468.342234,0.000000
2026-06-29T12:00:00+00:00,6468.342234,6468.342234,0.000000
2026-06-29T13:00:00+00:00,6468.342234,6468.342234,0.000000
2026-06-29T14:00:00+00:00,6468.342234,6468.342234,0.000000
2026-06-29T15:00:00+00:00,6468.342234,6468.342234,0.000000
2026-06-29T16:00:00+00:00,6468.342234,6468.342234,0.000000
2026-06-29T17:00:00+00:00,6468.342234,6468.342234,0.000000
2026-06-29T18:00:00+00:00,6468.342234,6468.342234,0.000000
2026-06-29T19:00:00+00:00,6468.342234,6468.342234,0.000000
2026-06-29T20:00:00+00:00,6468.342234,6468.342234,0.000000
2026-06-29T21:00:00+00:00,6468.342234,6468.342234,0.000000
2026-06-29T22:00:00+00:00,6468.342234,6468.342234,0.000000
2026-06-29T23:00:00+00:00,6468.342234,6468.342234,0.000000
2026-06-30T00:00:00+00:00,6468.342234,6468.342234,0.000000
2026-06-30T01:00:00+00:00,6468.342234,6468.342234,0.000000
2026-06-30T02:00:00+00:00,6468.342234,6468.342234,0.000000
2026-06-30T03:00:00+00:00,6468.342234,6468.342234,0.000000
2026-06-30T04:00:00+00:00,6468.342234,6468.342234,0.000000
2026-06-30T05:00:00+00:00,6468.342234,6468.342234,0.000000
2026-06-30T06:00:00+00:00,6468.342234,6468.342234,0.000000
2026-06-30T07:00:00+00:00,6468.342234,6468.342234,0.000000
2026-06-30T08:00:00+00:00,6468.342234,6468.342234,0.000000
2026-06-30T09:00:00+00:00,6468.342234,6468.342234,0.000000
2026-06-30T10:00:00+00:00,6468.342234,6468.342234,0.000000
2026-06-30T11:00:00+00:00,6468.342234,6468.342234,0.000000
2026-06-30T12:00:00+00:00,6468.342234,6468.342234,0.000000
2026-06-30T13:00:00+00:00,6468.342234,6468.342234,0.000000
2026-06-30T14:00:00+00:00,6468.342234,6468.342234,0.000000
2026-06-30T15:00:00+00:00,6468.342234,6468.342234,0.000000
2026-06-30T16:00:00+00:00,6468.342234,6468.342234,0.000000
2026-06-30T17:00:00+00:00,6468.342234,6468.342234,0.000000
2026-06-30T18:00:00+00:00,6463.815042,-1.939856,6468.342234
2026-06-30T19:00:00+00:00,6458.078153,-1.939856,6474.079123
2026-06-30T20:00:00+00:00,6477.132819,-1.939856,6455.024456
2026-06-30T21:00:00+00:00,6493.933708,-1.939856,6438.223568
2026-06-30T22:00:00+00:00,6512.168819,-1.939856,6419.988456
2026-06-30T23:00:00+00:00,6492.704375,-1.939856,6439.452901
2026-07-01T00:00:00+00:00,6480.820819,-1.939856,6451.336456
2026-07-01T01:00:00+00:00,6516.626717,6516.626717,0.000000
2026-07-01T02:00:00+00:00,6516.626717,6516.626717,0.000000
2026-07-01T03:00:00+00:00,6516.626717,6516.626717,0.000000
2026-07-01T04:00:00+00:00,6516.626717,6516.626717,0.000000
2026-07-01T05:00:00+00:00,6516.626717,6516.626717,0.000000
2026-07-01T06:00:00+00:00,6512.064427,-4.562290,6516.626717
2026-07-01T07:00:00+00:00,6521.784870,-4.562290,6526.347161
2026-07-01T08:00:00+00:00,6481.444430,6481.444430,0.000000
2026-07-01T09:00:00+00:00,6476.908067,-1.943785,6481.444430
2026-07-01T10:00:00+00:00,6508.281801,-1.943785,6450.070695
2026-07-01T11:00:00+00:00,6523.661083,-1.943785,6434.691414
2026-07-01T12:00:00+00:00,6522.225683,-1.943785,6436.126814
2026-07-01T13:00:00+00:00,6486.258388,6486.258388,0.000000
2026-07-01T14:00:00+00:00,6486.258388,6486.258388,0.000000
2026-07-01T15:00:00+00:00,6486.258388,6486.258388,0.000000
2026-07-01T16:00:00+00:00,6486.258388,6486.258388,0.000000
2026-07-01T17:00:00+00:00,6481.717358,-4.541029,6486.258388
2026-07-01T18:00:00+00:00,6455.527620,-4.541029,6460.068650
2026-07-01T19:00:00+00:00,6462.724800,-4.541029,6467.265830
2026-07-01T20:00:00+00:00,6431.467565,6431.467565,0.000000
2026-07-01T21:00:00+00:00,6431.467565,6431.467565,0.000000
2026-07-01T22:00:00+00:00,6431.467565,6431.467565,0.000000
2026-07-01T23:00:00+00:00,6431.467565,6431.467565,0.000000
2026-07-02T00:00:00+00:00,6431.467565,6431.467565,0.000000
2026-07-02T01:00:00+00:00,6431.467565,6431.467565,0.000000
2026-07-02T02:00:00+00:00,6431.467565,6431.467565,0.000000
2026-07-02T03:00:00+00:00,6431.467565,6431.467565,0.000000
2026-07-02T04:00:00+00:00,6431.467565,6431.467565,0.000000
2026-07-02T05:00:00+00:00,6431.467565,6431.467565,0.000000
2026-07-02T06:00:00+00:00,6431.467565,6431.467565,0.000000
2026-07-02T07:00:00+00:00,6431.467565,6431.467565,0.000000
2026-07-02T08:00:00+00:00,6431.467565,6431.467565,0.000000
2026-07-02T09:00:00+00:00,6431.467565,6431.467565,0.000000
2026-07-02T10:00:00+00:00,6431.467565,6431.467565,0.000000
2026-07-02T11:00:00+00:00,6431.467565,6431.467565,0.000000
2026-07-02T12:00:00+00:00,6431.467565,6431.467565,0.000000
2026-07-02T13:00:00+00:00,6431.467565,6431.467565,0.000000
2026-07-02T14:00:00+00:00,6431.467565,6431.467565,0.000000
2026-07-02T15:00:00+00:00,6431.467565,6431.467565,0.000000
2026-07-02T16:00:00+00:00,6431.467565,6431.467565,0.000000
2026-07-02T17:00:00+00:00,6431.467565,6431.467565,0.000000
2026-07-02T18:00:00+00:00,6431.467565,6431.467565,0.000000
2026-07-02T19:00:00+00:00,6431.467565,6431.467565,0.000000
2026-07-02T20:00:00+00:00,6431.467565,6431.467565,0.000000
2026-07-02T21:00:00+00:00,6431.467565,6431.467565,0.000000
2026-07-02T22:00:00+00:00,6431.467565,6431.467565,0.000000
2026-07-02T23:00:00+00:00,6431.467565,6431.467565,0.000000
2026-07-03T00:00:00+00:00,6431.467565,6431.467565,0.000000
2026-07-03T01:00:00+00:00,6431.467565,6431.467565,0.000000
2026-07-03T02:00:00+00:00,6431.467565,6431.467565,0.000000
2026-07-03T03:00:00+00:00,6431.467565,6431.467565,0.000000
2026-07-03T04:00:00+00:00,6431.467565,6431.467565,0.000000
2026-07-03T05:00:00+00:00,6431.467565,6431.467565,0.000000
2026-07-03T06:00:00+00:00,6431.467565,6431.467565,0.000000
2026-07-03T07:00:00+00:00,6431.467565,6431.467565,0.000000
2026-07-03T08:00:00+00:00,6431.467565,6431.467565,0.000000
2026-07-03T09:00:00+00:00,6431.467565,6431.467565,0.000000
2026-07-03T10:00:00+00:00,6431.467565,6431.467565,0.000000
2026-07-03T11:00:00+00:00,6431.467565,6431.467565,0.000000
2026-07-03T12:00:00+00:00,6431.467565,6431.467565,0.000000
2026-07-03T13:00:00+00:00,6431.467565,6431.467565,0.000000
2026-07-03T14:00:00+00:00,6431.467565,6431.467565,0.000000
2026-07-03T15:00:00+00:00,6431.467565,6431.467565,0.000000
2026-07-03T16:00:00+00:00,6431.467565,6431.467565,0.000000
2026-07-03T17:00:00+00:00,6431.467565,6431.467565,0.000000
2026-07-03T18:00:00+00:00,6431.467565,6431.467565,0.000000
2026-07-03T19:00:00+00:00,6431.467565,6431.467565,0.000000
2026-07-03T20:00:00+00:00,6431.467565,6431.467565,0.000000
2026-07-03T21:00:00+00:00,6431.467565,6431.467565,0.000000
2026-07-03T22:00:00+00:00,6431.467565,6431.467565,0.000000
2026-07-03T23:00:00+00:00,6431.467565,6431.467565,0.000000
2026-07-04T00:00:00+00:00,6431.467565,6431.467565,0.000000
2026-07-04T01:00:00+00:00,6431.467565,6431.467565,0.000000
2026-07-04T02:00:00+00:00,6431.467565,6431.467565,0.000000
2026-07-04T03:00:00+00:00,6431.467565,6431.467565,0.000000
2026-07-04T04:00:00+00:00,6431.467565,6431.467565,0.000000
2026-07-04T05:00:00+00:00,6431.467565,6431.467565,0.000000
2026-07-04T06:00:00+00:00,6431.467565,6431.467565,0.000000
2026-07-04T07:00:00+00:00,6431.467565,6431.467565,0.000000
2026-07-04T08:00:00+00:00,6431.467565,6431.467565,0.000000
2026-07-04T09:00:00+00:00,6431.467565,6431.467565,0.000000
2026-07-04T10:00:00+00:00,6431.467565,6431.467565,0.000000
2026-07-04T11:00:00+00:00,6431.467565,6431.467565,0.000000
2026-07-04T12:00:00+00:00,6431.467565,6431.467565,0.000000
2026-07-04T13:00:00+00:00,6431.467565,6431.467565,0.000000
2026-07-04T14:00:00+00:00,6431.467565,6431.467565,0.000000
2026-07-04T15:00:00+00:00,6431.467565,6431.467565,0.000000
2026-07-04T16:00:00+00:00,6431.467565,6431.467565,0.000000
2026-07-04T17:00:00+00:00,6431.467565,6431.467565,0.000000
2026-07-04T18:00:00+00:00,6431.467565,6431.467565,0.000000
2026-07-04T19:00:00+00:00,6431.467565,6431.467565,0.000000
2026-07-04T20:00:00+00:00,6431.467565,6431.467565,0.000000
2026-07-04T21:00:00+00:00,6431.467565,6431.467565,0.000000
2026-07-04T22:00:00+00:00,6431.467565,6431.467565,0.000000
2026-07-04T23:00:00+00:00,6431.467565,6431.467565,0.000000
2026-07-05T00:00:00+00:00,6431.467565,6431.467565,0.000000
2026-07-05T01:00:00+00:00,6431.467565,6431.467565,0.000000
2026-07-05T02:00:00+00:00,6431.467565,6431.467565,0.000000
2026-07-05T03:00:00+00:00,6431.467565,6431.467565,0.000000
2026-07-05T04:00:00+00:00,6431.467565,6431.467565,0.000000
2026-07-05T05:00:00+00:00,6431.467565,6431.467565,0.000000
2026-07-05T06:00:00+00:00,6431.467565,6431.467565,0.000000
2026-07-05T07:00:00+00:00,6431.467565,6431.467565,0.000000
2026-07-05T08:00:00+00:00,6431.467565,6431.467565,0.000000
2026-07-05T09:00:00+00:00,6431.467565,6431.467565,0.000000
2026-07-05T10:00:00+00:00,6431.467565,6431.467565,0.000000
2026-07-05T11:00:00+00:00,6431.467565,6431.467565,0.000000
2026-07-05T12:00:00+00:00,6431.467565,6431.467565,0.000000
2026-07-05T13:00:00+00:00,6426.966180,-1.928797,6431.467565
2026-07-05T14:00:00+00:00,6404.016169,-1.928797,6454.417576
2026-07-05T15:00:00+00:00,6377.222522,6377.222522,0.000000
2026-07-05T16:00:00+00:00,6377.222522,6377.222522,0.000000
2026-07-05T17:00:00+00:00,6377.222522,6377.222522,0.000000
2026-07-05T18:00:00+00:00,6377.222522,6377.222522,0.000000
2026-07-05T19:00:00+00:00,6377.222522,6377.222522,0.000000
2026-07-05T20:00:00+00:00,6377.222522,6377.222522,0.000000
2026-07-05T21:00:00+00:00,6377.222522,6377.222522,0.000000
2026-07-05T22:00:00+00:00,6377.222522,6377.222522,0.000000
2026-07-05T23:00:00+00:00,6377.222522,6377.222522,0.000000
2026-07-06T00:00:00+00:00,6377.222522,6377.222522,0.000000
2026-07-06T01:00:00+00:00,6377.222522,6377.222522,0.000000
2026-07-06T02:00:00+00:00,6372.757828,-4.464693,6377.222522
2026-07-06T03:00:00+00:00,6358.629541,-4.464693,6363.094235
2026-07-06T04:00:00+00:00,6351.833656,-4.464693,6356.298350
2026-07-06T05:00:00+00:00,6322.099010,6322.099010,0.000000
2026-07-06T06:00:00+00:00,6322.099010,6322.099010,0.000000
2026-07-06T07:00:00+00:00,6322.099010,6322.099010,0.000000
2026-07-06T08:00:00+00:00,6322.099010,6322.099010,0.000000
2026-07-06T09:00:00+00:00,6322.099010,6322.099010,0.000000
2026-07-06T10:00:00+00:00,6322.099010,6322.099010,0.000000
2026-07-06T11:00:00+00:00,6322.099010,6322.099010,0.000000
2026-07-06T12:00:00+00:00,6322.099010,6322.099010,0.000000
2026-07-06T13:00:00+00:00,6322.099010,6322.099010,0.000000
2026-07-06T14:00:00+00:00,6322.099010,6322.099010,0.000000
2026-07-06T15:00:00+00:00,6322.099010,6322.099010,0.000000
2026-07-06T16:00:00+00:00,6322.099010,6322.099010,0.000000
2026-07-06T17:00:00+00:00,6322.099010,6322.099010,0.000000
2026-07-06T18:00:00+00:00,6317.674173,-1.895997,6322.099010
2026-07-06T19:00:00+00:00,6316.968503,-1.895997,6322.804681
2026-07-06T20:00:00+00:00,6316.792086,-1.895997,6322.981098
2026-07-06T21:00:00+00:00,6238.610259,6238.610259,0.000000
2026-07-06T22:00:00+00:00,6238.610259,6238.610259,0.000000
2026-07-06T23:00:00+00:00,6238.610259,6238.610259,0.000000
2026-07-07T00:00:00+00:00,6238.610259,6238.610259,0.000000
2026-07-07T01:00:00+00:00,6238.610259,6238.610259,0.000000
2026-07-07T02:00:00+00:00,6234.242608,-4.367651,6238.610259
2026-07-07T03:00:00+00:00,6209.676314,-4.367651,6214.043966
2026-07-07T04:00:00+00:00,6190.787024,6190.787024,0.000000
2026-07-07T05:00:00+00:00,6190.787024,6190.787024,0.000000
2026-07-07T06:00:00+00:00,6190.787024,6190.787024,0.000000
2026-07-07T07:00:00+00:00,6190.787024,6190.787024,0.000000
2026-07-07T08:00:00+00:00,6190.787024,6190.787024,0.000000
2026-07-07T09:00:00+00:00,6190.787024,6190.787024,0.000000
2026-07-07T10:00:00+00:00,6190.787024,6190.787024,0.000000
2026-07-07T11:00:00+00:00,6190.787024,6190.787024,0.000000
2026-07-07T12:00:00+00:00,6190.787024,6190.787024,0.000000
2026-07-07T13:00:00+00:00,6190.787024,6190.787024,0.000000
2026-07-07T14:00:00+00:00,6190.787024,6190.787024,0.000000
2026-07-07T15:00:00+00:00,6190.787024,6190.787024,0.000000
2026-07-07T16:00:00+00:00,6190.787024,6190.787024,0.000000
2026-07-07T17:00:00+00:00,6190.787024,6190.787024,0.000000
2026-07-07T18:00:00+00:00,6190.787024,6190.787024,0.000000
2026-07-07T19:00:00+00:00,6190.787024,6190.787024,0.000000
2026-07-07T20:00:00+00:00,6190.787024,6190.787024,0.000000
2026-07-07T21:00:00+00:00,6186.454092,-1.856617,6190.787024
2026-07-07T22:00:00+00:00,6180.517530,-1.856617,6196.723587
2026-07-07T23:00:00+00:00,6161.971800,6161.971800,0.000000
2026-07-08T00:00:00+00:00,6161.971800,6161.971800,0.000000
2026-07-08T01:00:00+00:00,6161.971800,6161.971800,0.000000
2026-07-08T02:00:00+00:00,6161.971800,6161.971800,0.000000
2026-07-08T03:00:00+00:00,6161.971800,6161.971800,0.000000
2026-07-08T04:00:00+00:00,6161.971800,6161.971800,0.000000
2026-07-08T05:00:00+00:00,6161.971800,6161.971800,0.000000
2026-07-08T06:00:00+00:00,6161.971800,6161.971800,0.000000
2026-07-08T07:00:00+00:00,6161.971800,6161.971800,0.000000
2026-07-08T07:00:00+00:00,6161.971800,6161.971800,0.000000
