ts,equity,cash,position_value
2026-04-09T08:00:00+00:00,10000.000000,10000.000000,0.000000
2026-04-09T09:00:00+00:00,10000.000000,10000.000000,0.000000
2026-04-09T10:00:00+00:00,10000.000000,10000.000000,0.000000
2026-04-09T11:00:00+00:00,10000.000000,10000.000000,0.000000
2026-04-09T12:00:00+00:00,10000.000000,10000.000000,0.000000
2026-04-09T13:00:00+00:00,10000.000000,10000.000000,0.000000
2026-04-09T14:00:00+00:00,10000.000000,10000.000000,0.000000
2026-04-09T15:00:00+00:00,10000.000000,10000.000000,0.000000
2026-04-09T16:00:00+00:00,10000.000000,10000.000000,0.000000
2026-04-09T17:00:00+00:00,10000.000000,10000.000000,0.000000
2026-04-09T18:00:00+00:00,10000.000000,10000.000000,0.000000
2026-04-09T19:00:00+00:00,10000.000000,10000.000000,0.000000
2026-04-09T20:00:00+00:00,10000.000000,10000.000000,0.000000
2026-04-09T21:00:00+00:00,10000.000000,10000.000000,0.000000
2026-04-09T22:00:00+00:00,10000.000000,10000.000000,0.000000
2026-04-09T23:00:00+00:00,10000.000000,10000.000000,0.000000
2026-04-10T00:00:00+00:00,10000.000000,10000.000000,0.000000
2026-04-10T01:00:00+00:00,10000.000000,10000.000000,0.000000
2026-04-10T02:00:00+00:00,10000.000000,10000.000000,0.000000
2026-04-10T03:00:00+00:00,10000.000000,10000.000000,0.000000
2026-04-10T04:00:00+00:00,10000.000000,10000.000000,0.000000
2026-04-10T05:00:00+00:00,10000.000000,10000.000000,0.000000
2026-04-10T06:00:00+00:00,10000.000000,10000.000000,0.000000
2026-04-10T07:00:00+00:00,10000.000000,10000.000000,0.000000
2026-04-10T08:00:00+00:00,10000.000000,10000.000000,0.000000
2026-04-10T09:00:00+00:00,10000.000000,10000.000000,0.000000
2026-04-10T10:00:00+00:00,10000.000000,10000.000000,0.000000
2026-04-10T11:00:00+00:00,10000.000000,10000.000000,0.000000
2026-04-10T12:00:00+00:00,10000.000000,10000.000000,0.000000
2026-04-10T13:00:00+00:00,10000.000000,10000.000000,0.000000
2026-04-10T14:00:00+00:00,10000.000000,10000.000000,0.000000
2026-04-10T15:00:00+00:00,10000.000000,10000.000000,0.000000
2026-04-10T16:00:00+00:00,10000.000000,10000.000000,0.000000
2026-04-10T17:00:00+00:00,10000.000000,10000.000000,0.000000
2026-04-10T18:00:00+00:00,10000.000000,10000.000000,0.000000
2026-04-10T19:00:00+00:00,10000.000000,10000.000000,0.000000
2026-04-10T20:00:00+00:00,10000.000000,10000.000000,0.000000
2026-04-10T21:00:00+00:00,10000.000000,10000.000000,0.000000
2026-04-10T22:00:00+00:00,10000.000000,10000.000000,0.000000
2026-04-10T23:00:00+00:00,10000.000000,10000.000000,0.000000
2026-04-11T00:00:00+00:00,10000.000000,10000.000000,0.000000
2026-04-11T01:00:00+00:00,10000.000000,10000.000000,0.000000
2026-04-11T02:00:00+00:00,10000.000000,10000.000000,0.000000
2026-04-11T03:00:00+00:00,10000.000000,10000.000000,0.000000
2026-04-11T04:00:00+00:00,10000.000000,10000.000000,0.000000
2026-04-11T05:00:00+00:00,10000.000000,10000.000000,0.000000
2026-04-11T06:00:00+00:00,10000.000000,10000.000000,0.000000
2026-04-11T07:00:00+00:00,10000.000000,10000.000000,0.000000
2026-04-11T08:00:00+00:00,10000.000000,10000.000000,0.000000
2026-04-11T09:00:00+00:00,10000.000000,10000.000000,0.000000
2026-04-11T10:00:00+00:00,10000.000000,10000.000000,0.000000
2026-04-11T11:00:00+00:00,10000.000000,10000.000000,0.000000
2026-04-11T12:00:00+00:00,10000.000000,10000.000000,0.000000
2026-04-11T13:00:00+00:00,10000.000000,10000.000000,0.000000
2026-04-11T14:00:00+00:00,10000.000000,10000.000000,0.000000
2026-04-11T15:00:00+00:00,10000.000000,10000.000000,0.000000
2026-04-11T16:00:00+00:00,10000.000000,10000.000000,0.000000
2026-04-11T17:00:00+00:00,10000.000000,10000.000000,0.000000
2026-04-11T18:00:00+00:00,10000.000000,10000.000000,0.000000
2026-04-11T19:00:00+00:00,10000.000000,10000.000000,0.000000
2026-04-11T20:00:00+00:00,10000.000000,10000.000000,0.000000
2026-04-11T21:00:00+00:00,10000.000000,10000.000000,0.000000
2026-04-11T22:00:00+00:00,10000.000000,10000.000000,0.000000
2026-04-11T23:00:00+00:00,10000.000000,10000.000000,0.000000
2026-04-12T00:00:00+00:00,10000.000000,10000.000000,0.000000
2026-04-12T01:00:00+00:00,10000.000000,10000.000000,0.000000
2026-04-12T02:00:00+00:00,10000.000000,10000.000000,0.000000
2026-04-12T03:00:00+00:00,10000.000000,10000.000000,0.000000
2026-04-12T04:00:00+00:00,10000.000000,10000.000000,0.000000
2026-04-12T05:00:00+00:00,10000.000000,10000.000000,0.000000
2026-04-12T06:00:00+00:00,10000.000000,10000.000000,0.000000
2026-04-12T07:00:00+00:00,10000.000000,10000.000000,0.000000
2026-04-12T08:00:00+00:00,10000.000000,10000.000000,0.000000
2026-04-12T09:00:00+00:00,10000.000000,10000.000000,0.000000
2026-04-12T10:00:00+00:00,10000.000000,10000.000000,0.000000
2026-04-12T11:00:00+00:00,10000.000000,10000.000000,0.000000
2026-04-12T12:00:00+00:00,10000.000000,10000.000000,0.000000
2026-04-12T13:00:00+00:00,10000.000000,10000.000000,0.000000
2026-04-12T14:00:00+00:00,10000.000000,10000.000000,0.000000
2026-04-12T15:00:00+00:00,9992.999000,-7.001000,10000.000000
2026-04-12T16:00:00+00:00,9997.574298,-7.001000,10004.575298
2026-04-12T17:00:00+00:00,9999.404417,-7.001000,10006.405417
2026-04-12T18:00:00+00:00,9999.404417,-7.001000,10006.405417
2026-04-12T19:00:00+00:00,10047.902576,-7.001000,10054.903576
2026-04-12T20:00:00+00:00,10051.646150,10051.646150,0.000000
2026-04-12T21:00:00+00:00,10051.646150,10051.646150,0.000000
2026-04-12T22:00:00+00:00,10051.646150,10051.646150,0.000000
2026-04-12T23:00:00+00:00,10051.646150,10051.646150,0.000000
2026-04-13T00:00:00+00:00,10051.646150,10051.646150,0.000000
2026-04-13T01:00:00+00:00,10051.646150,10051.646150,0.000000
2026-04-13T02:00:00+00:00,10051.646150,10051.646150,0.000000
2026-04-13T03:00:00+00:00,10051.646150,10051.646150,0.000000
2026-04-13T04:00:00+00:00,10051.646150,10051.646150,0.000000
2026-04-13T05:00:00+00:00,10051.646150,10051.646150,0.000000
2026-04-13T06:00:00+00:00,10051.646150,10051.646150,0.000000
2026-04-13T07:00:00+00:00,10051.646150,10051.646150,0.000000
2026-04-13T08:00:00+00:00,10051.646150,10051.646150,0.000000
2026-04-13T09:00:00+00:00,10051.646150,10051.646150,0.000000
2026-04-13T10:00:00+00:00,10051.646150,10051.646150,0.000000
2026-04-13T11:00:00+00:00,10051.646150,10051.646150,0.000000
2026-04-13T12:00:00+00:00,10051.646150,10051.646150,0.000000
2026-04-13T13:00:00+00:00,10051.646150,10051.646150,0.000000
2026-04-13T14:00:00+00:00,10051.646150,10051.646150,0.000000
2026-04-13T15:00:00+00:00,10044.611003,-3.014489,10051.646150
2026-04-13T16:00:00+00:00,10000.719562,10000.719562,0.000000
2026-04-13T17:00:00+00:00,10000.719562,10000.719562,0.000000
2026-04-13T18:00:00+00:00,10000.719562,10000.719562,0.000000
2026-04-13T19:00:00+00:00,10000.719562,10000.719562,0.000000
2026-04-13T20:00:00+00:00,10000.719562,10000.719562,0.000000
2026-04-13T21:00:00+00:00,10000.719562,10000.719562,0.000000
2026-04-13T22:00:00+00:00,10000.719562,10000.719562,0.000000
2026-04-13T23:00:00+00:00,10000.719562,10000.719562,0.000000
2026-04-14T00:00:00+00:00,10000.719562,10000.719562,0.000000
2026-04-14T01:00:00+00:00,10000.719562,10000.719562,0.000000
2026-04-14T02:00:00+00:00,10000.719562,10000.719562,0.000000
2026-04-14T03:00:00+00:00,10000.719562,10000.719562,0.000000
2026-04-14T04:00:00+00:00,10000.719562,10000.719562,0.000000
2026-04-14T05:00:00+00:00,10000.719562,10000.719562,0.000000
2026-04-14T06:00:00+00:00,10000.719562,10000.719562,0.000000
2026-04-14T07:00:00+00:00,10000.719562,10000.719562,0.000000
2026-04-14T08:00:00+00:00,10000.719562,10000.719562,0.000000
2026-04-14T09:00:00+00:00,10000.719562,10000.719562,0.000000
2026-04-14T10:00:00+00:00,10000.719562,10000.719562,0.000000
2026-04-14T11:00:00+00:00,10000.719562,10000.719562,0.000000
2026-04-14T12:00:00+00:00,10000.719562,10000.719562,0.000000
2026-04-14T13:00:00+00:00,10000.719562,10000.719562,0.000000
2026-04-14T14:00:00+00:00,10000.719562,10000.719562,0.000000
2026-04-14T15:00:00+00:00,10000.719562,10000.719562,0.000000
2026-04-14T16:00:00+00:00,10000.719562,10000.719562,0.000000
2026-04-14T17:00:00+00:00,10000.719562,10000.719562,0.000000
2026-04-14T18:00:00+00:00,10000.719562,10000.719562,0.000000
2026-04-14T19:00:00+00:00,10000.719562,10000.719562,0.000000
2026-04-14T20:00:00+00:00,10000.719562,10000.719562,0.000000
2026-04-14T21:00:00+00:00,10000.719562,10000.719562,0.000000
2026-04-14T22:00:00+00:00,10000.719562,10000.719562,0.000000
2026-04-14T23:00:00+00:00,10000.719562,10000.719562,0.000000
2026-04-15T00:00:00+00:00,10000.719562,10000.719562,0.000000
2026-04-15T01:00:00+00:00,10000.719562,10000.719562,0.000000
2026-04-15T02:00:00+00:00,10000.719562,10000.719562,0.000000
2026-04-15T03:00:00+00:00,10000.719562,10000.719562,0.000000
2026-04-15T04:00:00+00:00,10000.719562,10000.719562,0.000000
2026-04-15T05:00:00+00:00,10000.719562,10000.719562,0.000000
2026-04-15T06:00:00+00:00,10000.719562,10000.719562,0.000000
2026-04-15T07:00:00+00:00,10000.719562,10000.719562,0.000000
2026-04-15T08:00:00+00:00,10000.719562,10000.719562,0.000000
2026-04-15T09:00:00+00:00,10000.719562,10000.719562,0.000000
2026-04-15T10:00:00+00:00,10000.719562,10000.719562,0.000000
2026-04-15T11:00:00+00:00,10000.719562,10000.719562,0.000000
2026-04-15T12:00:00+00:00,10000.719562,10000.719562,0.000000
2026-04-15T13:00:00+00:00,10000.719562,10000.719562,0.000000
2026-04-15T14:00:00+00:00,10000.719562,10000.719562,0.000000
2026-04-15T15:00:00+00:00,10000.719562,10000.719562,0.000000
2026-04-15T16:00:00+00:00,10000.719562,10000.719562,0.000000
2026-04-15T17:00:00+00:00,10000.719562,10000.719562,0.000000
2026-04-15T18:00:00+00:00,10000.719562,10000.719562,0.000000
2026-04-15T19:00:00+00:00,10000.719562,10000.719562,0.000000
2026-04-15T20:00:00+00:00,10000.719562,10000.719562,0.000000
2026-04-15T21:00:00+00:00,10000.719562,10000.719562,0.000000
2026-04-15T22:00:00+00:00,10000.719562,10000.719562,0.000000
2026-04-15T23:00:00+00:00,10000.719562,10000.719562,0.000000
2026-04-16T00:00:00+00:00,10000.719562,10000.719562,0.000000
2026-04-16T01:00:00+00:00,10000.719562,10000.719562,0.000000
2026-04-16T02:00:00+00:00,10000.719562,10000.719562,0.000000
2026-04-16T03:00:00+00:00,10000.719562,10000.719562,0.000000
2026-04-16T04:00:00+00:00,10000.719562,10000.719562,0.000000
2026-04-16T05:00:00+00:00,10000.719562,10000.719562,0.000000
2026-04-16T06:00:00+00:00,10000.719562,10000.719562,0.000000
2026-04-16T07:00:00+00:00,10000.719562,10000.719562,0.000000
2026-04-16T08:00:00+00:00,10000.719562,10000.719562,0.000000
2026-04-16T09:00:00+00:00,10000.719562,10000.719562,0.000000
2026-04-16T10:00:00+00:00,10000.719562,10000.719562,0.000000
2026-04-16T11:00:00+00:00,10000.719562,10000.719562,0.000000
2026-04-16T12:00:00+00:00,10000.719562,10000.719562,0.000000
2026-04-16T13:00:00+00:00,10000.719562,10000.719562,0.000000
2026-04-16T14:00:00+00:00,10000.719562,10000.719562,0.000000
2026-04-16T15:00:00+00:00,10000.719562,10000.719562,0.000000
2026-04-16T16:00:00+00:00,10000.719562,10000.719562,0.000000
2026-04-16T17:00:00+00:00,10000.719562,10000.719562,0.000000
2026-04-16T18:00:00+00:00,10000.719562,10000.719562,0.000000
2026-04-16T19:00:00+00:00,10000.719562,10000.719562,0.000000
2026-04-16T20:00:00+00:00,10000.719562,10000.719562,0.000000
2026-04-16T21:00:00+00:00,10000.719562,10000.719562,0.000000
2026-04-16T22:00:00+00:00,10000.719562,10000.719562,0.000000
2026-04-16T23:00:00+00:00,10000.719562,10000.719562,0.000000
2026-04-17T00:00:00+00:00,10000.719562,10000.719562,0.000000
2026-04-17T01:00:00+00:00,10000.719562,10000.719562,0.000000
2026-04-17T02:00:00+00:00,10000.719562,10000.719562,0.000000
2026-04-17T03:00:00+00:00,10000.719562,10000.719562,0.000000
2026-04-17T04:00:00+00:00,10000.719562,10000.719562,0.000000
2026-04-17T05:00:00+00:00,10000.719562,10000.719562,0.000000
2026-04-17T06:00:00+00:00,10000.719562,10000.719562,0.000000
2026-04-17T07:00:00+00:00,9993.718059,-7.001504,10000.719562
2026-04-17T08:00:00+00:00,10013.204001,10013.204001,0.000000
2026-04-17T09:00:00+00:00,10013.204001,10013.204001,0.000000
2026-04-17T10:00:00+00:00,10013.204001,10013.204001,0.000000
2026-04-17T11:00:00+00:00,10013.204001,10013.204001,0.000000
2026-04-17T12:00:00+00:00,10013.204001,10013.204001,0.000000
2026-04-17T13:00:00+00:00,10013.204001,10013.204001,0.000000
2026-04-17T14:00:00+00:00,10013.204001,10013.204001,0.000000
2026-04-17T15:00:00+00:00,10013.204001,10013.204001,0.000000
2026-04-17T16:00:00+00:00,10013.204001,10013.204001,0.000000
2026-04-17T17:00:00+00:00,10013.204001,10013.204001,0.000000
2026-04-17T18:00:00+00:00,10013.204001,10013.204001,0.000000
2026-04-17T19:00:00+00:00,10013.204001,10013.204001,0.000000
2026-04-17T20:00:00+00:00,10013.204001,10013.204001,0.000000
2026-04-17T21:00:00+00:00,10013.204001,10013.204001,0.000000
2026-04-17T22:00:00+00:00,10013.204001,10013.204001,0.000000
2026-04-17T23:00:00+00:00,10013.204001,10013.204001,0.000000
2026-04-18T00:00:00+00:00,10013.204001,10013.204001,0.000000
2026-04-18T01:00:00+00:00,10013.204001,10013.204001,0.000000
2026-04-18T02:00:00+00:00,10013.204001,10013.204001,0.000000
2026-04-18T03:00:00+00:00,10013.204001,10013.204001,0.000000
2026-04-18T04:00:00+00:00,10013.204001,10013.204001,0.000000
2026-04-18T05:00:00+00:00,10013.204001,10013.204001,0.000000
2026-04-18T06:00:00+00:00,10013.204001,10013.204001,0.000000
2026-04-18T07:00:00+00:00,10013.204001,10013.204001,0.000000
2026-04-18T08:00:00+00:00,10013.204001,10013.204001,0.000000
2026-04-18T09:00:00+00:00,10013.204001,10013.204001,0.000000
2026-04-18T10:00:00+00:00,10013.204001,10013.204001,0.000000
2026-04-18T11:00:00+00:00,10013.204001,10013.204001,0.000000
2026-04-18T12:00:00+00:00,10013.204001,10013.204001,0.000000
2026-04-18T13:00:00+00:00,10013.204001,10013.204001,0.000000
2026-04-18T14:00:00+00:00,10013.204001,10013.204001,0.000000
2026-04-18T15:00:00+00:00,10013.204001,10013.204001,0.000000
2026-04-18T16:00:00+00:00,10013.204001,10013.204001,0.000000
2026-04-18T17:00:00+00:00,10013.204001,10013.204001,0.000000
2026-04-18T18:00:00+00:00,10006.195760,-3.002960,10013.204001
2026-04-18T19:00:00+00:00,10001.714147,-3.002960,10017.685614
2026-04-18T20:00:00+00:00,9985.068155,-3.002960,10034.331606
2026-04-18T21:00:00+00:00,9972.903777,-3.002960,10046.495984
2026-04-18T22:00:00+00:00,9967.781934,-3.002960,10051.617827
2026-04-18T23:00:00+00:00,9993.604561,-3.002960,10025.795200
2026-04-19T00:00:00+00:00,9999.366635,-3.002960,10020.033126
2026-04-19T01:00:00+00:00,9991.118036,-6.999682,9998.117718
2026-04-19T02:00:00+00:00,9951.274711,-6.999682,9958.274393
2026-04-19T03:00:00+00:00,9958.518952,-6.999682,9965.518634
2026-04-19T04:00:00+00:00,9911.372650,9911.372650,0.000000
2026-04-19T05:00:00+00:00,9911.372650,9911.372650,0.000000
2026-04-19T06:00:00+00:00,9911.372650,9911.372650,0.000000
2026-04-19T07:00:00+00:00,9911.372650,9911.372650,0.000000
2026-04-19T08:00:00+00:00,9911.372650,9911.372650,0.000000
2026-04-19T09:00:00+00:00,9911.372650,9911.372650,0.000000
2026-04-19T10:00:00+00:00,9911.372650,9911.372650,0.000000
2026-04-19T11:00:00+00:00,9911.372650,9911.372650,0.000000
2026-04-19T12:00:00+00:00,9911.372650,9911.372650,0.000000
2026-04-19T13:00:00+00:00,9911.372650,9911.372650,0.000000
2026-04-19T14:00:00+00:00,9911.372650,9911.372650,0.000000
2026-04-19T15:00:00+00:00,9911.372650,9911.372650,0.000000
2026-04-19T16:00:00+00:00,9911.372650,9911.372650,0.000000
2026-04-19T17:00:00+00:00,9911.372650,9911.372650,0.000000
2026-04-19T18:00:00+00:00,9911.372650,9911.372650,0.000000
2026-04-19T19:00:00+00:00,9911.372650,9911.372650,0.000000
2026-04-19T20:00:00+00:00,9911.372650,9911.372650,0.000000
2026-04-19T21:00:00+00:00,9911.372650,9911.372650,0.000000
2026-04-19T22:00:00+00:00,9911.372650,9911.372650,0.000000
2026-04-19T23:00:00+00:00,9911.372650,9911.372650,0.000000
2026-04-20T00:00:00+00:00,9911.372650,9911.372650,0.000000
2026-04-20T01:00:00+00:00,9911.372650,9911.372650,0.000000
2026-04-20T02:00:00+00:00,9911.372650,9911.372650,0.000000
2026-04-20T03:00:00+00:00,9911.372650,9911.372650,0.000000
2026-04-20T04:00:00+00:00,9911.372650,9911.372650,0.000000
2026-04-20T05:00:00+00:00,9911.372650,9911.372650,0.000000
2026-04-20T06:00:00+00:00,9911.372650,9911.372650,0.000000
2026-04-20T07:00:00+00:00,9911.372650,9911.372650,0.000000
2026-04-20T08:00:00+00:00,9911.372650,9911.372650,0.000000
2026-04-20T09:00:00+00:00,9911.372650,9911.372650,0.000000
2026-04-20T10:00:00+00:00,9911.372650,9911.372650,0.000000
2026-04-20T11:00:00+00:00,9911.372650,9911.372650,0.000000
2026-04-20T12:00:00+00:00,9911.372650,9911.372650,0.000000
2026-04-20T13:00:00+00:00,9911.372650,9911.372650,0.000000
2026-04-20T14:00:00+00:00,9911.372650,9911.372650,0.000000
2026-04-20T15:00:00+00:00,9911.372650,9911.372650,0.000000
2026-04-20T16:00:00+00:00,9911.372650,9911.372650,0.000000
2026-04-20T17:00:00+00:00,9911.372650,9911.372650,0.000000
2026-04-20T18:00:00+00:00,9911.372650,9911.372650,0.000000
2026-04-20T19:00:00+00:00,9911.372650,9911.372650,0.000000
2026-04-20T20:00:00+00:00,9911.372650,9911.372650,0.000000
2026-04-20T21:00:00+00:00,9911.372650,9911.372650,0.000000
2026-04-20T22:00:00+00:00,9911.372650,9911.372650,0.000000
2026-04-20T23:00:00+00:00,9911.372650,9911.372650,0.000000
2026-04-21T00:00:00+00:00,9911.372650,9911.372650,0.000000
2026-04-21T01:00:00+00:00,9911.372650,9911.372650,0.000000
2026-04-21T02:00:00+00:00,9911.372650,9911.372650,0.000000
2026-04-21T03:00:00+00:00,9911.372650,9911.372650,0.000000
2026-04-21T04:00:00+00:00,9911.372650,9911.372650,0.000000
2026-04-21T05:00:00+00:00,9911.372650,9911.372650,0.000000
2026-04-21T06:00:00+00:00,9911.372650,9911.372650,0.000000
2026-04-21T07:00:00+00:00,9911.372650,9911.372650,0.000000
2026-04-21T08:00:00+00:00,9911.372650,9911.372650,0.000000
2026-04-21T09:00:00+00:00,9911.372650,9911.372650,0.000000
2026-04-21T10:00:00+00:00,9911.372650,9911.372650,0.000000
2026-04-21T11:00:00+00:00,9911.372650,9911.372650,0.000000
2026-04-21T12:00:00+00:00,9911.372650,9911.372650,0.000000
2026-04-21T13:00:00+00:00,9911.372650,9911.372650,0.000000
2026-04-21T14:00:00+00:00,9911.372650,9911.372650,0.000000
2026-04-21T15:00:00+00:00,9911.372650,9911.372650,0.000000
2026-04-21T16:00:00+00:00,9911.372650,9911.372650,0.000000
2026-04-21T17:00:00+00:00,9911.372650,9911.372650,0.000000
2026-04-21T18:00:00+00:00,9911.372650,9911.372650,0.000000
2026-04-21T19:00:00+00:00,9911.372650,9911.372650,0.000000
2026-04-21T20:00:00+00:00,9911.372650,9911.372650,0.000000
2026-04-21T21:00:00+00:00,9911.372650,9911.372650,0.000000
2026-04-21T22:00:00+00:00,9911.372650,9911.372650,0.000000
2026-04-21T23:00:00+00:00,9911.372650,9911.372650,0.000000
2026-04-22T00:00:00+00:00,9911.372650,9911.372650,0.000000
2026-04-22T01:00:00+00:00,9911.372650,9911.372650,0.000000
2026-04-22T02:00:00+00:00,9911.372650,9911.372650,0.000000
2026-04-22T03:00:00+00:00,9911.372650,9911.372650,0.000000
2026-04-22T04:00:00+00:00,9911.372650,9911.372650,0.000000
2026-04-22T05:00:00+00:00,9911.372650,9911.372650,0.000000
2026-04-22T06:00:00+00:00,9911.372650,9911.372650,0.000000
2026-04-22T07:00:00+00:00,9911.372650,9911.372650,0.000000
2026-04-22T08:00:00+00:00,9911.372650,9911.372650,0.000000
2026-04-22T09:00:00+00:00,9911.372650,9911.372650,0.000000
2026-04-22T10:00:00+00:00,9911.372650,9911.372650,0.000000
2026-04-22T11:00:00+00:00,9911.372650,9911.372650,0.000000
2026-04-22T12:00:00+00:00,9911.372650,9911.372650,0.000000
2026-04-22T13:00:00+00:00,9911.372650,9911.372650,0.000000
2026-04-22T14:00:00+00:00,9911.372650,9911.372650,0.000000
2026-04-22T15:00:00+00:00,9911.372650,9911.372650,0.000000
2026-04-22T16:00:00+00:00,9911.372650,9911.372650,0.000000
2026-04-22T17:00:00+00:00,9911.372650,9911.372650,0.000000
2026-04-22T18:00:00+00:00,9911.372650,9911.372650,0.000000
2026-04-22T19:00:00+00:00,9911.372650,9911.372650,0.000000
2026-04-22T20:00:00+00:00,9911.372650,9911.372650,0.000000
2026-04-22T21:00:00+00:00,9911.372650,9911.372650,0.000000
2026-04-22T22:00:00+00:00,9911.372650,9911.372650,0.000000
2026-04-22T23:00:00+00:00,9911.372650,9911.372650,0.000000
2026-04-23T00:00:00+00:00,9911.372650,9911.372650,0.000000
2026-04-23T01:00:00+00:00,9911.372650,9911.372650,0.000000
2026-04-23T02:00:00+00:00,9911.372650,9911.372650,0.000000
2026-04-23T03:00:00+00:00,9911.372650,9911.372650,0.000000
2026-04-23T04:00:00+00:00,9911.372650,9911.372650,0.000000
2026-04-23T05:00:00+00:00,9911.372650,9911.372650,0.000000
2026-04-23T06:00:00+00:00,9911.372650,9911.372650,0.000000
2026-04-23T07:00:00+00:00,9911.372650,9911.372650,0.000000
2026-04-23T08:00:00+00:00,9911.372650,9911.372650,0.000000
2026-04-23T09:00:00+00:00,9911.372650,9911.372650,0.000000
2026-04-23T10:00:00+00:00,9911.372650,9911.372650,0.000000
2026-04-23T11:00:00+00:00,9911.372650,9911.372650,0.000000
2026-04-23T12:00:00+00:00,9911.372650,9911.372650,0.000000
2026-04-23T13:00:00+00:00,9911.372650,9911.372650,0.000000
2026-04-23T14:00:00+00:00,9911.372650,9911.372650,0.000000
2026-04-23T15:00:00+00:00,9911.372650,9911.372650,0.000000
2026-04-23T16:00:00+00:00,9911.372650,9911.372650,0.000000
2026-04-23T17:00:00+00:00,9911.372650,9911.372650,0.000000
2026-04-23T18:00:00+00:00,9911.372650,9911.372650,0.000000
2026-04-23T19:00:00+00:00,9911.372650,9911.372650,0.000000
2026-04-23T20:00:00+00:00,9904.435680,-2.972421,9911.372650
2026-04-23T21:00:00+00:00,9913.178124,-2.972421,9902.630206
2026-04-23T22:00:00+00:00,9875.862815,-2.972421,9939.945516
2026-04-23T23:00:00+00:00,9883.752337,-2.972421,9932.055993
2026-04-24T00:00:00+00:00,9875.223124,-2.972421,9940.585207
2026-04-24T01:00:00+00:00,9871.171747,-2.972421,9944.636583
2026-04-24T02:00:00+00:00,9863.533521,9863.533521,0.000000
2026-04-24T03:00:00+00:00,9863.533521,9863.533521,0.000000
2026-04-24T04:00:00+00:00,9863.533521,9863.533521,0.000000
2026-04-24T05:00:00+00:00,9863.533521,9863.533521,0.000000
2026-04-24T06:00:00+00:00,9863.533521,9863.533521,0.000000
2026-04-24T07:00:00+00:00,9863.533521,9863.533521,0.000000
2026-04-24T08:00:00+00:00,9863.533521,9863.533521,0.000000
2026-04-24T09:00:00+00:00,9863.533521,9863.533521,0.000000
2026-04-24T10:00:00+00:00,9863.533521,9863.533521,0.000000
2026-04-24T11:00:00+00:00,9863.533521,9863.533521,0.000000
2026-04-24T12:00:00+00:00,9863.533521,9863.533521,0.000000
2026-04-24T13:00:00+00:00,9863.533521,9863.533521,0.000000
2026-04-24T14:00:00+00:00,9863.533521,9863.533521,0.000000
2026-04-24T15:00:00+00:00,9863.533521,9863.533521,0.000000
2026-04-24T16:00:00+00:00,9863.533521,9863.533521,0.000000
2026-04-24T17:00:00+00:00,9863.533521,9863.533521,0.000000
2026-04-24T18:00:00+00:00,9863.533521,9863.533521,0.000000
2026-04-24T19:00:00+00:00,9863.533521,9863.533521,0.000000
2026-04-24T20:00:00+00:00,9863.533521,9863.533521,0.000000
2026-04-24T21:00:00+00:00,9863.533521,9863.533521,0.000000
2026-04-24T22:00:00+00:00,9863.533521,9863.533521,0.000000
2026-04-24T23:00:00+00:00,9863.533521,9863.533521,0.000000
2026-04-25T00:00:00+00:00,9863.533521,9863.533521,0.000000
2026-04-25T01:00:00+00:00,9863.533521,9863.533521,0.000000
2026-04-25T02:00:00+00:00,9863.533521,9863.533521,0.000000
2026-04-25T03:00:00+00:00,9863.533521,9863.533521,0.000000
2026-04-25T04:00:00+00:00,9863.533521,9863.533521,0.000000
2026-04-25T05:00:00+00:00,9863.533521,9863.533521,0.000000
2026-04-25T06:00:00+00:00,9863.533521,9863.533521,0.000000
2026-04-25T07:00:00+00:00,9863.533521,9863.533521,0.000000
2026-04-25T08:00:00+00:00,9856.628061,-6.905460,9863.533521
2026-04-25T09:00:00+00:00,9854.926168,-6.905460,9861.831628
2026-04-25T10:00:00+00:00,9860.670057,-6.905460,9867.575516
2026-04-25T11:00:00+00:00,9831.950613,-6.905460,9838.856072
2026-04-25T12:00:00+00:00,9830.461456,-6.905460,9837.366916
2026-04-25T13:00:00+00:00,9843.012917,-6.905460,9849.918377
2026-04-25T14:00:00+00:00,9841.949234,-6.905460,9848.854694
2026-04-25T15:00:00+00:00,9788.164270,9788.164270,0.000000
2026-04-25T16:00:00+00:00,9788.164270,9788.164270,0.000000
2026-04-25T17:00:00+00:00,9788.164270,9788.164270,0.000000
2026-04-25T18:00:00+00:00,9788.164270,9788.164270,0.000000
2026-04-25T19:00:00+00:00,9788.164270,9788.164270,0.000000
2026-04-25T20:00:00+00:00,9788.164270,9788.164270,0.000000
2026-04-25T21:00:00+00:00,9788.164270,9788.164270,0.000000
2026-04-25T22:00:00+00:00,9788.164270,9788.164270,0.000000
2026-04-25T23:00:00+00:00,9788.164270,9788.164270,0.000000
2026-04-26T00:00:00+00:00,9788.164270,9788.164270,0.000000
2026-04-26T01:00:00+00:00,9788.164270,9788.164270,0.000000
2026-04-26T02:00:00+00:00,9788.164270,9788.164270,0.000000
2026-04-26T03:00:00+00:00,9788.164270,9788.164270,0.000000
2026-04-26T04:00:00+00:00,9788.164270,9788.164270,0.000000
2026-04-26T05:00:00+00:00,9788.164270,9788.164270,0.000000
2026-04-26T06:00:00+00:00,9788.164270,9788.164270,0.000000
2026-04-26T07:00:00+00:00,9788.164270,9788.164270,0.000000
2026-04-26T08:00:00+00:00,9788.164270,9788.164270,0.000000
2026-04-26T09:00:00+00:00,9788.164270,9788.164270,0.000000
2026-04-26T10:00:00+00:00,9788.164270,9788.164270,0.000000
2026-04-26T11:00:00+00:00,9788.164270,9788.164270,0.000000
2026-04-26T12:00:00+00:00,9788.164270,9788.164270,0.000000
2026-04-26T13:00:00+00:00,9788.164270,9788.164270,0.000000
2026-04-26T14:00:00+00:00,9788.164270,9788.164270,0.000000
2026-04-26T15:00:00+00:00,9788.164270,9788.164270,0.000000
2026-04-26T16:00:00+00:00,9788.164270,9788.164270,0.000000
2026-04-26T17:00:00+00:00,9788.164270,9788.164270,0.000000
2026-04-26T18:00:00+00:00,9788.164270,9788.164270,0.000000
2026-04-26T19:00:00+00:00,9788.164270,9788.164270,0.000000
2026-04-26T20:00:00+00:00,9788.164270,9788.164270,0.000000
2026-04-26T21:00:00+00:00,9788.164270,9788.164270,0.000000
2026-04-26T22:00:00+00:00,9788.164270,9788.164270,0.000000
2026-04-26T23:00:00+00:00,9788.164270,9788.164270,0.000000
2026-04-27T00:00:00+00:00,9788.164270,9788.164270,0.000000
2026-04-27T01:00:00+00:00,9788.164270,9788.164270,0.000000
2026-04-27T02:00:00+00:00,9788.164270,9788.164270,0.000000
2026-04-27T03:00:00+00:00,9788.164270,9788.164270,0.000000
2026-04-27T04:00:00+00:00,9788.164270,9788.164270,0.000000
2026-04-27T05:00:00+00:00,9788.164270,9788.164270,0.000000
2026-04-27T06:00:00+00:00,9788.164270,9788.164270,0.000000
2026-04-27T07:00:00+00:00,9788.164270,9788.164270,0.000000
2026-04-27T08:00:00+00:00,9788.164270,9788.164270,0.000000
2026-04-27T09:00:00+00:00,9788.164270,9788.164270,0.000000
2026-04-27T10:00:00+00:00,9788.164270,9788.164270,0.000000
2026-04-27T11:00:00+00:00,9788.164270,9788.164270,0.000000
2026-04-27T12:00:00+00:00,9788.164270,9788.164270,0.000000
2026-04-27T13:00:00+00:00,9788.164270,9788.164270,0.000000
2026-04-27T14:00:00+00:00,9788.164270,9788.164270,0.000000
2026-04-27T15:00:00+00:00,9788.164270,9788.164270,0.000000
2026-04-27T16:00:00+00:00,9788.164270,9788.164270,0.000000
2026-04-27T17:00:00+00:00,9788.164270,9788.164270,0.000000
2026-04-27T18:00:00+00:00,9788.164270,9788.164270,0.000000
2026-04-27T19:00:00+00:00,9788.164270,9788.164270,0.000000
2026-04-27T20:00:00+00:00,9788.164270,9788.164270,0.000000
2026-04-27T21:00:00+00:00,9788.164270,9788.164270,0.000000
2026-04-27T22:00:00+00:00,9788.164270,9788.164270,0.000000
2026-04-27T23:00:00+00:00,9788.164270,9788.164270,0.000000
2026-04-28T00:00:00+00:00,9788.164270,9788.164270,0.000000
2026-04-28T01:00:00+00:00,9788.164270,9788.164270,0.000000
2026-04-28T02:00:00+00:00,9788.164270,9788.164270,0.000000
2026-04-28T03:00:00+00:00,9788.164270,9788.164270,0.000000
2026-04-28T04:00:00+00:00,9788.164270,9788.164270,0.000000
2026-04-28T05:00:00+00:00,9788.164270,9788.164270,0.000000
2026-04-28T06:00:00+00:00,9788.164270,9788.164270,0.000000
2026-04-28T07:00:00+00:00,9788.164270,9788.164270,0.000000
2026-04-28T08:00:00+00:00,9788.164270,9788.164270,0.000000
2026-04-28T09:00:00+00:00,9788.164270,9788.164270,0.000000
2026-04-28T10:00:00+00:00,9788.164270,9788.164270,0.000000
2026-04-28T11:00:00+00:00,9788.164270,9788.164270,0.000000
2026-04-28T12:00:00+00:00,9788.164270,9788.164270,0.000000
2026-04-28T13:00:00+00:00,9788.164270,9788.164270,0.000000
2026-04-28T14:00:00+00:00,9788.164270,9788.164270,0.000000
2026-04-28T15:00:00+00:00,9788.164270,9788.164270,0.000000
2026-04-28T16:00:00+00:00,9788.164270,9788.164270,0.000000
2026-04-28T17:00:00+00:00,9788.164270,9788.164270,0.000000
2026-04-28T18:00:00+00:00,9788.164270,9788.164270,0.000000
2026-04-28T19:00:00+00:00,9788.164270,9788.164270,0.000000
2026-04-28T20:00:00+00:00,9788.164270,9788.164270,0.000000
2026-04-28T21:00:00+00:00,9788.164270,9788.164270,0.000000
2026-04-28T22:00:00+00:00,9788.164270,9788.164270,0.000000
2026-04-28T23:00:00+00:00,9788.164270,9788.164270,0.000000
2026-04-29T00:00:00+00:00,9788.164270,9788.164270,0.000000
2026-04-29T01:00:00+00:00,9788.164270,9788.164270,0.000000
2026-04-29T02:00:00+00:00,9788.164270,9788.164270,0.000000
2026-04-29T03:00:00+00:00,9788.164270,9788.164270,0.000000
2026-04-29T04:00:00+00:00,9788.164270,9788.164270,0.000000
2026-04-29T05:00:00+00:00,9788.164270,9788.164270,0.000000
2026-04-29T06:00:00+00:00,9788.164270,9788.164270,0.000000
2026-04-29T07:00:00+00:00,9788.164270,9788.164270,0.000000
2026-04-29T08:00:00+00:00,9788.164270,9788.164270,0.000000
2026-04-29T09:00:00+00:00,9788.164270,9788.164270,0.000000
2026-04-29T10:00:00+00:00,9788.164270,9788.164270,0.000000
2026-04-29T11:00:00+00:00,9788.164270,9788.164270,0.000000
2026-04-29T12:00:00+00:00,9788.164270,9788.164270,0.000000
2026-04-29T13:00:00+00:00,9788.164270,9788.164270,0.000000
2026-04-29T14:00:00+00:00,9788.164270,9788.164270,0.000000
2026-04-29T15:00:00+00:00,9788.164270,9788.164270,0.000000
2026-04-29T16:00:00+00:00,9788.164270,9788.164270,0.000000
2026-04-29T17:00:00+00:00,9788.164270,9788.164270,0.000000
2026-04-29T18:00:00+00:00,9788.164270,9788.164270,0.000000
2026-04-29T19:00:00+00:00,9788.164270,9788.164270,0.000000
2026-04-29T20:00:00+00:00,9788.164270,9788.164270,0.000000
2026-04-29T21:00:00+00:00,9788.164270,9788.164270,0.000000
2026-04-29T22:00:00+00:00,9788.164270,9788.164270,0.000000
2026-04-29T23:00:00+00:00,9788.164270,9788.164270,0.000000
2026-04-30T00:00:00+00:00,9788.164270,9788.164270,0.000000
2026-04-30T01:00:00+00:00,9788.164270,9788.164270,0.000000
2026-04-30T02:00:00+00:00,9788.164270,9788.164270,0.000000
2026-04-30T03:00:00+00:00,9788.164270,9788.164270,0.000000
2026-04-30T04:00:00+00:00,9788.164270,9788.164270,0.000000
2026-04-30T05:00:00+00:00,9788.164270,9788.164270,0.000000
2026-04-30T06:00:00+00:00,9788.164270,9788.164270,0.000000
2026-04-30T07:00:00+00:00,9788.164270,9788.164270,0.000000
2026-04-30T08:00:00+00:00,9788.164270,9788.164270,0.000000
2026-04-30T09:00:00+00:00,9788.164270,9788.164270,0.000000
2026-04-30T10:00:00+00:00,9788.164270,9788.164270,0.000000
2026-04-30T11:00:00+00:00,9788.164270,9788.164270,0.000000
2026-04-30T12:00:00+00:00,9788.164270,9788.164270,0.000000
2026-04-30T13:00:00+00:00,9788.164270,9788.164270,0.000000
2026-04-30T14:00:00+00:00,9788.164270,9788.164270,0.000000
2026-04-30T15:00:00+00:00,9788.164270,9788.164270,0.000000
2026-04-30T16:00:00+00:00,9788.164270,9788.164270,0.000000
2026-04-30T17:00:00+00:00,9788.164270,9788.164270,0.000000
2026-04-30T18:00:00+00:00,9788.164270,9788.164270,0.000000
2026-04-30T19:00:00+00:00,9788.164270,9788.164270,0.000000
2026-04-30T20:00:00+00:00,9788.164270,9788.164270,0.000000
2026-04-30T21:00:00+00:00,9788.164270,9788.164270,0.000000
2026-04-30T22:00:00+00:00,9788.164270,9788.164270,0.000000
2026-04-30T23:00:00+00:00,9788.164270,9788.164270,0.000000
2026-05-01T00:00:00+00:00,9788.164270,9788.164270,0.000000
2026-05-01T01:00:00+00:00,9788.164270,9788.164270,0.000000
2026-05-01T02:00:00+00:00,9788.164270,9788.164270,0.000000
2026-05-01T03:00:00+00:00,9788.164270,9788.164270,0.000000
2026-05-01T04:00:00+00:00,9788.164270,9788.164270,0.000000
2026-05-01T05:00:00+00:00,9788.164270,9788.164270,0.000000
2026-05-01T06:00:00+00:00,9788.164270,9788.164270,0.000000
2026-05-01T07:00:00+00:00,9788.164270,9788.164270,0.000000
2026-05-01T08:00:00+00:00,9788.164270,9788.164270,0.000000
2026-05-01T09:00:00+00:00,9788.164270,9788.164270,0.000000
2026-05-01T10:00:00+00:00,9788.164270,9788.164270,0.000000
2026-05-01T11:00:00+00:00,9788.164270,9788.164270,0.000000
2026-05-01T12:00:00+00:00,9788.164270,9788.164270,0.000000
2026-05-01T13:00:00+00:00,9788.164270,9788.164270,0.000000
2026-05-01T14:00:00+00:00,9788.164270,9788.164270,0.000000
2026-05-01T15:00:00+00:00,9788.164270,9788.164270,0.000000
2026-05-01T16:00:00+00:00,9788.164270,9788.164270,0.000000
2026-05-01T17:00:00+00:00,9788.164270,9788.164270,0.000000
2026-05-01T18:00:00+00:00,9788.164270,9788.164270,0.000000
2026-05-01T19:00:00+00:00,9788.164270,9788.164270,0.000000
2026-05-01T20:00:00+00:00,9788.164270,9788.164270,0.000000
2026-05-01T21:00:00+00:00,9788.164270,9788.164270,0.000000
2026-05-01T22:00:00+00:00,9788.164270,9788.164270,0.000000
2026-05-01T23:00:00+00:00,9788.164270,9788.164270,0.000000
2026-05-02T00:00:00+00:00,9788.164270,9788.164270,0.000000
2026-05-02T01:00:00+00:00,9788.164270,9788.164270,0.000000
2026-05-02T02:00:00+00:00,9788.164270,9788.164270,0.000000
2026-05-02T03:00:00+00:00,9788.164270,9788.164270,0.000000
2026-05-02T04:00:00+00:00,9788.164270,9788.164270,0.000000
2026-05-02T05:00:00+00:00,9788.164270,9788.164270,0.000000
2026-05-02T06:00:00+00:00,9788.164270,9788.164270,0.000000
2026-05-02T07:00:00+00:00,9788.164270,9788.164270,0.000000
2026-05-02T08:00:00+00:00,9788.164270,9788.164270,0.000000
2026-05-02T09:00:00+00:00,9788.164270,9788.164270,0.000000
2026-05-02T10:00:00+00:00,9788.164270,9788.164270,0.000000
2026-05-02T11:00:00+00:00,9788.164270,9788.164270,0.000000
2026-05-02T12:00:00+00:00,9788.164270,9788.164270,0.000000
2026-05-02T13:00:00+00:00,9788.164270,9788.164270,0.000000
2026-05-02T14:00:00+00:00,9788.164270,9788.164270,0.000000
2026-05-02T15:00:00+00:00,9788.164270,9788.164270,0.000000
2026-05-02T16:00:00+00:00,9788.164270,9788.164270,0.000000
2026-05-02T17:00:00+00:00,9788.164270,9788.164270,0.000000
2026-05-02T18:00:00+00:00,9788.164270,9788.164270,0.000000
2026-05-02T19:00:00+00:00,9788.164270,9788.164270,0.000000
2026-05-02T20:00:00+00:00,9788.164270,9788.164270,0.000000
2026-05-02T21:00:00+00:00,9781.313533,-2.935470,9788.164270
2026-05-02T22:00:00+00:00,9775.418571,-2.935470,9794.059232
2026-05-02T23:00:00+00:00,9817.735981,-2.935470,9751.741822
2026-05-03T00:00:00+00:00,9829.946975,-2.935470,9739.530828
2026-05-03T01:00:00+00:00,9873.527591,-2.935470,9695.950212
2026-05-03T02:00:00+00:00,9875.632934,-2.935470,9693.844869
2026-05-03T03:00:00+00:00,9881.948966,-2.935470,9687.528837
2026-05-03T04:00:00+00:00,9883.422706,-2.935470,9686.055097
2026-05-03T05:00:00+00:00,9872.685453,-2.935470,9696.792350
2026-05-03T06:00:00+00:00,9870.580109,-2.935470,9698.897694
2026-05-03T07:00:00+00:00,9850.368809,-2.935470,9719.108994
2026-05-03T08:00:00+00:00,9854.790031,-2.935470,9714.687772
2026-05-03T09:00:00+00:00,9817.999492,9817.999492,0.000000
2026-05-03T10:00:00+00:00,9817.999492,9817.999492,0.000000
2026-05-03T11:00:00+00:00,9817.999492,9817.999492,0.000000
2026-05-03T12:00:00+00:00,9817.999492,9817.999492,0.000000
2026-05-03T13:00:00+00:00,9817.999492,9817.999492,0.000000
2026-05-03T14:00:00+00:00,9817.999492,9817.999492,0.000000
2026-05-03T15:00:00+00:00,9817.999492,9817.999492,0.000000
2026-05-03T16:00:00+00:00,9817.999492,9817.999492,0.000000
2026-05-03T17:00:00+00:00,9817.999492,9817.999492,0.000000
2026-05-03T18:00:00+00:00,9817.999492,9817.999492,0.000000
2026-05-03T19:00:00+00:00,9817.999492,9817.999492,0.000000
2026-05-03T20:00:00+00:00,9817.999492,9817.999492,0.000000
2026-05-03T21:00:00+00:00,9817.999492,9817.999492,0.000000
2026-05-03T22:00:00+00:00,9817.999492,9817.999492,0.000000
2026-05-03T23:00:00+00:00,9817.999492,9817.999492,0.000000
2026-05-04T00:00:00+00:00,9817.999492,9817.999492,0.000000
2026-05-04T01:00:00+00:00,9817.999492,9817.999492,0.000000
2026-05-04T02:00:00+00:00,9817.999492,9817.999492,0.000000
2026-05-04T03:00:00+00:00,9817.999492,9817.999492,0.000000
2026-05-04T04:00:00+00:00,9817.999492,9817.999492,0.000000
2026-05-04T05:00:00+00:00,9817.999492,9817.999492,0.000000
2026-05-04T06:00:00+00:00,9817.999492,9817.999492,0.000000
2026-05-04T07:00:00+00:00,9817.999492,9817.999492,0.000000
2026-05-04T08:00:00+00:00,9817.999492,9817.999492,0.000000
2026-05-04T09:00:00+00:00,9817.999492,9817.999492,0.000000
2026-05-04T10:00:00+00:00,9817.999492,9817.999492,0.000000
2026-05-04T11:00:00+00:00,9817.999492,9817.999492,0.000000
2026-05-04T12:00:00+00:00,9817.999492,9817.999492,0.000000
2026-05-04T13:00:00+00:00,9817.999492,9817.999492,0.000000
2026-05-04T14:00:00+00:00,9817.999492,9817.999492,0.000000
2026-05-04T15:00:00+00:00,9817.999492,9817.999492,0.000000
2026-05-04T16:00:00+00:00,9817.999492,9817.999492,0.000000
2026-05-04T17:00:00+00:00,9817.999492,9817.999492,0.000000
2026-05-04T18:00:00+00:00,9817.999492,9817.999492,0.000000
2026-05-04T19:00:00+00:00,9817.999492,9817.999492,0.000000
2026-05-04T20:00:00+00:00,9817.999492,9817.999492,0.000000
2026-05-04T21:00:00+00:00,9817.999492,9817.999492,0.000000
2026-05-04T22:00:00+00:00,9817.999492,9817.999492,0.000000
2026-05-04T23:00:00+00:00,9817.999492,9817.999492,0.000000
2026-05-05T00:00:00+00:00,9817.999492,9817.999492,0.000000
2026-05-05T01:00:00+00:00,9817.999492,9817.999492,0.000000
2026-05-05T02:00:00+00:00,9817.999492,9817.999492,0.000000
2026-05-05T03:00:00+00:00,9817.999492,9817.999492,0.000000
2026-05-05T04:00:00+00:00,9817.999492,9817.999492,0.000000
2026-05-05T05:00:00+00:00,9817.999492,9817.999492,0.000000
2026-05-05T06:00:00+00:00,9817.999492,9817.999492,0.000000
2026-05-05T07:00:00+00:00,9817.999492,9817.999492,0.000000
2026-05-05T08:00:00+00:00,9817.999492,9817.999492,0.000000
2026-05-05T09:00:00+00:00,9817.999492,9817.999492,0.000000
2026-05-05T10:00:00+00:00,9817.999492,9817.999492,0.000000
2026-05-05T11:00:00+00:00,9817.999492,9817.999492,0.000000
2026-05-05T12:00:00+00:00,9817.999492,9817.999492,0.000000
2026-05-05T13:00:00+00:00,9817.999492,9817.999492,0.000000
2026-05-05T14:00:00+00:00,9817.999492,9817.999492,0.000000
2026-05-05T15:00:00+00:00,9817.999492,9817.999492,0.000000
2026-05-05T16:00:00+00:00,9817.999492,9817.999492,0.000000
2026-05-05T17:00:00+00:00,9817.999492,9817.999492,0.000000
2026-05-05T18:00:00+00:00,9817.999492,9817.999492,0.000000
2026-05-05T19:00:00+00:00,9817.999492,9817.999492,0.000000
2026-05-05T20:00:00+00:00,9817.999492,9817.999492,0.000000
2026-05-05T21:00:00+00:00,9817.999492,9817.999492,0.000000
2026-05-05T22:00:00+00:00,9817.999492,9817.999492,0.000000
2026-05-05T23:00:00+00:00,9817.999492,9817.999492,0.000000
2026-05-06T00:00:00+00:00,9817.999492,9817.999492,0.000000
2026-05-06T01:00:00+00:00,9817.999492,9817.999492,0.000000
2026-05-06T02:00:00+00:00,9817.999492,9817.999492,0.000000
2026-05-06T03:00:00+00:00,9817.999492,9817.999492,0.000000
2026-05-06T04:00:00+00:00,9817.999492,9817.999492,0.000000
2026-05-06T05:00:00+00:00,9817.999492,9817.999492,0.000000
2026-05-06T06:00:00+00:00,9817.999492,9817.999492,0.000000
2026-05-06T07:00:00+00:00,9817.999492,9817.999492,0.000000
2026-05-06T08:00:00+00:00,9817.999492,9817.999492,0.000000
2026-05-06T09:00:00+00:00,9817.999492,9817.999492,0.000000
2026-05-06T10:00:00+00:00,9817.999492,9817.999492,0.000000
2026-05-06T11:00:00+00:00,9817.999492,9817.999492,0.000000
2026-05-06T12:00:00+00:00,9817.999492,9817.999492,0.000000
2026-05-06T13:00:00+00:00,9817.999492,9817.999492,0.000000
2026-05-06T14:00:00+00:00,9817.999492,9817.999492,0.000000
2026-05-06T15:00:00+00:00,9817.999492,9817.999492,0.000000
2026-05-06T16:00:00+00:00,9817.999492,9817.999492,0.000000
2026-05-06T17:00:00+00:00,9817.999492,9817.999492,0.000000
2026-05-06T18:00:00+00:00,9817.999492,9817.999492,0.000000
2026-05-06T19:00:00+00:00,9817.999492,9817.999492,0.000000
2026-05-06T20:00:00+00:00,9817.999492,9817.999492,0.000000
2026-05-06T21:00:00+00:00,9817.999492,9817.999492,0.000000
2026-05-06T22:00:00+00:00,9817.999492,9817.999492,0.000000
2026-05-06T23:00:00+00:00,9817.999492,9817.999492,0.000000
2026-05-07T00:00:00+00:00,9817.999492,9817.999492,0.000000
2026-05-07T01:00:00+00:00,9817.999492,9817.999492,0.000000
2026-05-07T02:00:00+00:00,9817.999492,9817.999492,0.000000
2026-05-07T03:00:00+00:00,9817.999492,9817.999492,0.000000
2026-05-07T04:00:00+00:00,9817.999492,9817.999492,0.000000
2026-05-07T05:00:00+00:00,9817.999492,9817.999492,0.000000
2026-05-07T06:00:00+00:00,9817.999492,9817.999492,0.000000
2026-05-07T07:00:00+00:00,9817.999492,9817.999492,0.000000
2026-05-07T08:00:00+00:00,9817.999492,9817.999492,0.000000
2026-05-07T09:00:00+00:00,9817.999492,9817.999492,0.000000
2026-05-07T10:00:00+00:00,9817.999492,9817.999492,0.000000
2026-05-07T11:00:00+00:00,9817.999492,9817.999492,0.000000
2026-05-07T12:00:00+00:00,9817.999492,9817.999492,0.000000
2026-05-07T13:00:00+00:00,9817.999492,9817.999492,0.000000
2026-05-07T14:00:00+00:00,9817.999492,9817.999492,0.000000
2026-05-07T15:00:00+00:00,9817.999492,9817.999492,0.000000
2026-05-07T16:00:00+00:00,9817.999492,9817.999492,0.000000
2026-05-07T17:00:00+00:00,9817.999492,9817.999492,0.000000
2026-05-07T18:00:00+00:00,9817.999492,9817.999492,0.000000
2026-05-07T19:00:00+00:00,9817.999492,9817.999492,0.000000
2026-05-07T20:00:00+00:00,9817.999492,9817.999492,0.000000
2026-05-07T21:00:00+00:00,9817.999492,9817.999492,0.000000
2026-05-07T22:00:00+00:00,9817.999492,9817.999492,0.000000
2026-05-07T23:00:00+00:00,9817.999492,9817.999492,0.000000
2026-05-08T00:00:00+00:00,9817.999492,9817.999492,0.000000
2026-05-08T01:00:00+00:00,9817.999492,9817.999492,0.000000
2026-05-08T02:00:00+00:00,9817.999492,9817.999492,0.000000
2026-05-08T03:00:00+00:00,9817.999492,9817.999492,0.000000
2026-05-08T04:00:00+00:00,9817.999492,9817.999492,0.000000
2026-05-08T05:00:00+00:00,9817.999492,9817.999492,0.000000
2026-05-08T06:00:00+00:00,9817.999492,9817.999492,0.000000
2026-05-08T07:00:00+00:00,9817.999492,9817.999492,0.000000
2026-05-08T08:00:00+00:00,9817.999492,9817.999492,0.000000
2026-05-08T09:00:00+00:00,9817.999492,9817.999492,0.000000
2026-05-08T10:00:00+00:00,9817.999492,9817.999492,0.000000
2026-05-08T11:00:00+00:00,9817.999492,9817.999492,0.000000
2026-05-08T12:00:00+00:00,9817.999492,9817.999492,0.000000
2026-05-08T13:00:00+00:00,9817.999492,9817.999492,0.000000
2026-05-08T14:00:00+00:00,9817.999492,9817.999492,0.000000
2026-05-08T15:00:00+00:00,9817.999492,9817.999492,0.000000
2026-05-08T16:00:00+00:00,9817.999492,9817.999492,0.000000
2026-05-08T17:00:00+00:00,9817.999492,9817.999492,0.000000
2026-05-08T18:00:00+00:00,9817.999492,9817.999492,0.000000
2026-05-08T19:00:00+00:00,9817.999492,9817.999492,0.000000
2026-05-08T20:00:00+00:00,9817.999492,9817.999492,0.000000
2026-05-08T21:00:00+00:00,9817.999492,9817.999492,0.000000
2026-05-08T22:00:00+00:00,9817.999492,9817.999492,0.000000
2026-05-08T23:00:00+00:00,9817.999492,9817.999492,0.000000
2026-05-09T00:00:00+00:00,9817.999492,9817.999492,0.000000
2026-05-09T01:00:00+00:00,9817.999492,9817.999492,0.000000
2026-05-09T02:00:00+00:00,9817.999492,9817.999492,0.000000
2026-05-09T03:00:00+00:00,9817.999492,9817.999492,0.000000
2026-05-09T04:00:00+00:00,9817.999492,9817.999492,0.000000
2026-05-09T05:00:00+00:00,9817.999492,9817.999492,0.000000
2026-05-09T06:00:00+00:00,9817.999492,9817.999492,0.000000
2026-05-09T07:00:00+00:00,9817.999492,9817.999492,0.000000
2026-05-09T08:00:00+00:00,9817.999492,9817.999492,0.000000
2026-05-09T09:00:00+00:00,9817.999492,9817.999492,0.000000
2026-05-09T10:00:00+00:00,9817.999492,9817.999492,0.000000
2026-05-09T11:00:00+00:00,9817.999492,9817.999492,0.000000
2026-05-09T12:00:00+00:00,9817.999492,9817.999492,0.000000
2026-05-09T13:00:00+00:00,9817.999492,9817.999492,0.000000
2026-05-09T14:00:00+00:00,9817.999492,9817.999492,0.000000
2026-05-09T15:00:00+00:00,9817.999492,9817.999492,0.000000
2026-05-09T16:00:00+00:00,9817.999492,9817.999492,0.000000
2026-05-09T17:00:00+00:00,9817.999492,9817.999492,0.000000
2026-05-09T18:00:00+00:00,9817.999492,9817.999492,0.000000
2026-05-09T19:00:00+00:00,9817.999492,9817.999492,0.000000
2026-05-09T20:00:00+00:00,9817.999492,9817.999492,0.000000
2026-05-09T21:00:00+00:00,9817.999492,9817.999492,0.000000
2026-05-09T22:00:00+00:00,9817.999492,9817.999492,0.000000
2026-05-09T23:00:00+00:00,9811.125911,-6.873581,9817.999492
2026-05-10T00:00:00+00:00,9802.258803,-6.873581,9809.132384
2026-05-10T01:00:00+00:00,9801.414316,-6.873581,9808.287898
2026-05-10T02:00:00+00:00,9818.515167,-6.873581,9825.388748
2026-05-10T03:00:00+00:00,9818.092924,-6.873581,9824.966505
2026-05-10T04:00:00+00:00,9819.781897,-6.873581,9826.655478
2026-05-10T05:00:00+00:00,9815.770586,-6.873581,9822.644167
2026-05-10T06:00:00+00:00,9823.582086,-6.873581,9830.455667
2026-05-10T07:00:00+00:00,9815.770586,-6.873581,9822.644167
2026-05-10T08:00:00+00:00,9828.015640,-6.873581,9834.889221
2026-05-10T09:00:00+00:00,9819.781897,-6.873581,9826.655478
2026-05-10T10:00:00+00:00,9808.170208,-6.873581,9815.043789
2026-05-10T11:00:00+00:00,9795.925154,-6.873581,9802.798736
2026-05-10T12:00:00+00:00,9802.681046,-6.873581,9809.554627
2026-05-10T13:00:00+00:00,9826.748910,-6.873581,9833.622491
2026-05-10T14:00:00+00:00,9831.393585,-6.873581,9838.267167
2026-05-10T15:00:00+00:00,9833.547590,9833.547590,0.000000
2026-05-10T16:00:00+00:00,9833.547590,9833.547590,0.000000
2026-05-10T17:00:00+00:00,9833.547590,9833.547590,0.000000
2026-05-10T18:00:00+00:00,9833.547590,9833.547590,0.000000
2026-05-10T19:00:00+00:00,9833.547590,9833.547590,0.000000
2026-05-10T20:00:00+00:00,9833.547590,9833.547590,0.000000
2026-05-10T21:00:00+00:00,9833.547590,9833.547590,0.000000
2026-05-10T22:00:00+00:00,9833.547590,9833.547590,0.000000
2026-05-10T23:00:00+00:00,9833.547590,9833.547590,0.000000
2026-05-11T00:00:00+00:00,9833.547590,9833.547590,0.000000
2026-05-11T01:00:00+00:00,9833.547590,9833.547590,0.000000
2026-05-11T02:00:00+00:00,9833.547590,9833.547590,0.000000
2026-05-11T03:00:00+00:00,9833.547590,9833.547590,0.000000
2026-05-11T04:00:00+00:00,9833.547590,9833.547590,0.000000
2026-05-11T05:00:00+00:00,9833.547590,9833.547590,0.000000
2026-05-11T06:00:00+00:00,9833.547590,9833.547590,0.000000
2026-05-11T07:00:00+00:00,9833.547590,9833.547590,0.000000
2026-05-11T08:00:00+00:00,9833.547590,9833.547590,0.000000
2026-05-11T09:00:00+00:00,9833.547590,9833.547590,0.000000
2026-05-11T10:00:00+00:00,9833.547590,9833.547590,0.000000
2026-05-11T11:00:00+00:00,9833.547590,9833.547590,0.000000
2026-05-11T12:00:00+00:00,9833.547590,9833.547590,0.000000
2026-05-11T13:00:00+00:00,9833.547590,9833.547590,0.000000
2026-05-11T14:00:00+00:00,9833.547590,9833.547590,0.000000
2026-05-11T15:00:00+00:00,9833.547590,9833.547590,0.000000
2026-05-11T16:00:00+00:00,9833.547590,9833.547590,0.000000
2026-05-11T17:00:00+00:00,9833.547590,9833.547590,0.000000
2026-05-11T18:00:00+00:00,9833.547590,9833.547590,0.000000
2026-05-11T19:00:00+00:00,9833.547590,9833.547590,0.000000
2026-05-11T20:00:00+00:00,9833.547590,9833.547590,0.000000
2026-05-11T21:00:00+00:00,9833.547590,9833.547590,0.000000
2026-05-11T22:00:00+00:00,9833.547590,9833.547590,0.000000
2026-05-11T23:00:00+00:00,9833.547590,9833.547590,0.000000
2026-05-12T00:00:00+00:00,9833.547590,9833.547590,0.000000
2026-05-12T01:00:00+00:00,9833.547590,9833.547590,0.000000
2026-05-12T02:00:00+00:00,9833.547590,9833.547590,0.000000
2026-05-12T03:00:00+00:00,9833.547590,9833.547590,0.000000
2026-05-12T04:00:00+00:00,9833.547590,9833.547590,0.000000
2026-05-12T05:00:00+00:00,9833.547590,9833.547590,0.000000
2026-05-12T06:00:00+00:00,9833.547590,9833.547590,0.000000
2026-05-12T07:00:00+00:00,9833.547590,9833.547590,0.000000
2026-05-12T08:00:00+00:00,9833.547590,9833.547590,0.000000
2026-05-12T09:00:00+00:00,9833.547590,9833.547590,0.000000
2026-05-12T10:00:00+00:00,9833.547590,9833.547590,0.000000
2026-05-12T11:00:00+00:00,9833.547590,9833.547590,0.000000
2026-05-12T12:00:00+00:00,9833.547590,9833.547590,0.000000
2026-05-12T13:00:00+00:00,9833.547590,9833.547590,0.000000
2026-05-12T14:00:00+00:00,9833.547590,9833.547590,0.000000
2026-05-12T15:00:00+00:00,9833.547590,9833.547590,0.000000
2026-05-12T16:00:00+00:00,9833.547590,9833.547590,0.000000
2026-05-12T17:00:00+00:00,9833.547590,9833.547590,0.000000
2026-05-12T18:00:00+00:00,9833.547590,9833.547590,0.000000
2026-05-12T19:00:00+00:00,9833.547590,9833.547590,0.000000
2026-05-12T20:00:00+00:00,9833.547590,9833.547590,0.000000
2026-05-12T21:00:00+00:00,9833.547590,9833.547590,0.000000
2026-05-12T22:00:00+00:00,9833.547590,9833.547590,0.000000
2026-05-12T23:00:00+00:00,9833.547590,9833.547590,0.000000
2026-05-13T00:00:00+00:00,9833.547590,9833.547590,0.000000
2026-05-13T01:00:00+00:00,9833.547590,9833.547590,0.000000
2026-05-13T02:00:00+00:00,9833.547590,9833.547590,0.000000
2026-05-13T03:00:00+00:00,9833.547590,9833.547590,0.000000
2026-05-13T04:00:00+00:00,9833.547590,9833.547590,0.000000
2026-05-13T05:00:00+00:00,9833.547590,9833.547590,0.000000
2026-05-13T06:00:00+00:00,9833.547590,9833.547590,0.000000
2026-05-13T07:00:00+00:00,9833.547590,9833.547590,0.000000
2026-05-13T08:00:00+00:00,9833.547590,9833.547590,0.000000
2026-05-13T09:00:00+00:00,9833.547590,9833.547590,0.000000
2026-05-13T10:00:00+00:00,9833.547590,9833.547590,0.000000
2026-05-13T11:00:00+00:00,9833.547590,9833.547590,0.000000
2026-05-13T12:00:00+00:00,9833.547590,9833.547590,0.000000
2026-05-13T13:00:00+00:00,9833.547590,9833.547590,0.000000
2026-05-13T14:00:00+00:00,9833.547590,9833.547590,0.000000
2026-05-13T15:00:00+00:00,9833.547590,9833.547590,0.000000
2026-05-13T16:00:00+00:00,9833.547590,9833.547590,0.000000
2026-05-13T17:00:00+00:00,9833.547590,9833.547590,0.000000
2026-05-13T18:00:00+00:00,9833.547590,9833.547590,0.000000
2026-05-13T19:00:00+00:00,9833.547590,9833.547590,0.000000
2026-05-13T20:00:00+00:00,9833.547590,9833.547590,0.000000
2026-05-13T21:00:00+00:00,9833.547590,9833.547590,0.000000
2026-05-13T22:00:00+00:00,9833.547590,9833.547590,0.000000
2026-05-13T23:00:00+00:00,9833.547590,9833.547590,0.000000
2026-05-14T00:00:00+00:00,9833.547590,9833.547590,0.000000
2026-05-14T01:00:00+00:00,9833.547590,9833.547590,0.000000
2026-05-14T02:00:00+00:00,9833.547590,9833.547590,0.000000
2026-05-14T03:00:00+00:00,9833.547590,9833.547590,0.000000
2026-05-14T04:00:00+00:00,9833.547590,9833.547590,0.000000
2026-05-14T05:00:00+00:00,9833.547590,9833.547590,0.000000
2026-05-14T06:00:00+00:00,9833.547590,9833.547590,0.000000
2026-05-14T07:00:00+00:00,9833.547590,9833.547590,0.000000
2026-05-14T08:00:00+00:00,9833.547590,9833.547590,0.000000
2026-05-14T09:00:00+00:00,9833.547590,9833.547590,0.000000
2026-05-14T10:00:00+00:00,9833.547590,9833.547590,0.000000
2026-05-14T11:00:00+00:00,9833.547590,9833.547590,0.000000
2026-05-14T12:00:00+00:00,9833.547590,9833.547590,0.000000
2026-05-14T13:00:00+00:00,9833.547590,9833.547590,0.000000
2026-05-14T14:00:00+00:00,9833.547590,9833.547590,0.000000
2026-05-14T15:00:00+00:00,9833.547590,9833.547590,0.000000
2026-05-14T16:00:00+00:00,9833.547590,9833.547590,0.000000
2026-05-14T17:00:00+00:00,9833.547590,9833.547590,0.000000
2026-05-14T18:00:00+00:00,9826.665090,-2.949081,9833.547590
2026-05-14T19:00:00+00:00,9874.157804,-2.949081,9786.054875
2026-05-14T20:00:00+00:00,9876.287522,-2.949081,9783.925157
2026-05-14T21:00:00+00:00,9880.333987,-2.949081,9779.878692
2026-05-14T22:00:00+00:00,9876.926438,-2.949081,9783.286241
2026-05-14T23:00:00+00:00,9939.966095,-2.949081,9720.246584
2026-05-15T00:00:00+00:00,9868.448915,9868.448915,0.000000
2026-05-15T01:00:00+00:00,9861.540014,-6.908901,9868.448915
2026-05-15T02:00:00+00:00,9793.159846,9793.159846,0.000000
2026-05-15T03:00:00+00:00,9793.159846,9793.159846,0.000000
2026-05-15T04:00:00+00:00,9793.159846,9793.159846,0.000000
2026-05-15T05:00:00+00:00,9793.159846,9793.159846,0.000000
2026-05-15T06:00:00+00:00,9793.159846,9793.159846,0.000000
2026-05-15T07:00:00+00:00,9793.159846,9793.159846,0.000000
2026-05-15T08:00:00+00:00,9793.159846,9793.159846,0.000000
2026-05-15T09:00:00+00:00,9793.159846,9793.159846,0.000000
2026-05-15T10:00:00+00:00,9793.159846,9793.159846,0.000000
2026-05-15T11:00:00+00:00,9793.159846,9793.159846,0.000000
2026-05-15T12:00:00+00:00,9793.159846,9793.159846,0.000000
2026-05-15T13:00:00+00:00,9793.159846,9793.159846,0.000000
2026-05-15T14:00:00+00:00,9793.159846,9793.159846,0.000000
2026-05-15T15:00:00+00:00,9793.159846,9793.159846,0.000000
2026-05-15T16:00:00+00:00,9793.159846,9793.159846,0.000000
2026-05-15T17:00:00+00:00,9793.159846,9793.159846,0.000000
2026-05-15T18:00:00+00:00,9793.159846,9793.159846,0.000000
2026-05-15T19:00:00+00:00,9793.159846,9793.159846,0.000000
2026-05-15T20:00:00+00:00,9793.159846,9793.159846,0.000000
2026-05-15T21:00:00+00:00,9793.159846,9793.159846,0.000000
2026-05-15T22:00:00+00:00,9793.159846,9793.159846,0.000000
2026-05-15T23:00:00+00:00,9786.305613,-2.936969,9793.159846
2026-05-16T00:00:00+00:00,9775.075178,-2.936969,9804.390281
2026-05-16T01:00:00+00:00,9764.064947,-2.936969,9815.400512
2026-05-16T02:00:00+00:00,9763.184129,-2.936969,9816.281330
2026-05-16T03:00:00+00:00,9771.772109,-2.936969,9807.693350
2026-05-16T04:00:00+00:00,9780.139884,-2.936969,9799.325575
2026-05-16T05:00:00+00:00,9782.562135,-2.936969,9796.903324
2026-05-16T06:00:00+00:00,9769.907005,9769.907005,0.000000
2026-05-16T07:00:00+00:00,9769.907005,9769.907005,0.000000
2026-05-16T08:00:00+00:00,9769.907005,9769.907005,0.000000
2026-05-16T09:00:00+00:00,9769.907005,9769.907005,0.000000
2026-05-16T10:00:00+00:00,9769.907005,9769.907005,0.000000
2026-05-16T11:00:00+00:00,9769.907005,9769.907005,0.000000
2026-05-16T12:00:00+00:00,9769.907005,9769.907005,0.000000
2026-05-16T13:00:00+00:00,9769.907005,9769.907005,0.000000
2026-05-16T14:00:00+00:00,9769.907005,9769.907005,0.000000
2026-05-16T15:00:00+00:00,9769.907005,9769.907005,0.000000
2026-05-16T16:00:00+00:00,9769.907005,9769.907005,0.000000
2026-05-16T17:00:00+00:00,9769.907005,9769.907005,0.000000
2026-05-16T18:00:00+00:00,9769.907005,9769.907005,0.000000
2026-05-16T19:00:00+00:00,9769.907005,9769.907005,0.000000
2026-05-16T20:00:00+00:00,9769.907005,9769.907005,0.000000
2026-05-16T21:00:00+00:00,9769.907005,9769.907005,0.000000
2026-05-16T22:00:00+00:00,9769.907005,9769.907005,0.000000
2026-05-16T23:00:00+00:00,9769.907005,9769.907005,0.000000
2026-05-17T00:00:00+00:00,9769.907005,9769.907005,0.000000
2026-05-17T01:00:00+00:00,9769.907005,9769.907005,0.000000
2026-05-17T02:00:00+00:00,9769.907005,9769.907005,0.000000
2026-05-17T03:00:00+00:00,9769.907005,9769.907005,0.000000
2026-05-17T04:00:00+00:00,9769.907005,9769.907005,0.000000
2026-05-17T05:00:00+00:00,9769.907005,9769.907005,0.000000
2026-05-17T06:00:00+00:00,9769.907005,9769.907005,0.000000
2026-05-17T07:00:00+00:00,9769.907005,9769.907005,0.000000
2026-05-17T08:00:00+00:00,9769.907005,9769.907005,0.000000
2026-05-17T09:00:00+00:00,9769.907005,9769.907005,0.000000
2026-05-17T10:00:00+00:00,9769.907005,9769.907005,0.000000
2026-05-17T11:00:00+00:00,9769.907005,9769.907005,0.000000
2026-05-17T12:00:00+00:00,9769.907005,9769.907005,0.000000
2026-05-17T13:00:00+00:00,9769.907005,9769.907005,0.000000
2026-05-17T14:00:00+00:00,9769.907005,9769.907005,0.000000
2026-05-17T15:00:00+00:00,9769.907005,9769.907005,0.000000
2026-05-17T16:00:00+00:00,9769.907005,9769.907005,0.000000
2026-05-17T17:00:00+00:00,9769.907005,9769.907005,0.000000
2026-05-17T18:00:00+00:00,9769.907005,9769.907005,0.000000
2026-05-17T19:00:00+00:00,9769.907005,9769.907005,0.000000
2026-05-17T20:00:00+00:00,9769.907005,9769.907005,0.000000
2026-05-17T21:00:00+00:00,9769.907005,9769.907005,0.000000
2026-05-17T22:00:00+00:00,9769.907005,9769.907005,0.000000
2026-05-17T23:00:00+00:00,9769.907005,9769.907005,0.000000
2026-05-18T00:00:00+00:00,9769.907005,9769.907005,0.000000
2026-05-18T01:00:00+00:00,9769.907005,9769.907005,0.000000
2026-05-18T02:00:00+00:00,9769.907005,9769.907005,0.000000
2026-05-18T03:00:00+00:00,9769.907005,9769.907005,0.000000
2026-05-18T04:00:00+00:00,9769.907005,9769.907005,0.000000
2026-05-18T05:00:00+00:00,9769.907005,9769.907005,0.000000
2026-05-18T06:00:00+00:00,9769.907005,9769.907005,0.000000
2026-05-18T07:00:00+00:00,9769.907005,9769.907005,0.000000
2026-05-18T08:00:00+00:00,9769.907005,9769.907005,0.000000
2026-05-18T09:00:00+00:00,9769.907005,9769.907005,0.000000
2026-05-18T10:00:00+00:00,9769.907005,9769.907005,0.000000
2026-05-18T11:00:00+00:00,9769.907005,9769.907005,0.000000
2026-05-18T12:00:00+00:00,9769.907005,9769.907005,0.000000
2026-05-18T13:00:00+00:00,9769.907005,9769.907005,0.000000
2026-05-18T14:00:00+00:00,9769.907005,9769.907005,0.000000
2026-05-18T15:00:00+00:00,9769.907005,9769.907005,0.000000
2026-05-18T16:00:00+00:00,9769.907005,9769.907005,0.000000
2026-05-18T17:00:00+00:00,9769.907005,9769.907005,0.000000
2026-05-18T18:00:00+00:00,9769.907005,9769.907005,0.000000
2026-05-18T19:00:00+00:00,9769.907005,9769.907005,0.000000
2026-05-18T20:00:00+00:00,9769.907005,9769.907005,0.000000
2026-05-18T21:00:00+00:00,9769.907005,9769.907005,0.000000
2026-05-18T22:00:00+00:00,9769.907005,9769.907005,0.000000
2026-05-18T23:00:00+00:00,9769.907005,9769.907005,0.000000
2026-05-19T00:00:00+00:00,9769.907005,9769.907005,0.000000
2026-05-19T01:00:00+00:00,9769.907005,9769.907005,0.000000
2026-05-19T02:00:00+00:00,9769.907005,9769.907005,0.000000
2026-05-19T03:00:00+00:00,9769.907005,9769.907005,0.000000
2026-05-19T04:00:00+00:00,9769.907005,9769.907005,0.000000
2026-05-19T05:00:00+00:00,9769.907005,9769.907005,0.000000
2026-05-19T06:00:00+00:00,9769.907005,9769.907005,0.000000
2026-05-19T07:00:00+00:00,9769.907005,9769.907005,0.000000
2026-05-19T08:00:00+00:00,9769.907005,9769.907005,0.000000
2026-05-19T09:00:00+00:00,9769.907005,9769.907005,0.000000
2026-05-19T10:00:00+00:00,9769.907005,9769.907005,0.000000
2026-05-19T11:00:00+00:00,9769.907005,9769.907005,0.000000
2026-05-19T12:00:00+00:00,9769.907005,9769.907005,0.000000
2026-05-19T13:00:00+00:00,9769.907005,9769.907005,0.000000
2026-05-19T14:00:00+00:00,9769.907005,9769.907005,0.000000
2026-05-19T15:00:00+00:00,9769.907005,9769.907005,0.000000
2026-05-19T16:00:00+00:00,9769.907005,9769.907005,0.000000
2026-05-19T17:00:00+00:00,9769.907005,9769.907005,0.000000
2026-05-19T18:00:00+00:00,9769.907005,9769.907005,0.000000
2026-05-19T19:00:00+00:00,9769.907005,9769.907005,0.000000
2026-05-19T20:00:00+00:00,9769.907005,9769.907005,0.000000
2026-05-19T21:00:00+00:00,9769.907005,9769.907005,0.000000
2026-05-19T22:00:00+00:00,9769.907005,9769.907005,0.000000
2026-05-19T23:00:00+00:00,9769.907005,9769.907005,0.000000
2026-05-20T00:00:00+00:00,9769.907005,9769.907005,0.000000
2026-05-20T01:00:00+00:00,9769.907005,9769.907005,0.000000
2026-05-20T02:00:00+00:00,9769.907005,9769.907005,0.000000
2026-05-20T03:00:00+00:00,9769.907005,9769.907005,0.000000
2026-05-20T04:00:00+00:00,9769.907005,9769.907005,0.000000
2026-05-20T05:00:00+00:00,9769.907005,9769.907005,0.000000
2026-05-20T06:00:00+00:00,9769.907005,9769.907005,0.000000
2026-05-20T07:00:00+00:00,9769.907005,9769.907005,0.000000
2026-05-20T08:00:00+00:00,9769.907005,9769.907005,0.000000
2026-05-20T09:00:00+00:00,9769.907005,9769.907005,0.000000
2026-05-20T10:00:00+00:00,9769.907005,9769.907005,0.000000
2026-05-20T11:00:00+00:00,9769.907005,9769.907005,0.000000
2026-05-20T12:00:00+00:00,9769.907005,9769.907005,0.000000
2026-05-20T13:00:00+00:00,9769.907005,9769.907005,0.000000
2026-05-20T14:00:00+00:00,9769.907005,9769.907005,0.000000
2026-05-20T15:00:00+00:00,9769.907005,9769.907005,0.000000
2026-05-20T16:00:00+00:00,9769.907005,9769.907005,0.000000
2026-05-20T17:00:00+00:00,9769.907005,9769.907005,0.000000
2026-05-20T18:00:00+00:00,9769.907005,9769.907005,0.000000
2026-05-20T19:00:00+00:00,9769.907005,9769.907005,0.000000
2026-05-20T20:00:00+00:00,9769.907005,9769.907005,0.000000
2026-05-20T21:00:00+00:00,9769.907005,9769.907005,0.000000
2026-05-20T22:00:00+00:00,9769.907005,9769.907005,0.000000
2026-05-20T23:00:00+00:00,9769.907005,9769.907005,0.000000
2026-05-21T00:00:00+00:00,9769.907005,9769.907005,0.000000
2026-05-21T01:00:00+00:00,9769.907005,9769.907005,0.000000
2026-05-21T02:00:00+00:00,9769.907005,9769.907005,0.000000
2026-05-21T03:00:00+00:00,9769.907005,9769.907005,0.000000
2026-05-21T04:00:00+00:00,9769.907005,9769.907005,0.000000
2026-05-21T05:00:00+00:00,9769.907005,9769.907005,0.000000
2026-05-21T06:00:00+00:00,9769.907005,9769.907005,0.000000
2026-05-21T07:00:00+00:00,9769.907005,9769.907005,0.000000
2026-05-21T08:00:00+00:00,9769.907005,9769.907005,0.000000
2026-05-21T09:00:00+00:00,9769.907005,9769.907005,0.000000
2026-05-21T10:00:00+00:00,9763.067094,-6.839912,9769.907005
2026-05-21T11:00:00+00:00,9766.765452,-6.839912,9773.605364
2026-05-21T12:00:00+00:00,9776.011348,-6.839912,9782.851260
2026-05-21T13:00:00+00:00,9725.326956,9725.326956,0.000000
2026-05-21T14:00:00+00:00,9725.326956,9725.326956,0.000000
2026-05-21T15:00:00+00:00,9725.326956,9725.326956,0.000000
2026-05-21T16:00:00+00:00,9725.326956,9725.326956,0.000000
2026-05-21T17:00:00+00:00,9725.326956,9725.326956,0.000000
2026-05-21T18:00:00+00:00,9725.326956,9725.326956,0.000000
2026-05-21T19:00:00+00:00,9725.326956,9725.326956,0.000000
2026-05-21T20:00:00+00:00,9725.326956,9725.326956,0.000000
2026-05-21T21:00:00+00:00,9725.326956,9725.326956,0.000000
2026-05-21T22:00:00+00:00,9725.326956,9725.326956,0.000000
2026-05-21T23:00:00+00:00,9725.326956,9725.326956,0.000000
2026-05-22T00:00:00+00:00,9725.326956,9725.326956,0.000000
2026-05-22T01:00:00+00:00,9725.326956,9725.326956,0.000000
2026-05-22T02:00:00+00:00,9725.326956,9725.326956,0.000000
2026-05-22T03:00:00+00:00,9725.326956,9725.326956,0.000000
2026-05-22T04:00:00+00:00,9725.326956,9725.326956,0.000000
2026-05-22T05:00:00+00:00,9725.326956,9725.326956,0.000000
2026-05-22T06:00:00+00:00,9725.326956,9725.326956,0.000000
2026-05-22T07:00:00+00:00,9725.326956,9725.326956,0.000000
2026-05-22T08:00:00+00:00,9725.326956,9725.326956,0.000000
2026-05-22T09:00:00+00:00,9725.326956,9725.326956,0.000000
2026-05-22T10:00:00+00:00,9725.326956,9725.326956,0.000000
2026-05-22T11:00:00+00:00,9725.326956,9725.326956,0.000000
2026-05-22T12:00:00+00:00,9725.326956,9725.326956,0.000000
2026-05-22T13:00:00+00:00,9725.326956,9725.326956,0.000000
2026-05-22T14:00:00+00:00,9725.326956,9725.326956,0.000000
2026-05-22T15:00:00+00:00,9725.326956,9725.326956,0.000000
2026-05-22T16:00:00+00:00,9725.326956,9725.326956,0.000000
2026-05-22T17:00:00+00:00,9725.326956,9725.326956,0.000000
2026-05-22T18:00:00+00:00,9725.326956,9725.326956,0.000000
2026-05-22T19:00:00+00:00,9725.326956,9725.326956,0.000000
2026-05-22T20:00:00+00:00,9725.326956,9725.326956,0.000000
2026-05-22T21:00:00+00:00,9725.326956,9725.326956,0.000000
2026-05-22T22:00:00+00:00,9725.326956,9725.326956,0.000000
2026-05-22T23:00:00+00:00,9725.326956,9725.326956,0.000000
2026-05-23T00:00:00+00:00,9725.326956,9725.326956,0.000000
2026-05-23T01:00:00+00:00,9725.326956,9725.326956,0.000000
2026-05-23T02:00:00+00:00,9725.326956,9725.326956,0.000000
2026-05-23T03:00:00+00:00,9725.326956,9725.326956,0.000000
2026-05-23T04:00:00+00:00,9725.326956,9725.326956,0.000000
2026-05-23T05:00:00+00:00,9725.326956,9725.326956,0.000000
2026-05-23T06:00:00+00:00,9725.326956,9725.326956,0.000000
2026-05-23T07:00:00+00:00,9725.326956,9725.326956,0.000000
2026-05-23T08:00:00+00:00,9725.326956,9725.326956,0.000000
2026-05-23T09:00:00+00:00,9725.326956,9725.326956,0.000000
2026-05-23T10:00:00+00:00,9725.326956,9725.326956,0.000000
2026-05-23T11:00:00+00:00,9725.326956,9725.326956,0.000000
2026-05-23T12:00:00+00:00,9725.326956,9725.326956,0.000000
2026-05-23T13:00:00+00:00,9725.326956,9725.326956,0.000000
2026-05-23T14:00:00+00:00,9725.326956,9725.326956,0.000000
2026-05-23T15:00:00+00:00,9725.326956,9725.326956,0.000000
2026-05-23T16:00:00+00:00,9725.326956,9725.326956,0.000000
2026-05-23T17:00:00+00:00,9725.326956,9725.326956,0.000000
2026-05-23T18:00:00+00:00,9725.326956,9725.326956,0.000000
2026-05-23T19:00:00+00:00,9725.326956,9725.326956,0.000000
2026-05-23T20:00:00+00:00,9725.326956,9725.326956,0.000000
2026-05-23T21:00:00+00:00,9725.326956,9725.326956,0.000000
2026-05-23T22:00:00+00:00,9725.326956,9725.326956,0.000000
2026-05-23T23:00:00+00:00,9725.326956,9725.326956,0.000000
2026-05-24T00:00:00+00:00,9725.326956,9725.326956,0.000000
2026-05-24T01:00:00+00:00,9725.326956,9725.326956,0.000000
2026-05-24T02:00:00+00:00,9725.326956,9725.326956,0.000000
2026-05-24T03:00:00+00:00,9725.326956,9725.326956,0.000000
2026-05-24T04:00:00+00:00,9725.326956,9725.326956,0.000000
2026-05-24T05:00:00+00:00,9725.326956,9725.326956,0.000000
2026-05-24T06:00:00+00:00,9725.326956,9725.326956,0.000000
2026-05-24T07:00:00+00:00,9725.326956,9725.326956,0.000000
2026-05-24T08:00:00+00:00,9725.326956,9725.326956,0.000000
2026-05-24T09:00:00+00:00,9725.326956,9725.326956,0.000000
2026-05-24T10:00:00+00:00,9725.326956,9725.326956,0.000000
2026-05-24T11:00:00+00:00,9725.326956,9725.326956,0.000000
2026-05-24T12:00:00+00:00,9725.326956,9725.326956,0.000000
2026-05-24T13:00:00+00:00,9725.326956,9725.326956,0.000000
2026-05-24T14:00:00+00:00,9725.326956,9725.326956,0.000000
2026-05-24T15:00:00+00:00,9725.326956,9725.326956,0.000000
2026-05-24T16:00:00+00:00,9725.326956,9725.326956,0.000000
2026-05-24T17:00:00+00:00,9725.326956,9725.326956,0.000000
2026-05-24T18:00:00+00:00,9725.326956,9725.326956,0.000000
2026-05-24T19:00:00+00:00,9725.326956,9725.326956,0.000000
2026-05-24T20:00:00+00:00,9725.326956,9725.326956,0.000000
2026-05-24T21:00:00+00:00,9725.326956,9725.326956,0.000000
2026-05-24T22:00:00+00:00,9725.326956,9725.326956,0.000000
2026-05-24T23:00:00+00:00,9725.326956,9725.326956,0.000000
2026-05-25T00:00:00+00:00,9725.326956,9725.326956,0.000000
2026-05-25T01:00:00+00:00,9725.326956,9725.326956,0.000000
2026-05-25T02:00:00+00:00,9725.326956,9725.326956,0.000000
2026-05-25T03:00:00+00:00,9725.326956,9725.326956,0.000000
2026-05-25T04:00:00+00:00,9725.326956,9725.326956,0.000000
2026-05-25T05:00:00+00:00,9725.326956,9725.326956,0.000000
2026-05-25T06:00:00+00:00,9725.326956,9725.326956,0.000000
2026-05-25T07:00:00+00:00,9725.326956,9725.326956,0.000000
2026-05-25T08:00:00+00:00,9725.326956,9725.326956,0.000000
2026-05-25T09:00:00+00:00,9725.326956,9725.326956,0.000000
2026-05-25T10:00:00+00:00,9725.326956,9725.326956,0.000000
2026-05-25T11:00:00+00:00,9725.326956,9725.326956,0.000000
2026-05-25T12:00:00+00:00,9725.326956,9725.326956,0.000000
2026-05-25T13:00:00+00:00,9725.326956,9725.326956,0.000000
2026-05-25T14:00:00+00:00,9725.326956,9725.326956,0.000000
2026-05-25T15:00:00+00:00,9725.326956,9725.326956,0.000000
2026-05-25T16:00:00+00:00,9725.326956,9725.326956,0.000000
2026-05-25T17:00:00+00:00,9725.326956,9725.326956,0.000000
2026-05-25T18:00:00+00:00,9725.326956,9725.326956,0.000000
2026-05-25T19:00:00+00:00,9725.326956,9725.326956,0.000000
2026-05-25T20:00:00+00:00,9725.326956,9725.326956,0.000000
2026-05-25T21:00:00+00:00,9725.326956,9725.326956,0.000000
2026-05-25T22:00:00+00:00,9725.326956,9725.326956,0.000000
2026-05-25T23:00:00+00:00,9725.326956,9725.326956,0.000000
2026-05-26T00:00:00+00:00,9725.326956,9725.326956,0.000000
2026-05-26T01:00:00+00:00,9725.326956,9725.326956,0.000000
2026-05-26T02:00:00+00:00,9725.326956,9725.326956,0.000000
2026-05-26T03:00:00+00:00,9725.326956,9725.326956,0.000000
2026-05-26T04:00:00+00:00,9725.326956,9725.326956,0.000000
2026-05-26T05:00:00+00:00,9725.326956,9725.326956,0.000000
2026-05-26T06:00:00+00:00,9725.326956,9725.326956,0.000000
2026-05-26T07:00:00+00:00,9725.326956,9725.326956,0.000000
2026-05-26T08:00:00+00:00,9725.326956,9725.326956,0.000000
2026-05-26T09:00:00+00:00,9725.326956,9725.326956,0.000000
2026-05-26T10:00:00+00:00,9718.520200,-2.916626,9725.326956
2026-05-26T11:00:00+00:00,9749.158352,-2.916626,9694.688804
2026-05-26T12:00:00+00:00,9724.464916,-2.916626,9719.382240
2026-05-26T13:00:00+00:00,9720.572581,9720.572581,0.000000
2026-05-26T14:00:00+00:00,9720.572581,9720.572581,0.000000
2026-05-26T15:00:00+00:00,9720.572581,9720.572581,0.000000
2026-05-26T16:00:00+00:00,9720.572581,9720.572581,0.000000
2026-05-26T17:00:00+00:00,9720.572581,9720.572581,0.000000
2026-05-26T18:00:00+00:00,9720.572581,9720.572581,0.000000
2026-05-26T19:00:00+00:00,9720.572581,9720.572581,0.000000
2026-05-26T20:00:00+00:00,9720.572581,9720.572581,0.000000
2026-05-26T21:00:00+00:00,9720.572581,9720.572581,0.000000
2026-05-26T22:00:00+00:00,9720.572581,9720.572581,0.000000
2026-05-26T23:00:00+00:00,9720.572581,9720.572581,0.000000
2026-05-27T00:00:00+00:00,9720.572581,9720.572581,0.000000
2026-05-27T01:00:00+00:00,9720.572581,9720.572581,0.000000
2026-05-27T02:00:00+00:00,9720.572581,9720.572581,0.000000
2026-05-27T03:00:00+00:00,9720.572581,9720.572581,0.000000
2026-05-27T04:00:00+00:00,9720.572581,9720.572581,0.000000
2026-05-27T05:00:00+00:00,9720.572581,9720.572581,0.000000
2026-05-27T06:00:00+00:00,9720.572581,9720.572581,0.000000
2026-05-27T07:00:00+00:00,9720.572581,9720.572581,0.000000
2026-05-27T08:00:00+00:00,9720.572581,9720.572581,0.000000
2026-05-27T09:00:00+00:00,9720.572581,9720.572581,0.000000
2026-05-27T10:00:00+00:00,9720.572581,9720.572581,0.000000
2026-05-27T11:00:00+00:00,9720.572581,9720.572581,0.000000
2026-05-27T12:00:00+00:00,9720.572581,9720.572581,0.000000
2026-05-27T13:00:00+00:00,9720.572581,9720.572581,0.000000
2026-05-27T14:00:00+00:00,9720.572581,9720.572581,0.000000
2026-05-27T15:00:00+00:00,9720.572581,9720.572581,0.000000
2026-05-27T16:00:00+00:00,9720.572581,9720.572581,0.000000
2026-05-27T17:00:00+00:00,9720.572581,9720.572581,0.000000
2026-05-27T18:00:00+00:00,9720.572581,9720.572581,0.000000
2026-05-27T19:00:00+00:00,9720.572581,9720.572581,0.000000
2026-05-27T20:00:00+00:00,9720.572581,9720.572581,0.000000
2026-05-27T21:00:00+00:00,9720.572581,9720.572581,0.000000
2026-05-27T22:00:00+00:00,9720.572581,9720.572581,0.000000
2026-05-27T23:00:00+00:00,9720.572581,9720.572581,0.000000
2026-05-28T00:00:00+00:00,9720.572581,9720.572581,0.000000
2026-05-28T01:00:00+00:00,9720.572581,9720.572581,0.000000
2026-05-28T02:00:00+00:00,9720.572581,9720.572581,0.000000
2026-05-28T03:00:00+00:00,9720.572581,9720.572581,0.000000
2026-05-28T04:00:00+00:00,9720.572581,9720.572581,0.000000
2026-05-28T05:00:00+00:00,9720.572581,9720.572581,0.000000
2026-05-28T06:00:00+00:00,9720.572581,9720.572581,0.000000
2026-05-28T07:00:00+00:00,9720.572581,9720.572581,0.000000
2026-05-28T08:00:00+00:00,9720.572581,9720.572581,0.000000
2026-05-28T09:00:00+00:00,9720.572581,9720.572581,0.000000
2026-05-28T10:00:00+00:00,9720.572581,9720.572581,0.000000
2026-05-28T11:00:00+00:00,9720.572581,9720.572581,0.000000
2026-05-28T12:00:00+00:00,9720.572581,9720.572581,0.000000
2026-05-28T13:00:00+00:00,9720.572581,9720.572581,0.000000
2026-05-28T14:00:00+00:00,9720.572581,9720.572581,0.000000
2026-05-28T15:00:00+00:00,9720.572581,9720.572581,0.000000
2026-05-28T16:00:00+00:00,9720.572581,9720.572581,0.000000
2026-05-28T17:00:00+00:00,9720.572581,9720.572581,0.000000
2026-05-28T18:00:00+00:00,9720.572581,9720.572581,0.000000
2026-05-28T19:00:00+00:00,9720.572581,9720.572581,0.000000
2026-05-28T20:00:00+00:00,9720.572581,9720.572581,0.000000
2026-05-28T21:00:00+00:00,9720.572581,9720.572581,0.000000
2026-05-28T22:00:00+00:00,9720.572581,9720.572581,0.000000
2026-05-28T23:00:00+00:00,9720.572581,9720.572581,0.000000
2026-05-29T00:00:00+00:00,9720.572581,9720.572581,0.000000
2026-05-29T01:00:00+00:00,9720.572581,9720.572581,0.000000
2026-05-29T02:00:00+00:00,9720.572581,9720.572581,0.000000
2026-05-29T03:00:00+00:00,9720.572581,9720.572581,0.000000
2026-05-29T04:00:00+00:00,9720.572581,9720.572581,0.000000
2026-05-29T05:00:00+00:00,9720.572581,9720.572581,0.000000
2026-05-29T06:00:00+00:00,9720.572581,9720.572581,0.000000
2026-05-29T07:00:00+00:00,9713.767208,-6.805373,9720.572581
2026-05-29T08:00:00+00:00,9707.954048,-6.805373,9714.759421
2026-05-29T09:00:00+00:00,9748.888384,-6.805373,9755.693757
2026-05-29T10:00:00+00:00,9730.722258,-6.805373,9737.527631
2026-05-29T11:00:00+00:00,9714.251638,-6.805373,9721.057011
2026-05-29T12:00:00+00:00,9671.993048,9671.993048,0.000000
2026-05-29T13:00:00+00:00,9671.993048,9671.993048,0.000000
2026-05-29T14:00:00+00:00,9671.993048,9671.993048,0.000000
2026-05-29T15:00:00+00:00,9671.993048,9671.993048,0.000000
2026-05-29T16:00:00+00:00,9671.993048,9671.993048,0.000000
2026-05-29T17:00:00+00:00,9671.993048,9671.993048,0.000000
2026-05-29T18:00:00+00:00,9671.993048,9671.993048,0.000000
2026-05-29T19:00:00+00:00,9671.993048,9671.993048,0.000000
2026-05-29T20:00:00+00:00,9671.993048,9671.993048,0.000000
2026-05-29T21:00:00+00:00,9671.993048,9671.993048,0.000000
2026-05-29T22:00:00+00:00,9671.993048,9671.993048,0.000000
2026-05-29T23:00:00+00:00,9671.993048,9671.993048,0.000000
2026-05-30T00:00:00+00:00,9671.993048,9671.993048,0.000000
2026-05-30T01:00:00+00:00,9671.993048,9671.993048,0.000000
2026-05-30T02:00:00+00:00,9671.993048,9671.993048,0.000000
2026-05-30T03:00:00+00:00,9671.993048,9671.993048,0.000000
2026-05-30T04:00:00+00:00,9671.993048,9671.993048,0.000000
2026-05-30T05:00:00+00:00,9671.993048,9671.993048,0.000000
2026-05-30T06:00:00+00:00,9671.993048,9671.993048,0.000000
2026-05-30T07:00:00+00:00,9671.993048,9671.993048,0.000000
2026-05-30T08:00:00+00:00,9671.993048,9671.993048,0.000000
2026-05-30T09:00:00+00:00,9671.993048,9671.993048,0.000000
2026-05-30T10:00:00+00:00,9671.993048,9671.993048,0.000000
2026-05-30T11:00:00+00:00,9671.993048,9671.993048,0.000000
2026-05-30T12:00:00+00:00,9671.993048,9671.993048,0.000000
2026-05-30T13:00:00+00:00,9671.993048,9671.993048,0.000000
2026-05-30T14:00:00+00:00,9671.993048,9671.993048,0.000000
2026-05-30T15:00:00+00:00,9671.993048,9671.993048,0.000000
2026-05-30T16:00:00+00:00,9671.993048,9671.993048,0.000000
2026-05-30T17:00:00+00:00,9671.993048,9671.993048,0.000000
2026-05-30T18:00:00+00:00,9671.993048,9671.993048,0.000000
2026-05-30T19:00:00+00:00,9671.993048,9671.993048,0.000000
2026-05-30T20:00:00+00:00,9671.993048,9671.993048,0.000000
2026-05-30T21:00:00+00:00,9671.993048,9671.993048,0.000000
2026-05-30T22:00:00+00:00,9671.993048,9671.993048,0.000000
2026-05-30T23:00:00+00:00,9671.993048,9671.993048,0.000000
2026-05-31T00:00:00+00:00,9671.993048,9671.993048,0.000000
2026-05-31T01:00:00+00:00,9671.993048,9671.993048,0.000000
2026-05-31T02:00:00+00:00,9671.993048,9671.993048,0.000000
2026-05-31T03:00:00+00:00,9671.993048,9671.993048,0.000000
2026-05-31T04:00:00+00:00,9671.993048,9671.993048,0.000000
2026-05-31T05:00:00+00:00,9671.993048,9671.993048,0.000000
2026-05-31T06:00:00+00:00,9671.993048,9671.993048,0.000000
2026-05-31T07:00:00+00:00,9671.993048,9671.993048,0.000000
2026-05-31T08:00:00+00:00,9671.993048,9671.993048,0.000000
2026-05-31T09:00:00+00:00,9671.993048,9671.993048,0.000000
2026-05-31T10:00:00+00:00,9671.993048,9671.993048,0.000000
2026-05-31T11:00:00+00:00,9671.993048,9671.993048,0.000000
2026-05-31T12:00:00+00:00,9671.993048,9671.993048,0.000000
2026-05-31T13:00:00+00:00,9671.993048,9671.993048,0.000000
2026-05-31T14:00:00+00:00,9671.993048,9671.993048,0.000000
2026-05-31T15:00:00+00:00,9671.993048,9671.993048,0.000000
2026-05-31T16:00:00+00:00,9671.993048,9671.993048,0.000000
2026-05-31T17:00:00+00:00,9671.993048,9671.993048,0.000000
2026-05-31T18:00:00+00:00,9671.993048,9671.993048,0.000000
2026-05-31T19:00:00+00:00,9671.993048,9671.993048,0.000000
2026-05-31T20:00:00+00:00,9671.993048,9671.993048,0.000000
2026-05-31T21:00:00+00:00,9671.993048,9671.993048,0.000000
2026-05-31T22:00:00+00:00,9671.993048,9671.993048,0.000000
2026-05-31T23:00:00+00:00,9671.993048,9671.993048,0.000000
2026-06-01T00:00:00+00:00,9671.993048,9671.993048,0.000000
2026-06-01T01:00:00+00:00,9671.993048,9671.993048,0.000000
2026-06-01T02:00:00+00:00,9671.993048,9671.993048,0.000000
2026-06-01T03:00:00+00:00,9671.993048,9671.993048,0.000000
2026-06-01T04:00:00+00:00,9671.993048,9671.993048,0.000000
2026-06-01T05:00:00+00:00,9671.993048,9671.993048,0.000000
2026-06-01T06:00:00+00:00,9671.993048,9671.993048,0.000000
2026-06-01T07:00:00+00:00,9671.993048,9671.993048,0.000000
2026-06-01T08:00:00+00:00,9671.993048,9671.993048,0.000000
2026-06-01T09:00:00+00:00,9671.993048,9671.993048,0.000000
2026-06-01T10:00:00+00:00,9671.993048,9671.993048,0.000000
2026-06-01T11:00:00+00:00,9671.993048,9671.993048,0.000000
2026-06-01T12:00:00+00:00,9671.993048,9671.993048,0.000000
2026-06-01T13:00:00+00:00,9671.993048,9671.993048,0.000000
2026-06-01T14:00:00+00:00,9671.993048,9671.993048,0.000000
2026-06-01T15:00:00+00:00,9671.993048,9671.993048,0.000000
2026-06-01T16:00:00+00:00,9671.993048,9671.993048,0.000000
2026-06-01T17:00:00+00:00,9671.993048,9671.993048,0.000000
2026-06-01T18:00:00+00:00,9671.993048,9671.993048,0.000000
2026-06-01T19:00:00+00:00,9665.223621,-2.900631,9671.993048
2026-06-01T20:00:00+00:00,9660.397277,-2.900631,9676.819392
2026-06-01T21:00:00+00:00,9640.416141,9640.416141,0.000000
2026-06-01T22:00:00+00:00,9640.416141,9640.416141,0.000000
2026-06-01T23:00:00+00:00,9640.416141,9640.416141,0.000000
2026-06-02T00:00:00+00:00,9640.416141,9640.416141,0.000000
2026-06-02T01:00:00+00:00,9640.416141,9640.416141,0.000000
2026-06-02T02:00:00+00:00,9640.416141,9640.416141,0.000000
2026-06-02T03:00:00+00:00,9640.416141,9640.416141,0.000000
2026-06-02T04:00:00+00:00,9640.416141,9640.416141,0.000000
2026-06-02T05:00:00+00:00,9640.416141,9640.416141,0.000000
2026-06-02T06:00:00+00:00,9640.416141,9640.416141,0.000000
2026-06-02T07:00:00+00:00,9640.416141,9640.416141,0.000000
2026-06-02T08:00:00+00:00,9640.416141,9640.416141,0.000000
2026-06-02T09:00:00+00:00,9640.416141,9640.416141,0.000000
2026-06-02T10:00:00+00:00,9640.416141,9640.416141,0.000000
2026-06-02T11:00:00+00:00,9640.416141,9640.416141,0.000000
2026-06-02T12:00:00+00:00,9640.416141,9640.416141,0.000000
2026-06-02T13:00:00+00:00,9640.416141,9640.416141,0.000000
2026-06-02T14:00:00+00:00,9640.416141,9640.416141,0.000000
2026-06-02T15:00:00+00:00,9640.416141,9640.416141,0.000000
2026-06-02T16:00:00+00:00,9640.416141,9640.416141,0.000000
2026-06-02T17:00:00+00:00,9640.416141,9640.416141,0.000000
2026-06-02T18:00:00+00:00,9640.416141,9640.416141,0.000000
2026-06-02T19:00:00+00:00,9640.416141,9640.416141,0.000000
2026-06-02T20:00:00+00:00,9640.416141,9640.416141,0.000000
2026-06-02T21:00:00+00:00,9640.416141,9640.416141,0.000000
2026-06-02T22:00:00+00:00,9640.416141,9640.416141,0.000000
2026-06-02T23:00:00+00:00,9640.416141,9640.416141,0.000000
2026-06-03T00:00:00+00:00,9640.416141,9640.416141,0.000000
2026-06-03T01:00:00+00:00,9640.416141,9640.416141,0.000000
2026-06-03T02:00:00+00:00,9640.416141,9640.416141,0.000000
2026-06-03T03:00:00+00:00,9640.416141,9640.416141,0.000000
2026-06-03T04:00:00+00:00,9640.416141,9640.416141,0.000000
2026-06-03T05:00:00+00:00,9640.416141,9640.416141,0.000000
2026-06-03T06:00:00+00:00,9640.416141,9640.416141,0.000000
2026-06-03T07:00:00+00:00,9640.416141,9640.416141,0.000000
2026-06-03T08:00:00+00:00,9640.416141,9640.416141,0.000000
2026-06-03T09:00:00+00:00,9640.416141,9640.416141,0.000000
2026-06-03T10:00:00+00:00,9640.416141,9640.416141,0.000000
2026-06-03T11:00:00+00:00,9640.416141,9640.416141,0.000000
2026-06-03T12:00:00+00:00,9640.416141,9640.416141,0.000000
2026-06-03T13:00:00+00:00,9640.416141,9640.416141,0.000000
2026-06-03T14:00:00+00:00,9640.416141,9640.416141,0.000000
2026-06-03T15:00:00+00:00,9640.416141,9640.416141,0.000000
2026-06-03T16:00:00+00:00,9640.416141,9640.416141,0.000000
2026-06-03T17:00:00+00:00,9640.416141,9640.416141,0.000000
2026-06-03T18:00:00+00:00,9640.416141,9640.416141,0.000000
2026-06-03T19:00:00+00:00,9640.416141,9640.416141,0.000000
2026-06-03T20:00:00+00:00,9640.416141,9640.416141,0.000000
2026-06-03T21:00:00+00:00,9640.416141,9640.416141,0.000000
2026-06-03T22:00:00+00:00,9640.416141,9640.416141,0.000000
2026-06-03T23:00:00+00:00,9640.416141,9640.416141,0.000000
2026-06-04T00:00:00+00:00,9640.416141,9640.416141,0.000000
2026-06-04T01:00:00+00:00,9640.416141,9640.416141,0.000000
2026-06-04T02:00:00+00:00,9640.416141,9640.416141,0.000000
2026-06-04T03:00:00+00:00,9640.416141,9640.416141,0.000000
2026-06-04T04:00:00+00:00,9640.416141,9640.416141,0.000000
2026-06-04T05:00:00+00:00,9640.416141,9640.416141,0.000000
2026-06-04T06:00:00+00:00,9640.416141,9640.416141,0.000000
2026-06-04T07:00:00+00:00,9640.416141,9640.416141,0.000000
2026-06-04T08:00:00+00:00,9640.416141,9640.416141,0.000000
2026-06-04T09:00:00+00:00,9640.416141,9640.416141,0.000000
2026-06-04T10:00:00+00:00,9640.416141,9640.416141,0.000000
2026-06-04T11:00:00+00:00,9640.416141,9640.416141,0.000000
2026-06-04T12:00:00+00:00,9640.416141,9640.416141,0.000000
2026-06-04T13:00:00+00:00,9640.416141,9640.416141,0.000000
2026-06-04T14:00:00+00:00,9640.416141,9640.416141,0.000000
2026-06-04T15:00:00+00:00,9640.416141,9640.416141,0.000000
2026-06-04T16:00:00+00:00,9640.416141,9640.416141,0.000000
2026-06-04T17:00:00+00:00,9640.416141,9640.416141,0.000000
2026-06-04T18:00:00+00:00,9640.416141,9640.416141,0.000000
2026-06-04T19:00:00+00:00,9640.416141,9640.416141,0.000000
2026-06-04T20:00:00+00:00,9640.416141,9640.416141,0.000000
2026-06-04T21:00:00+00:00,9640.416141,9640.416141,0.000000
2026-06-04T22:00:00+00:00,9640.416141,9640.416141,0.000000
2026-06-04T23:00:00+00:00,9640.416141,9640.416141,0.000000
2026-06-05T00:00:00+00:00,9640.416141,9640.416141,0.000000
2026-06-05T01:00:00+00:00,9640.416141,9640.416141,0.000000
2026-06-05T02:00:00+00:00,9640.416141,9640.416141,0.000000
2026-06-05T03:00:00+00:00,9640.416141,9640.416141,0.000000
2026-06-05T04:00:00+00:00,9640.416141,9640.416141,0.000000
2026-06-05T05:00:00+00:00,9640.416141,9640.416141,0.000000
2026-06-05T06:00:00+00:00,9640.416141,9640.416141,0.000000
2026-06-05T07:00:00+00:00,9640.416141,9640.416141,0.000000
2026-06-05T08:00:00+00:00,9640.416141,9640.416141,0.000000
2026-06-05T09:00:00+00:00,9640.416141,9640.416141,0.000000
2026-06-05T10:00:00+00:00,9640.416141,9640.416141,0.000000
2026-06-05T11:00:00+00:00,9640.416141,9640.416141,0.000000
2026-06-05T12:00:00+00:00,9640.416141,9640.416141,0.000000
2026-06-05T13:00:00+00:00,9640.416141,9640.416141,0.000000
2026-06-05T14:00:00+00:00,9640.416141,9640.416141,0.000000
2026-06-05T15:00:00+00:00,9640.416141,9640.416141,0.000000
2026-06-05T16:00:00+00:00,9640.416141,9640.416141,0.000000
2026-06-05T17:00:00+00:00,9640.416141,9640.416141,0.000000
2026-06-05T18:00:00+00:00,9640.416141,9640.416141,0.000000
2026-06-05T19:00:00+00:00,9640.416141,9640.416141,0.000000
2026-06-05T20:00:00+00:00,9640.416141,9640.416141,0.000000
2026-06-05T21:00:00+00:00,9640.416141,9640.416141,0.000000
2026-06-05T22:00:00+00:00,9640.416141,9640.416141,0.000000
2026-06-05T23:00:00+00:00,9640.416141,9640.416141,0.000000
2026-06-06T00:00:00+00:00,9640.416141,9640.416141,0.000000
2026-06-06T01:00:00+00:00,9640.416141,9640.416141,0.000000
2026-06-06T02:00:00+00:00,9640.416141,9640.416141,0.000000
2026-06-06T03:00:00+00:00,9640.416141,9640.416141,0.000000
2026-06-06T04:00:00+00:00,9640.416141,9640.416141,0.000000
2026-06-06T05:00:00+00:00,9640.416141,9640.416141,0.000000
2026-06-06T06:00:00+00:00,9640.416141,9640.416141,0.000000
2026-06-06T07:00:00+00:00,9640.416141,9640.416141,0.000000
2026-06-06T08:00:00+00:00,9640.416141,9640.416141,0.000000
2026-06-06T09:00:00+00:00,9640.416141,9640.416141,0.000000
2026-06-06T10:00:00+00:00,9640.416141,9640.416141,0.000000
2026-06-06T11:00:00+00:00,9640.416141,9640.416141,0.000000
2026-06-06T12:00:00+00:00,9640.416141,9640.416141,0.000000
2026-06-06T13:00:00+00:00,9640.416141,9640.416141,0.000000
2026-06-06T14:00:00+00:00,9640.416141,9640.416141,0.000000
2026-06-06T15:00:00+00:00,9640.416141,9640.416141,0.000000
2026-06-06T16:00:00+00:00,9640.416141,9640.416141,0.000000
2026-06-06T17:00:00+00:00,9640.416141,9640.416141,0.000000
2026-06-06T18:00:00+00:00,9640.416141,9640.416141,0.000000
2026-06-06T19:00:00+00:00,9640.416141,9640.416141,0.000000
2026-06-06T20:00:00+00:00,9640.416141,9640.416141,0.000000
2026-06-06T21:00:00+00:00,9640.416141,9640.416141,0.000000
2026-06-06T22:00:00+00:00,9640.416141,9640.416141,0.000000
2026-06-06T23:00:00+00:00,9640.416141,9640.416141,0.000000
2026-06-07T00:00:00+00:00,9640.416141,9640.416141,0.000000
2026-06-07T01:00:00+00:00,9640.416141,9640.416141,0.000000
2026-06-07T02:00:00+00:00,9640.416141,9640.416141,0.000000
2026-06-07T03:00:00+00:00,9640.416141,9640.416141,0.000000
2026-06-07T04:00:00+00:00,9640.416141,9640.416141,0.000000
2026-06-07T05:00:00+00:00,9640.416141,9640.416141,0.000000
2026-06-07T06:00:00+00:00,9640.416141,9640.416141,0.000000
2026-06-07T07:00:00+00:00,9640.416141,9640.416141,0.000000
2026-06-07T08:00:00+00:00,9640.416141,9640.416141,0.000000
2026-06-07T09:00:00+00:00,9640.416141,9640.416141,0.000000
2026-06-07T10:00:00+00:00,9640.416141,9640.416141,0.000000
2026-06-07T11:00:00+00:00,9640.416141,9640.416141,0.000000
2026-06-07T12:00:00+00:00,9640.416141,9640.416141,0.000000
2026-06-07T13:00:00+00:00,9640.416141,9640.416141,0.000000
2026-06-07T14:00:00+00:00,9640.416141,9640.416141,0.000000
2026-06-07T15:00:00+00:00,9640.416141,9640.416141,0.000000
2026-06-07T16:00:00+00:00,9640.416141,9640.416141,0.000000
2026-06-07T17:00:00+00:00,9640.416141,9640.416141,0.000000
2026-06-07T18:00:00+00:00,9640.416141,9640.416141,0.000000
2026-06-07T19:00:00+00:00,9640.416141,9640.416141,0.000000
2026-06-07T20:00:00+00:00,9640.416141,9640.416141,0.000000
2026-06-07T21:00:00+00:00,9640.416141,9640.416141,0.000000
2026-06-07T22:00:00+00:00,9640.416141,9640.416141,0.000000
2026-06-07T23:00:00+00:00,9640.416141,9640.416141,0.000000
2026-06-08T00:00:00+00:00,9640.416141,9640.416141,0.000000
2026-06-08T01:00:00+00:00,9640.416141,9640.416141,0.000000
2026-06-08T02:00:00+00:00,9640.416141,9640.416141,0.000000
2026-06-08T03:00:00+00:00,9640.416141,9640.416141,0.000000
2026-06-08T04:00:00+00:00,9640.416141,9640.416141,0.000000
2026-06-08T05:00:00+00:00,9640.416141,9640.416141,0.000000
2026-06-08T06:00:00+00:00,9640.416141,9640.416141,0.000000
2026-06-08T07:00:00+00:00,9640.416141,9640.416141,0.000000
2026-06-08T08:00:00+00:00,9640.416141,9640.416141,0.000000
2026-06-08T09:00:00+00:00,9640.416141,9640.416141,0.000000
2026-06-08T10:00:00+00:00,9640.416141,9640.416141,0.000000
2026-06-08T11:00:00+00:00,9640.416141,9640.416141,0.000000
2026-06-08T12:00:00+00:00,9640.416141,9640.416141,0.000000
2026-06-08T13:00:00+00:00,9640.416141,9640.416141,0.000000
2026-06-08T14:00:00+00:00,9640.416141,9640.416141,0.000000
2026-06-08T15:00:00+00:00,9640.416141,9640.416141,0.000000
2026-06-08T16:00:00+00:00,9640.416141,9640.416141,0.000000
2026-06-08T17:00:00+00:00,9640.416141,9640.416141,0.000000
2026-06-08T18:00:00+00:00,9640.416141,9640.416141,0.000000
2026-06-08T19:00:00+00:00,9640.416141,9640.416141,0.000000
2026-06-08T20:00:00+00:00,9640.416141,9640.416141,0.000000
2026-06-08T21:00:00+00:00,9640.416141,9640.416141,0.000000
2026-06-08T22:00:00+00:00,9640.416141,9640.416141,0.000000
2026-06-08T23:00:00+00:00,9640.416141,9640.416141,0.000000
2026-06-09T00:00:00+00:00,9633.666886,-6.749255,9640.416141
2026-06-09T01:00:00+00:00,9613.959518,9613.959518,0.000000
2026-06-09T02:00:00+00:00,9613.959518,9613.959518,0.000000
2026-06-09T03:00:00+00:00,9613.959518,9613.959518,0.000000
2026-06-09T04:00:00+00:00,9613.959518,9613.959518,0.000000
2026-06-09T05:00:00+00:00,9613.959518,9613.959518,0.000000
2026-06-09T06:00:00+00:00,9613.959518,9613.959518,0.000000
2026-06-09T07:00:00+00:00,9613.959518,9613.959518,0.000000
2026-06-09T08:00:00+00:00,9613.959518,9613.959518,0.000000
2026-06-09T09:00:00+00:00,9613.959518,9613.959518,0.000000
2026-06-09T10:00:00+00:00,9613.959518,9613.959518,0.000000
2026-06-09T11:00:00+00:00,9607.230708,-2.883226,9613.959518
2026-06-09T12:00:00+00:00,9577.886526,-2.883226,9643.303700
2026-06-09T13:00:00+00:00,9569.675074,9569.675074,0.000000
2026-06-09T14:00:00+00:00,9569.675074,9569.675074,0.000000
2026-06-09T15:00:00+00:00,9569.675074,9569.675074,0.000000
2026-06-09T16:00:00+00:00,9569.675074,9569.675074,0.000000
2026-06-09T17:00:00+00:00,9569.675074,9569.675074,0.000000
2026-06-09T18:00:00+00:00,9569.675074,9569.675074,0.000000
2026-06-09T19:00:00+00:00,9569.675074,9569.675074,0.000000
2026-06-09T20:00:00+00:00,9569.675074,9569.675074,0.000000
2026-06-09T21:00:00+00:00,9569.675074,9569.675074,0.000000
2026-06-09T22:00:00+00:00,9569.675074,9569.675074,0.000000
2026-06-09T23:00:00+00:00,9569.675074,9569.675074,0.000000
2026-06-10T00:00:00+00:00,9569.675074,9569.675074,0.000000
2026-06-10T01:00:00+00:00,9569.675074,9569.675074,0.000000
2026-06-10T02:00:00+00:00,9562.975344,-6.699730,9569.675074
2026-06-10T03:00:00+00:00,9552.823004,9552.823004,0.000000
2026-06-10T04:00:00+00:00,9552.823004,9552.823004,0.000000
2026-06-10T05:00:00+00:00,9552.823004,9552.823004,0.000000
2026-06-10T06:00:00+00:00,9552.823004,9552.823004,0.000000
2026-06-10T07:00:00+00:00,9552.823004,9552.823004,0.000000
2026-06-10T08:00:00+00:00,9552.823004,9552.823004,0.000000
2026-06-10T09:00:00+00:00,9552.823004,9552.823004,0.000000
2026-06-10T10:00:00+00:00,9552.823004,9552.823004,0.000000
2026-06-10T11:00:00+00:00,9552.823004,9552.823004,0.000000
2026-06-10T12:00:00+00:00,9552.823004,9552.823004,0.000000
2026-06-10T13:00:00+00:00,9552.823004,9552.823004,0.000000
2026-06-10T14:00:00+00:00,9552.823004,9552.823004,0.000000
2026-06-10T15:00:00+00:00,9552.823004,9552.823004,0.000000
2026-06-10T16:00:00+00:00,9552.823004,9552.823004,0.000000
2026-06-10T17:00:00+00:00,9552.823004,9552.823004,0.000000
2026-06-10T18:00:00+00:00,9552.823004,9552.823004,0.000000
2026-06-10T19:00:00+00:00,9552.823004,9552.823004,0.000000
2026-06-10T20:00:00+00:00,9552.823004,9552.823004,0.000000
2026-06-10T21:00:00+00:00,9552.823004,9552.823004,0.000000
2026-06-10T22:00:00+00:00,9552.823004,9552.823004,0.000000
2026-06-10T23:00:00+00:00,9552.823004,9552.823004,0.000000
2026-06-11T00:00:00+00:00,9552.823004,9552.823004,0.000000
2026-06-11T01:00:00+00:00,9552.823004,9552.823004,0.000000
2026-06-11T02:00:00+00:00,9552.823004,9552.823004,0.000000
2026-06-11T03:00:00+00:00,9546.136983,-2.864892,9552.823004
2026-06-11T04:00:00+00:00,9529.958000,-2.864892,9569.001988
2026-06-11T05:00:00+00:00,9581.961875,-2.864892,9516.998112
2026-06-11T06:00:00+00:00,9509.309633,9509.309633,0.000000
2026-06-11T07:00:00+00:00,9509.309633,9509.309633,0.000000
2026-06-11T08:00:00+00:00,9509.309633,9509.309633,0.000000
2026-06-11T09:00:00+00:00,9509.309633,9509.309633,0.000000
2026-06-11T10:00:00+00:00,9509.309633,9509.309633,0.000000
2026-06-11T11:00:00+00:00,9502.652165,-6.657468,9509.309633
2026-06-11T12:00:00+00:00,9383.842475,9383.842475,0.000000
2026-06-11T13:00:00+00:00,9383.842475,9383.842475,0.000000
2026-06-11T14:00:00+00:00,9383.842475,9383.842475,0.000000
2026-06-11T15:00:00+00:00,9383.842475,9383.842475,0.000000
2026-06-11T16:00:00+00:00,9383.842475,9383.842475,0.000000
2026-06-11T17:00:00+00:00,9383.842475,9383.842475,0.000000
2026-06-11T18:00:00+00:00,9383.842475,9383.842475,0.000000
2026-06-11T19:00:00+00:00,9383.842475,9383.842475,0.000000
2026-06-11T20:00:00+00:00,9377.274723,-2.814214,9383.842475
2026-06-11T21:00:00+00:00,9350.328210,-2.814214,9410.788988
2026-06-11T22:00:00+00:00,9355.942067,-2.814214,9405.175131
2026-06-11T23:00:00+00:00,9358.530811,-6.556498,9365.087308
2026-06-12T00:00:00+00:00,9354.611310,-6.556498,9361.167807
2026-06-12T01:00:00+00:00,9301.253056,9301.253056,0.000000
2026-06-12T02:00:00+00:00,9301.253056,9301.253056,0.000000
2026-06-12T03:00:00+00:00,9301.253056,9301.253056,0.000000
2026-06-12T04:00:00+00:00,9301.253056,9301.253056,0.000000
2026-06-12T05:00:00+00:00,9301.253056,9301.253056,0.000000
2026-06-12T06:00:00+00:00,9301.253056,9301.253056,0.000000
2026-06-12T07:00:00+00:00,9301.253056,9301.253056,0.000000
2026-06-12T08:00:00+00:00,9301.253056,9301.253056,0.000000
2026-06-12T09:00:00+00:00,9301.253056,9301.253056,0.000000
2026-06-12T10:00:00+00:00,9301.253056,9301.253056,0.000000
2026-06-12T11:00:00+00:00,9301.253056,9301.253056,0.000000
2026-06-12T12:00:00+00:00,9301.253056,9301.253056,0.000000
2026-06-12T13:00:00+00:00,9301.253056,9301.253056,0.000000
2026-06-12T14:00:00+00:00,9301.253056,9301.253056,0.000000
2026-06-12T15:00:00+00:00,9301.253056,9301.253056,0.000000
2026-06-12T16:00:00+00:00,9301.253056,9301.253056,0.000000
2026-06-12T17:00:00+00:00,9301.253056,9301.253056,0.000000
2026-06-12T18:00:00+00:00,9301.253056,9301.253056,0.000000
2026-06-12T19:00:00+00:00,9301.253056,9301.253056,0.000000
2026-06-12T20:00:00+00:00,9301.253056,9301.253056,0.000000
2026-06-12T21:00:00+00:00,9301.253056,9301.253056,0.000000
2026-06-12T22:00:00+00:00,9301.253056,9301.253056,0.000000
2026-06-12T23:00:00+00:00,9301.253056,9301.253056,0.000000
2026-06-13T00:00:00+00:00,9301.253056,9301.253056,0.000000
2026-06-13T01:00:00+00:00,9301.253056,9301.253056,0.000000
2026-06-13T02:00:00+00:00,9301.253056,9301.253056,0.000000
2026-06-13T03:00:00+00:00,9301.253056,9301.253056,0.000000
2026-06-13T04:00:00+00:00,9301.253056,9301.253056,0.000000
2026-06-13T05:00:00+00:00,9301.253056,9301.253056,0.000000
2026-06-13T06:00:00+00:00,9301.253056,9301.253056,0.000000
2026-06-13T07:00:00+00:00,9301.253056,9301.253056,0.000000
2026-06-13T08:00:00+00:00,9301.253056,9301.253056,0.000000
2026-06-13T09:00:00+00:00,9301.253056,9301.253056,0.000000
2026-06-13T10:00:00+00:00,9301.253056,9301.253056,0.000000
2026-06-13T11:00:00+00:00,9301.253056,9301.253056,0.000000
2026-06-13T12:00:00+00:00,9301.253056,9301.253056,0.000000
2026-06-13T13:00:00+00:00,9301.253056,9301.253056,0.000000
2026-06-13T14:00:00+00:00,9301.253056,9301.253056,0.000000
2026-06-13T15:00:00+00:00,9301.253056,9301.253056,0.000000
2026-06-13T16:00:00+00:00,9301.253056,9301.253056,0.000000
2026-06-13T17:00:00+00:00,9301.253056,9301.253056,0.000000
2026-06-13T18:00:00+00:00,9301.253056,9301.253056,0.000000
2026-06-13T19:00:00+00:00,9301.253056,9301.253056,0.000000
2026-06-13T20:00:00+00:00,9301.253056,9301.253056,0.000000
2026-06-13T21:00:00+00:00,9301.253056,9301.253056,0.000000
2026-06-13T22:00:00+00:00,9301.253056,9301.253056,0.000000
2026-06-13T23:00:00+00:00,9301.253056,9301.253056,0.000000
2026-06-14T00:00:00+00:00,9301.253056,9301.253056,0.000000
2026-06-14T01:00:00+00:00,9301.253056,9301.253056,0.000000
2026-06-14T02:00:00+00:00,9301.253056,9301.253056,0.000000
2026-06-14T03:00:00+00:00,9301.253056,9301.253056,0.000000
2026-06-14T04:00:00+00:00,9301.253056,9301.253056,0.000000
2026-06-14T05:00:00+00:00,9301.253056,9301.253056,0.000000
2026-06-14T06:00:00+00:00,9301.253056,9301.253056,0.000000
2026-06-14T07:00:00+00:00,9301.253056,9301.253056,0.000000
2026-06-14T08:00:00+00:00,9301.253056,9301.253056,0.000000
2026-06-14T09:00:00+00:00,9301.253056,9301.253056,0.000000
2026-06-14T10:00:00+00:00,9301.253056,9301.253056,0.000000
2026-06-14T11:00:00+00:00,9301.253056,9301.253056,0.000000
2026-06-14T12:00:00+00:00,9301.253056,9301.253056,0.000000
2026-06-14T13:00:00+00:00,9301.253056,9301.253056,0.000000
2026-06-14T14:00:00+00:00,9301.253056,9301.253056,0.000000
2026-06-14T15:00:00+00:00,9301.253056,9301.253056,0.000000
2026-06-14T16:00:00+00:00,9301.253056,9301.253056,0.000000
2026-06-14T17:00:00+00:00,9301.253056,9301.253056,0.000000
2026-06-14T18:00:00+00:00,9301.253056,9301.253056,0.000000
2026-06-14T19:00:00+00:00,9301.253056,9301.253056,0.000000
2026-06-14T20:00:00+00:00,9301.253056,9301.253056,0.000000
2026-06-14T21:00:00+00:00,9301.253056,9301.253056,0.000000
2026-06-14T22:00:00+00:00,9301.253056,9301.253056,0.000000
2026-06-14T23:00:00+00:00,9301.253056,9301.253056,0.000000
2026-06-15T00:00:00+00:00,9301.253056,9301.253056,0.000000
2026-06-15T01:00:00+00:00,9301.253056,9301.253056,0.000000
2026-06-15T02:00:00+00:00,9301.253056,9301.253056,0.000000
2026-06-15T03:00:00+00:00,9301.253056,9301.253056,0.000000
2026-06-15T04:00:00+00:00,9301.253056,9301.253056,0.000000
2026-06-15T05:00:00+00:00,9301.253056,9301.253056,0.000000
2026-06-15T06:00:00+00:00,9301.253056,9301.253056,0.000000
2026-06-15T07:00:00+00:00,9301.253056,9301.253056,0.000000
2026-06-15T08:00:00+00:00,9301.253056,9301.253056,0.000000
2026-06-15T09:00:00+00:00,9301.253056,9301.253056,0.000000
2026-06-15T10:00:00+00:00,9301.253056,9301.253056,0.000000
2026-06-15T11:00:00+00:00,9301.253056,9301.253056,0.000000
2026-06-15T12:00:00+00:00,9301.253056,9301.253056,0.000000
2026-06-15T13:00:00+00:00,9301.253056,9301.253056,0.000000
2026-06-15T14:00:00+00:00,9301.253056,9301.253056,0.000000
2026-06-15T15:00:00+00:00,9301.253056,9301.253056,0.000000
2026-06-15T16:00:00+00:00,9301.253056,9301.253056,0.000000
2026-06-15T17:00:00+00:00,9301.253056,9301.253056,0.000000
2026-06-15T18:00:00+00:00,9301.253056,9301.253056,0.000000
2026-06-15T19:00:00+00:00,9301.253056,9301.253056,0.000000
2026-06-15T20:00:00+00:00,9301.253056,9301.253056,0.000000
2026-06-15T21:00:00+00:00,9301.253056,9301.253056,0.000000
2026-06-15T22:00:00+00:00,9301.253056,9301.253056,0.000000
2026-06-15T23:00:00+00:00,9301.253056,9301.253056,0.000000
2026-06-16T00:00:00+00:00,9301.253056,9301.253056,0.000000
2026-06-16T01:00:00+00:00,9301.253056,9301.253056,0.000000
2026-06-16T02:00:00+00:00,9301.253056,9301.253056,0.000000
2026-06-16T03:00:00+00:00,9301.253056,9301.253056,0.000000
2026-06-16T04:00:00+00:00,9301.253056,9301.253056,0.000000
2026-06-16T05:00:00+00:00,9301.253056,9301.253056,0.000000
2026-06-16T06:00:00+00:00,9301.253056,9301.253056,0.000000
2026-06-16T07:00:00+00:00,9301.253056,9301.253056,0.000000
2026-06-16T08:00:00+00:00,9301.253056,9301.253056,0.000000
2026-06-16T09:00:00+00:00,9301.253056,9301.253056,0.000000
2026-06-16T10:00:00+00:00,9301.253056,9301.253056,0.000000
2026-06-16T11:00:00+00:00,9301.253056,9301.253056,0.000000
2026-06-16T12:00:00+00:00,9301.253056,9301.253056,0.000000
2026-06-16T13:00:00+00:00,9301.253056,9301.253056,0.000000
2026-06-16T14:00:00+00:00,9301.253056,9301.253056,0.000000
2026-06-16T15:00:00+00:00,9301.253056,9301.253056,0.000000
2026-06-16T16:00:00+00:00,9301.253056,9301.253056,0.000000
2026-06-16T17:00:00+00:00,9301.253056,9301.253056,0.000000
2026-06-16T18:00:00+00:00,9301.253056,9301.253056,0.000000
2026-06-16T19:00:00+00:00,9301.253056,9301.253056,0.000000
2026-06-16T20:00:00+00:00,9301.253056,9301.253056,0.000000
2026-06-16T21:00:00+00:00,9301.253056,9301.253056,0.000000
2026-06-16T22:00:00+00:00,9301.253056,9301.253056,0.000000
2026-06-16T23:00:00+00:00,9301.253056,9301.253056,0.000000
2026-06-17T00:00:00+00:00,9301.253056,9301.253056,0.000000
2026-06-17T01:00:00+00:00,9301.253056,9301.253056,0.000000
2026-06-17T02:00:00+00:00,9301.253056,9301.253056,0.000000
2026-06-17T03:00:00+00:00,9301.253056,9301.253056,0.000000
2026-06-17T04:00:00+00:00,9301.253056,9301.253056,0.000000
2026-06-17T05:00:00+00:00,9301.253056,9301.253056,0.000000
2026-06-17T06:00:00+00:00,9301.253056,9301.253056,0.000000
2026-06-17T07:00:00+00:00,9301.253056,9301.253056,0.000000
2026-06-17T08:00:00+00:00,9301.253056,9301.253056,0.000000
2026-06-17T09:00:00+00:00,9301.253056,9301.253056,0.000000
2026-06-17T10:00:00+00:00,9301.253056,9301.253056,0.000000
2026-06-17T11:00:00+00:00,9301.253056,9301.253056,0.000000
2026-06-17T12:00:00+00:00,9301.253056,9301.253056,0.000000
2026-06-17T13:00:00+00:00,9301.253056,9301.253056,0.000000
2026-06-17T14:00:00+00:00,9301.253056,9301.253056,0.000000
2026-06-17T15:00:00+00:00,9301.253056,9301.253056,0.000000
2026-06-17T16:00:00+00:00,9301.253056,9301.253056,0.000000
2026-06-17T17:00:00+00:00,9301.253056,9301.253056,0.000000
2026-06-17T18:00:00+00:00,9301.253056,9301.253056,0.000000
2026-06-17T19:00:00+00:00,9301.253056,9301.253056,0.000000
2026-06-17T20:00:00+00:00,9301.253056,9301.253056,0.000000
2026-06-17T21:00:00+00:00,9301.253056,9301.253056,0.000000
2026-06-17T22:00:00+00:00,9301.253056,9301.253056,0.000000
2026-06-17T23:00:00+00:00,9301.253056,9301.253056,0.000000
2026-06-18T00:00:00+00:00,9301.253056,9301.253056,0.000000
2026-06-18T01:00:00+00:00,9301.253056,9301.253056,0.000000
2026-06-18T02:00:00+00:00,9301.253056,9301.253056,0.000000
2026-06-18T03:00:00+00:00,9301.253056,9301.253056,0.000000
2026-06-18T04:00:00+00:00,9301.253056,9301.253056,0.000000
2026-06-18T05:00:00+00:00,9301.253056,9301.253056,0.000000
2026-06-18T06:00:00+00:00,9301.253056,9301.253056,0.000000
2026-06-18T07:00:00+00:00,9301.253056,9301.253056,0.000000
2026-06-18T08:00:00+00:00,9301.253056,9301.253056,0.000000
2026-06-18T09:00:00+00:00,9301.253056,9301.253056,0.000000
2026-06-18T10:00:00+00:00,9301.253056,9301.253056,0.000000
2026-06-18T11:00:00+00:00,9301.253056,9301.253056,0.000000
2026-06-18T12:00:00+00:00,9301.253056,9301.253056,0.000000
2026-06-18T13:00:00+00:00,9301.253056,9301.253056,0.000000
2026-06-18T14:00:00+00:00,9301.253056,9301.253056,0.000000
2026-06-18T15:00:00+00:00,9301.253056,9301.253056,0.000000
2026-06-18T16:00:00+00:00,9301.253056,9301.253056,0.000000
2026-06-18T17:00:00+00:00,9301.253056,9301.253056,0.000000
2026-06-18T18:00:00+00:00,9301.253056,9301.253056,0.000000
2026-06-18T19:00:00+00:00,9301.253056,9301.253056,0.000000
2026-06-18T20:00:00+00:00,9301.253056,9301.253056,0.000000
2026-06-18T21:00:00+00:00,9301.253056,9301.253056,0.000000
2026-06-18T22:00:00+00:00,9301.253056,9301.253056,0.000000
2026-06-18T23:00:00+00:00,9301.253056,9301.253056,0.000000
2026-06-19T00:00:00+00:00,9301.253056,9301.253056,0.000000
2026-06-19T01:00:00+00:00,9301.253056,9301.253056,0.000000
2026-06-19T02:00:00+00:00,9301.253056,9301.253056,0.000000
2026-06-19T03:00:00+00:00,9301.253056,9301.253056,0.000000
2026-06-19T04:00:00+00:00,9301.253056,9301.253056,0.000000
2026-06-19T05:00:00+00:00,9301.253056,9301.253056,0.000000
2026-06-19T06:00:00+00:00,9301.253056,9301.253056,0.000000
2026-06-19T07:00:00+00:00,9301.253056,9301.253056,0.000000
2026-06-19T08:00:00+00:00,9301.253056,9301.253056,0.000000
2026-06-19T09:00:00+00:00,9301.253056,9301.253056,0.000000
2026-06-19T10:00:00+00:00,9301.253056,9301.253056,0.000000
2026-06-19T11:00:00+00:00,9301.253056,9301.253056,0.000000
2026-06-19T12:00:00+00:00,9301.253056,9301.253056,0.000000
2026-06-19T13:00:00+00:00,9301.253056,9301.253056,0.000000
2026-06-19T14:00:00+00:00,9301.253056,9301.253056,0.000000
2026-06-19T15:00:00+00:00,9301.253056,9301.253056,0.000000
2026-06-19T16:00:00+00:00,9301.253056,9301.253056,0.000000
2026-06-19T17:00:00+00:00,9301.253056,9301.253056,0.000000
2026-06-19T18:00:00+00:00,9301.253056,9301.253056,0.000000
2026-06-19T19:00:00+00:00,9301.253056,9301.253056,0.000000
2026-06-19T20:00:00+00:00,9301.253056,9301.253056,0.000000
2026-06-19T21:00:00+00:00,9301.253056,9301.253056,0.000000
2026-06-19T22:00:00+00:00,9301.253056,9301.253056,0.000000
2026-06-19T23:00:00+00:00,9294.743109,-2.789446,9301.253056
2026-06-20T00:00:00+00:00,9307.251372,-2.789446,9288.744793
2026-06-20T01:00:00+00:00,9300.997241,-2.789446,9294.998925
2026-06-20T02:00:00+00:00,9329.276792,-2.789446,9266.719374
2026-06-20T03:00:00+00:00,9310.242479,-2.789446,9285.753687
2026-06-20T04:00:00+00:00,9281.962928,-2.789446,9314.033238
2026-06-20T05:00:00+00:00,9178.422015,9178.422015,0.000000
2026-06-20T06:00:00+00:00,9178.422015,9178.422015,0.000000
2026-06-20T07:00:00+00:00,9178.422015,9178.422015,0.000000
2026-06-20T08:00:00+00:00,9178.422015,9178.422015,0.000000
2026-06-20T09:00:00+00:00,9178.422015,9178.422015,0.000000
2026-06-20T10:00:00+00:00,9178.422015,9178.422015,0.000000
2026-06-20T11:00:00+00:00,9178.422015,9178.422015,0.000000
2026-06-20T12:00:00+00:00,9178.422015,9178.422015,0.000000
2026-06-20T13:00:00+00:00,9178.422015,9178.422015,0.000000
2026-06-20T14:00:00+00:00,9178.422015,9178.422015,0.000000
2026-06-20T15:00:00+00:00,9171.996202,-6.425813,9178.422015
2026-06-20T16:00:00+00:00,9137.176495,-6.425813,9143.602308
2026-06-20T17:00:00+00:00,9094.288178,9094.288178,0.000000
2026-06-20T18:00:00+00:00,9094.288178,9094.288178,0.000000
2026-06-20T19:00:00+00:00,9094.288178,9094.288178,0.000000
2026-06-20T20:00:00+00:00,9094.288178,9094.288178,0.000000
2026-06-20T21:00:00+00:00,9094.288178,9094.288178,0.000000
2026-06-20T22:00:00+00:00,9094.288178,9094.288178,0.000000
2026-06-20T23:00:00+00:00,9094.288178,9094.288178,0.000000
2026-06-21T00:00:00+00:00,9094.288178,9094.288178,0.000000
2026-06-21T01:00:00+00:00,9094.288178,9094.288178,0.000000
2026-06-21T02:00:00+00:00,9094.288178,9094.288178,0.000000
2026-06-21T03:00:00+00:00,9094.288178,9094.288178,0.000000
2026-06-21T04:00:00+00:00,9094.288178,9094.288178,0.000000
2026-06-21T05:00:00+00:00,9094.288178,9094.288178,0.000000
2026-06-21T06:00:00+00:00,9094.288178,9094.288178,0.000000
2026-06-21T07:00:00+00:00,9094.288178,9094.288178,0.000000
2026-06-21T08:00:00+00:00,9094.288178,9094.288178,0.000000
2026-06-21T09:00:00+00:00,9094.288178,9094.288178,0.000000
2026-06-21T10:00:00+00:00,9094.288178,9094.288178,0.000000
2026-06-21T11:00:00+00:00,9094.288178,9094.288178,0.000000
2026-06-21T12:00:00+00:00,9094.288178,9094.288178,0.000000
2026-06-21T13:00:00+00:00,9094.288178,9094.288178,0.000000
2026-06-21T14:00:00+00:00,9094.288178,9094.288178,0.000000
2026-06-21T15:00:00+00:00,9094.288178,9094.288178,0.000000
2026-06-21T16:00:00+00:00,9087.923086,-2.727377,9094.288178
2026-06-21T17:00:00+00:00,9093.450728,-2.727377,9088.760535
2026-06-21T18:00:00+00:00,9044.329622,9044.329622,0.000000
2026-06-21T19:00:00+00:00,9044.329622,9044.329622,0.000000
2026-06-21T20:00:00+00:00,9044.329622,9044.329622,0.000000
2026-06-21T21:00:00+00:00,9044.329622,9044.329622,0.000000
2026-06-21T22:00:00+00:00,9044.329622,9044.329622,0.000000
2026-06-21T23:00:00+00:00,9044.329622,9044.329622,0.000000
2026-06-22T00:00:00+00:00,9044.329622,9044.329622,0.000000
2026-06-22T01:00:00+00:00,9044.329622,9044.329622,0.000000
2026-06-22T02:00:00+00:00,9044.329622,9044.329622,0.000000
2026-06-22T03:00:00+00:00,9044.329622,9044.329622,0.000000
2026-06-22T04:00:00+00:00,9044.329622,9044.329622,0.000000
2026-06-22T05:00:00+00:00,9044.329622,9044.329622,0.000000
2026-06-22T06:00:00+00:00,9044.329622,9044.329622,0.000000
2026-06-22T07:00:00+00:00,9044.329622,9044.329622,0.000000
2026-06-22T08:00:00+00:00,9044.329622,9044.329622,0.000000
2026-06-22T09:00:00+00:00,9044.329622,9044.329622,0.000000
2026-06-22T10:00:00+00:00,9044.329622,9044.329622,0.000000
2026-06-22T11:00:00+00:00,9044.329622,9044.329622,0.000000
2026-06-22T12:00:00+00:00,9044.329622,9044.329622,0.000000
2026-06-22T13:00:00+00:00,9044.329622,9044.329622,0.000000
2026-06-22T14:00:00+00:00,9044.329622,9044.329622,0.000000
2026-06-22T15:00:00+00:00,9044.329622,9044.329622,0.000000
2026-06-22T16:00:00+00:00,9044.329622,9044.329622,0.000000
2026-06-22T17:00:00+00:00,9044.329622,9044.329622,0.000000
2026-06-22T18:00:00+00:00,9044.329622,9044.329622,0.000000
2026-06-22T19:00:00+00:00,9044.329622,9044.329622,0.000000
2026-06-22T20:00:00+00:00,9044.329622,9044.329622,0.000000
2026-06-22T21:00:00+00:00,9044.329622,9044.329622,0.000000
2026-06-22T22:00:00+00:00,9044.329622,9044.329622,0.000000
2026-06-22T23:00:00+00:00,9044.329622,9044.329622,0.000000
2026-06-23T00:00:00+00:00,9044.329622,9044.329622,0.000000
2026-06-23T01:00:00+00:00,9044.329622,9044.329622,0.000000
2026-06-23T02:00:00+00:00,9044.329622,9044.329622,0.000000
2026-06-23T03:00:00+00:00,9044.329622,9044.329622,0.000000
2026-06-23T04:00:00+00:00,9044.329622,9044.329622,0.000000
2026-06-23T05:00:00+00:00,9044.329622,9044.329622,0.000000
2026-06-23T06:00:00+00:00,9044.329622,9044.329622,0.000000
2026-06-23T07:00:00+00:00,9044.329622,9044.329622,0.000000
2026-06-23T08:00:00+00:00,9044.329622,9044.329622,0.000000
2026-06-23T09:00:00+00:00,9044.329622,9044.329622,0.000000
2026-06-23T10:00:00+00:00,9044.329622,9044.329622,0.000000
2026-06-23T11:00:00+00:00,9044.329622,9044.329622,0.000000
2026-06-23T12:00:00+00:00,9044.329622,9044.329622,0.000000
2026-06-23T13:00:00+00:00,9044.329622,9044.329622,0.000000
2026-06-23T14:00:00+00:00,9044.329622,9044.329622,0.000000
2026-06-23T15:00:00+00:00,9044.329622,9044.329622,0.000000
2026-06-23T16:00:00+00:00,9044.329622,9044.329622,0.000000
2026-06-23T17:00:00+00:00,9044.329622,9044.329622,0.000000
2026-06-23T18:00:00+00:00,9044.329622,9044.329622,0.000000
2026-06-23T19:00:00+00:00,9044.329622,9044.329622,0.000000
2026-06-23T20:00:00+00:00,9044.329622,9044.329622,0.000000
2026-06-23T21:00:00+00:00,9044.329622,9044.329622,0.000000
2026-06-23T22:00:00+00:00,9044.329622,9044.329622,0.000000
2026-06-23T23:00:00+00:00,9044.329622,9044.329622,0.000000
2026-06-24T00:00:00+00:00,9044.329622,9044.329622,0.000000
2026-06-24T01:00:00+00:00,9044.329622,9044.329622,0.000000
2026-06-24T02:00:00+00:00,9044.329622,9044.329622,0.000000
2026-06-24T03:00:00+00:00,9044.329622,9044.329622,0.000000
2026-06-24T04:00:00+00:00,9044.329622,9044.329622,0.000000
2026-06-24T05:00:00+00:00,9044.329622,9044.329622,0.000000
2026-06-24T06:00:00+00:00,9044.329622,9044.329622,0.000000
2026-06-24T07:00:00+00:00,9044.329622,9044.329622,0.000000
2026-06-24T08:00:00+00:00,9044.329622,9044.329622,0.000000
2026-06-24T09:00:00+00:00,9044.329622,9044.329622,0.000000
2026-06-24T10:00:00+00:00,9044.329622,9044.329622,0.000000
2026-06-24T11:00:00+00:00,9044.329622,9044.329622,0.000000
2026-06-24T12:00:00+00:00,9044.329622,9044.329622,0.000000
2026-06-24T13:00:00+00:00,9044.329622,9044.329622,0.000000
2026-06-24T14:00:00+00:00,9044.329622,9044.329622,0.000000
2026-06-24T15:00:00+00:00,9044.329622,9044.329622,0.000000
2026-06-24T16:00:00+00:00,9044.329622,9044.329622,0.000000
2026-06-24T17:00:00+00:00,9044.329622,9044.329622,0.000000
2026-06-24T18:00:00+00:00,9044.329622,9044.329622,0.000000
2026-06-24T19:00:00+00:00,9044.329622,9044.329622,0.000000
2026-06-24T20:00:00+00:00,9044.329622,9044.329622,0.000000
2026-06-24T21:00:00+00:00,9044.329622,9044.329622,0.000000
2026-06-24T22:00:00+00:00,9044.329622,9044.329622,0.000000
2026-06-24T23:00:00+00:00,9044.329622,9044.329622,0.000000
2026-06-25T00:00:00+00:00,9044.329622,9044.329622,0.000000
2026-06-25T01:00:00+00:00,9044.329622,9044.329622,0.000000
2026-06-25T02:00:00+00:00,9044.329622,9044.329622,0.000000
2026-06-25T03:00:00+00:00,9044.329622,9044.329622,0.000000
2026-06-25T04:00:00+00:00,9044.329622,9044.329622,0.000000
2026-06-25T05:00:00+00:00,9044.329622,9044.329622,0.000000
2026-06-25T06:00:00+00:00,9044.329622,9044.329622,0.000000
2026-06-25T07:00:00+00:00,9044.329622,9044.329622,0.000000
2026-06-25T08:00:00+00:00,9044.329622,9044.329622,0.000000
2026-06-25T09:00:00+00:00,9044.329622,9044.329622,0.000000
2026-06-25T10:00:00+00:00,9044.329622,9044.329622,0.000000
2026-06-25T11:00:00+00:00,9044.329622,9044.329622,0.000000
2026-06-25T12:00:00+00:00,9044.329622,9044.329622,0.000000
2026-06-25T13:00:00+00:00,9044.329622,9044.329622,0.000000
2026-06-25T14:00:00+00:00,9044.329622,9044.329622,0.000000
2026-06-25T15:00:00+00:00,9044.329622,9044.329622,0.000000
2026-06-25T16:00:00+00:00,9044.329622,9044.329622,0.000000
2026-06-25T17:00:00+00:00,9044.329622,9044.329622,0.000000
2026-06-25T18:00:00+00:00,9044.329622,9044.329622,0.000000
2026-06-25T19:00:00+00:00,9044.329622,9044.329622,0.000000
2026-06-25T20:00:00+00:00,9044.329622,9044.329622,0.000000
2026-06-25T21:00:00+00:00,9044.329622,9044.329622,0.000000
2026-06-25T22:00:00+00:00,9044.329622,9044.329622,0.000000
2026-06-25T23:00:00+00:00,9044.329622,9044.329622,0.000000
2026-06-26T00:00:00+00:00,9044.329622,9044.329622,0.000000
2026-06-26T01:00:00+00:00,9044.329622,9044.329622,0.000000
2026-06-26T02:00:00+00:00,9044.329622,9044.329622,0.000000
2026-06-26T03:00:00+00:00,9044.329622,9044.329622,0.000000
2026-06-26T04:00:00+00:00,9044.329622,9044.329622,0.000000
2026-06-26T05:00:00+00:00,9044.329622,9044.329622,0.000000
2026-06-26T06:00:00+00:00,9044.329622,9044.329622,0.000000
2026-06-26T07:00:00+00:00,9044.329622,9044.329622,0.000000
2026-06-26T08:00:00+00:00,9037.997687,-6.331935,9044.329622
2026-06-26T09:00:00+00:00,8961.939914,8961.939914,0.000000
2026-06-26T10:00:00+00:00,8961.939914,8961.939914,0.000000
2026-06-26T11:00:00+00:00,8961.939914,8961.939914,0.000000
2026-06-26T12:00:00+00:00,8961.939914,8961.939914,0.000000
2026-06-26T13:00:00+00:00,8955.667452,-2.687686,8961.939914
2026-06-26T14:00:00+00:00,8964.146886,-6.280196,8970.427082
2026-06-26T15:00:00+00:00,9047.250141,9047.250141,0.000000
2026-06-26T16:00:00+00:00,9047.250141,9047.250141,0.000000
2026-06-26T17:00:00+00:00,9047.250141,9047.250141,0.000000
2026-06-26T18:00:00+00:00,9047.250141,9047.250141,0.000000
2026-06-26T19:00:00+00:00,9047.250141,9047.250141,0.000000
2026-06-26T20:00:00+00:00,9047.250141,9047.250141,0.000000
2026-06-26T21:00:00+00:00,9047.250141,9047.250141,0.000000
2026-06-26T22:00:00+00:00,9047.250141,9047.250141,0.000000
2026-06-26T23:00:00+00:00,9047.250141,9047.250141,0.000000
2026-06-27T00:00:00+00:00,9047.250141,9047.250141,0.000000
2026-06-27T01:00:00+00:00,9047.250141,9047.250141,0.000000
2026-06-27T02:00:00+00:00,9047.250141,9047.250141,0.000000
2026-06-27T03:00:00+00:00,9047.250141,9047.250141,0.000000
2026-06-27T04:00:00+00:00,9047.250141,9047.250141,0.000000
2026-06-27T05:00:00+00:00,9047.250141,9047.250141,0.000000
2026-06-27T06:00:00+00:00,9047.250141,9047.250141,0.000000
2026-06-27T07:00:00+00:00,9047.250141,9047.250141,0.000000
2026-06-27T08:00:00+00:00,9047.250141,9047.250141,0.000000
2026-06-27T09:00:00+00:00,9047.250141,9047.250141,0.000000
2026-06-27T10:00:00+00:00,9047.250141,9047.250141,0.000000
2026-06-27T11:00:00+00:00,9047.250141,9047.250141,0.000000
2026-06-27T12:00:00+00:00,9047.250141,9047.250141,0.000000
2026-06-27T13:00:00+00:00,9047.250141,9047.250141,0.000000
2026-06-27T14:00:00+00:00,9047.250141,9047.250141,0.000000
2026-06-27T15:00:00+00:00,9047.250141,9047.250141,0.000000
2026-06-27T16:00:00+00:00,9047.250141,9047.250141,0.000000
2026-06-27T17:00:00+00:00,9047.250141,9047.250141,0.000000
2026-06-27T18:00:00+00:00,9047.250141,9047.250141,0.000000
2026-06-27T19:00:00+00:00,9047.250141,9047.250141,0.000000
2026-06-27T20:00:00+00:00,9047.250141,9047.250141,0.000000
2026-06-27T21:00:00+00:00,9047.250141,9047.250141,0.000000
2026-06-27T22:00:00+00:00,9047.250141,9047.250141,0.000000
2026-06-27T23:00:00+00:00,9047.250141,9047.250141,0.000000
2026-06-28T00:00:00+00:00,9047.250141,9047.250141,0.000000
2026-06-28T01:00:00+00:00,9047.250141,9047.250141,0.000000
2026-06-28T02:00:00+00:00,9047.250141,9047.250141,0.000000
2026-06-28T03:00:00+00:00,9047.250141,9047.250141,0.000000
2026-06-28T04:00:00+00:00,9047.250141,9047.250141,0.000000
2026-06-28T05:00:00+00:00,9040.917970,-2.713270,9047.250141
2026-06-28T06:00:00+00:00,9036.335231,-6.330770,9042.666001
2026-06-28T07:00:00+00:00,9084.523540,-6.330770,9090.854310
2026-06-28T08:00:00+00:00,9114.821578,-6.330770,9121.152349
2026-06-28T09:00:00+00:00,9100.971046,-6.330770,9107.301817
2026-06-28T10:00:00+00:00,9064.696022,9064.696022,0.000000
2026-06-28T11:00:00+00:00,9064.696022,9064.696022,0.000000
2026-06-28T12:00:00+00:00,9064.696022,9064.696022,0.000000
2026-06-28T13:00:00+00:00,9064.696022,9064.696022,0.000000
2026-06-28T14:00:00+00:00,9064.696022,9064.696022,0.000000
2026-06-28T15:00:00+00:00,9064.696022,9064.696022,0.000000
2026-06-28T16:00:00+00:00,9064.696022,9064.696022,0.000000
2026-06-28T17:00:00+00:00,9064.696022,9064.696022,0.000000
2026-06-28T18:00:00+00:00,9058.351641,-2.718502,9064.696022
2026-06-28T19:00:00+00:00,9052.913423,-6.342385,9059.255808
2026-06-28T20:00:00+00:00,9102.156380,-6.342385,9108.498765
2026-06-28T21:00:00+00:00,9037.883113,-2.712360,9044.213158
2026-06-28T22:00:00+00:00,8924.776550,8924.776550,0.000000
2026-06-28T23:00:00+00:00,8924.776550,8924.776550,0.000000
2026-06-29T00:00:00+00:00,8924.776550,8924.776550,0.000000
2026-06-29T01:00:00+00:00,8924.776550,8924.776550,0.000000
2026-06-29T02:00:00+00:00,8924.776550,8924.776550,0.000000
2026-06-29T03:00:00+00:00,8924.776550,8924.776550,0.000000
2026-06-29T04:00:00+00:00,8924.776550,8924.776550,0.000000
2026-06-29T05:00:00+00:00,8924.776550,8924.776550,0.000000
2026-06-29T06:00:00+00:00,8924.776550,8924.776550,0.000000
2026-06-29T07:00:00+00:00,8924.776550,8924.776550,0.000000
2026-06-29T08:00:00+00:00,8924.776550,8924.776550,0.000000
2026-06-29T09:00:00+00:00,8924.776550,8924.776550,0.000000
2026-06-29T10:00:00+00:00,8924.776550,8924.776550,0.000000
2026-06-29T11:00:00+00:00,8924.776550,8924.776550,0.000000
2026-06-29T12:00:00+00:00,8924.776550,8924.776550,0.000000
2026-06-29T13:00:00+00:00,8924.776550,8924.776550,0.000000
2026-06-29T14:00:00+00:00,8924.776550,8924.776550,0.000000
2026-06-29T15:00:00+00:00,8924.776550,8924.776550,0.000000
2026-06-29T16:00:00+00:00,8924.776550,8924.776550,0.000000
2026-06-29T17:00:00+00:00,8924.776550,8924.776550,0.000000
2026-06-29T18:00:00+00:00,8924.776550,8924.776550,0.000000
2026-06-29T19:00:00+00:00,8924.776550,8924.776550,0.000000
2026-06-29T20:00:00+00:00,8924.776550,8924.776550,0.000000
2026-06-29T21:00:00+00:00,8924.776550,8924.776550,0.000000
2026-06-29T22:00:00+00:00,8924.776550,8924.776550,0.000000
2026-06-29T23:00:00+00:00,8924.776550,8924.776550,0.000000
2026-06-30T00:00:00+00:00,8924.776550,8924.776550,0.000000
2026-06-30T01:00:00+00:00,8924.776550,8924.776550,0.000000
2026-06-30T02:00:00+00:00,8924.776550,8924.776550,0.000000
2026-06-30T03:00:00+00:00,8924.776550,8924.776550,0.000000
2026-06-30T04:00:00+00:00,8924.776550,8924.776550,0.000000
2026-06-30T05:00:00+00:00,8924.776550,8924.776550,0.000000
2026-06-30T06:00:00+00:00,8924.776550,8924.776550,0.000000
2026-06-30T07:00:00+00:00,8924.776550,8924.776550,0.000000
2026-06-30T08:00:00+00:00,8924.776550,8924.776550,0.000000
2026-06-30T09:00:00+00:00,8924.776550,8924.776550,0.000000
2026-06-30T10:00:00+00:00,8924.776550,8924.776550,0.000000
2026-06-30T11:00:00+00:00,8924.776550,8924.776550,0.000000
2026-06-30T12:00:00+00:00,8924.776550,8924.776550,0.000000
2026-06-30T13:00:00+00:00,8924.776550,8924.776550,0.000000
2026-06-30T14:00:00+00:00,8924.776550,8924.776550,0.000000
2026-06-30T15:00:00+00:00,8924.776550,8924.776550,0.000000
2026-06-30T16:00:00+00:00,8924.776550,8924.776550,0.000000
2026-06-30T17:00:00+00:00,8924.776550,8924.776550,0.000000
2026-06-30T18:00:00+00:00,8924.776550,8924.776550,0.000000
2026-06-30T19:00:00+00:00,8924.776550,8924.776550,0.000000
2026-06-30T20:00:00+00:00,8924.776550,8924.776550,0.000000
2026-06-30T21:00:00+00:00,8924.776550,8924.776550,0.000000
2026-06-30T22:00:00+00:00,8924.776550,8924.776550,0.000000
2026-06-30T23:00:00+00:00,8924.776550,8924.776550,0.000000
2026-07-01T00:00:00+00:00,8924.776550,8924.776550,0.000000
2026-07-01T01:00:00+00:00,8924.776550,8924.776550,0.000000
2026-07-01T02:00:00+00:00,8924.776550,8924.776550,0.000000
2026-07-01T03:00:00+00:00,8924.776550,8924.776550,0.000000
2026-07-01T04:00:00+00:00,8924.776550,8924.776550,0.000000
2026-07-01T05:00:00+00:00,8924.776550,8924.776550,0.000000
2026-07-01T06:00:00+00:00,8924.776550,8924.776550,0.000000
2026-07-01T07:00:00+00:00,8924.776550,8924.776550,0.000000
2026-07-01T08:00:00+00:00,8924.776550,8924.776550,0.000000
2026-07-01T09:00:00+00:00,8924.776550,8924.776550,0.000000
2026-07-01T10:00:00+00:00,8924.776550,8924.776550,0.000000
2026-07-01T11:00:00+00:00,8924.776550,8924.776550,0.000000
2026-07-01T12:00:00+00:00,8924.776550,8924.776550,0.000000
2026-07-01T13:00:00+00:00,8924.776550,8924.776550,0.000000
2026-07-01T14:00:00+00:00,8924.776550,8924.776550,0.000000
2026-07-01T15:00:00+00:00,8924.776550,8924.776550,0.000000
2026-07-01T16:00:00+00:00,8924.776550,8924.776550,0.000000
2026-07-01T17:00:00+00:00,8924.776550,8924.776550,0.000000
2026-07-01T18:00:00+00:00,8924.776550,8924.776550,0.000000
2026-07-01T19:00:00+00:00,8924.776550,8924.776550,0.000000
2026-07-01T20:00:00+00:00,8924.776550,8924.776550,0.000000
2026-07-01T21:00:00+00:00,8924.776550,8924.776550,0.000000
2026-07-01T22:00:00+00:00,8924.776550,8924.776550,0.000000
2026-07-01T23:00:00+00:00,8924.776550,8924.776550,0.000000
2026-07-02T00:00:00+00:00,8924.776550,8924.776550,0.000000
2026-07-02T01:00:00+00:00,8924.776550,8924.776550,0.000000
2026-07-02T02:00:00+00:00,8924.776550,8924.776550,0.000000
2026-07-02T03:00:00+00:00,8924.776550,8924.776550,0.000000
2026-07-02T04:00:00+00:00,8924.776550,8924.776550,0.000000
2026-07-02T05:00:00+00:00,8924.776550,8924.776550,0.000000
2026-07-02T06:00:00+00:00,8924.776550,8924.776550,0.000000
2026-07-02T07:00:00+00:00,8924.776550,8924.776550,0.000000
2026-07-02T08:00:00+00:00,8924.776550,8924.776550,0.000000
2026-07-02T09:00:00+00:00,8924.776550,8924.776550,0.000000
2026-07-02T10:00:00+00:00,8924.776550,8924.776550,0.000000
2026-07-02T11:00:00+00:00,8924.776550,8924.776550,0.000000
2026-07-02T12:00:00+00:00,8924.776550,8924.776550,0.000000
2026-07-02T13:00:00+00:00,8924.776550,8924.776550,0.000000
2026-07-02T14:00:00+00:00,8924.776550,8924.776550,0.000000
2026-07-02T15:00:00+00:00,8924.776550,8924.776550,0.000000
2026-07-02T16:00:00+00:00,8924.776550,8924.776550,0.000000
2026-07-02T17:00:00+00:00,8924.776550,8924.776550,0.000000
2026-07-02T18:00:00+00:00,8924.776550,8924.776550,0.000000
2026-07-02T19:00:00+00:00,8924.776550,8924.776550,0.000000
2026-07-02T20:00:00+00:00,8924.776550,8924.776550,0.000000
2026-07-02T21:00:00+00:00,8924.776550,8924.776550,0.000000
2026-07-02T22:00:00+00:00,8924.776550,8924.776550,0.000000
2026-07-02T23:00:00+00:00,8924.776550,8924.776550,0.000000
2026-07-03T00:00:00+00:00,8924.776550,8924.776550,0.000000
2026-07-03T01:00:00+00:00,8924.776550,8924.776550,0.000000
2026-07-03T02:00:00+00:00,8924.776550,8924.776550,0.000000
2026-07-03T03:00:00+00:00,8924.776550,8924.776550,0.000000
2026-07-03T04:00:00+00:00,8924.776550,8924.776550,0.000000
2026-07-03T05:00:00+00:00,8924.776550,8924.776550,0.000000
2026-07-03T06:00:00+00:00,8924.776550,8924.776550,0.000000
2026-07-03T07:00:00+00:00,8924.776550,8924.776550,0.000000
2026-07-03T08:00:00+00:00,8924.776550,8924.776550,0.000000
2026-07-03T09:00:00+00:00,8924.776550,8924.776550,0.000000
2026-07-03T10:00:00+00:00,8924.776550,8924.776550,0.000000
2026-07-03T11:00:00+00:00,8924.776550,8924.776550,0.000000
2026-07-03T12:00:00+00:00,8924.776550,8924.776550,0.000000
2026-07-03T13:00:00+00:00,8924.776550,8924.776550,0.000000
2026-07-03T14:00:00+00:00,8924.776550,8924.776550,0.000000
2026-07-03T15:00:00+00:00,8924.776550,8924.776550,0.000000
2026-07-03T16:00:00+00:00,8924.776550,8924.776550,0.000000
2026-07-03T17:00:00+00:00,8924.776550,8924.776550,0.000000
2026-07-03T18:00:00+00:00,8924.776550,8924.776550,0.000000
2026-07-03T19:00:00+00:00,8924.776550,8924.776550,0.000000
2026-07-03T20:00:00+00:00,8924.776550,8924.776550,0.000000
2026-07-03T21:00:00+00:00,8924.776550,8924.776550,0.000000
2026-07-03T22:00:00+00:00,8924.776550,8924.776550,0.000000
2026-07-03T23:00:00+00:00,8924.776550,8924.776550,0.000000
2026-07-04T00:00:00+00:00,8924.776550,8924.776550,0.000000
2026-07-04T01:00:00+00:00,8924.776550,8924.776550,0.000000
2026-07-04T02:00:00+00:00,8924.776550,8924.776550,0.000000
2026-07-04T03:00:00+00:00,8924.776550,8924.776550,0.000000
2026-07-04T04:00:00+00:00,8924.776550,8924.776550,0.000000
2026-07-04T05:00:00+00:00,8924.776550,8924.776550,0.000000
2026-07-04T06:00:00+00:00,8924.776550,8924.776550,0.000000
2026-07-04T07:00:00+00:00,8924.776550,8924.776550,0.000000
2026-07-04T08:00:00+00:00,8924.776550,8924.776550,0.000000
2026-07-04T09:00:00+00:00,8924.776550,8924.776550,0.000000
2026-07-04T10:00:00+00:00,8924.776550,8924.776550,0.000000
2026-07-04T11:00:00+00:00,8924.776550,8924.776550,0.000000
2026-07-04T12:00:00+00:00,8924.776550,8924.776550,0.000000
2026-07-04T13:00:00+00:00,8924.776550,8924.776550,0.000000
2026-07-04T14:00:00+00:00,8924.776550,8924.776550,0.000000
2026-07-04T15:00:00+00:00,8924.776550,8924.776550,0.000000
2026-07-04T16:00:00+00:00,8924.776550,8924.776550,0.000000
2026-07-04T17:00:00+00:00,8924.776550,8924.776550,0.000000
2026-07-04T18:00:00+00:00,8924.776550,8924.776550,0.000000
2026-07-04T19:00:00+00:00,8924.776550,8924.776550,0.000000
2026-07-04T20:00:00+00:00,8924.776550,8924.776550,0.000000
2026-07-04T21:00:00+00:00,8924.776550,8924.776550,0.000000
2026-07-04T22:00:00+00:00,8924.776550,8924.776550,0.000000
2026-07-04T23:00:00+00:00,8924.776550,8924.776550,0.000000
2026-07-05T00:00:00+00:00,8924.776550,8924.776550,0.000000
2026-07-05T01:00:00+00:00,8924.776550,8924.776550,0.000000
2026-07-05T02:00:00+00:00,8924.776550,8924.776550,0.000000
2026-07-05T03:00:00+00:00,8924.776550,8924.776550,0.000000
2026-07-05T04:00:00+00:00,8924.776550,8924.776550,0.000000
2026-07-05T05:00:00+00:00,8924.776550,8924.776550,0.000000
2026-07-05T06:00:00+00:00,8924.776550,8924.776550,0.000000
2026-07-05T07:00:00+00:00,8924.776550,8924.776550,0.000000
2026-07-05T08:00:00+00:00,8924.776550,8924.776550,0.000000
2026-07-05T09:00:00+00:00,8924.776550,8924.776550,0.000000
2026-07-05T10:00:00+00:00,8924.776550,8924.776550,0.000000
2026-07-05T11:00:00+00:00,8924.776550,8924.776550,0.000000
2026-07-05T12:00:00+00:00,8924.776550,8924.776550,0.000000
2026-07-05T13:00:00+00:00,8924.776550,8924.776550,0.000000
2026-07-05T14:00:00+00:00,8924.776550,8924.776550,0.000000
2026-07-05T15:00:00+00:00,8924.776550,8924.776550,0.000000
2026-07-05T16:00:00+00:00,8924.776550,8924.776550,0.000000
2026-07-05T17:00:00+00:00,8924.776550,8924.776550,0.000000
2026-07-05T18:00:00+00:00,8924.776550,8924.776550,0.000000
2026-07-05T19:00:00+00:00,8924.776550,8924.776550,0.000000
2026-07-05T20:00:00+00:00,8924.776550,8924.776550,0.000000
2026-07-05T21:00:00+00:00,8924.776550,8924.776550,0.000000
2026-07-05T22:00:00+00:00,8924.776550,8924.776550,0.000000
2026-07-05T23:00:00+00:00,8924.776550,8924.776550,0.000000
2026-07-06T00:00:00+00:00,8924.776550,8924.776550,0.000000
2026-07-06T01:00:00+00:00,8924.776550,8924.776550,0.000000
2026-07-06T02:00:00+00:00,8924.776550,8924.776550,0.000000
2026-07-06T03:00:00+00:00,8924.776550,8924.776550,0.000000
2026-07-06T04:00:00+00:00,8924.776550,8924.776550,0.000000
2026-07-06T05:00:00+00:00,8924.776550,8924.776550,0.000000
2026-07-06T06:00:00+00:00,8924.776550,8924.776550,0.000000
2026-07-06T07:00:00+00:00,8924.776550,8924.776550,0.000000
2026-07-06T08:00:00+00:00,8924.776550,8924.776550,0.000000
2026-07-06T09:00:00+00:00,8924.776550,8924.776550,0.000000
2026-07-06T10:00:00+00:00,8924.776550,8924.776550,0.000000
2026-07-06T11:00:00+00:00,8924.776550,8924.776550,0.000000
2026-07-06T12:00:00+00:00,8924.776550,8924.776550,0.000000
2026-07-06T13:00:00+00:00,8924.776550,8924.776550,0.000000
2026-07-06T14:00:00+00:00,8924.776550,8924.776550,0.000000
2026-07-06T15:00:00+00:00,8924.776550,8924.776550,0.000000
2026-07-06T16:00:00+00:00,8924.776550,8924.776550,0.000000
2026-07-06T17:00:00+00:00,8924.776550,8924.776550,0.000000
2026-07-06T18:00:00+00:00,8924.776550,8924.776550,0.000000
2026-07-06T19:00:00+00:00,8924.776550,8924.776550,0.000000
2026-07-06T20:00:00+00:00,8924.776550,8924.776550,0.000000
2026-07-06T21:00:00+00:00,8924.776550,8924.776550,0.000000
2026-07-06T22:00:00+00:00,8924.776550,8924.776550,0.000000
2026-07-06T23:00:00+00:00,8924.776550,8924.776550,0.000000
2026-07-07T00:00:00+00:00,8924.776550,8924.776550,0.000000
2026-07-07T01:00:00+00:00,8924.776550,8924.776550,0.000000
2026-07-07T02:00:00+00:00,8924.776550,8924.776550,0.000000
2026-07-07T03:00:00+00:00,8924.776550,8924.776550,0.000000
2026-07-07T04:00:00+00:00,8924.776550,8924.776550,0.000000
2026-07-07T05:00:00+00:00,8924.776550,8924.776550,0.000000
2026-07-07T06:00:00+00:00,8924.776550,8924.776550,0.000000
2026-07-07T07:00:00+00:00,8924.776550,8924.776550,0.000000
2026-07-07T08:00:00+00:00,8924.776550,8924.776550,0.000000
2026-07-07T09:00:00+00:00,8924.776550,8924.776550,0.000000
2026-07-07T10:00:00+00:00,8924.776550,8924.776550,0.000000
2026-07-07T11:00:00+00:00,8924.776550,8924.776550,0.000000
2026-07-07T12:00:00+00:00,8924.776550,8924.776550,0.000000
2026-07-07T13:00:00+00:00,8924.776550,8924.776550,0.000000
2026-07-07T14:00:00+00:00,8924.776550,8924.776550,0.000000
2026-07-07T15:00:00+00:00,8924.776550,8924.776550,0.000000
2026-07-07T16:00:00+00:00,8924.776550,8924.776550,0.000000
2026-07-07T17:00:00+00:00,8924.776550,8924.776550,0.000000
2026-07-07T18:00:00+00:00,8924.776550,8924.776550,0.000000
2026-07-07T19:00:00+00:00,8924.776550,8924.776550,0.000000
2026-07-07T20:00:00+00:00,8924.776550,8924.776550,0.000000
2026-07-07T21:00:00+00:00,8918.528314,-6.248236,8924.776550
2026-07-07T22:00:00+00:00,8927.086594,-6.248236,8933.334831
2026-07-07T23:00:00+00:00,8907.201177,-6.248236,8913.449413
2026-07-08T00:00:00+00:00,8896.827370,8896.827370,0.000000
2026-07-08T01:00:00+00:00,8896.827370,8896.827370,0.000000
2026-07-08T02:00:00+00:00,8896.827370,8896.827370,0.000000
2026-07-08T03:00:00+00:00,8896.827370,8896.827370,0.000000
2026-07-08T04:00:00+00:00,8896.827370,8896.827370,0.000000
2026-07-08T05:00:00+00:00,8896.827370,8896.827370,0.000000
2026-07-08T06:00:00+00:00,8896.827370,8896.827370,0.000000
2026-07-08T07:00:00+00:00,8896.827370,8896.827370,0.000000
2026-07-08T07:00:00+00:00,8896.827370,8896.827370,0.000000
