ts,equity,cash,position_value
2026-04-09T08:00:00+00:00,10000.000000,10000.000000,0.000000
2026-04-09T09:00:00+00:00,10000.000000,10000.000000,0.000000
2026-04-09T10:00:00+00:00,10000.000000,10000.000000,0.000000
2026-04-09T11:00:00+00:00,10000.000000,10000.000000,0.000000
2026-04-09T12:00:00+00:00,10000.000000,10000.000000,0.000000
2026-04-09T13:00:00+00:00,10000.000000,10000.000000,0.000000
2026-04-09T14:00:00+00:00,10000.000000,10000.000000,0.000000
2026-04-09T15:00:00+00:00,10000.000000,10000.000000,0.000000
2026-04-09T16:00:00+00:00,10000.000000,10000.000000,0.000000
2026-04-09T17:00:00+00:00,10000.000000,10000.000000,0.000000
2026-04-09T18:00:00+00:00,10000.000000,10000.000000,0.000000
2026-04-09T19:00:00+00:00,10000.000000,10000.000000,0.000000
2026-04-09T20:00:00+00:00,10000.000000,10000.000000,0.000000
2026-04-09T21:00:00+00:00,10000.000000,10000.000000,0.000000
2026-04-09T22:00:00+00:00,10000.000000,10000.000000,0.000000
2026-04-09T23:00:00+00:00,10000.000000,10000.000000,0.000000
2026-04-10T00:00:00+00:00,10000.000000,10000.000000,0.000000
2026-04-10T01:00:00+00:00,10000.000000,10000.000000,0.000000
2026-04-10T02:00:00+00:00,10000.000000,10000.000000,0.000000
2026-04-10T03:00:00+00:00,10000.000000,10000.000000,0.000000
2026-04-10T04:00:00+00:00,10000.000000,10000.000000,0.000000
2026-04-10T05:00:00+00:00,10000.000000,10000.000000,0.000000
2026-04-10T06:00:00+00:00,10000.000000,10000.000000,0.000000
2026-04-10T07:00:00+00:00,9992.999000,-7.001000,10000.000000
2026-04-10T08:00:00+00:00,10020.762756,-7.001000,10027.763756
2026-04-10T09:00:00+00:00,10068.947786,-7.001000,10075.948786
2026-04-10T10:00:00+00:00,10072.619027,-7.001000,10079.620027
2026-04-10T11:00:00+00:00,10108.948169,10108.948169,0.000000
2026-04-10T12:00:00+00:00,10108.948169,10108.948169,0.000000
2026-04-10T13:00:00+00:00,10108.948169,10108.948169,0.000000
2026-04-10T14:00:00+00:00,10101.872916,-3.031674,10108.948169
2026-04-10T15:00:00+00:00,10115.084104,10115.084104,0.000000
2026-04-10T16:00:00+00:00,10108.004557,-3.033514,10115.084104
2026-04-10T17:00:00+00:00,10093.131753,-3.033514,10129.956908
2026-04-10T18:00:00+00:00,10089.751570,-3.033514,10133.337091
2026-04-10T19:00:00+00:00,10071.949274,-3.033514,10151.139386
2026-04-10T20:00:00+00:00,10042.461968,-3.013844,10049.495610
2026-04-10T21:00:00+00:00,10044.467900,-3.013844,10047.489679
2026-04-10T22:00:00+00:00,10035.850322,-3.011860,10042.879333
2026-04-10T23:00:00+00:00,10023.305683,-3.011860,10055.423972
2026-04-11T00:00:00+00:00,10051.531120,-3.011860,10027.198534
2026-04-11T01:00:00+00:00,10026.889865,-3.011860,10051.839789
2026-04-11T02:00:00+00:00,10009.640987,-3.011860,10069.088667
2026-04-11T03:00:00+00:00,10059.595531,-3.011860,10019.134124
2026-04-11T04:00:00+00:00,10042.570664,-3.011860,10036.158991
2026-04-11T05:00:00+00:00,10079.756557,-3.011860,9998.973097
2026-04-11T06:00:00+00:00,10064.523782,-3.011860,10014.205873
2026-04-11T07:00:00+00:00,10078.188477,-3.011860,10000.541177
2026-04-11T08:00:00+00:00,10079.084523,-3.011860,9999.645132
2026-04-11T09:00:00+00:00,10011.689262,10011.689262,0.000000
2026-04-11T10:00:00+00:00,10011.689262,10011.689262,0.000000
2026-04-11T11:00:00+00:00,10011.689262,10011.689262,0.000000
2026-04-11T12:00:00+00:00,10011.689262,10011.689262,0.000000
2026-04-11T13:00:00+00:00,10011.689262,10011.689262,0.000000
2026-04-11T14:00:00+00:00,10011.689262,10011.689262,0.000000
2026-04-11T15:00:00+00:00,10011.689262,10011.689262,0.000000
2026-04-11T16:00:00+00:00,10011.689262,10011.689262,0.000000
2026-04-11T17:00:00+00:00,10011.689262,10011.689262,0.000000
2026-04-11T18:00:00+00:00,10004.682081,-3.002506,10011.689262
2026-04-11T19:00:00+00:00,9912.600391,-2.974871,9919.543079
2026-04-11T20:00:00+00:00,9939.400682,-2.982914,9946.362141
2026-04-11T21:00:00+00:00,9935.505240,-2.982914,9950.257583
2026-04-11T22:00:00+00:00,9888.234718,-2.967559,9895.160341
2026-04-11T23:00:00+00:00,9890.330145,9890.330145,0.000000
2026-04-12T00:00:00+00:00,9890.330145,9890.330145,0.000000
2026-04-12T01:00:00+00:00,9890.330145,9890.330145,0.000000
2026-04-12T02:00:00+00:00,9890.330145,9890.330145,0.000000
2026-04-12T03:00:00+00:00,9890.330145,9890.330145,0.000000
2026-04-12T04:00:00+00:00,9890.330145,9890.330145,0.000000
2026-04-12T05:00:00+00:00,9890.330145,9890.330145,0.000000
2026-04-12T06:00:00+00:00,9890.330145,9890.330145,0.000000
2026-04-12T07:00:00+00:00,9890.330145,9890.330145,0.000000
2026-04-12T08:00:00+00:00,9883.405924,-6.924220,9890.330145
2026-04-12T09:00:00+00:00,9884.299642,-6.924220,9891.223863
2026-04-12T10:00:00+00:00,9806.271811,-6.870181,9813.141992
2026-04-12T11:00:00+00:00,9818.755873,-6.870181,9825.626054
2026-04-12T12:00:00+00:00,9743.519052,-6.826217,9750.345268
2026-04-12T13:00:00+00:00,9710.184538,-6.826217,9717.010755
2026-04-12T14:00:00+00:00,9673.118326,-6.776895,9679.895221
2026-04-12T15:00:00+00:00,9697.538400,-6.776895,9704.315294
2026-04-12T16:00:00+00:00,9701.978413,-6.776895,9708.755308
2026-04-12T17:00:00+00:00,9703.754419,-6.776895,9710.531313
2026-04-12T18:00:00+00:00,9703.754419,-6.776895,9710.531313
2026-04-12T19:00:00+00:00,9750.818561,-6.776895,9757.595455
2026-04-12T20:00:00+00:00,9754.451443,9754.451443,0.000000
2026-04-12T21:00:00+00:00,9754.451443,9754.451443,0.000000
2026-04-12T22:00:00+00:00,9754.451443,9754.451443,0.000000
2026-04-12T23:00:00+00:00,9754.451443,9754.451443,0.000000
2026-04-13T00:00:00+00:00,9754.451443,9754.451443,0.000000
2026-04-13T01:00:00+00:00,9754.451443,9754.451443,0.000000
2026-04-13T02:00:00+00:00,9754.451443,9754.451443,0.000000
2026-04-13T03:00:00+00:00,9754.451443,9754.451443,0.000000
2026-04-13T04:00:00+00:00,9754.451443,9754.451443,0.000000
2026-04-13T05:00:00+00:00,9754.451443,9754.451443,0.000000
2026-04-13T06:00:00+00:00,9754.451443,9754.451443,0.000000
2026-04-13T07:00:00+00:00,9754.451443,9754.451443,0.000000
2026-04-13T08:00:00+00:00,9754.451443,9754.451443,0.000000
2026-04-13T09:00:00+00:00,9754.451443,9754.451443,0.000000
2026-04-13T10:00:00+00:00,9754.451443,9754.451443,0.000000
2026-04-13T11:00:00+00:00,9754.451443,9754.451443,0.000000
2026-04-13T12:00:00+00:00,9754.451443,9754.451443,0.000000
2026-04-13T13:00:00+00:00,9754.451443,9754.451443,0.000000
2026-04-13T14:00:00+00:00,9754.451443,9754.451443,0.000000
2026-04-13T15:00:00+00:00,9754.451443,9754.451443,0.000000
2026-04-13T16:00:00+00:00,9754.451443,9754.451443,0.000000
2026-04-13T17:00:00+00:00,9754.451443,9754.451443,0.000000
2026-04-13T18:00:00+00:00,9754.451443,9754.451443,0.000000
2026-04-13T19:00:00+00:00,9747.624303,-2.925360,9754.451443
2026-04-13T20:00:00+00:00,9790.749337,-2.925360,9711.326409
2026-04-13T21:00:00+00:00,9722.016473,-2.917675,9728.825678
2026-04-13T22:00:00+00:00,9593.628889,-2.879144,9600.348173
2026-04-13T23:00:00+00:00,9466.936774,-2.841123,9473.567324
2026-04-14T00:00:00+00:00,9499.325038,-2.841123,9441.179060
2026-04-14T01:00:00+00:00,9470.935325,-2.841123,9469.568773
2026-04-14T02:00:00+00:00,9437.143460,-2.832182,9443.753143
2026-04-14T03:00:00+00:00,9444.325325,-2.832182,9436.571279
2026-04-14T04:00:00+00:00,9448.714243,-2.832182,9432.182361
2026-04-14T05:00:00+00:00,9482.828100,-2.832182,9398.068504
2026-04-14T06:00:00+00:00,9399.458864,-2.820872,9406.042153
2026-04-14T07:00:00+00:00,9321.241727,-2.797398,9327.770233
2026-04-14T08:00:00+00:00,9248.598485,-2.775597,9255.076113
2026-04-14T09:00:00+00:00,9250.536883,-2.775597,9253.137715
2026-04-14T10:00:00+00:00,9298.027639,-2.775597,9205.646958
2026-04-14T11:00:00+00:00,9301.904436,-2.775597,9201.770162
2026-04-14T12:00:00+00:00,9302.679795,-2.775597,9200.994803
2026-04-14T13:00:00+00:00,9247.410659,9247.410659,0.000000
2026-04-14T14:00:00+00:00,9247.410659,9247.410659,0.000000
2026-04-14T15:00:00+00:00,9247.410659,9247.410659,0.000000
2026-04-14T16:00:00+00:00,9247.410659,9247.410659,0.000000
2026-04-14T17:00:00+00:00,9247.410659,9247.410659,0.000000
2026-04-14T18:00:00+00:00,9247.410659,9247.410659,0.000000
2026-04-14T19:00:00+00:00,9247.410659,9247.410659,0.000000
2026-04-14T20:00:00+00:00,9247.410659,9247.410659,0.000000
2026-04-14T21:00:00+00:00,9247.410659,9247.410659,0.000000
2026-04-14T22:00:00+00:00,9240.936546,-6.474112,9247.410659
2026-04-14T23:00:00+00:00,9270.906117,-6.474112,9277.380229
2026-04-15T00:00:00+00:00,9271.252339,9271.252339,0.000000
2026-04-15T01:00:00+00:00,9271.252339,9271.252339,0.000000
2026-04-15T02:00:00+00:00,9271.252339,9271.252339,0.000000
2026-04-15T03:00:00+00:00,9271.252339,9271.252339,0.000000
2026-04-15T04:00:00+00:00,9271.252339,9271.252339,0.000000
2026-04-15T05:00:00+00:00,9271.252339,9271.252339,0.000000
2026-04-15T06:00:00+00:00,9271.252339,9271.252339,0.000000
2026-04-15T07:00:00+00:00,9271.252339,9271.252339,0.000000
2026-04-15T08:00:00+00:00,9271.252339,9271.252339,0.000000
2026-04-15T09:00:00+00:00,9271.252339,9271.252339,0.000000
2026-04-15T10:00:00+00:00,9271.252339,9271.252339,0.000000
2026-04-15T11:00:00+00:00,9271.252339,9271.252339,0.000000
2026-04-15T12:00:00+00:00,9271.252339,9271.252339,0.000000
2026-04-15T13:00:00+00:00,9271.252339,9271.252339,0.000000
2026-04-15T14:00:00+00:00,9271.252339,9271.252339,0.000000
2026-04-15T15:00:00+00:00,9271.252339,9271.252339,0.000000
2026-04-15T16:00:00+00:00,9271.252339,9271.252339,0.000000
2026-04-15T17:00:00+00:00,9271.252339,9271.252339,0.000000
2026-04-15T18:00:00+00:00,9271.252339,9271.252339,0.000000
2026-04-15T19:00:00+00:00,9264.763389,-2.780449,9271.252339
2026-04-15T20:00:00+00:00,9265.605040,9265.605040,0.000000
2026-04-15T21:00:00+00:00,9265.605040,9265.605040,0.000000
2026-04-15T22:00:00+00:00,9265.605040,9265.605040,0.000000
2026-04-15T23:00:00+00:00,9265.605040,9265.605040,0.000000
2026-04-16T00:00:00+00:00,9265.605040,9265.605040,0.000000
2026-04-16T01:00:00+00:00,9265.605040,9265.605040,0.000000
2026-04-16T02:00:00+00:00,9265.605040,9265.605040,0.000000
2026-04-16T03:00:00+00:00,9265.605040,9265.605040,0.000000
2026-04-16T04:00:00+00:00,9265.605040,9265.605040,0.000000
2026-04-16T05:00:00+00:00,9265.605040,9265.605040,0.000000
2026-04-16T06:00:00+00:00,9265.605040,9265.605040,0.000000
2026-04-16T07:00:00+00:00,9265.605040,9265.605040,0.000000
2026-04-16T08:00:00+00:00,9265.605040,9265.605040,0.000000
2026-04-16T09:00:00+00:00,9259.118190,-6.486850,9265.605040
2026-04-16T10:00:00+00:00,9235.532509,-6.486850,9242.019359
2026-04-16T11:00:00+00:00,9249.208240,-6.486850,9255.695090
2026-04-16T12:00:00+00:00,9268.037144,-6.486850,9274.523995
2026-04-16T13:00:00+00:00,9136.952092,-6.401262,9143.353354
2026-04-16T14:00:00+00:00,9081.534607,-6.362437,9087.897044
2026-04-16T15:00:00+00:00,9159.364182,9159.364182,0.000000
2026-04-16T16:00:00+00:00,9159.364182,9159.364182,0.000000
2026-04-16T17:00:00+00:00,9159.364182,9159.364182,0.000000
2026-04-16T18:00:00+00:00,9159.364182,9159.364182,0.000000
2026-04-16T19:00:00+00:00,9159.364182,9159.364182,0.000000
2026-04-16T20:00:00+00:00,9159.364182,9159.364182,0.000000
2026-04-16T21:00:00+00:00,9159.364182,9159.364182,0.000000
2026-04-16T22:00:00+00:00,9159.364182,9159.364182,0.000000
2026-04-16T23:00:00+00:00,9159.364182,9159.364182,0.000000
2026-04-17T00:00:00+00:00,9159.364182,9159.364182,0.000000
2026-04-17T01:00:00+00:00,9159.364182,9159.364182,0.000000
2026-04-17T02:00:00+00:00,9159.364182,9159.364182,0.000000
2026-04-17T03:00:00+00:00,9159.364182,9159.364182,0.000000
2026-04-17T04:00:00+00:00,9159.364182,9159.364182,0.000000
2026-04-17T05:00:00+00:00,9159.364182,9159.364182,0.000000
2026-04-17T06:00:00+00:00,9159.364182,9159.364182,0.000000
2026-04-17T07:00:00+00:00,9159.364182,9159.364182,0.000000
2026-04-17T08:00:00+00:00,9159.364182,9159.364182,0.000000
2026-04-17T09:00:00+00:00,9159.364182,9159.364182,0.000000
2026-04-17T10:00:00+00:00,9159.364182,9159.364182,0.000000
2026-04-17T11:00:00+00:00,9159.364182,9159.364182,0.000000
2026-04-17T12:00:00+00:00,9159.364182,9159.364182,0.000000
2026-04-17T13:00:00+00:00,9152.953543,-2.746893,9159.364182
2026-04-17T14:00:00+00:00,9109.125650,-2.733740,9115.505592
2026-04-17T15:00:00+00:00,9128.132980,-2.733740,9096.498262
2026-04-17T16:00:00+00:00,9075.667562,-2.723699,9082.024070
2026-04-17T17:00:00+00:00,9094.369852,-2.729312,9100.739460
2026-04-17T18:00:00+00:00,9102.485474,-2.731747,9108.860766
2026-04-17T19:00:00+00:00,9074.996973,-2.731747,9136.349266
2026-04-17T20:00:00+00:00,9077.256302,-2.731747,9134.089938
2026-04-17T21:00:00+00:00,9067.654154,-2.731747,9143.692085
2026-04-17T22:00:00+00:00,9030.155979,-2.710041,9036.480612
2026-04-17T23:00:00+00:00,9083.475673,-2.710041,8983.160917
2026-04-18T00:00:00+00:00,9075.301225,-2.710041,8991.335365
2026-04-18T01:00:00+00:00,9074.558094,-2.710041,8992.078497
2026-04-18T02:00:00+00:00,9081.246278,-2.710041,8985.390312
2026-04-18T03:00:00+00:00,9078.919271,9078.919271,0.000000
2026-04-18T04:00:00+00:00,9072.563120,-6.356151,9078.919271
2026-04-18T05:00:00+00:00,9077.656747,-6.356151,9084.012899
2026-04-18T06:00:00+00:00,9081.429805,-6.356151,9087.785956
2026-04-18T07:00:00+00:00,9058.036849,-6.356151,9064.393000
2026-04-18T08:00:00+00:00,8952.858457,-6.272287,8959.130744
2026-04-18T09:00:00+00:00,8935.160478,-6.272287,8941.432766
2026-04-18T10:00:00+00:00,8870.526720,-6.214607,8876.741326
2026-04-18T11:00:00+00:00,8846.056812,-6.214607,8852.271419
2026-04-18T12:00:00+00:00,8865.068048,-6.214607,8871.282655
2026-04-18T13:00:00+00:00,8855.280085,-6.214607,8861.494692
2026-04-18T14:00:00+00:00,8890.855566,-6.214607,8897.070173
2026-04-18T15:00:00+00:00,8885.773355,-6.214607,8891.987961
2026-04-18T16:00:00+00:00,8847.980340,-6.198811,8854.179151
2026-04-18T17:00:00+00:00,8850.607471,-6.198811,8856.806281
2026-04-18T18:00:00+00:00,8780.287771,-6.151386,8786.439157
2026-04-18T19:00:00+00:00,8784.220321,-6.151386,8790.371707
2026-04-18T20:00:00+00:00,8798.826933,-6.151386,8804.978319
2026-04-18T21:00:00+00:00,8809.500996,-6.151386,8815.652382
2026-04-18T22:00:00+00:00,8813.995338,-6.151386,8820.146724
2026-04-18T23:00:00+00:00,8791.336363,-6.151386,8797.487749
2026-04-19T00:00:00+00:00,8786.280228,-6.151386,8792.431614
2026-04-19T01:00:00+00:00,8781.224093,-6.151386,8787.375479
2026-04-19T02:00:00+00:00,8750.304859,8750.304859,0.000000
2026-04-19T03:00:00+00:00,8750.304859,8750.304859,0.000000
2026-04-19T04:00:00+00:00,8744.178770,-6.126088,8750.304859
2026-04-19T05:00:00+00:00,8741.176950,-6.126088,8747.303039
2026-04-19T06:00:00+00:00,8721.477508,-6.126088,8727.603596
2026-04-19T07:00:00+00:00,8628.806856,-6.045260,8634.852116
2026-04-19T08:00:00+00:00,8639.067342,-6.045260,8645.112602
2026-04-19T09:00:00+00:00,8607.912775,-6.045260,8613.958035
2026-04-19T10:00:00+00:00,8636.455582,-6.045260,8642.500842
2026-04-19T11:00:00+00:00,8678.243744,-6.045260,8684.289004
2026-04-19T12:00:00+00:00,8684.959699,-6.045260,8691.004959
2026-04-19T13:00:00+00:00,8681.706031,8681.706031,0.000000
2026-04-19T14:00:00+00:00,8681.706031,8681.706031,0.000000
2026-04-19T15:00:00+00:00,8681.706031,8681.706031,0.000000
2026-04-19T16:00:00+00:00,8681.706031,8681.706031,0.000000
2026-04-19T17:00:00+00:00,8675.627968,-6.078062,8681.706031
2026-04-19T18:00:00+00:00,8674.871393,-6.078062,8680.949455
2026-04-19T19:00:00+00:00,8689.246331,-6.078062,8695.324393
2026-04-19T20:00:00+00:00,8627.289810,-6.044197,8633.334007
2026-04-19T21:00:00+00:00,8611.948226,-6.044197,8617.992424
2026-04-19T22:00:00+00:00,8513.460145,-5.964449,8519.424594
2026-04-19T23:00:00+00:00,8487.177213,-5.964449,8493.141662
2026-04-20T00:00:00+00:00,8486.659867,8486.659867,0.000000
2026-04-20T01:00:00+00:00,8486.659867,8486.659867,0.000000
2026-04-20T02:00:00+00:00,8480.718356,-5.941511,8486.659867
2026-04-20T03:00:00+00:00,8513.527128,-5.941511,8519.468638
2026-04-20T04:00:00+00:00,8502.715146,-5.941511,8508.656657
2026-04-20T05:00:00+00:00,8442.227020,-5.914544,8448.141563
2026-04-20T06:00:00+00:00,8440.195581,8440.195581,0.000000
2026-04-20T07:00:00+00:00,8440.195581,8440.195581,0.000000
2026-04-20T08:00:00+00:00,8440.195581,8440.195581,0.000000
2026-04-20T09:00:00+00:00,8440.195581,8440.195581,0.000000
2026-04-20T10:00:00+00:00,8440.195581,8440.195581,0.000000
2026-04-20T11:00:00+00:00,8440.195581,8440.195581,0.000000
2026-04-20T12:00:00+00:00,8440.195581,8440.195581,0.000000
2026-04-20T13:00:00+00:00,8440.195581,8440.195581,0.000000
2026-04-20T14:00:00+00:00,8440.195581,8440.195581,0.000000
2026-04-20T15:00:00+00:00,8440.195581,8440.195581,0.000000
2026-04-20T16:00:00+00:00,8440.195581,8440.195581,0.000000
2026-04-20T17:00:00+00:00,8440.195581,8440.195581,0.000000
2026-04-20T18:00:00+00:00,8440.195581,8440.195581,0.000000
2026-04-20T19:00:00+00:00,8440.195581,8440.195581,0.000000
2026-04-20T20:00:00+00:00,8440.195581,8440.195581,0.000000
2026-04-20T21:00:00+00:00,8440.195581,8440.195581,0.000000
2026-04-20T22:00:00+00:00,8440.195581,8440.195581,0.000000
2026-04-20T23:00:00+00:00,8440.195581,8440.195581,0.000000
2026-04-21T00:00:00+00:00,8440.195581,8440.195581,0.000000
2026-04-21T01:00:00+00:00,8440.195581,8440.195581,0.000000
2026-04-21T02:00:00+00:00,8440.195581,8440.195581,0.000000
2026-04-21T03:00:00+00:00,8440.195581,8440.195581,0.000000
2026-04-21T04:00:00+00:00,8440.195581,8440.195581,0.000000
2026-04-21T05:00:00+00:00,8440.195581,8440.195581,0.000000
2026-04-21T06:00:00+00:00,8440.195581,8440.195581,0.000000
2026-04-21T07:00:00+00:00,8440.195581,8440.195581,0.000000
2026-04-21T08:00:00+00:00,8440.195581,8440.195581,0.000000
2026-04-21T09:00:00+00:00,8440.195581,8440.195581,0.000000
2026-04-21T10:00:00+00:00,8440.195581,8440.195581,0.000000
2026-04-21T11:00:00+00:00,8440.195581,8440.195581,0.000000
2026-04-21T12:00:00+00:00,8440.195581,8440.195581,0.000000
2026-04-21T13:00:00+00:00,8440.195581,8440.195581,0.000000
2026-04-21T14:00:00+00:00,8440.195581,8440.195581,0.000000
2026-04-21T15:00:00+00:00,8440.195581,8440.195581,0.000000
2026-04-21T16:00:00+00:00,8440.195581,8440.195581,0.000000
2026-04-21T17:00:00+00:00,8440.195581,8440.195581,0.000000
2026-04-21T18:00:00+00:00,8440.195581,8440.195581,0.000000
2026-04-21T19:00:00+00:00,8440.195581,8440.195581,0.000000
2026-04-21T20:00:00+00:00,8440.195581,8440.195581,0.000000
2026-04-21T21:00:00+00:00,8440.195581,8440.195581,0.000000
2026-04-21T22:00:00+00:00,8440.195581,8440.195581,0.000000
2026-04-21T23:00:00+00:00,8440.195581,8440.195581,0.000000
2026-04-22T00:00:00+00:00,8440.195581,8440.195581,0.000000
2026-04-22T01:00:00+00:00,8440.195581,8440.195581,0.000000
2026-04-22T02:00:00+00:00,8434.288288,-2.531215,8440.195581
2026-04-22T03:00:00+00:00,8404.822245,8404.822245,0.000000
2026-04-22T04:00:00+00:00,8398.939709,-2.520606,8404.822245
2026-04-22T05:00:00+00:00,8288.024492,-2.487319,8293.829343
2026-04-22T06:00:00+00:00,8299.794681,-2.487319,8282.059153
2026-04-22T07:00:00+00:00,8310.872506,-2.487319,8270.981328
2026-04-22T08:00:00+00:00,8317.796147,-2.487319,8264.057687
2026-04-22T09:00:00+00:00,8319.873240,-2.487319,8261.980595
2026-04-22T10:00:00+00:00,8311.218688,-2.487319,8270.635146
2026-04-22T11:00:00+00:00,8281.793215,-2.487319,8300.060620
2026-04-22T12:00:00+00:00,8258.574886,-2.478481,8264.359111
2026-04-22T13:00:00+00:00,8194.412801,-2.459226,8200.152087
2026-04-22T14:00:00+00:00,8204.910854,-2.462376,8210.657494
2026-04-22T15:00:00+00:00,8169.258264,-2.451676,8174.979933
2026-04-22T16:00:00+00:00,8164.155996,8164.155996,0.000000
2026-04-22T17:00:00+00:00,8164.155996,8164.155996,0.000000
2026-04-22T18:00:00+00:00,8164.155996,8164.155996,0.000000
2026-04-22T19:00:00+00:00,8164.155996,8164.155996,0.000000
2026-04-22T20:00:00+00:00,8164.155996,8164.155996,0.000000
2026-04-22T21:00:00+00:00,8164.155996,8164.155996,0.000000
2026-04-22T22:00:00+00:00,8164.155996,8164.155996,0.000000
2026-04-22T23:00:00+00:00,8164.155996,8164.155996,0.000000
2026-04-23T00:00:00+00:00,8164.155996,8164.155996,0.000000
2026-04-23T01:00:00+00:00,8164.155996,8164.155996,0.000000
2026-04-23T02:00:00+00:00,8158.440270,-5.715726,8164.155996
2026-04-23T03:00:00+00:00,8086.956985,-5.665645,8092.622630
2026-04-23T04:00:00+00:00,8110.305080,-5.665645,8115.970725
2026-04-23T05:00:00+00:00,8114.455852,-5.665645,8120.121497
2026-04-23T06:00:00+00:00,8133.999072,-5.665645,8139.664718
2026-04-23T07:00:00+00:00,8098.198660,-5.665645,8103.864305
2026-04-23T08:00:00+00:00,8072.319275,-5.655390,8077.974665
2026-04-23T09:00:00+00:00,7998.085099,-5.603382,8003.688481
2026-04-23T10:00:00+00:00,7991.515630,-5.603382,7997.119012
2026-04-23T11:00:00+00:00,8043.552744,-5.603382,8049.156126
2026-04-23T12:00:00+00:00,8043.379863,-5.603382,8048.983245
2026-04-23T13:00:00+00:00,7990.252165,-5.597895,7995.850060
2026-04-23T14:00:00+00:00,7972.868389,7972.868389,0.000000
2026-04-23T15:00:00+00:00,7972.868389,7972.868389,0.000000
2026-04-23T16:00:00+00:00,7972.868389,7972.868389,0.000000
2026-04-23T17:00:00+00:00,7972.868389,7972.868389,0.000000
2026-04-23T18:00:00+00:00,7972.868389,7972.868389,0.000000
2026-04-23T19:00:00+00:00,7972.868389,7972.868389,0.000000
2026-04-23T20:00:00+00:00,7972.868389,7972.868389,0.000000
2026-04-23T21:00:00+00:00,7972.868389,7972.868389,0.000000
2026-04-23T22:00:00+00:00,7972.868389,7972.868389,0.000000
2026-04-23T23:00:00+00:00,7972.868389,7972.868389,0.000000
2026-04-24T00:00:00+00:00,7972.868389,7972.868389,0.000000
2026-04-24T01:00:00+00:00,7972.868389,7972.868389,0.000000
2026-04-24T02:00:00+00:00,7972.868389,7972.868389,0.000000
2026-04-24T03:00:00+00:00,7972.868389,7972.868389,0.000000
2026-04-24T04:00:00+00:00,7972.868389,7972.868389,0.000000
2026-04-24T05:00:00+00:00,7972.868389,7972.868389,0.000000
2026-04-24T06:00:00+00:00,7972.868389,7972.868389,0.000000
2026-04-24T07:00:00+00:00,7972.868389,7972.868389,0.000000
2026-04-24T08:00:00+00:00,7972.868389,7972.868389,0.000000
2026-04-24T09:00:00+00:00,7972.868389,7972.868389,0.000000
2026-04-24T10:00:00+00:00,7972.868389,7972.868389,0.000000
2026-04-24T11:00:00+00:00,7972.868389,7972.868389,0.000000
2026-04-24T12:00:00+00:00,7972.868389,7972.868389,0.000000
2026-04-24T13:00:00+00:00,7972.868389,7972.868389,0.000000
2026-04-24T14:00:00+00:00,7972.868389,7972.868389,0.000000
2026-04-24T15:00:00+00:00,7972.868389,7972.868389,0.000000
2026-04-24T16:00:00+00:00,7972.868389,7972.868389,0.000000
2026-04-24T17:00:00+00:00,7972.868389,7972.868389,0.000000
2026-04-24T18:00:00+00:00,7972.868389,7972.868389,0.000000
2026-04-24T19:00:00+00:00,7972.868389,7972.868389,0.000000
2026-04-24T20:00:00+00:00,7972.868389,7972.868389,0.000000
2026-04-24T21:00:00+00:00,7972.868389,7972.868389,0.000000
2026-04-24T22:00:00+00:00,7972.868389,7972.868389,0.000000
2026-04-24T23:00:00+00:00,7972.868389,7972.868389,0.000000
2026-04-25T00:00:00+00:00,7972.868389,7972.868389,0.000000
2026-04-25T01:00:00+00:00,7972.868389,7972.868389,0.000000
2026-04-25T02:00:00+00:00,7972.868389,7972.868389,0.000000
2026-04-25T03:00:00+00:00,7972.868389,7972.868389,0.000000
2026-04-25T04:00:00+00:00,7972.868389,7972.868389,0.000000
2026-04-25T05:00:00+00:00,7972.868389,7972.868389,0.000000
2026-04-25T06:00:00+00:00,7972.868389,7972.868389,0.000000
2026-04-25T07:00:00+00:00,7972.868389,7972.868389,0.000000
2026-04-25T08:00:00+00:00,7972.868389,7972.868389,0.000000
2026-04-25T09:00:00+00:00,7972.868389,7972.868389,0.000000
2026-04-25T10:00:00+00:00,7972.868389,7972.868389,0.000000
2026-04-25T11:00:00+00:00,7972.868389,7972.868389,0.000000
2026-04-25T12:00:00+00:00,7972.868389,7972.868389,0.000000
2026-04-25T13:00:00+00:00,7972.868389,7972.868389,0.000000
2026-04-25T14:00:00+00:00,7972.868389,7972.868389,0.000000
2026-04-25T15:00:00+00:00,7972.868389,7972.868389,0.000000
2026-04-25T16:00:00+00:00,7972.868389,7972.868389,0.000000
2026-04-25T17:00:00+00:00,7972.868389,7972.868389,0.000000
2026-04-25T18:00:00+00:00,7972.868389,7972.868389,0.000000
2026-04-25T19:00:00+00:00,7972.868389,7972.868389,0.000000
2026-04-25T20:00:00+00:00,7972.868389,7972.868389,0.000000
2026-04-25T21:00:00+00:00,7972.868389,7972.868389,0.000000
2026-04-25T22:00:00+00:00,7972.868389,7972.868389,0.000000
2026-04-25T23:00:00+00:00,7972.868389,7972.868389,0.000000
2026-04-26T00:00:00+00:00,7972.868389,7972.868389,0.000000
2026-04-26T01:00:00+00:00,7972.868389,7972.868389,0.000000
2026-04-26T02:00:00+00:00,7972.868389,7972.868389,0.000000
2026-04-26T03:00:00+00:00,7972.868389,7972.868389,0.000000
2026-04-26T04:00:00+00:00,7972.868389,7972.868389,0.000000
2026-04-26T05:00:00+00:00,7967.288178,-2.391063,7972.868389
2026-04-26T06:00:00+00:00,7960.092449,-2.391063,7980.064119
2026-04-26T07:00:00+00:00,7955.466623,-2.391063,7984.689945
2026-04-26T08:00:00+00:00,7952.040085,-2.391063,7988.116483
2026-04-26T09:00:00+00:00,7944.844355,-2.391063,7995.312212
2026-04-26T10:00:00+00:00,7950.498143,-2.391063,7989.658425
2026-04-26T11:00:00+00:00,7939.875875,-2.391063,8000.280692
2026-04-26T12:00:00+00:00,7964.204294,-2.391063,7975.952273
2026-04-26T13:00:00+00:00,7942.959759,-2.391063,7997.196808
2026-04-26T14:00:00+00:00,7902.540197,-2.371632,7908.075058
2026-04-26T15:00:00+00:00,7895.795570,-2.371632,7914.819685
2026-04-26T16:00:00+00:00,7914.174678,-2.371632,7896.440577
2026-04-26T17:00:00+00:00,7892.086025,-2.371632,7918.529230
2026-04-26T18:00:00+00:00,7848.267875,-2.355344,7853.764725
2026-04-26T19:00:00+00:00,7829.135886,-2.355344,7872.896714
2026-04-26T20:00:00+00:00,7846.271493,-2.355344,7855.761106
2026-04-26T21:00:00+00:00,7818.889639,-2.346527,7824.365913
2026-04-26T22:00:00+00:00,7788.678340,7788.678340,0.000000
2026-04-26T23:00:00+00:00,7783.227044,-2.335825,7788.678340
2026-04-27T00:00:00+00:00,7745.160436,-2.324400,7750.585070
2026-04-27T01:00:00+00:00,7715.148123,-2.315393,7720.551737
2026-04-27T02:00:00+00:00,7722.244366,-2.315393,7713.455493
2026-04-27T03:00:00+00:00,7714.825566,-2.315393,7720.874294
2026-04-27T04:00:00+00:00,7752.725958,-2.315393,7682.973902
2026-04-27T05:00:00+00:00,7896.513869,7896.513869,0.000000
2026-04-27T06:00:00+00:00,7896.513869,7896.513869,0.000000
2026-04-27T07:00:00+00:00,7896.513869,7896.513869,0.000000
2026-04-27T08:00:00+00:00,7896.513869,7896.513869,0.000000
2026-04-27T09:00:00+00:00,7896.513869,7896.513869,0.000000
2026-04-27T10:00:00+00:00,7896.513869,7896.513869,0.000000
2026-04-27T11:00:00+00:00,7896.513869,7896.513869,0.000000
2026-04-27T12:00:00+00:00,7896.513869,7896.513869,0.000000
2026-04-27T13:00:00+00:00,7890.985520,-5.528349,7896.513869
2026-04-27T14:00:00+00:00,7876.257200,-5.518031,7881.775231
2026-04-27T15:00:00+00:00,7772.336764,-5.445225,7777.781989
2026-04-27T16:00:00+00:00,7782.086144,-5.445225,7787.531369
2026-04-27T17:00:00+00:00,7812.018452,-5.445225,7817.463677
2026-04-27T18:00:00+00:00,7818.175955,-5.445225,7823.621181
2026-04-27T19:00:00+00:00,7820.570540,-5.445225,7826.015765
2026-04-27T20:00:00+00:00,7828.096378,-5.445225,7833.541603
2026-04-27T21:00:00+00:00,7814.070953,-5.445225,7819.516178
2026-04-27T22:00:00+00:00,7838.187841,-5.445225,7843.633067
2026-04-27T23:00:00+00:00,7870.343692,-5.445225,7875.788918
2026-04-28T00:00:00+00:00,7880.606198,-5.445225,7886.051423
2026-04-28T01:00:00+00:00,7853.239516,-5.445225,7858.684742
2026-04-28T02:00:00+00:00,7826.115533,7826.115533,0.000000
2026-04-28T03:00:00+00:00,7826.115533,7826.115533,0.000000
2026-04-28T04:00:00+00:00,7826.115533,7826.115533,0.000000
2026-04-28T05:00:00+00:00,7826.115533,7826.115533,0.000000
2026-04-28T06:00:00+00:00,7826.115533,7826.115533,0.000000
2026-04-28T07:00:00+00:00,7826.115533,7826.115533,0.000000
2026-04-28T08:00:00+00:00,7826.115533,7826.115533,0.000000
2026-04-28T09:00:00+00:00,7826.115533,7826.115533,0.000000
2026-04-28T10:00:00+00:00,7826.115533,7826.115533,0.000000
2026-04-28T11:00:00+00:00,7826.115533,7826.115533,0.000000
2026-04-28T12:00:00+00:00,7826.115533,7826.115533,0.000000
2026-04-28T13:00:00+00:00,7820.636469,-5.479063,7826.115533
2026-04-28T14:00:00+00:00,7811.177369,-5.479063,7816.656433
2026-04-28T15:00:00+00:00,7831.815406,-5.479063,7837.294469
2026-04-28T16:00:00+00:00,7853.657328,-5.479063,7859.136392
2026-04-28T17:00:00+00:00,7869.135856,-5.479063,7874.614919
2026-04-28T18:00:00+00:00,7891.837696,-5.479063,7897.316760
2026-04-28T19:00:00+00:00,7909.036060,-5.479063,7914.515124
2026-04-28T20:00:00+00:00,7885.990252,-5.479063,7891.469316
2026-04-28T21:00:00+00:00,7853.863954,7853.863954,0.000000
2026-04-28T22:00:00+00:00,7853.863954,7853.863954,0.000000
2026-04-28T23:00:00+00:00,7853.863954,7853.863954,0.000000
2026-04-29T00:00:00+00:00,7853.863954,7853.863954,0.000000
2026-04-29T01:00:00+00:00,7853.863954,7853.863954,0.000000
2026-04-29T02:00:00+00:00,7853.863954,7853.863954,0.000000
2026-04-29T03:00:00+00:00,7848.367035,-2.355374,7853.863954
2026-04-29T04:00:00+00:00,7744.722602,-2.324269,7750.146930
2026-04-29T05:00:00+00:00,7738.058246,-2.324269,7756.811287
2026-04-29T06:00:00+00:00,7751.553568,-2.324269,7743.315964
2026-04-29T07:00:00+00:00,7754.719137,-2.324269,7740.150395
2026-04-29T08:00:00+00:00,7749.887479,-2.324269,7744.982054
2026-04-29T09:00:00+00:00,7691.528016,-2.308305,7696.915087
2026-04-29T10:00:00+00:00,7712.918849,-2.308305,7675.524255
2026-04-29T11:00:00+00:00,7718.677919,-2.308305,7669.765185
2026-04-29T12:00:00+00:00,7731.244408,7731.244408,0.000000
2026-04-29T13:00:00+00:00,7731.244408,7731.244408,0.000000
2026-04-29T14:00:00+00:00,7731.244408,7731.244408,0.000000
2026-04-29T15:00:00+00:00,7731.244408,7731.244408,0.000000
2026-04-29T16:00:00+00:00,7731.244408,7731.244408,0.000000
2026-04-29T17:00:00+00:00,7731.244408,7731.244408,0.000000
2026-04-29T18:00:00+00:00,7725.831763,-5.412644,7731.244408
2026-04-29T19:00:00+00:00,7705.970418,-5.412644,7711.383063
2026-04-29T20:00:00+00:00,7686.442871,-5.385049,7691.827920
2026-04-29T21:00:00+00:00,7697.426941,-5.392744,7702.819685
2026-04-29T22:00:00+00:00,7714.361103,-5.392744,7719.753847
2026-04-29T23:00:00+00:00,7697.255889,-5.392744,7702.648633
2026-04-30T00:00:00+00:00,7705.743150,7705.743150,0.000000
2026-04-30T01:00:00+00:00,7705.743150,7705.743150,0.000000
2026-04-30T02:00:00+00:00,7705.743150,7705.743150,0.000000
2026-04-30T03:00:00+00:00,7705.743150,7705.743150,0.000000
2026-04-30T04:00:00+00:00,7705.743150,7705.743150,0.000000
2026-04-30T05:00:00+00:00,7705.743150,7705.743150,0.000000
2026-04-30T06:00:00+00:00,7705.743150,7705.743150,0.000000
2026-04-30T07:00:00+00:00,7705.743150,7705.743150,0.000000
2026-04-30T08:00:00+00:00,7705.743150,7705.743150,0.000000
2026-04-30T09:00:00+00:00,7705.743150,7705.743150,0.000000
2026-04-30T10:00:00+00:00,7705.743150,7705.743150,0.000000
2026-04-30T11:00:00+00:00,7705.743150,7705.743150,0.000000
2026-04-30T12:00:00+00:00,7705.743150,7705.743150,0.000000
2026-04-30T13:00:00+00:00,7705.743150,7705.743150,0.000000
2026-04-30T14:00:00+00:00,7705.743150,7705.743150,0.000000
2026-04-30T15:00:00+00:00,7705.743150,7705.743150,0.000000
2026-04-30T16:00:00+00:00,7705.743150,7705.743150,0.000000
2026-04-30T17:00:00+00:00,7705.743150,7705.743150,0.000000
2026-04-30T18:00:00+00:00,7705.743150,7705.743150,0.000000
2026-04-30T19:00:00+00:00,7705.743150,7705.743150,0.000000
2026-04-30T20:00:00+00:00,7705.743150,7705.743150,0.000000
2026-04-30T21:00:00+00:00,7705.743150,7705.743150,0.000000
2026-04-30T22:00:00+00:00,7705.743150,7705.743150,0.000000
2026-04-30T23:00:00+00:00,7705.743150,7705.743150,0.000000
2026-05-01T00:00:00+00:00,7705.743150,7705.743150,0.000000
2026-05-01T01:00:00+00:00,7705.743150,7705.743150,0.000000
2026-05-01T02:00:00+00:00,7705.743150,7705.743150,0.000000
2026-05-01T03:00:00+00:00,7705.743150,7705.743150,0.000000
2026-05-01T04:00:00+00:00,7705.743150,7705.743150,0.000000
2026-05-01T05:00:00+00:00,7705.743150,7705.743150,0.000000
2026-05-01T06:00:00+00:00,7705.743150,7705.743150,0.000000
2026-05-01T07:00:00+00:00,7705.743150,7705.743150,0.000000
2026-05-01T08:00:00+00:00,7700.349900,-2.310952,7705.743150
2026-05-01T09:00:00+00:00,7716.869552,-2.310952,7689.223498
2026-05-01T10:00:00+00:00,7715.015305,-2.310952,7691.077745
2026-05-01T11:00:00+00:00,7701.361308,-2.310952,7704.731743
2026-05-01T12:00:00+00:00,7661.906756,-2.299415,7667.273081
2026-05-01T13:00:00+00:00,7591.387642,-2.278252,7596.704575
2026-05-01T14:00:00+00:00,7576.662837,-2.273833,7581.969457
2026-05-01T15:00:00+00:00,7536.707740,-2.261842,7541.986376
2026-05-01T16:00:00+00:00,7556.650571,-2.261842,7522.043545
2026-05-01T17:00:00+00:00,7524.284337,-2.261842,7554.409779
2026-05-01T18:00:00+00:00,7547.986882,-2.261842,7530.707234
2026-05-01T19:00:00+00:00,7546.515689,-2.261842,7532.178426
2026-05-01T20:00:00+00:00,7566.355254,7566.355254,0.000000
2026-05-01T21:00:00+00:00,7566.355254,7566.355254,0.000000
2026-05-01T22:00:00+00:00,7566.355254,7566.355254,0.000000
2026-05-01T23:00:00+00:00,7566.355254,7566.355254,0.000000
2026-05-02T00:00:00+00:00,7566.355254,7566.355254,0.000000
2026-05-02T01:00:00+00:00,7566.355254,7566.355254,0.000000
2026-05-02T02:00:00+00:00,7566.355254,7566.355254,0.000000
2026-05-02T03:00:00+00:00,7566.355254,7566.355254,0.000000
2026-05-02T04:00:00+00:00,7566.355254,7566.355254,0.000000
2026-05-02T05:00:00+00:00,7566.355254,7566.355254,0.000000
2026-05-02T06:00:00+00:00,7566.355254,7566.355254,0.000000
2026-05-02T07:00:00+00:00,7566.355254,7566.355254,0.000000
2026-05-02T08:00:00+00:00,7566.355254,7566.355254,0.000000
2026-05-02T09:00:00+00:00,7566.355254,7566.355254,0.000000
2026-05-02T10:00:00+00:00,7561.059562,-2.269150,7566.355254
2026-05-02T11:00:00+00:00,7565.496151,-2.269150,7561.918666
2026-05-02T12:00:00+00:00,7561.059562,-2.269150,7566.355254
2026-05-02T13:00:00+00:00,7545.285025,-2.269150,7582.129791
2026-05-02T14:00:00+00:00,7551.529113,-2.269150,7575.885704
2026-05-02T15:00:00+00:00,7542.820254,-2.269150,7584.594563
2026-05-02T16:00:00+00:00,7541.998663,-2.269150,7585.416153
2026-05-02T17:00:00+00:00,7553.172294,-2.269150,7574.242523
2026-05-02T18:00:00+00:00,7539.533892,-2.269150,7587.880924
2026-05-02T19:00:00+00:00,7535.425940,-2.269150,7591.988877
2026-05-02T20:00:00+00:00,7534.768667,-2.269150,7592.646149
2026-05-02T21:00:00+00:00,7461.209272,-2.239184,7466.435030
2026-05-02T22:00:00+00:00,7456.712580,-2.239184,7470.931721
2026-05-02T23:00:00+00:00,7488.992402,-2.239184,7438.651900
2026-05-03T00:00:00+00:00,7498.306977,-2.239184,7429.337325
2026-05-03T01:00:00+00:00,7531.550375,-2.239184,7396.093927
2026-05-03T02:00:00+00:00,7533.156336,-2.239184,7394.487966
2026-05-03T03:00:00+00:00,7537.974220,-2.239184,7389.670082
2026-05-03T04:00:00+00:00,7539.098392,-2.239184,7388.545909
2026-05-03T05:00:00+00:00,7530.907990,-2.239184,7396.736312
2026-05-03T06:00:00+00:00,7529.302029,-2.239184,7398.342273
2026-05-03T07:00:00+00:00,7513.884801,-2.239184,7413.759501
2026-05-03T08:00:00+00:00,7517.257319,-2.239184,7410.386982
2026-05-03T09:00:00+00:00,7489.193409,7489.193409,0.000000
2026-05-03T10:00:00+00:00,7489.193409,7489.193409,0.000000
2026-05-03T11:00:00+00:00,7489.193409,7489.193409,0.000000
2026-05-03T12:00:00+00:00,7489.193409,7489.193409,0.000000
2026-05-03T13:00:00+00:00,7489.193409,7489.193409,0.000000
2026-05-03T14:00:00+00:00,7489.193409,7489.193409,0.000000
2026-05-03T15:00:00+00:00,7483.951722,-2.246009,7489.193409
2026-05-03T16:00:00+00:00,7483.790816,-2.246009,7489.354314
2026-05-03T17:00:00+00:00,7472.849231,-2.246009,7500.295900
2026-05-03T18:00:00+00:00,7475.745533,-2.246009,7497.399598
2026-05-03T19:00:00+00:00,7459.976778,-2.246009,7513.168353
2026-05-03T20:00:00+00:00,7433.023804,-2.230725,7438.229821
2026-05-03T21:00:00+00:00,7417.087826,7417.087826,0.000000
2026-05-03T22:00:00+00:00,7411.896607,-2.224385,7417.087826
2026-05-03T23:00:00+00:00,7425.246299,7425.246299,0.000000
2026-05-04T00:00:00+00:00,7425.246299,7425.246299,0.000000
2026-05-04T01:00:00+00:00,7425.246299,7425.246299,0.000000
2026-05-04T02:00:00+00:00,7425.246299,7425.246299,0.000000
2026-05-04T03:00:00+00:00,7420.049369,-2.226831,7425.246299
2026-05-04T04:00:00+00:00,7404.009765,-2.226831,7441.285902
2026-05-04T05:00:00+00:00,7447.301122,-2.226831,7397.994545
2026-05-04T06:00:00+00:00,7452.954072,7452.954072,0.000000
2026-05-04T07:00:00+00:00,7452.954072,7452.954072,0.000000
2026-05-04T08:00:00+00:00,7452.954072,7452.954072,0.000000
2026-05-04T09:00:00+00:00,7452.954072,7452.954072,0.000000
2026-05-04T10:00:00+00:00,7452.954072,7452.954072,0.000000
2026-05-04T11:00:00+00:00,7452.954072,7452.954072,0.000000
2026-05-04T12:00:00+00:00,7452.954072,7452.954072,0.000000
2026-05-04T13:00:00+00:00,7452.954072,7452.954072,0.000000
2026-05-04T14:00:00+00:00,7452.954072,7452.954072,0.000000
2026-05-04T15:00:00+00:00,7452.954072,7452.954072,0.000000
2026-05-04T16:00:00+00:00,7452.954072,7452.954072,0.000000
2026-05-04T17:00:00+00:00,7452.954072,7452.954072,0.000000
2026-05-04T18:00:00+00:00,7452.954072,7452.954072,0.000000
2026-05-04T19:00:00+00:00,7452.954072,7452.954072,0.000000
2026-05-04T20:00:00+00:00,7452.954072,7452.954072,0.000000
2026-05-04T21:00:00+00:00,7452.954072,7452.954072,0.000000
2026-05-04T22:00:00+00:00,7452.954072,7452.954072,0.000000
2026-05-04T23:00:00+00:00,7452.954072,7452.954072,0.000000
2026-05-05T00:00:00+00:00,7452.954072,7452.954072,0.000000
2026-05-05T01:00:00+00:00,7452.954072,7452.954072,0.000000
2026-05-05T02:00:00+00:00,7452.954072,7452.954072,0.000000
2026-05-05T03:00:00+00:00,7452.954072,7452.954072,0.000000
2026-05-05T04:00:00+00:00,7452.954072,7452.954072,0.000000
2026-05-05T05:00:00+00:00,7452.954072,7452.954072,0.000000
2026-05-05T06:00:00+00:00,7452.954072,7452.954072,0.000000
2026-05-05T07:00:00+00:00,7452.954072,7452.954072,0.000000
2026-05-05T08:00:00+00:00,7452.954072,7452.954072,0.000000
2026-05-05T09:00:00+00:00,7452.954072,7452.954072,0.000000
2026-05-05T10:00:00+00:00,7452.954072,7452.954072,0.000000
2026-05-05T11:00:00+00:00,7452.954072,7452.954072,0.000000
2026-05-05T12:00:00+00:00,7447.737750,-2.235141,7452.954072
2026-05-05T13:00:00+00:00,7447.581641,-2.235141,7453.110181
2026-05-05T14:00:00+00:00,7447.101506,7447.101506,0.000000
2026-05-05T15:00:00+00:00,7447.101506,7447.101506,0.000000
2026-05-05T16:00:00+00:00,7447.101506,7447.101506,0.000000
2026-05-05T17:00:00+00:00,7447.101506,7447.101506,0.000000
2026-05-05T18:00:00+00:00,7447.101506,7447.101506,0.000000
2026-05-05T19:00:00+00:00,7447.101506,7447.101506,0.000000
2026-05-05T20:00:00+00:00,7447.101506,7447.101506,0.000000
2026-05-05T21:00:00+00:00,7447.101506,7447.101506,0.000000
2026-05-05T22:00:00+00:00,7447.101506,7447.101506,0.000000
2026-05-05T23:00:00+00:00,7447.101506,7447.101506,0.000000
2026-05-06T00:00:00+00:00,7447.101506,7447.101506,0.000000
2026-05-06T01:00:00+00:00,7447.101506,7447.101506,0.000000
2026-05-06T02:00:00+00:00,7447.101506,7447.101506,0.000000
2026-05-06T03:00:00+00:00,7447.101506,7447.101506,0.000000
2026-05-06T04:00:00+00:00,7447.101506,7447.101506,0.000000
2026-05-06T05:00:00+00:00,7447.101506,7447.101506,0.000000
2026-05-06T06:00:00+00:00,7447.101506,7447.101506,0.000000
2026-05-06T07:00:00+00:00,7447.101506,7447.101506,0.000000
2026-05-06T08:00:00+00:00,7447.101506,7447.101506,0.000000
2026-05-06T09:00:00+00:00,7447.101506,7447.101506,0.000000
2026-05-06T10:00:00+00:00,7447.101506,7447.101506,0.000000
2026-05-06T11:00:00+00:00,7447.101506,7447.101506,0.000000
2026-05-06T12:00:00+00:00,7447.101506,7447.101506,0.000000
2026-05-06T13:00:00+00:00,7447.101506,7447.101506,0.000000
2026-05-06T14:00:00+00:00,7447.101506,7447.101506,0.000000
2026-05-06T15:00:00+00:00,7447.101506,7447.101506,0.000000
2026-05-06T16:00:00+00:00,7447.101506,7447.101506,0.000000
2026-05-06T17:00:00+00:00,7447.101506,7447.101506,0.000000
2026-05-06T18:00:00+00:00,7447.101506,7447.101506,0.000000
2026-05-06T19:00:00+00:00,7447.101506,7447.101506,0.000000
2026-05-06T20:00:00+00:00,7447.101506,7447.101506,0.000000
2026-05-06T21:00:00+00:00,7447.101506,7447.101506,0.000000
2026-05-06T22:00:00+00:00,7441.887790,-5.213716,7447.101506
2026-05-06T23:00:00+00:00,7453.633005,-5.213716,7458.846721
2026-05-07T00:00:00+00:00,7388.641990,-5.176412,7393.818402
2026-05-07T01:00:00+00:00,7336.849721,-5.140127,7341.989848
2026-05-07T02:00:00+00:00,7320.906032,-5.140127,7326.046159
2026-05-07T03:00:00+00:00,7322.326757,-5.140127,7327.466884
2026-05-07T04:00:00+00:00,7339.533312,-5.140127,7344.673439
2026-05-07T05:00:00+00:00,7351.688402,-5.140127,7356.828529
2026-05-07T06:00:00+00:00,7308.695024,7308.695024,0.000000
2026-05-07T07:00:00+00:00,7308.695024,7308.695024,0.000000
2026-05-07T08:00:00+00:00,7308.695024,7308.695024,0.000000
2026-05-07T09:00:00+00:00,7308.695024,7308.695024,0.000000
2026-05-07T10:00:00+00:00,7308.695024,7308.695024,0.000000
2026-05-07T11:00:00+00:00,7308.695024,7308.695024,0.000000
2026-05-07T12:00:00+00:00,7308.695024,7308.695024,0.000000
2026-05-07T13:00:00+00:00,7308.695024,7308.695024,0.000000
2026-05-07T14:00:00+00:00,7308.695024,7308.695024,0.000000
2026-05-07T15:00:00+00:00,7308.695024,7308.695024,0.000000
2026-05-07T16:00:00+00:00,7308.695024,7308.695024,0.000000
2026-05-07T17:00:00+00:00,7308.695024,7308.695024,0.000000
2026-05-07T18:00:00+00:00,7308.695024,7308.695024,0.000000
2026-05-07T19:00:00+00:00,7308.695024,7308.695024,0.000000
2026-05-07T20:00:00+00:00,7303.578207,-5.116817,7308.695024
2026-05-07T21:00:00+00:00,7298.148033,-5.116817,7303.264850
2026-05-07T22:00:00+00:00,7296.550922,-5.116817,7301.667740
2026-05-07T23:00:00+00:00,7309.327803,-5.116817,7314.444620
2026-05-08T00:00:00+00:00,7296.870345,-5.116817,7301.987162
2026-05-08T01:00:00+00:00,7290.641615,-5.116817,7295.758433
2026-05-08T02:00:00+00:00,7251.103048,-5.080054,7256.183102
2026-05-08T03:00:00+00:00,7249.828971,-5.080054,7254.909025
2026-05-08T04:00:00+00:00,7259.066025,-5.080054,7264.146079
2026-05-08T05:00:00+00:00,7241.706735,-5.080054,7246.786789
2026-05-08T06:00:00+00:00,7239.158582,-5.080054,7244.238636
2026-05-08T07:00:00+00:00,7256.677132,-5.080054,7261.757185
2026-05-08T08:00:00+00:00,7264.799368,-5.080054,7269.879422
2026-05-08T09:00:00+00:00,7267.347521,-5.080054,7272.427575
2026-05-08T10:00:00+00:00,7278.654948,-5.080054,7283.735002
2026-05-08T11:00:00+00:00,7301.588322,-5.080054,7306.668375
2026-05-08T12:00:00+00:00,7260.480183,7260.480183,0.000000
2026-05-08T13:00:00+00:00,7260.480183,7260.480183,0.000000
2026-05-08T14:00:00+00:00,7260.480183,7260.480183,0.000000
2026-05-08T15:00:00+00:00,7260.480183,7260.480183,0.000000
2026-05-08T16:00:00+00:00,7260.480183,7260.480183,0.000000
2026-05-08T17:00:00+00:00,7260.480183,7260.480183,0.000000
2026-05-08T18:00:00+00:00,7260.480183,7260.480183,0.000000
2026-05-08T19:00:00+00:00,7255.398573,-2.177418,7260.480183
2026-05-08T20:00:00+00:00,7284.718959,-2.177418,7231.159797
2026-05-08T21:00:00+00:00,7260.886346,-2.177418,7254.992410
2026-05-08T22:00:00+00:00,7271.391511,-2.177418,7244.487245
2026-05-08T23:00:00+00:00,7283.778198,-2.177418,7232.100558
2026-05-09T00:00:00+00:00,7279.387980,-2.177418,7236.490776
2026-05-09T01:00:00+00:00,7261.513520,-2.177418,7254.365236
2026-05-09T02:00:00+00:00,7252.889877,-2.177418,7262.988879
2026-05-09T03:00:00+00:00,7258.848030,-2.177418,7257.030726
2026-05-09T04:00:00+00:00,7233.470375,7233.470375,0.000000
2026-05-09T05:00:00+00:00,7233.470375,7233.470375,0.000000
2026-05-09T06:00:00+00:00,7233.470375,7233.470375,0.000000
2026-05-09T07:00:00+00:00,7233.470375,7233.470375,0.000000
2026-05-09T08:00:00+00:00,7233.470375,7233.470375,0.000000
2026-05-09T09:00:00+00:00,7233.470375,7233.470375,0.000000
2026-05-09T10:00:00+00:00,7233.470375,7233.470375,0.000000
2026-05-09T11:00:00+00:00,7233.470375,7233.470375,0.000000
2026-05-09T12:00:00+00:00,7233.470375,7233.470375,0.000000
2026-05-09T13:00:00+00:00,7233.470375,7233.470375,0.000000
2026-05-09T14:00:00+00:00,7233.470375,7233.470375,0.000000
2026-05-09T15:00:00+00:00,7233.470375,7233.470375,0.000000
2026-05-09T16:00:00+00:00,7233.470375,7233.470375,0.000000
2026-05-09T17:00:00+00:00,7233.470375,7233.470375,0.000000
2026-05-09T18:00:00+00:00,7228.407669,-2.169318,7233.470375
2026-05-09T19:00:00+00:00,7222.817901,-2.169318,7239.060143
2026-05-09T20:00:00+00:00,7231.513095,-2.169318,7230.364948
2026-05-09T21:00:00+00:00,7226.233870,-2.169318,7235.644173
2026-05-09T22:00:00+00:00,7231.047281,-2.169318,7230.830762
2026-05-09T23:00:00+00:00,7241.139918,-2.169318,7220.738125
2026-05-10T00:00:00+00:00,7247.661314,-2.169318,7214.216729
2026-05-10T01:00:00+00:00,7248.282400,-2.169318,7213.595644
2026-05-10T02:00:00+00:00,7235.705421,-2.169318,7226.172622
2026-05-10T03:00:00+00:00,7236.015964,-2.169318,7225.862079
2026-05-10T04:00:00+00:00,7234.773793,-2.169318,7227.104250
2026-05-10T05:00:00+00:00,7237.723949,-2.169318,7224.154095
2026-05-10T06:00:00+00:00,7231.978909,-2.169318,7229.899134
2026-05-10T07:00:00+00:00,7237.723949,-2.169318,7224.154095
2026-05-10T08:00:00+00:00,7228.718211,-2.169318,7233.159832
2026-05-10T09:00:00+00:00,7234.773793,-2.169318,7227.104250
2026-05-10T10:00:00+00:00,7243.313717,-2.169318,7218.564327
2026-05-10T11:00:00+00:00,7252.319454,-2.169318,7209.558589
2026-05-10T12:00:00+00:00,7247.350772,-2.169318,7214.527272
2026-05-10T13:00:00+00:00,7229.649839,-2.169318,7232.228204
2026-05-10T14:00:00+00:00,7226.233870,-2.169318,7235.644173
2026-05-10T15:00:00+00:00,7198.452922,-2.160328,7203.494648
2026-05-10T16:00:00+00:00,7191.853364,-2.160328,7210.094207
2026-05-10T17:00:00+00:00,7154.571853,-2.147159,7159.582846
2026-05-10T18:00:00+00:00,7173.050151,-2.147159,7141.104548
2026-05-10T19:00:00+00:00,7151.088240,-2.147159,7163.066459
2026-05-10T20:00:00+00:00,7255.411740,7255.411740,0.000000
2026-05-10T21:00:00+00:00,7255.411740,7255.411740,0.000000
2026-05-10T22:00:00+00:00,7255.411740,7255.411740,0.000000
2026-05-10T23:00:00+00:00,7255.411740,7255.411740,0.000000
2026-05-11T00:00:00+00:00,7255.411740,7255.411740,0.000000
2026-05-11T01:00:00+00:00,7255.411740,7255.411740,0.000000
2026-05-11T02:00:00+00:00,7255.411740,7255.411740,0.000000
2026-05-11T03:00:00+00:00,7255.411740,7255.411740,0.000000
2026-05-11T04:00:00+00:00,7255.411740,7255.411740,0.000000
2026-05-11T05:00:00+00:00,7255.411740,7255.411740,0.000000
2026-05-11T06:00:00+00:00,7255.411740,7255.411740,0.000000
2026-05-11T07:00:00+00:00,7255.411740,7255.411740,0.000000
2026-05-11T08:00:00+00:00,7255.411740,7255.411740,0.000000
2026-05-11T09:00:00+00:00,7255.411740,7255.411740,0.000000
2026-05-11T10:00:00+00:00,7255.411740,7255.411740,0.000000
2026-05-11T11:00:00+00:00,7255.411740,7255.411740,0.000000
2026-05-11T12:00:00+00:00,7250.332226,-5.079514,7255.411740
2026-05-11T13:00:00+00:00,7226.963855,-5.079514,7232.043369
2026-05-11T14:00:00+00:00,7192.713904,-5.039147,7197.753051
2026-05-11T15:00:00+00:00,7190.850175,7190.850175,0.000000
2026-05-11T16:00:00+00:00,7190.850175,7190.850175,0.000000
2026-05-11T17:00:00+00:00,7190.850175,7190.850175,0.000000
2026-05-11T18:00:00+00:00,7190.850175,7190.850175,0.000000
2026-05-11T19:00:00+00:00,7190.850175,7190.850175,0.000000
2026-05-11T20:00:00+00:00,7190.850175,7190.850175,0.000000
2026-05-11T21:00:00+00:00,7190.850175,7190.850175,0.000000
2026-05-11T22:00:00+00:00,7190.850175,7190.850175,0.000000
2026-05-11T23:00:00+00:00,7190.850175,7190.850175,0.000000
2026-05-12T00:00:00+00:00,7190.850175,7190.850175,0.000000
2026-05-12T01:00:00+00:00,7190.850175,7190.850175,0.000000
2026-05-12T02:00:00+00:00,7190.850175,7190.850175,0.000000
2026-05-12T03:00:00+00:00,7190.850175,7190.850175,0.000000
2026-05-12T04:00:00+00:00,7190.850175,7190.850175,0.000000
2026-05-12T05:00:00+00:00,7190.850175,7190.850175,0.000000
2026-05-12T06:00:00+00:00,7190.850175,7190.850175,0.000000
2026-05-12T07:00:00+00:00,7185.815861,-5.034314,7190.850175
2026-05-12T08:00:00+00:00,7163.717655,-5.034314,7168.751969
2026-05-12T09:00:00+00:00,7178.449792,-5.034314,7183.484107
2026-05-12T10:00:00+00:00,7158.389010,-5.034314,7163.423324
2026-05-12T11:00:00+00:00,7160.112983,-5.034314,7165.147298
2026-05-12T12:00:00+00:00,7166.695428,-5.034314,7171.729742
2026-05-12T13:00:00+00:00,7121.569750,-4.989304,7126.559054
2026-05-12T14:00:00+00:00,7085.752282,-4.964211,7090.716493
2026-05-12T15:00:00+00:00,7036.994802,-4.930052,7041.924854
2026-05-12T16:00:00+00:00,7044.158669,-4.930052,7049.088720
2026-05-12T17:00:00+00:00,7083.404197,-4.930052,7088.334249
2026-05-12T18:00:00+00:00,7091.502481,-4.930052,7096.432532
2026-05-12T19:00:00+00:00,7108.789202,-4.930052,7113.719253
2026-05-12T20:00:00+00:00,7108.321993,-4.930052,7113.252045
2026-05-12T21:00:00+00:00,7110.190828,-4.930052,7115.120879
2026-05-12T22:00:00+00:00,7099.756501,-4.930052,7104.686552
2026-05-12T23:00:00+00:00,7076.707539,-4.930052,7081.637591
2026-05-13T00:00:00+00:00,7066.701309,7066.701309,0.000000
2026-05-13T01:00:00+00:00,7066.701309,7066.701309,0.000000
2026-05-13T02:00:00+00:00,7066.701309,7066.701309,0.000000
2026-05-13T03:00:00+00:00,7061.755325,-2.119304,7066.701309
2026-05-13T04:00:00+00:00,7045.167185,-2.119304,7083.289449
2026-05-13T05:00:00+00:00,7073.735648,-2.119304,7054.720986
2026-05-13T06:00:00+00:00,7060.526574,-2.119304,7067.930060
2026-05-13T07:00:00+00:00,7062.830482,-2.119304,7065.626152
2026-05-13T08:00:00+00:00,7014.068808,-2.104993,7018.981393
2026-05-13T09:00:00+00:00,7000.125718,-2.104993,7032.924482
2026-05-13T10:00:00+00:00,7039.075435,-2.104993,6993.974765
2026-05-13T11:00:00+00:00,7059.383847,-2.104993,6973.666353
2026-05-13T12:00:00+00:00,7095.901511,7095.901511,0.000000
2026-05-13T13:00:00+00:00,7095.901511,7095.901511,0.000000
2026-05-13T14:00:00+00:00,7095.901511,7095.901511,0.000000
2026-05-13T15:00:00+00:00,7095.901511,7095.901511,0.000000
2026-05-13T16:00:00+00:00,7095.901511,7095.901511,0.000000
2026-05-13T17:00:00+00:00,7095.901511,7095.901511,0.000000
2026-05-13T18:00:00+00:00,7095.901511,7095.901511,0.000000
2026-05-13T19:00:00+00:00,7095.901511,7095.901511,0.000000
2026-05-13T20:00:00+00:00,7095.901511,7095.901511,0.000000
2026-05-13T21:00:00+00:00,7095.901511,7095.901511,0.000000
2026-05-13T22:00:00+00:00,7090.933671,-4.967841,7095.901511
2026-05-13T23:00:00+00:00,7089.048302,-4.967841,7094.016142
2026-05-14T00:00:00+00:00,7113.086760,-4.967841,7118.054601
2026-05-14T01:00:00+00:00,7109.473135,-4.967841,7114.440976
2026-05-14T02:00:00+00:00,7062.414116,7062.414116,0.000000
2026-05-14T03:00:00+00:00,7062.414116,7062.414116,0.000000
2026-05-14T04:00:00+00:00,7062.414116,7062.414116,0.000000
2026-05-14T05:00:00+00:00,7062.414116,7062.414116,0.000000
2026-05-14T06:00:00+00:00,7062.414116,7062.414116,0.000000
2026-05-14T07:00:00+00:00,7062.414116,7062.414116,0.000000
2026-05-14T08:00:00+00:00,7062.414116,7062.414116,0.000000
2026-05-14T09:00:00+00:00,7062.414116,7062.414116,0.000000
2026-05-14T10:00:00+00:00,7062.414116,7062.414116,0.000000
2026-05-14T11:00:00+00:00,7062.414116,7062.414116,0.000000
2026-05-14T12:00:00+00:00,7062.414116,7062.414116,0.000000
2026-05-14T13:00:00+00:00,7062.414116,7062.414116,0.000000
2026-05-14T14:00:00+00:00,7062.414116,7062.414116,0.000000
2026-05-14T15:00:00+00:00,7062.414116,7062.414116,0.000000
2026-05-14T16:00:00+00:00,7057.471132,-2.118018,7062.414116
2026-05-14T17:00:00+00:00,7052.283695,-2.116461,7057.223045
2026-05-14T18:00:00+00:00,7048.307536,-2.116461,7061.199204
2026-05-14T19:00:00+00:00,7082.410744,-2.116461,7027.095996
2026-05-14T20:00:00+00:00,7083.940036,-2.116461,7025.566704
2026-05-14T21:00:00+00:00,7086.845690,-2.116461,7022.661049
2026-05-14T22:00:00+00:00,7084.398823,-2.116461,7025.107916
2026-05-14T23:00:00+00:00,7129.665862,-2.116461,6979.840878
2026-05-15T00:00:00+00:00,7078.311348,7078.311348,0.000000
2026-05-15T01:00:00+00:00,7078.311348,7078.311348,0.000000
2026-05-15T02:00:00+00:00,7078.311348,7078.311348,0.000000
2026-05-15T03:00:00+00:00,7078.311348,7078.311348,0.000000
2026-05-15T04:00:00+00:00,7078.311348,7078.311348,0.000000
2026-05-15T05:00:00+00:00,7073.355822,-4.955526,7078.311348
2026-05-15T06:00:00+00:00,7105.056816,-4.955526,7110.012341
2026-05-15T07:00:00+00:00,7090.023272,-4.967203,7094.990475
2026-05-15T08:00:00+00:00,7066.047886,-4.967203,7071.015089
2026-05-15T09:00:00+00:00,7057.429283,-4.967203,7062.396486
2026-05-15T10:00:00+00:00,7082.344880,-4.967203,7087.312083
2026-05-15T11:00:00+00:00,7066.674694,-4.967203,7071.641896
2026-05-15T12:00:00+00:00,7056.175668,-4.967203,7061.142871
2026-05-15T13:00:00+00:00,6996.476516,-4.901665,7001.378181
2026-05-15T14:00:00+00:00,6963.975720,-4.878895,6968.854615
2026-05-15T15:00:00+00:00,6994.531201,-4.878895,6999.410096
2026-05-15T16:00:00+00:00,7000.043787,-4.878895,7004.922683
2026-05-15T17:00:00+00:00,7014.691518,-4.878895,7019.570413
2026-05-15T18:00:00+00:00,7010.123946,-4.878895,7015.002841
2026-05-15T19:00:00+00:00,6994.531201,-4.878895,6999.410096
2026-05-15T20:00:00+00:00,6985.396057,-4.878895,6990.274952
2026-05-15T21:00:00+00:00,6960.494788,-4.876456,6965.371244
2026-05-15T22:00:00+00:00,6982.653975,-4.876456,6987.530431
2026-05-15T23:00:00+00:00,6984.382706,-4.876456,6989.259162
2026-05-16T00:00:00+00:00,6992.397731,-4.876456,6997.274187
2026-05-16T01:00:00+00:00,7000.255599,-4.876456,7005.132055
2026-05-16T02:00:00+00:00,7000.884228,-4.876456,7005.760685
2026-05-16T03:00:00+00:00,6994.755091,-4.876456,6999.631548
2026-05-16T04:00:00+00:00,6988.783112,-4.876456,6993.659568
2026-05-16T05:00:00+00:00,6987.054381,-4.876456,6991.930837
2026-05-16T06:00:00+00:00,6946.361468,6946.361468,0.000000
2026-05-16T07:00:00+00:00,6941.498320,-4.863148,6946.361468
2026-05-16T08:00:00+00:00,6937.065012,-4.863148,6941.928159
2026-05-16T09:00:00+00:00,6849.911223,-4.798983,6854.710206
2026-05-16T10:00:00+00:00,6851.331006,-4.798983,6856.129988
2026-05-16T11:00:00+00:00,6858.429919,-4.798983,6863.228901
2026-05-16T12:00:00+00:00,6858.745426,-4.798983,6863.544408
2026-05-16T13:00:00+00:00,6861.111730,-4.798983,6865.910713
2026-05-16T14:00:00+00:00,6870.261440,-4.798983,6875.060423
2026-05-16T15:00:00+00:00,6870.103686,-4.798983,6874.902669
2026-05-16T16:00:00+00:00,6831.817095,-4.786306,6836.603401
2026-05-16T17:00:00+00:00,6846.287761,-4.786306,6851.074067
2026-05-16T18:00:00+00:00,6855.095993,-4.786306,6859.882299
2026-05-16T19:00:00+00:00,6848.961688,-4.786306,6853.747994
2026-05-16T20:00:00+00:00,6854.466833,-4.786306,6859.253139
2026-05-16T21:00:00+00:00,6857.612630,-4.786306,6862.398936
2026-05-16T22:00:00+00:00,6851.006457,-4.786306,6855.792763
2026-05-16T23:00:00+00:00,6851.478326,-4.786306,6856.264632
2026-05-17T00:00:00+00:00,6842.355515,-4.786306,6847.141821
2026-05-17T01:00:00+00:00,6809.019355,6809.019355,0.000000
2026-05-17T02:00:00+00:00,6809.019355,6809.019355,0.000000
2026-05-17T03:00:00+00:00,6809.019355,6809.019355,0.000000
2026-05-17T04:00:00+00:00,6809.019355,6809.019355,0.000000
2026-05-17T05:00:00+00:00,6809.019355,6809.019355,0.000000
2026-05-17T06:00:00+00:00,6809.019355,6809.019355,0.000000
2026-05-17T07:00:00+00:00,6809.019355,6809.019355,0.000000
2026-05-17T08:00:00+00:00,6809.019355,6809.019355,0.000000
2026-05-17T09:00:00+00:00,6809.019355,6809.019355,0.000000
2026-05-17T10:00:00+00:00,6809.019355,6809.019355,0.000000
2026-05-17T11:00:00+00:00,6809.019355,6809.019355,0.000000
2026-05-17T12:00:00+00:00,6809.019355,6809.019355,0.000000
2026-05-17T13:00:00+00:00,6809.019355,6809.019355,0.000000
2026-05-17T14:00:00+00:00,6809.019355,6809.019355,0.000000
2026-05-17T15:00:00+00:00,6804.253722,-2.042025,6809.019355
2026-05-17T16:00:00+00:00,6816.248837,-2.042025,6797.024240
2026-05-17T17:00:00+00:00,6812.665881,-2.042025,6800.607196
2026-05-17T18:00:00+00:00,6797.399371,-2.042025,6815.873706
2026-05-17T19:00:00+00:00,6777.189501,6777.189501,0.000000
2026-05-17T20:00:00+00:00,6777.189501,6777.189501,0.000000
2026-05-17T21:00:00+00:00,6777.189501,6777.189501,0.000000
2026-05-17T22:00:00+00:00,6777.189501,6777.189501,0.000000
2026-05-17T23:00:00+00:00,6772.444791,-4.744710,6777.189501
2026-05-18T00:00:00+00:00,6683.088209,-4.682108,6687.770317
2026-05-18T01:00:00+00:00,6690.046565,-4.682108,6694.728673
2026-05-18T02:00:00+00:00,6687.041820,-4.682108,6691.723928
2026-05-18T03:00:00+00:00,6693.051309,-4.682108,6697.733417
2026-05-18T04:00:00+00:00,6712.186787,-4.682108,6716.868895
2026-05-18T05:00:00+00:00,6692.260587,-4.682108,6696.942695
2026-05-18T06:00:00+00:00,6694.316465,-4.682108,6698.998573
2026-05-18T07:00:00+00:00,6698.902653,-4.682108,6703.584761
2026-05-18T08:00:00+00:00,6701.432965,-4.682108,6706.115073
2026-05-18T09:00:00+00:00,6687.041820,-4.682108,6691.723928
2026-05-18T10:00:00+00:00,6680.083465,-4.682108,6684.765573
2026-05-18T11:00:00+00:00,6698.007827,-4.692561,6702.700388
2026-05-18T12:00:00+00:00,6712.779002,6712.779002,0.000000
2026-05-18T13:00:00+00:00,6712.779002,6712.779002,0.000000
2026-05-18T14:00:00+00:00,6712.779002,6712.779002,0.000000
2026-05-18T15:00:00+00:00,6712.779002,6712.779002,0.000000
2026-05-18T16:00:00+00:00,6712.779002,6712.779002,0.000000
2026-05-18T17:00:00+00:00,6712.779002,6712.779002,0.000000
2026-05-18T18:00:00+00:00,6712.779002,6712.779002,0.000000
2026-05-18T19:00:00+00:00,6712.779002,6712.779002,0.000000
2026-05-18T20:00:00+00:00,6712.779002,6712.779002,0.000000
2026-05-18T21:00:00+00:00,6712.779002,6712.779002,0.000000
2026-05-18T22:00:00+00:00,6712.779002,6712.779002,0.000000
2026-05-18T23:00:00+00:00,6712.779002,6712.779002,0.000000
2026-05-19T00:00:00+00:00,6712.779002,6712.779002,0.000000
2026-05-19T01:00:00+00:00,6712.779002,6712.779002,0.000000
2026-05-19T02:00:00+00:00,6712.779002,6712.779002,0.000000
2026-05-19T03:00:00+00:00,6712.779002,6712.779002,0.000000
2026-05-19T04:00:00+00:00,6712.779002,6712.779002,0.000000
2026-05-19T05:00:00+00:00,6712.779002,6712.779002,0.000000
2026-05-19T06:00:00+00:00,6712.779002,6712.779002,0.000000
2026-05-19T07:00:00+00:00,6712.779002,6712.779002,0.000000
2026-05-19T08:00:00+00:00,6708.080728,-2.013162,6712.779002
2026-05-19T09:00:00+00:00,6721.876503,6721.876503,0.000000
2026-05-19T10:00:00+00:00,6721.876503,6721.876503,0.000000
2026-05-19T11:00:00+00:00,6721.876503,6721.876503,0.000000
2026-05-19T12:00:00+00:00,6721.876503,6721.876503,0.000000
2026-05-19T13:00:00+00:00,6721.876503,6721.876503,0.000000
2026-05-19T14:00:00+00:00,6721.876503,6721.876503,0.000000
2026-05-19T15:00:00+00:00,6721.876503,6721.876503,0.000000
2026-05-19T16:00:00+00:00,6721.876503,6721.876503,0.000000
2026-05-19T17:00:00+00:00,6721.876503,6721.876503,0.000000
2026-05-19T18:00:00+00:00,6721.876503,6721.876503,0.000000
2026-05-19T19:00:00+00:00,6721.876503,6721.876503,0.000000
2026-05-19T20:00:00+00:00,6721.876503,6721.876503,0.000000
2026-05-19T21:00:00+00:00,6721.876503,6721.876503,0.000000
2026-05-19T22:00:00+00:00,6721.876503,6721.876503,0.000000
2026-05-19T23:00:00+00:00,6721.876503,6721.876503,0.000000
2026-05-20T00:00:00+00:00,6721.876503,6721.876503,0.000000
2026-05-20T01:00:00+00:00,6721.876503,6721.876503,0.000000
2026-05-20T02:00:00+00:00,6721.876503,6721.876503,0.000000
2026-05-20T03:00:00+00:00,6721.876503,6721.876503,0.000000
2026-05-20T04:00:00+00:00,6721.876503,6721.876503,0.000000
2026-05-20T05:00:00+00:00,6721.876503,6721.876503,0.000000
2026-05-20T06:00:00+00:00,6721.876503,6721.876503,0.000000
2026-05-20T07:00:00+00:00,6721.876503,6721.876503,0.000000
2026-05-20T08:00:00+00:00,6721.876503,6721.876503,0.000000
2026-05-20T09:00:00+00:00,6721.876503,6721.876503,0.000000
2026-05-20T10:00:00+00:00,6721.876503,6721.876503,0.000000
2026-05-20T11:00:00+00:00,6721.876503,6721.876503,0.000000
2026-05-20T12:00:00+00:00,6717.171862,-2.015891,6721.876503
2026-05-20T13:00:00+00:00,6719.205229,6719.205229,0.000000
2026-05-20T14:00:00+00:00,6719.205229,6719.205229,0.000000
2026-05-20T15:00:00+00:00,6719.205229,6719.205229,0.000000
2026-05-20T16:00:00+00:00,6719.205229,6719.205229,0.000000
2026-05-20T17:00:00+00:00,6719.205229,6719.205229,0.000000
2026-05-20T18:00:00+00:00,6719.205229,6719.205229,0.000000
2026-05-20T19:00:00+00:00,6719.205229,6719.205229,0.000000
2026-05-20T20:00:00+00:00,6719.205229,6719.205229,0.000000
2026-05-20T21:00:00+00:00,6719.205229,6719.205229,0.000000
2026-05-20T22:00:00+00:00,6719.205229,6719.205229,0.000000
2026-05-20T23:00:00+00:00,6719.205229,6719.205229,0.000000
2026-05-21T00:00:00+00:00,6719.205229,6719.205229,0.000000
2026-05-21T01:00:00+00:00,6719.205229,6719.205229,0.000000
2026-05-21T02:00:00+00:00,6719.205229,6719.205229,0.000000
2026-05-21T03:00:00+00:00,6719.205229,6719.205229,0.000000
2026-05-21T04:00:00+00:00,6719.205229,6719.205229,0.000000
2026-05-21T05:00:00+00:00,6719.205229,6719.205229,0.000000
2026-05-21T06:00:00+00:00,6719.205229,6719.205229,0.000000
2026-05-21T07:00:00+00:00,6719.205229,6719.205229,0.000000
2026-05-21T08:00:00+00:00,6719.205229,6719.205229,0.000000
2026-05-21T09:00:00+00:00,6719.205229,6719.205229,0.000000
2026-05-21T10:00:00+00:00,6719.205229,6719.205229,0.000000
2026-05-21T11:00:00+00:00,6719.205229,6719.205229,0.000000
2026-05-21T12:00:00+00:00,6719.205229,6719.205229,0.000000
2026-05-21T13:00:00+00:00,6719.205229,6719.205229,0.000000
2026-05-21T14:00:00+00:00,6719.205229,6719.205229,0.000000
2026-05-21T15:00:00+00:00,6719.205229,6719.205229,0.000000
2026-05-21T16:00:00+00:00,6719.205229,6719.205229,0.000000
2026-05-21T17:00:00+00:00,6719.205229,6719.205229,0.000000
2026-05-21T18:00:00+00:00,6719.205229,6719.205229,0.000000
2026-05-21T19:00:00+00:00,6719.205229,6719.205229,0.000000
2026-05-21T20:00:00+00:00,6719.205229,6719.205229,0.000000
2026-05-21T21:00:00+00:00,6719.205229,6719.205229,0.000000
2026-05-21T22:00:00+00:00,6719.205229,6719.205229,0.000000
2026-05-21T23:00:00+00:00,6719.205229,6719.205229,0.000000
2026-05-22T00:00:00+00:00,6719.205229,6719.205229,0.000000
2026-05-22T01:00:00+00:00,6719.205229,6719.205229,0.000000
2026-05-22T02:00:00+00:00,6719.205229,6719.205229,0.000000
2026-05-22T03:00:00+00:00,6719.205229,6719.205229,0.000000
2026-05-22T04:00:00+00:00,6719.205229,6719.205229,0.000000
2026-05-22T05:00:00+00:00,6719.205229,6719.205229,0.000000
2026-05-22T06:00:00+00:00,6719.205229,6719.205229,0.000000
2026-05-22T07:00:00+00:00,6719.205229,6719.205229,0.000000
2026-05-22T08:00:00+00:00,6719.205229,6719.205229,0.000000
2026-05-22T09:00:00+00:00,6719.205229,6719.205229,0.000000
2026-05-22T10:00:00+00:00,6719.205229,6719.205229,0.000000
2026-05-22T11:00:00+00:00,6719.205229,6719.205229,0.000000
2026-05-22T12:00:00+00:00,6719.205229,6719.205229,0.000000
2026-05-22T13:00:00+00:00,6719.205229,6719.205229,0.000000
2026-05-22T14:00:00+00:00,6719.205229,6719.205229,0.000000
2026-05-22T15:00:00+00:00,6719.205229,6719.205229,0.000000
2026-05-22T16:00:00+00:00,6719.205229,6719.205229,0.000000
2026-05-22T17:00:00+00:00,6719.205229,6719.205229,0.000000
2026-05-22T18:00:00+00:00,6714.501114,-4.704116,6719.205229
2026-05-22T19:00:00+00:00,6625.909050,-4.642049,6630.551098
2026-05-22T20:00:00+00:00,6650.636731,-4.642049,6655.278780
2026-05-22T21:00:00+00:00,6665.730251,-4.642049,6670.372299
2026-05-22T22:00:00+00:00,6648.870468,-4.642049,6653.512517
2026-05-22T23:00:00+00:00,6608.677117,-4.629976,6613.307093
2026-05-23T00:00:00+00:00,6562.455840,-4.597594,6567.053434
2026-05-23T01:00:00+00:00,6575.979099,-4.597594,6580.576693
2026-05-23T02:00:00+00:00,6573.910836,-4.597594,6578.508430
2026-05-23T03:00:00+00:00,6581.865694,-4.597594,6586.463288
2026-05-23T04:00:00+00:00,6570.569795,-4.597594,6575.167389
2026-05-23T05:00:00+00:00,6563.251326,-4.597594,6567.848920
2026-05-23T06:00:00+00:00,6553.387302,-4.597594,6557.984896
2026-05-23T07:00:00+00:00,6475.869882,-4.536933,6480.406815
2026-05-23T08:00:00+00:00,6481.783100,-4.536933,6486.320033
2026-05-23T09:00:00+00:00,6472.673549,-4.536933,6477.210482
2026-05-23T10:00:00+00:00,6485.778517,-4.536933,6490.315450
2026-05-23T11:00:00+00:00,6485.458884,-4.536933,6489.995816
2026-05-23T12:00:00+00:00,6484.499983,-4.536933,6489.036916
2026-05-23T13:00:00+00:00,6528.769206,-4.536933,6533.306138
2026-05-23T14:00:00+00:00,6537.080253,6537.080253,0.000000
2026-05-23T15:00:00+00:00,6537.080253,6537.080253,0.000000
2026-05-23T16:00:00+00:00,6537.080253,6537.080253,0.000000
2026-05-23T17:00:00+00:00,6537.080253,6537.080253,0.000000
2026-05-23T18:00:00+00:00,6537.080253,6537.080253,0.000000
2026-05-23T19:00:00+00:00,6537.080253,6537.080253,0.000000
2026-05-23T20:00:00+00:00,6532.504950,-1.960470,6537.080253
2026-05-23T21:00:00+00:00,6595.888919,-1.979493,6600.508615
2026-05-23T22:00:00+00:00,6576.774193,-1.973756,6581.380501
2026-05-23T23:00:00+00:00,6573.819204,-1.973756,6584.335489
2026-05-24T00:00:00+00:00,6568.064754,-1.973756,6590.089939
2026-05-24T01:00:00+00:00,6559.044264,-1.973756,6599.110429
2026-05-24T02:00:00+00:00,6558.577687,-1.973756,6599.577006
2026-05-24T03:00:00+00:00,6570.086588,-1.973756,6588.068105
2026-05-24T04:00:00+00:00,6566.509497,-1.973756,6591.645196
2026-05-24T05:00:00+00:00,6566.509497,-1.973756,6591.645196
2026-05-24T06:00:00+00:00,6526.046339,-1.958532,6530.617118
2026-05-24T07:00:00+00:00,6547.842692,-1.958532,6508.820765
2026-05-24T08:00:00+00:00,6550.298619,-1.958532,6506.364838
2026-05-24T09:00:00+00:00,6540.628406,-1.958532,6516.035051
2026-05-24T10:00:00+00:00,6535.328014,-4.578589,6539.906603
2026-05-24T11:00:00+00:00,6546.735007,-4.578589,6551.313596
2026-05-24T12:00:00+00:00,6527.928883,-4.578589,6532.507472
2026-05-24T13:00:00+00:00,6494.971400,6494.971400,0.000000
2026-05-24T14:00:00+00:00,6494.971400,6494.971400,0.000000
2026-05-24T15:00:00+00:00,6490.424270,-4.547129,6494.971400
2026-05-24T16:00:00+00:00,6514.294863,-4.547129,6518.841993
2026-05-24T17:00:00+00:00,6511.814802,-4.547129,6516.361931
2026-05-24T18:00:00+00:00,6502.824578,-4.547129,6507.371708
2026-05-24T19:00:00+00:00,6505.459644,-4.547129,6510.006773
2026-05-24T20:00:00+00:00,6469.833912,-4.532704,6474.366616
2026-05-24T21:00:00+00:00,6384.470021,-4.472899,6388.942920
2026-05-24T22:00:00+00:00,6417.823666,6417.823666,0.000000
2026-05-24T23:00:00+00:00,6417.823666,6417.823666,0.000000
2026-05-25T00:00:00+00:00,6417.823666,6417.823666,0.000000
2026-05-25T01:00:00+00:00,6417.823666,6417.823666,0.000000
2026-05-25T02:00:00+00:00,6417.823666,6417.823666,0.000000
2026-05-25T03:00:00+00:00,6417.823666,6417.823666,0.000000
2026-05-25T04:00:00+00:00,6417.823666,6417.823666,0.000000
2026-05-25T05:00:00+00:00,6417.823666,6417.823666,0.000000
2026-05-25T06:00:00+00:00,6417.823666,6417.823666,0.000000
2026-05-25T07:00:00+00:00,6417.823666,6417.823666,0.000000
2026-05-25T08:00:00+00:00,6417.823666,6417.823666,0.000000
2026-05-25T09:00:00+00:00,6417.823666,6417.823666,0.000000
2026-05-25T10:00:00+00:00,6417.823666,6417.823666,0.000000
2026-05-25T11:00:00+00:00,6413.331831,-1.924705,6417.823666
2026-05-25T12:00:00+00:00,6406.804562,-1.924705,6424.350935
2026-05-25T13:00:00+00:00,6409.081516,-1.924705,6422.073981
2026-05-25T14:00:00+00:00,6361.426213,-1.909128,6365.881694
2026-05-25T15:00:00+00:00,6366.213490,-1.909128,6361.094417
2026-05-25T16:00:00+00:00,6319.387481,-1.896512,6323.813518
2026-05-25T17:00:00+00:00,6342.041804,-1.896512,6301.159196
2026-05-25T18:00:00+00:00,6347.668368,-1.896512,6295.532632
2026-05-25T19:00:00+00:00,6363.363520,-1.896512,6279.837480
2026-05-25T20:00:00+00:00,6402.305264,-1.896512,6240.895736
2026-05-25T21:00:00+00:00,6395.346093,-1.896512,6247.854907
2026-05-25T22:00:00+00:00,6416.519741,-1.896512,6226.681259
2026-05-25T23:00:00+00:00,6389.719529,-1.896512,6253.481471
2026-05-26T00:00:00+00:00,6419.665013,6419.665013,0.000000
2026-05-26T01:00:00+00:00,6419.665013,6419.665013,0.000000
2026-05-26T02:00:00+00:00,6419.665013,6419.665013,0.000000
2026-05-26T03:00:00+00:00,6419.665013,6419.665013,0.000000
2026-05-26T04:00:00+00:00,6415.170605,-4.494407,6419.665013
2026-05-26T05:00:00+00:00,6437.257664,-4.494407,6441.752072
2026-05-26T06:00:00+00:00,6440.325311,-4.494407,6444.819719
2026-05-26T07:00:00+00:00,6419.772076,-4.494407,6424.266483
2026-05-26T08:00:00+00:00,6425.907370,-4.494407,6430.401777
2026-05-26T09:00:00+00:00,6424.220164,-4.494407,6428.714572
2026-05-26T10:00:00+00:00,6493.463149,6493.463149,0.000000
2026-05-26T11:00:00+00:00,6493.463149,6493.463149,0.000000
2026-05-26T12:00:00+00:00,6493.463149,6493.463149,0.000000
2026-05-26T13:00:00+00:00,6493.463149,6493.463149,0.000000
2026-05-26T14:00:00+00:00,6493.463149,6493.463149,0.000000
2026-05-26T15:00:00+00:00,6493.463149,6493.463149,0.000000
2026-05-26T16:00:00+00:00,6493.463149,6493.463149,0.000000
2026-05-26T17:00:00+00:00,6493.463149,6493.463149,0.000000
2026-05-26T18:00:00+00:00,6493.463149,6493.463149,0.000000
2026-05-26T19:00:00+00:00,6493.463149,6493.463149,0.000000
2026-05-26T20:00:00+00:00,6493.463149,6493.463149,0.000000
2026-05-26T21:00:00+00:00,6493.463149,6493.463149,0.000000
2026-05-26T22:00:00+00:00,6493.463149,6493.463149,0.000000
2026-05-26T23:00:00+00:00,6493.463149,6493.463149,0.000000
2026-05-27T00:00:00+00:00,6488.917075,-4.546074,6493.463149
2026-05-27T01:00:00+00:00,6461.320481,-4.546074,6465.866554
2026-05-27T02:00:00+00:00,6466.933347,-4.546074,6471.479421
2026-05-27T03:00:00+00:00,6446.352836,-4.546074,6450.898910
2026-05-27T04:00:00+00:00,6407.787490,6407.787490,0.000000
2026-05-27T05:00:00+00:00,6407.787490,6407.787490,0.000000
2026-05-27T06:00:00+00:00,6407.787490,6407.787490,0.000000
2026-05-27T07:00:00+00:00,6407.787490,6407.787490,0.000000
2026-05-27T08:00:00+00:00,6407.787490,6407.787490,0.000000
2026-05-27T09:00:00+00:00,6407.787490,6407.787490,0.000000
2026-05-27T10:00:00+00:00,6407.787490,6407.787490,0.000000
2026-05-27T11:00:00+00:00,6407.787490,6407.787490,0.000000
2026-05-27T12:00:00+00:00,6407.787490,6407.787490,0.000000
2026-05-27T13:00:00+00:00,6407.787490,6407.787490,0.000000
2026-05-27T14:00:00+00:00,6407.787490,6407.787490,0.000000
2026-05-27T15:00:00+00:00,6407.787490,6407.787490,0.000000
2026-05-27T16:00:00+00:00,6407.787490,6407.787490,0.000000
2026-05-27T17:00:00+00:00,6407.787490,6407.787490,0.000000
2026-05-27T18:00:00+00:00,6407.787490,6407.787490,0.000000
2026-05-27T19:00:00+00:00,6407.787490,6407.787490,0.000000
2026-05-27T20:00:00+00:00,6407.787490,6407.787490,0.000000
2026-05-27T21:00:00+00:00,6403.301398,-4.486092,6407.787490
2026-05-27T22:00:00+00:00,6387.927503,-4.475321,6392.402824
2026-05-27T23:00:00+00:00,6386.190737,-4.475321,6390.666058
2026-05-28T00:00:00+00:00,6398.190209,-4.475321,6402.665530
2026-05-28T01:00:00+00:00,6343.244489,-4.444017,6347.688506
2026-05-28T02:00:00+00:00,6334.286596,-4.444017,6338.730613
2026-05-28T03:00:00+00:00,6259.550836,-4.385382,6263.936218
2026-05-28T04:00:00+00:00,6216.252271,-4.355047,6220.607319
2026-05-28T05:00:00+00:00,6205.576890,-4.355047,6209.931938
2026-05-28T06:00:00+00:00,6222.845889,-4.355047,6227.200936
2026-05-28T07:00:00+00:00,6257.383887,-4.355047,6261.738934
2026-05-28T08:00:00+00:00,6235.405161,-4.355047,6239.760208
2026-05-28T09:00:00+00:00,6253.302123,-4.355047,6257.657170
2026-05-28T10:00:00+00:00,6241.213824,-4.355047,6245.568871
2026-05-28T11:00:00+00:00,6239.800906,-4.355047,6244.155953
2026-05-28T12:00:00+00:00,6213.369385,6213.369385,0.000000
2026-05-28T13:00:00+00:00,6209.019405,-4.349980,6213.369385
2026-05-28T14:00:00+00:00,6220.454018,6220.454018,0.000000
2026-05-28T15:00:00+00:00,6220.454018,6220.454018,0.000000
2026-05-28T16:00:00+00:00,6220.454018,6220.454018,0.000000
2026-05-28T17:00:00+00:00,6216.100322,-1.865514,6220.454018
2026-05-28T18:00:00+00:00,6198.841829,-1.865514,6237.712511
2026-05-28T19:00:00+00:00,6230.431035,-1.865514,6206.123305
2026-05-28T20:00:00+00:00,6232.280160,-1.865514,6204.274181
2026-05-28T21:00:00+00:00,6202.515493,6202.515493,0.000000
2026-05-28T22:00:00+00:00,6202.515493,6202.515493,0.000000
2026-05-28T23:00:00+00:00,6202.515493,6202.515493,0.000000
2026-05-29T00:00:00+00:00,6202.515493,6202.515493,0.000000
2026-05-29T01:00:00+00:00,6202.515493,6202.515493,0.000000
2026-05-29T02:00:00+00:00,6202.515493,6202.515493,0.000000
2026-05-29T03:00:00+00:00,6202.515493,6202.515493,0.000000
2026-05-29T04:00:00+00:00,6202.515493,6202.515493,0.000000
2026-05-29T05:00:00+00:00,6202.515493,6202.515493,0.000000
2026-05-29T06:00:00+00:00,6202.515493,6202.515493,0.000000
2026-05-29T07:00:00+00:00,6202.515493,6202.515493,0.000000
2026-05-29T08:00:00+00:00,6202.515493,6202.515493,0.000000
2026-05-29T09:00:00+00:00,6202.515493,6202.515493,0.000000
2026-05-29T10:00:00+00:00,6202.515493,6202.515493,0.000000
2026-05-29T11:00:00+00:00,6202.515493,6202.515493,0.000000
2026-05-29T12:00:00+00:00,6202.515493,6202.515493,0.000000
2026-05-29T13:00:00+00:00,6202.515493,6202.515493,0.000000
2026-05-29T14:00:00+00:00,6202.515493,6202.515493,0.000000
2026-05-29T15:00:00+00:00,6202.515493,6202.515493,0.000000
2026-05-29T16:00:00+00:00,6198.174353,-1.860134,6202.515493
2026-05-29T17:00:00+00:00,6188.959600,6188.959600,0.000000
2026-05-29T18:00:00+00:00,6188.959600,6188.959600,0.000000
2026-05-29T19:00:00+00:00,6188.959600,6188.959600,0.000000
2026-05-29T20:00:00+00:00,6188.959600,6188.959600,0.000000
2026-05-29T21:00:00+00:00,6188.959600,6188.959600,0.000000
2026-05-29T22:00:00+00:00,6188.959600,6188.959600,0.000000
2026-05-29T23:00:00+00:00,6188.959600,6188.959600,0.000000
2026-05-30T00:00:00+00:00,6188.959600,6188.959600,0.000000
2026-05-30T01:00:00+00:00,6188.959600,6188.959600,0.000000
2026-05-30T02:00:00+00:00,6188.959600,6188.959600,0.000000
2026-05-30T03:00:00+00:00,6188.959600,6188.959600,0.000000
2026-05-30T04:00:00+00:00,6188.959600,6188.959600,0.000000
2026-05-30T05:00:00+00:00,6188.959600,6188.959600,0.000000
2026-05-30T06:00:00+00:00,6188.959600,6188.959600,0.000000
2026-05-30T07:00:00+00:00,6188.959600,6188.959600,0.000000
2026-05-30T08:00:00+00:00,6188.959600,6188.959600,0.000000
2026-05-30T09:00:00+00:00,6188.959600,6188.959600,0.000000
2026-05-30T10:00:00+00:00,6188.959600,6188.959600,0.000000
2026-05-30T11:00:00+00:00,6188.959600,6188.959600,0.000000
2026-05-30T12:00:00+00:00,6188.959600,6188.959600,0.000000
2026-05-30T13:00:00+00:00,6188.959600,6188.959600,0.000000
2026-05-30T14:00:00+00:00,6188.959600,6188.959600,0.000000
2026-05-30T15:00:00+00:00,6188.959600,6188.959600,0.000000
2026-05-30T16:00:00+00:00,6188.959600,6188.959600,0.000000
2026-05-30T17:00:00+00:00,6188.959600,6188.959600,0.000000
2026-05-30T18:00:00+00:00,6184.627947,-1.856069,6188.959600
2026-05-30T19:00:00+00:00,6181.116350,-1.856069,6192.471196
2026-05-30T20:00:00+00:00,6186.307406,-1.856069,6187.280141
2026-05-30T21:00:00+00:00,6182.490453,-1.856069,6191.097093
2026-05-30T22:00:00+00:00,6197.452908,-1.856069,6176.134639
2026-05-30T23:00:00+00:00,6201.117182,-1.856069,6172.470365
2026-05-31T00:00:00+00:00,6187.223475,-1.856069,6186.364072
2026-05-31T01:00:00+00:00,6179.589569,-1.856069,6193.997977
2026-05-31T02:00:00+00:00,6149.850527,-1.845632,6154.157822
2026-05-31T03:00:00+00:00,6152.725453,-1.845632,6151.282896
2026-05-31T04:00:00+00:00,6151.666270,-1.845632,6152.342079
2026-05-31T05:00:00+00:00,6163.014663,-1.845632,6140.993686
2026-05-31T06:00:00+00:00,6163.771222,-1.845632,6140.237127
2026-05-31T07:00:00+00:00,6181.626027,-1.845632,6122.382322
2026-05-31T08:00:00+00:00,6170.277634,-1.845632,6133.730715
2026-05-31T09:00:00+00:00,6190.402117,-1.845632,6113.606231
2026-05-31T10:00:00+00:00,6191.007365,-1.845632,6113.000984
2026-05-31T11:00:00+00:00,6184.349641,-1.845632,6119.658707
2026-05-31T12:00:00+00:00,6186.770632,-1.845632,6117.237717
2026-05-31T13:00:00+00:00,6192.823108,-1.845632,6111.185241
2026-05-31T14:00:00+00:00,6180.774262,-4.330192,6185.104454
2026-05-31T15:00:00+00:00,6188.787253,-4.330192,6193.117445
2026-05-31T16:00:00+00:00,6145.454334,-4.305447,6149.759781
2026-05-31T17:00:00+00:00,6157.285523,-4.305447,6161.590970
2026-05-31T18:00:00+00:00,6141.459387,-4.305447,6145.764834
2026-05-31T19:00:00+00:00,6138.232699,-4.305447,6142.538146
2026-05-31T20:00:00+00:00,6160.512211,-4.305447,6164.817658
2026-05-31T21:00:00+00:00,6177.106606,-4.305447,6181.412052
2026-05-31T22:00:00+00:00,6177.567561,-4.305447,6181.873008
2026-05-31T23:00:00+00:00,6156.720734,6156.720734,0.000000
2026-06-01T00:00:00+00:00,6156.720734,6156.720734,0.000000
2026-06-01T01:00:00+00:00,6156.720734,6156.720734,0.000000
2026-06-01T02:00:00+00:00,6156.720734,6156.720734,0.000000
2026-06-01T03:00:00+00:00,6156.720734,6156.720734,0.000000
2026-06-01T04:00:00+00:00,6156.720734,6156.720734,0.000000
2026-06-01T05:00:00+00:00,6156.720734,6156.720734,0.000000
2026-06-01T06:00:00+00:00,6156.720734,6156.720734,0.000000
2026-06-01T07:00:00+00:00,6156.720734,6156.720734,0.000000
2026-06-01T08:00:00+00:00,6156.720734,6156.720734,0.000000
2026-06-01T09:00:00+00:00,6156.720734,6156.720734,0.000000
2026-06-01T10:00:00+00:00,6156.720734,6156.720734,0.000000
2026-06-01T11:00:00+00:00,6156.720734,6156.720734,0.000000
2026-06-01T12:00:00+00:00,6156.720734,6156.720734,0.000000
2026-06-01T13:00:00+00:00,6156.720734,6156.720734,0.000000
2026-06-01T14:00:00+00:00,6156.720734,6156.720734,0.000000
2026-06-01T15:00:00+00:00,6156.720734,6156.720734,0.000000
2026-06-01T16:00:00+00:00,6156.720734,6156.720734,0.000000
2026-06-01T17:00:00+00:00,6156.720734,6156.720734,0.000000
2026-06-01T18:00:00+00:00,6156.720734,6156.720734,0.000000
2026-06-01T19:00:00+00:00,6156.720734,6156.720734,0.000000
2026-06-01T20:00:00+00:00,6156.720734,6156.720734,0.000000
2026-06-01T21:00:00+00:00,6156.720734,6156.720734,0.000000
2026-06-01T22:00:00+00:00,6156.720734,6156.720734,0.000000
2026-06-01T23:00:00+00:00,6156.720734,6156.720734,0.000000
2026-06-02T00:00:00+00:00,6156.720734,6156.720734,0.000000
2026-06-02T01:00:00+00:00,6156.720734,6156.720734,0.000000
2026-06-02T02:00:00+00:00,6156.720734,6156.720734,0.000000
2026-06-02T03:00:00+00:00,6156.720734,6156.720734,0.000000
2026-06-02T04:00:00+00:00,6156.720734,6156.720734,0.000000
2026-06-02T05:00:00+00:00,6156.720734,6156.720734,0.000000
2026-06-02T06:00:00+00:00,6156.720734,6156.720734,0.000000
2026-06-02T07:00:00+00:00,6156.720734,6156.720734,0.000000
2026-06-02T08:00:00+00:00,6156.720734,6156.720734,0.000000
2026-06-02T09:00:00+00:00,6156.720734,6156.720734,0.000000
2026-06-02T10:00:00+00:00,6156.720734,6156.720734,0.000000
2026-06-02T11:00:00+00:00,6156.720734,6156.720734,0.000000
2026-06-02T12:00:00+00:00,6156.720734,6156.720734,0.000000
2026-06-02T13:00:00+00:00,6156.720734,6156.720734,0.000000
2026-06-02T14:00:00+00:00,6152.410414,-4.310320,6156.720734
2026-06-02T15:00:00+00:00,6071.234652,-4.253449,6075.488102
2026-06-02T16:00:00+00:00,6106.166571,-4.277922,6110.444493
2026-06-02T17:00:00+00:00,6117.623953,-4.277922,6121.901875
2026-06-02T18:00:00+00:00,6083.640426,-4.262141,6087.902566
2026-06-02T19:00:00+00:00,6003.372025,-4.205905,6007.577930
2026-06-02T20:00:00+00:00,5966.743225,-4.180244,5970.923469
2026-06-02T21:00:00+00:00,5947.943088,-4.180244,5952.123332
2026-06-02T22:00:00+00:00,5888.017183,-4.125089,5892.142272
2026-06-02T23:00:00+00:00,5810.329863,-4.070662,5814.400525
2026-06-03T00:00:00+00:00,5800.361384,-4.063678,5804.425062
2026-06-03T01:00:00+00:00,5754.188072,-4.031329,5758.219401
2026-06-03T02:00:00+00:00,5721.903611,-4.031329,5725.934940
2026-06-03T03:00:00+00:00,5678.266512,-3.978139,5682.244651
2026-06-03T04:00:00+00:00,5699.781521,-3.993213,5703.774734
2026-06-03T05:00:00+00:00,5726.890206,5726.890206,0.000000
2026-06-03T06:00:00+00:00,5726.890206,5726.890206,0.000000
2026-06-03T07:00:00+00:00,5726.890206,5726.890206,0.000000
2026-06-03T08:00:00+00:00,5726.890206,5726.890206,0.000000
2026-06-03T09:00:00+00:00,5726.890206,5726.890206,0.000000
2026-06-03T10:00:00+00:00,5726.890206,5726.890206,0.000000
2026-06-03T11:00:00+00:00,5726.890206,5726.890206,0.000000
2026-06-03T12:00:00+00:00,5726.890206,5726.890206,0.000000
2026-06-03T13:00:00+00:00,5726.890206,5726.890206,0.000000
2026-06-03T14:00:00+00:00,5726.890206,5726.890206,0.000000
2026-06-03T15:00:00+00:00,5726.890206,5726.890206,0.000000
2026-06-03T16:00:00+00:00,5726.890206,5726.890206,0.000000
2026-06-03T17:00:00+00:00,5726.890206,5726.890206,0.000000
2026-06-03T18:00:00+00:00,5726.890206,5726.890206,0.000000
2026-06-03T19:00:00+00:00,5722.880810,-4.009396,5726.890206
2026-06-03T20:00:00+00:00,5647.372323,-3.956495,5651.328818
2026-06-03T21:00:00+00:00,5815.630926,5815.630926,0.000000
2026-06-03T22:00:00+00:00,5815.630926,5815.630926,0.000000
2026-06-03T23:00:00+00:00,5815.630926,5815.630926,0.000000
2026-06-04T00:00:00+00:00,5815.630926,5815.630926,0.000000
2026-06-04T01:00:00+00:00,5811.559403,-4.071523,5815.630926
2026-06-04T02:00:00+00:00,5734.880878,-4.017803,5738.898681
2026-06-04T03:00:00+00:00,5833.169842,5833.169842,0.000000
2026-06-04T04:00:00+00:00,5833.169842,5833.169842,0.000000
2026-06-04T05:00:00+00:00,5833.169842,5833.169842,0.000000
2026-06-04T06:00:00+00:00,5833.169842,5833.169842,0.000000
2026-06-04T07:00:00+00:00,5833.169842,5833.169842,0.000000
2026-06-04T08:00:00+00:00,5833.169842,5833.169842,0.000000
2026-06-04T09:00:00+00:00,5833.169842,5833.169842,0.000000
2026-06-04T10:00:00+00:00,5833.169842,5833.169842,0.000000
2026-06-04T11:00:00+00:00,5829.086039,-4.083802,5833.169842
2026-06-04T12:00:00+00:00,5882.410299,5882.410299,0.000000
2026-06-04T13:00:00+00:00,5882.410299,5882.410299,0.000000
2026-06-04T14:00:00+00:00,5882.410299,5882.410299,0.000000
2026-06-04T15:00:00+00:00,5882.410299,5882.410299,0.000000
2026-06-04T16:00:00+00:00,5882.410299,5882.410299,0.000000
2026-06-04T17:00:00+00:00,5882.410299,5882.410299,0.000000
2026-06-04T18:00:00+00:00,5882.410299,5882.410299,0.000000
2026-06-04T19:00:00+00:00,5882.410299,5882.410299,0.000000
2026-06-04T20:00:00+00:00,5882.410299,5882.410299,0.000000
2026-06-04T21:00:00+00:00,5882.410299,5882.410299,0.000000
2026-06-04T22:00:00+00:00,5882.410299,5882.410299,0.000000
2026-06-04T23:00:00+00:00,5882.410299,5882.410299,0.000000
2026-06-05T00:00:00+00:00,5882.410299,5882.410299,0.000000
2026-06-05T01:00:00+00:00,5882.410299,5882.410299,0.000000
2026-06-05T02:00:00+00:00,5878.292023,-4.118275,5882.410299
2026-06-05T03:00:00+00:00,5854.738473,-4.101774,5858.840247
2026-06-05T04:00:00+00:00,5860.065051,5860.065051,0.000000
2026-06-05T05:00:00+00:00,5855.962419,-4.102632,5860.065051
2026-06-05T06:00:00+00:00,5778.698034,-4.048501,5782.746535
2026-06-05T07:00:00+00:00,5702.453086,-3.995084,5706.448171
2026-06-05T08:00:00+00:00,5627.214125,-3.942373,5631.156497
2026-06-05T09:00:00+00:00,5662.569310,-3.967142,5666.536452
2026-06-05T10:00:00+00:00,5643.701632,-3.967142,5647.668774
2026-06-05T11:00:00+00:00,5617.716856,-3.935719,5621.652575
2026-06-05T12:00:00+00:00,5593.249284,-3.918577,5597.167861
2026-06-05T13:00:00+00:00,5519.451173,-3.866875,5523.318048
2026-06-05T14:00:00+00:00,5446.626764,-3.815855,5450.442619
2026-06-05T15:00:00+00:00,5374.763211,-3.765508,5378.528719
2026-06-05T16:00:00+00:00,5303.847835,-3.715825,5307.563660
2026-06-05T17:00:00+00:00,5233.868127,-3.666798,5237.534925
2026-06-05T18:00:00+00:00,5164.811741,-3.618418,5168.430159
2026-06-05T19:00:00+00:00,5210.986606,5210.986606,0.000000
2026-06-05T20:00:00+00:00,5210.986606,5210.986606,0.000000
2026-06-05T21:00:00+00:00,5210.986606,5210.986606,0.000000
2026-06-05T22:00:00+00:00,5210.986606,5210.986606,0.000000
2026-06-05T23:00:00+00:00,5210.986606,5210.986606,0.000000
2026-06-06T00:00:00+00:00,5210.986606,5210.986606,0.000000
2026-06-06T01:00:00+00:00,5210.986606,5210.986606,0.000000
2026-06-06T02:00:00+00:00,5210.986606,5210.986606,0.000000
2026-06-06T03:00:00+00:00,5210.986606,5210.986606,0.000000
2026-06-06T04:00:00+00:00,5210.986606,5210.986606,0.000000
2026-06-06T05:00:00+00:00,5210.986606,5210.986606,0.000000
2026-06-06T06:00:00+00:00,5210.986606,5210.986606,0.000000
2026-06-06T07:00:00+00:00,5210.986606,5210.986606,0.000000
2026-06-06T08:00:00+00:00,5210.986606,5210.986606,0.000000
2026-06-06T09:00:00+00:00,5210.986606,5210.986606,0.000000
2026-06-06T10:00:00+00:00,5210.986606,5210.986606,0.000000
2026-06-06T11:00:00+00:00,5210.986606,5210.986606,0.000000
2026-06-06T12:00:00+00:00,5210.986606,5210.986606,0.000000
2026-06-06T13:00:00+00:00,5210.986606,5210.986606,0.000000
2026-06-06T14:00:00+00:00,5210.986606,5210.986606,0.000000
2026-06-06T15:00:00+00:00,5210.986606,5210.986606,0.000000
2026-06-06T16:00:00+00:00,5210.986606,5210.986606,0.000000
2026-06-06T17:00:00+00:00,5210.986606,5210.986606,0.000000
2026-06-06T18:00:00+00:00,5210.986606,5210.986606,0.000000
2026-06-06T19:00:00+00:00,5210.986606,5210.986606,0.000000
2026-06-06T20:00:00+00:00,5210.986606,5210.986606,0.000000
2026-06-06T21:00:00+00:00,5210.986606,5210.986606,0.000000
2026-06-06T22:00:00+00:00,5210.986606,5210.986606,0.000000
2026-06-06T23:00:00+00:00,5210.986606,5210.986606,0.000000
2026-06-07T00:00:00+00:00,5210.986606,5210.986606,0.000000
2026-06-07T01:00:00+00:00,5210.986606,5210.986606,0.000000
2026-06-07T02:00:00+00:00,5210.986606,5210.986606,0.000000
2026-06-07T03:00:00+00:00,5207.339436,-1.562775,5210.986606
2026-06-07T04:00:00+00:00,5191.972060,-1.558163,5195.608467
2026-06-07T05:00:00+00:00,5155.443829,-1.547200,5159.054651
2026-06-07T06:00:00+00:00,5087.361762,-1.526768,5090.924900
2026-06-07T07:00:00+00:00,5077.249748,-1.526768,5101.036914
2026-06-07T08:00:00+00:00,5020.178777,-1.506606,5023.694861
2026-06-07T09:00:00+00:00,5011.543533,-1.504015,5015.053569
2026-06-07T10:00:00+00:00,5034.889366,-1.504015,4991.707736
2026-06-07T11:00:00+00:00,5021.219767,-1.504015,5005.377336
2026-06-07T12:00:00+00:00,5046.771031,-1.514587,5050.305739
2026-06-07T13:00:00+00:00,5055.191325,-1.514587,5041.885445
2026-06-07T14:00:00+00:00,4980.124081,-1.494585,4983.612111
2026-06-07T15:00:00+00:00,4955.973190,-1.487337,4959.444305
2026-06-07T16:00:00+00:00,4960.691686,-1.487337,4954.725808
2026-06-07T17:00:00+00:00,4933.831999,4933.831999,0.000000
2026-06-07T18:00:00+00:00,4933.831999,4933.831999,0.000000
2026-06-07T19:00:00+00:00,4933.831999,4933.831999,0.000000
2026-06-07T20:00:00+00:00,4933.831999,4933.831999,0.000000
2026-06-07T21:00:00+00:00,4933.831999,4933.831999,0.000000
2026-06-07T22:00:00+00:00,4933.831999,4933.831999,0.000000
2026-06-07T23:00:00+00:00,4930.378810,-1.479656,4933.831999
2026-06-08T00:00:00+00:00,4865.268921,-1.460116,4868.676507
2026-06-08T01:00:00+00:00,4899.587361,4899.587361,0.000000
2026-06-08T02:00:00+00:00,4896.158140,-1.469386,4899.587361
2026-06-08T03:00:00+00:00,4872.111744,-1.462170,4875.524123
2026-06-08T04:00:00+00:00,4899.379612,4899.379612,0.000000
2026-06-08T05:00:00+00:00,4899.379612,4899.379612,0.000000
2026-06-08T06:00:00+00:00,4899.379612,4899.379612,0.000000
2026-06-08T07:00:00+00:00,4899.379612,4899.379612,0.000000
2026-06-08T08:00:00+00:00,4899.379612,4899.379612,0.000000
2026-06-08T09:00:00+00:00,4899.379612,4899.379612,0.000000
2026-06-08T10:00:00+00:00,4899.379612,4899.379612,0.000000
2026-06-08T11:00:00+00:00,4899.379612,4899.379612,0.000000
2026-06-08T12:00:00+00:00,4899.379612,4899.379612,0.000000
2026-06-08T13:00:00+00:00,4899.379612,4899.379612,0.000000
2026-06-08T14:00:00+00:00,4899.379612,4899.379612,0.000000
2026-06-08T15:00:00+00:00,4899.379612,4899.379612,0.000000
2026-06-08T16:00:00+00:00,4899.379612,4899.379612,0.000000
2026-06-08T17:00:00+00:00,4899.379612,4899.379612,0.000000
2026-06-08T18:00:00+00:00,4899.379612,4899.379612,0.000000
2026-06-08T19:00:00+00:00,4899.379612,4899.379612,0.000000
2026-06-08T20:00:00+00:00,4899.379612,4899.379612,0.000000
2026-06-08T21:00:00+00:00,4899.379612,4899.379612,0.000000
2026-06-08T22:00:00+00:00,4895.950537,-1.469324,4899.379612
2026-06-08T23:00:00+00:00,4901.195757,4901.195757,0.000000
2026-06-09T00:00:00+00:00,4901.195757,4901.195757,0.000000
2026-06-09T01:00:00+00:00,4901.195757,4901.195757,0.000000
2026-06-09T02:00:00+00:00,4901.195757,4901.195757,0.000000
2026-06-09T03:00:00+00:00,4901.195757,4901.195757,0.000000
2026-06-09T04:00:00+00:00,4901.195757,4901.195757,0.000000
2026-06-09T05:00:00+00:00,4901.195757,4901.195757,0.000000
2026-06-09T06:00:00+00:00,4901.195757,4901.195757,0.000000
2026-06-09T07:00:00+00:00,4901.195757,4901.195757,0.000000
2026-06-09T08:00:00+00:00,4901.195757,4901.195757,0.000000
2026-06-09T09:00:00+00:00,4901.195757,4901.195757,0.000000
2026-06-09T10:00:00+00:00,4901.195757,4901.195757,0.000000
2026-06-09T11:00:00+00:00,4901.195757,4901.195757,0.000000
2026-06-09T12:00:00+00:00,4901.195757,4901.195757,0.000000
2026-06-09T13:00:00+00:00,4901.195757,4901.195757,0.000000
2026-06-09T14:00:00+00:00,4901.195757,4901.195757,0.000000
2026-06-09T15:00:00+00:00,4901.195757,4901.195757,0.000000
2026-06-09T16:00:00+00:00,4901.195757,4901.195757,0.000000
2026-06-09T17:00:00+00:00,4901.195757,4901.195757,0.000000
2026-06-09T18:00:00+00:00,4901.195757,4901.195757,0.000000
2026-06-09T19:00:00+00:00,4901.195757,4901.195757,0.000000
2026-06-09T20:00:00+00:00,4901.195757,4901.195757,0.000000
2026-06-09T21:00:00+00:00,4901.195757,4901.195757,0.000000
2026-06-09T22:00:00+00:00,4901.195757,4901.195757,0.000000
2026-06-09T23:00:00+00:00,4901.195757,4901.195757,0.000000
2026-06-10T00:00:00+00:00,4901.195757,4901.195757,0.000000
2026-06-10T01:00:00+00:00,4901.195757,4901.195757,0.000000
2026-06-10T02:00:00+00:00,4897.764430,-3.431327,4901.195757
2026-06-10T03:00:00+00:00,4892.564817,4892.564817,0.000000
2026-06-10T04:00:00+00:00,4892.564817,4892.564817,0.000000
2026-06-10T05:00:00+00:00,4892.564817,4892.564817,0.000000
2026-06-10T06:00:00+00:00,4892.564817,4892.564817,0.000000
2026-06-10T07:00:00+00:00,4892.564817,4892.564817,0.000000
2026-06-10T08:00:00+00:00,4892.564817,4892.564817,0.000000
2026-06-10T09:00:00+00:00,4892.564817,4892.564817,0.000000
2026-06-10T10:00:00+00:00,4892.564817,4892.564817,0.000000
2026-06-10T11:00:00+00:00,4892.564817,4892.564817,0.000000
2026-06-10T12:00:00+00:00,4892.564817,4892.564817,0.000000
2026-06-10T13:00:00+00:00,4892.564817,4892.564817,0.000000
2026-06-10T14:00:00+00:00,4892.564817,4892.564817,0.000000
2026-06-10T15:00:00+00:00,4892.564817,4892.564817,0.000000
2026-06-10T16:00:00+00:00,4892.564817,4892.564817,0.000000
2026-06-10T17:00:00+00:00,4892.564817,4892.564817,0.000000
2026-06-10T18:00:00+00:00,4892.564817,4892.564817,0.000000
2026-06-10T19:00:00+00:00,4892.564817,4892.564817,0.000000
2026-06-10T20:00:00+00:00,4892.564817,4892.564817,0.000000
2026-06-10T21:00:00+00:00,4892.564817,4892.564817,0.000000
2026-06-10T22:00:00+00:00,4892.564817,4892.564817,0.000000
2026-06-10T23:00:00+00:00,4892.564817,4892.564817,0.000000
2026-06-11T00:00:00+00:00,4892.564817,4892.564817,0.000000
2026-06-11T01:00:00+00:00,4892.564817,4892.564817,0.000000
2026-06-11T02:00:00+00:00,4892.564817,4892.564817,0.000000
2026-06-11T03:00:00+00:00,4892.564817,4892.564817,0.000000
2026-06-11T04:00:00+00:00,4892.564817,4892.564817,0.000000
2026-06-11T05:00:00+00:00,4892.564817,4892.564817,0.000000
2026-06-11T06:00:00+00:00,4892.564817,4892.564817,0.000000
2026-06-11T07:00:00+00:00,4892.564817,4892.564817,0.000000
2026-06-11T08:00:00+00:00,4892.564817,4892.564817,0.000000
2026-06-11T09:00:00+00:00,4892.564817,4892.564817,0.000000
2026-06-11T10:00:00+00:00,4892.564817,4892.564817,0.000000
2026-06-11T11:00:00+00:00,4889.140511,-1.467280,4892.564817
2026-06-11T12:00:00+00:00,4919.277821,4919.277821,0.000000
2026-06-11T13:00:00+00:00,4919.277821,4919.277821,0.000000
2026-06-11T14:00:00+00:00,4919.277821,4919.277821,0.000000
2026-06-11T15:00:00+00:00,4919.277821,4919.277821,0.000000
2026-06-11T16:00:00+00:00,4919.277821,4919.277821,0.000000
2026-06-11T17:00:00+00:00,4919.277821,4919.277821,0.000000
2026-06-11T18:00:00+00:00,4919.277821,4919.277821,0.000000
2026-06-11T19:00:00+00:00,4919.277821,4919.277821,0.000000
2026-06-11T20:00:00+00:00,4919.277821,4919.277821,0.000000
2026-06-11T21:00:00+00:00,4919.277821,4919.277821,0.000000
2026-06-11T22:00:00+00:00,4919.277821,4919.277821,0.000000
2026-06-11T23:00:00+00:00,4919.277821,4919.277821,0.000000
2026-06-12T00:00:00+00:00,4919.277821,4919.277821,0.000000
2026-06-12T01:00:00+00:00,4919.277821,4919.277821,0.000000
2026-06-12T02:00:00+00:00,4919.277821,4919.277821,0.000000
2026-06-12T03:00:00+00:00,4919.277821,4919.277821,0.000000
2026-06-12T04:00:00+00:00,4919.277821,4919.277821,0.000000
2026-06-12T05:00:00+00:00,4919.277821,4919.277821,0.000000
2026-06-12T06:00:00+00:00,4919.277821,4919.277821,0.000000
2026-06-12T07:00:00+00:00,4919.277821,4919.277821,0.000000
2026-06-12T08:00:00+00:00,4919.277821,4919.277821,0.000000
2026-06-12T09:00:00+00:00,4919.277821,4919.277821,0.000000
2026-06-12T10:00:00+00:00,4919.277821,4919.277821,0.000000
2026-06-12T11:00:00+00:00,4919.277821,4919.277821,0.000000
2026-06-12T12:00:00+00:00,4919.277821,4919.277821,0.000000
2026-06-12T13:00:00+00:00,4919.277821,4919.277821,0.000000
2026-06-12T14:00:00+00:00,4919.277821,4919.277821,0.000000
2026-06-12T15:00:00+00:00,4919.277821,4919.277821,0.000000
2026-06-12T16:00:00+00:00,4919.277821,4919.277821,0.000000
2026-06-12T17:00:00+00:00,4919.277821,4919.277821,0.000000
2026-06-12T18:00:00+00:00,4919.277821,4919.277821,0.000000
2026-06-12T19:00:00+00:00,4919.277821,4919.277821,0.000000
2026-06-12T20:00:00+00:00,4919.277821,4919.277821,0.000000
2026-06-12T21:00:00+00:00,4919.277821,4919.277821,0.000000
2026-06-12T22:00:00+00:00,4919.277821,4919.277821,0.000000
2026-06-12T23:00:00+00:00,4919.277821,4919.277821,0.000000
2026-06-13T00:00:00+00:00,4919.277821,4919.277821,0.000000
2026-06-13T01:00:00+00:00,4919.277821,4919.277821,0.000000
2026-06-13T02:00:00+00:00,4919.277821,4919.277821,0.000000
2026-06-13T03:00:00+00:00,4919.277821,4919.277821,0.000000
2026-06-13T04:00:00+00:00,4919.277821,4919.277821,0.000000
2026-06-13T05:00:00+00:00,4919.277821,4919.277821,0.000000
2026-06-13T06:00:00+00:00,4919.277821,4919.277821,0.000000
2026-06-13T07:00:00+00:00,4919.277821,4919.277821,0.000000
2026-06-13T08:00:00+00:00,4919.277821,4919.277821,0.000000
2026-06-13T09:00:00+00:00,4919.277821,4919.277821,0.000000
2026-06-13T10:00:00+00:00,4919.277821,4919.277821,0.000000
2026-06-13T11:00:00+00:00,4919.277821,4919.277821,0.000000
2026-06-13T12:00:00+00:00,4915.834818,-1.475291,4919.277821
2026-06-13T13:00:00+00:00,4923.595086,-1.475291,4911.517553
2026-06-13T14:00:00+00:00,4917.738280,-1.475291,4917.374359
2026-06-13T15:00:00+00:00,4911.295794,-1.475291,4923.816846
2026-06-13T16:00:00+00:00,4927.255590,-1.475291,4907.857049
2026-06-13T17:00:00+00:00,4934.576598,-1.475291,4900.536042
2026-06-13T18:00:00+00:00,4922.716565,-1.475291,4912.396074
2026-06-13T19:00:00+00:00,4922.423725,-1.475291,4912.688914
2026-06-13T20:00:00+00:00,4927.841271,-1.475291,4907.271368
2026-06-13T21:00:00+00:00,4901.071077,4901.071077,0.000000
2026-06-13T22:00:00+00:00,4901.071077,4901.071077,0.000000
2026-06-13T23:00:00+00:00,4901.071077,4901.071077,0.000000
2026-06-14T00:00:00+00:00,4901.071077,4901.071077,0.000000
2026-06-14T01:00:00+00:00,4901.071077,4901.071077,0.000000
2026-06-14T02:00:00+00:00,4901.071077,4901.071077,0.000000
2026-06-14T03:00:00+00:00,4901.071077,4901.071077,0.000000
2026-06-14T04:00:00+00:00,4901.071077,4901.071077,0.000000
2026-06-14T05:00:00+00:00,4901.071077,4901.071077,0.000000
2026-06-14T06:00:00+00:00,4901.071077,4901.071077,0.000000
2026-06-14T07:00:00+00:00,4901.071077,4901.071077,0.000000
2026-06-14T08:00:00+00:00,4901.071077,4901.071077,0.000000
2026-06-14T09:00:00+00:00,4901.071077,4901.071077,0.000000
2026-06-14T10:00:00+00:00,4901.071077,4901.071077,0.000000
2026-06-14T11:00:00+00:00,4897.639837,-3.431240,4901.071077
2026-06-14T12:00:00+00:00,4878.155099,-3.431240,4881.586338
2026-06-14T13:00:00+00:00,4876.836582,-3.431240,4880.267822
2026-06-14T14:00:00+00:00,4854.967353,-3.401344,4858.368697
2026-06-14T15:00:00+00:00,4864.339658,-3.401344,4867.741002
2026-06-14T16:00:00+00:00,4860.532159,-3.401344,4863.933503
2026-06-14T17:00:00+00:00,4862.875235,-3.401344,4866.276579
2026-06-14T18:00:00+00:00,4862.582351,-3.401344,4865.983695
2026-06-14T19:00:00+00:00,4872.247541,-3.401344,4875.648884
2026-06-14T20:00:00+00:00,4886.745325,-3.401344,4890.146669
2026-06-14T21:00:00+00:00,5021.882623,-1.507117,5025.399900
2026-06-14T22:00:00+00:00,4993.081502,-1.498474,4996.578607
2026-06-14T23:00:00+00:00,4984.520499,-1.498474,5005.139610
2026-06-15T00:00:00+00:00,4962.938760,-1.489428,4966.414754
2026-06-15T01:00:00+00:00,4977.375593,-1.489428,4951.977921
2026-06-15T02:00:00+00:00,4949.584159,-1.485420,4953.050799
2026-06-15T03:00:00+00:00,4937.459894,-1.485420,4965.175064
2026-06-15T04:00:00+00:00,4947.996458,-1.485420,4954.638501
2026-06-15T05:00:00+00:00,4937.892904,-1.485420,4964.742054
2026-06-15T06:00:00+00:00,4940.057951,-1.485420,4962.577007
2026-06-15T07:00:00+00:00,4949.728495,-1.485420,4952.906463
2026-06-15T08:00:00+00:00,4938.614586,-1.485420,4964.020372
2026-06-15T09:00:00+00:00,4916.270039,-1.475422,4919.713347
2026-06-15T10:00:00+00:00,4851.346468,-1.455938,4854.744304
2026-06-15T11:00:00+00:00,4787.280268,-1.436711,4790.633232
2026-06-15T12:00:00+00:00,4754.436640,-1.426854,4757.766601
2026-06-15T13:00:00+00:00,4691.650218,-1.408011,4694.936204
2026-06-15T14:00:00+00:00,4692.038486,-1.408011,4694.547936
2026-06-15T15:00:00+00:00,4629.692944,-1.389417,4632.935536
2026-06-15T16:00:00+00:00,4636.599901,-1.389417,4626.028579
2026-06-15T17:00:00+00:00,4641.972171,-1.393102,4645.223363
2026-06-15T18:00:00+00:00,4645.401974,-1.393102,4641.793560
2026-06-15T19:00:00+00:00,4644.152079,-1.393757,4647.404797
2026-06-15T20:00:00+00:00,4657.426367,-1.393757,4634.130509
2026-06-15T21:00:00+00:00,4669.424281,-1.393757,4622.132595
2026-06-15T22:00:00+00:00,4692.529667,4692.529667,0.000000
2026-06-15T23:00:00+00:00,4689.245366,-1.407290,4692.529667
2026-06-16T00:00:00+00:00,4706.627526,-1.407290,4675.147508
2026-06-16T01:00:00+00:00,4699.700800,-1.407290,4682.074233
2026-06-16T02:00:00+00:00,4724.987246,4724.987246,0.000000
2026-06-16T03:00:00+00:00,4724.987246,4724.987246,0.000000
2026-06-16T04:00:00+00:00,4724.987246,4724.987246,0.000000
2026-06-16T05:00:00+00:00,4721.679282,-3.307964,4724.987246
2026-06-16T06:00:00+00:00,4746.493983,-3.307964,4749.801946
2026-06-16T07:00:00+00:00,4754.273727,-3.307964,4757.581690
2026-06-16T08:00:00+00:00,4802.662821,4802.662821,0.000000
2026-06-16T09:00:00+00:00,4802.662821,4802.662821,0.000000
2026-06-16T10:00:00+00:00,4802.662821,4802.662821,0.000000
2026-06-16T11:00:00+00:00,4802.662821,4802.662821,0.000000
2026-06-16T12:00:00+00:00,4802.662821,4802.662821,0.000000
2026-06-16T13:00:00+00:00,4802.662821,4802.662821,0.000000
2026-06-16T14:00:00+00:00,4802.662821,4802.662821,0.000000
2026-06-16T15:00:00+00:00,4802.662821,4802.662821,0.000000
2026-06-16T16:00:00+00:00,4802.662821,4802.662821,0.000000
2026-06-16T17:00:00+00:00,4802.662821,4802.662821,0.000000
2026-06-16T18:00:00+00:00,4802.662821,4802.662821,0.000000
2026-06-16T19:00:00+00:00,4802.662821,4802.662821,0.000000
2026-06-16T20:00:00+00:00,4802.662821,4802.662821,0.000000
2026-06-16T21:00:00+00:00,4802.662821,4802.662821,0.000000
2026-06-16T22:00:00+00:00,4802.662821,4802.662821,0.000000
2026-06-16T23:00:00+00:00,4802.662821,4802.662821,0.000000
2026-06-17T00:00:00+00:00,4802.662821,4802.662821,0.000000
2026-06-17T01:00:00+00:00,4802.662821,4802.662821,0.000000
2026-06-17T02:00:00+00:00,4802.662821,4802.662821,0.000000
2026-06-17T03:00:00+00:00,4802.662821,4802.662821,0.000000
2026-06-17T04:00:00+00:00,4802.662821,4802.662821,0.000000
2026-06-17T05:00:00+00:00,4802.662821,4802.662821,0.000000
2026-06-17T06:00:00+00:00,4802.662821,4802.662821,0.000000
2026-06-17T07:00:00+00:00,4802.662821,4802.662821,0.000000
2026-06-17T08:00:00+00:00,4799.300476,-3.362344,4802.662821
2026-06-17T09:00:00+00:00,4819.984599,-3.362344,4823.346944
2026-06-17T10:00:00+00:00,4807.465262,-3.362344,4810.827606
2026-06-17T11:00:00+00:00,4787.779671,-3.354273,4791.133944
2026-06-17T12:00:00+00:00,4724.609038,-3.310016,4727.919054
2026-06-17T13:00:00+00:00,4714.052783,-3.302621,4717.355403
2026-06-17T14:00:00+00:00,4682.378337,-3.280430,4685.658766
2026-06-17T15:00:00+00:00,4700.424537,4700.424537,0.000000
2026-06-17T16:00:00+00:00,4700.424537,4700.424537,0.000000
2026-06-17T17:00:00+00:00,4700.424537,4700.424537,0.000000
2026-06-17T18:00:00+00:00,4700.424537,4700.424537,0.000000
2026-06-17T19:00:00+00:00,4700.424537,4700.424537,0.000000
2026-06-17T20:00:00+00:00,4700.424537,4700.424537,0.000000
2026-06-17T21:00:00+00:00,4700.424537,4700.424537,0.000000
2026-06-17T22:00:00+00:00,4700.424537,4700.424537,0.000000
2026-06-17T23:00:00+00:00,4700.424537,4700.424537,0.000000
2026-06-18T00:00:00+00:00,4700.424537,4700.424537,0.000000
2026-06-18T01:00:00+00:00,4700.424537,4700.424537,0.000000
2026-06-18T02:00:00+00:00,4700.424537,4700.424537,0.000000
2026-06-18T03:00:00+00:00,4700.424537,4700.424537,0.000000
2026-06-18T04:00:00+00:00,4700.424537,4700.424537,0.000000
2026-06-18T05:00:00+00:00,4700.424537,4700.424537,0.000000
2026-06-18T06:00:00+00:00,4700.424537,4700.424537,0.000000
2026-06-18T07:00:00+00:00,4700.424537,4700.424537,0.000000
2026-06-18T08:00:00+00:00,4700.424537,4700.424537,0.000000
2026-06-18T09:00:00+00:00,4700.424537,4700.424537,0.000000
2026-06-18T10:00:00+00:00,4700.424537,4700.424537,0.000000
2026-06-18T11:00:00+00:00,4700.424537,4700.424537,0.000000
2026-06-18T12:00:00+00:00,4700.424537,4700.424537,0.000000
2026-06-18T13:00:00+00:00,4700.424537,4700.424537,0.000000
2026-06-18T14:00:00+00:00,4700.424537,4700.424537,0.000000
2026-06-18T15:00:00+00:00,4697.133770,-3.290767,4700.424537
2026-06-18T16:00:00+00:00,4710.553170,-3.290767,4713.843938
2026-06-18T17:00:00+00:00,4683.332615,-3.281098,4686.613713
2026-06-18T18:00:00+00:00,4700.224583,-3.281098,4703.505682
2026-06-18T19:00:00+00:00,4720.914124,4720.914124,0.000000
2026-06-18T20:00:00+00:00,4720.914124,4720.914124,0.000000
2026-06-18T21:00:00+00:00,4720.914124,4720.914124,0.000000
2026-06-18T22:00:00+00:00,4720.914124,4720.914124,0.000000
2026-06-18T23:00:00+00:00,4720.914124,4720.914124,0.000000
2026-06-19T00:00:00+00:00,4720.914124,4720.914124,0.000000
2026-06-19T01:00:00+00:00,4720.914124,4720.914124,0.000000
2026-06-19T02:00:00+00:00,4720.914124,4720.914124,0.000000
2026-06-19T03:00:00+00:00,4720.914124,4720.914124,0.000000
2026-06-19T04:00:00+00:00,4720.914124,4720.914124,0.000000
2026-06-19T05:00:00+00:00,4720.914124,4720.914124,0.000000
2026-06-19T06:00:00+00:00,4720.914124,4720.914124,0.000000
2026-06-19T07:00:00+00:00,4720.914124,4720.914124,0.000000
2026-06-19T08:00:00+00:00,4720.914124,4720.914124,0.000000
2026-06-19T09:00:00+00:00,4720.914124,4720.914124,0.000000
2026-06-19T10:00:00+00:00,4720.914124,4720.914124,0.000000
2026-06-19T11:00:00+00:00,4720.914124,4720.914124,0.000000
2026-06-19T12:00:00+00:00,4720.914124,4720.914124,0.000000
2026-06-19T13:00:00+00:00,4720.914124,4720.914124,0.000000
2026-06-19T14:00:00+00:00,4720.914124,4720.914124,0.000000
2026-06-19T15:00:00+00:00,4720.914124,4720.914124,0.000000
2026-06-19T16:00:00+00:00,4720.914124,4720.914124,0.000000
2026-06-19T17:00:00+00:00,4720.914124,4720.914124,0.000000
2026-06-19T18:00:00+00:00,4720.914124,4720.914124,0.000000
2026-06-19T19:00:00+00:00,4720.914124,4720.914124,0.000000
2026-06-19T20:00:00+00:00,4720.914124,4720.914124,0.000000
2026-06-19T21:00:00+00:00,4720.914124,4720.914124,0.000000
2026-06-19T22:00:00+00:00,4720.914124,4720.914124,0.000000
2026-06-19T23:00:00+00:00,4720.914124,4720.914124,0.000000
2026-06-20T00:00:00+00:00,4720.914124,4720.914124,0.000000
2026-06-20T01:00:00+00:00,4720.914124,4720.914124,0.000000
2026-06-20T02:00:00+00:00,4720.914124,4720.914124,0.000000
2026-06-20T03:00:00+00:00,4720.914124,4720.914124,0.000000
2026-06-20T04:00:00+00:00,4720.914124,4720.914124,0.000000
2026-06-20T05:00:00+00:00,4720.914124,4720.914124,0.000000
2026-06-20T06:00:00+00:00,4717.609957,-1.415802,4720.914124
2026-06-20T07:00:00+00:00,4722.394020,-1.415802,4716.130061
2026-06-20T08:00:00+00:00,4730.595273,-1.415802,4707.928809
2026-06-20T09:00:00+00:00,4715.286269,-1.415802,4723.237813
2026-06-20T10:00:00+00:00,4717.336582,-1.415802,4721.187500
2026-06-20T11:00:00+00:00,4719.113520,-1.415802,4719.410562
2026-06-20T12:00:00+00:00,4719.933645,-1.415802,4718.590436
2026-06-20T13:00:00+00:00,4718.425850,4718.425850,0.000000
2026-06-20T14:00:00+00:00,4718.425850,4718.425850,0.000000
2026-06-20T15:00:00+00:00,4715.123424,-1.415056,4718.425850
2026-06-20T16:00:00+00:00,4733.023473,-1.415056,4700.525801
2026-06-20T17:00:00+00:00,4752.279586,-1.415056,4681.269687
2026-06-20T18:00:00+00:00,4753.093225,-1.415056,4680.456049
2026-06-20T19:00:00+00:00,4745.770478,-1.415056,4687.778796
2026-06-20T20:00:00+00:00,4741.566678,-1.415056,4691.982595
2026-06-20T21:00:00+00:00,4728.077078,4728.077078,0.000000
2026-06-20T22:00:00+00:00,4728.077078,4728.077078,0.000000
2026-06-20T23:00:00+00:00,4728.077078,4728.077078,0.000000
2026-06-21T00:00:00+00:00,4728.077078,4728.077078,0.000000
2026-06-21T01:00:00+00:00,4728.077078,4728.077078,0.000000
2026-06-21T02:00:00+00:00,4728.077078,4728.077078,0.000000
2026-06-21T03:00:00+00:00,4728.077078,4728.077078,0.000000
2026-06-21T04:00:00+00:00,4728.077078,4728.077078,0.000000
2026-06-21T05:00:00+00:00,4728.077078,4728.077078,0.000000
2026-06-21T06:00:00+00:00,4728.077078,4728.077078,0.000000
2026-06-21T07:00:00+00:00,4728.077078,4728.077078,0.000000
2026-06-21T08:00:00+00:00,4728.077078,4728.077078,0.000000
2026-06-21T09:00:00+00:00,4728.077078,4728.077078,0.000000
2026-06-21T10:00:00+00:00,4728.077078,4728.077078,0.000000
2026-06-21T11:00:00+00:00,4728.077078,4728.077078,0.000000
2026-06-21T12:00:00+00:00,4724.766951,-3.310127,4728.077078
2026-06-21T13:00:00+00:00,4722.300414,-3.310127,4725.610541
2026-06-21T14:00:00+00:00,4732.166562,-3.310127,4735.476689
2026-06-21T15:00:00+00:00,4737.647755,-3.310127,4740.957882
2026-06-21T16:00:00+00:00,4731.070323,-3.310127,4734.380450
2026-06-21T17:00:00+00:00,4728.192697,-3.310127,4731.502824
2026-06-21T18:00:00+00:00,4715.717500,4715.717500,0.000000
2026-06-21T19:00:00+00:00,4715.717500,4715.717500,0.000000
2026-06-21T20:00:00+00:00,4715.717500,4715.717500,0.000000
2026-06-21T21:00:00+00:00,4715.717500,4715.717500,0.000000
2026-06-21T22:00:00+00:00,4715.717500,4715.717500,0.000000
2026-06-21T23:00:00+00:00,4712.416026,-3.301474,4715.717500
2026-06-22T00:00:00+00:00,4741.547883,4741.547883,0.000000
2026-06-22T01:00:00+00:00,4741.547883,4741.547883,0.000000
2026-06-22T02:00:00+00:00,4741.547883,4741.547883,0.000000
2026-06-22T03:00:00+00:00,4741.547883,4741.547883,0.000000
2026-06-22T04:00:00+00:00,4741.547883,4741.547883,0.000000
2026-06-22T05:00:00+00:00,4741.547883,4741.547883,0.000000
2026-06-22T06:00:00+00:00,4741.547883,4741.547883,0.000000
2026-06-22T07:00:00+00:00,4741.547883,4741.547883,0.000000
2026-06-22T08:00:00+00:00,4741.547883,4741.547883,0.000000
2026-06-22T09:00:00+00:00,4741.547883,4741.547883,0.000000
2026-06-22T10:00:00+00:00,4741.547883,4741.547883,0.000000
2026-06-22T11:00:00+00:00,4738.229273,-1.421990,4741.547883
2026-06-22T12:00:00+00:00,4748.560320,-1.421990,4731.216836
2026-06-22T13:00:00+00:00,4711.244938,-1.413892,4714.544648
2026-06-22T14:00:00+00:00,4742.993867,4742.993867,0.000000
2026-06-22T15:00:00+00:00,4742.993867,4742.993867,0.000000
2026-06-22T16:00:00+00:00,4742.993867,4742.993867,0.000000
2026-06-22T17:00:00+00:00,4742.993867,4742.993867,0.000000
2026-06-22T18:00:00+00:00,4742.993867,4742.993867,0.000000
2026-06-22T19:00:00+00:00,4742.993867,4742.993867,0.000000
2026-06-22T20:00:00+00:00,4742.993867,4742.993867,0.000000
2026-06-22T21:00:00+00:00,4742.993867,4742.993867,0.000000
2026-06-22T22:00:00+00:00,4742.993867,4742.993867,0.000000
2026-06-22T23:00:00+00:00,4742.993867,4742.993867,0.000000
2026-06-23T00:00:00+00:00,4742.993867,4742.993867,0.000000
2026-06-23T01:00:00+00:00,4739.673297,-3.320570,4742.993867
2026-06-23T02:00:00+00:00,4745.568451,-3.320570,4748.889021
2026-06-23T03:00:00+00:00,4737.891041,-3.320570,4741.211611
2026-06-23T04:00:00+00:00,4707.505570,-3.298034,4710.803604
2026-06-23T05:00:00+00:00,4692.564998,-3.298034,4695.863031
2026-06-23T06:00:00+00:00,4645.394085,-3.254519,4648.648604
2026-06-23T07:00:00+00:00,4613.053183,-3.231861,4616.285044
2026-06-23T08:00:00+00:00,4552.187916,-3.189220,4555.377135
2026-06-23T09:00:00+00:00,4559.238941,-3.189220,4562.428161
2026-06-23T10:00:00+00:00,4564.077880,-3.189220,4567.267100
2026-06-23T11:00:00+00:00,4586.613510,-3.189220,4589.802730
2026-06-23T12:00:00+00:00,4569.193330,-3.189220,4572.382549
2026-06-23T13:00:00+00:00,4553.112253,-3.189867,4556.302120
2026-06-23T14:00:00+00:00,4536.545975,-3.178261,4539.724236
2026-06-23T15:00:00+00:00,4530.260350,-3.178261,4533.438611
2026-06-23T16:00:00+00:00,4526.414523,-3.171163,4529.585686
2026-06-23T17:00:00+00:00,4519.587099,-3.171163,4522.758262
2026-06-23T18:00:00+00:00,4499.717752,-3.152459,4502.870211
2026-06-23T19:00:00+00:00,4520.808797,-3.152459,4523.961257
2026-06-23T20:00:00+00:00,4523.530223,-3.152459,4526.682682
2026-06-23T21:00:00+00:00,4531.014142,-3.152459,4534.166601
2026-06-23T22:00:00+00:00,4525.027006,-3.152459,4528.179466
2026-06-23T23:00:00+00:00,4531.830570,-3.152459,4534.983029
2026-06-24T00:00:00+00:00,4543.260556,-3.152459,4546.413015
2026-06-24T01:00:00+00:00,4528.282329,4528.282329,0.000000
2026-06-24T02:00:00+00:00,4528.282329,4528.282329,0.000000
2026-06-24T03:00:00+00:00,4528.282329,4528.282329,0.000000
2026-06-24T04:00:00+00:00,4528.282329,4528.282329,0.000000
2026-06-24T05:00:00+00:00,4528.282329,4528.282329,0.000000
2026-06-24T06:00:00+00:00,4528.282329,4528.282329,0.000000
2026-06-24T07:00:00+00:00,4528.282329,4528.282329,0.000000
2026-06-24T08:00:00+00:00,4525.112984,-1.358032,4528.282329
2026-06-24T09:00:00+00:00,4541.763072,-1.358032,4511.632241
2026-06-24T10:00:00+00:00,4551.103365,-1.358032,4502.291948
2026-06-24T11:00:00+00:00,4533.481872,4533.481872,0.000000
2026-06-24T12:00:00+00:00,4533.481872,4533.481872,0.000000
2026-06-24T13:00:00+00:00,4533.481872,4533.481872,0.000000
2026-06-24T14:00:00+00:00,4533.481872,4533.481872,0.000000
2026-06-24T15:00:00+00:00,4530.307981,-3.173891,4533.481872
2026-06-24T16:00:00+00:00,4470.534466,-3.132014,4473.666480
2026-06-24T17:00:00+00:00,4411.549610,-3.090690,4414.640300
2026-06-24T18:00:00+00:00,4439.521527,-3.110287,4442.631814
2026-06-24T19:00:00+00:00,4435.485865,-3.107459,4438.593324
2026-06-24T20:00:00+00:00,4501.918674,4501.918674,0.000000
2026-06-24T21:00:00+00:00,4501.918674,4501.918674,0.000000
2026-06-24T22:00:00+00:00,4501.918674,4501.918674,0.000000
2026-06-24T23:00:00+00:00,4501.918674,4501.918674,0.000000
2026-06-25T00:00:00+00:00,4501.918674,4501.918674,0.000000
2026-06-25T01:00:00+00:00,4501.918674,4501.918674,0.000000
2026-06-25T02:00:00+00:00,4501.918674,4501.918674,0.000000
2026-06-25T03:00:00+00:00,4501.918674,4501.918674,0.000000
2026-06-25T04:00:00+00:00,4501.918674,4501.918674,0.000000
2026-06-25T05:00:00+00:00,4501.918674,4501.918674,0.000000
2026-06-25T06:00:00+00:00,4498.767781,-1.350125,4501.918674
2026-06-25T07:00:00+00:00,4490.326513,-1.350125,4510.359941
2026-06-25T08:00:00+00:00,4501.899219,-1.350125,4498.787236
2026-06-25T09:00:00+00:00,4512.655028,-1.350125,4488.031427
2026-06-25T10:00:00+00:00,4515.333334,4515.333334,0.000000
2026-06-25T11:00:00+00:00,4515.333334,4515.333334,0.000000
2026-06-25T12:00:00+00:00,4515.333334,4515.333334,0.000000
2026-06-25T13:00:00+00:00,4512.172150,-3.161185,4515.333334
2026-06-25T14:00:00+00:00,4632.015319,4632.015319,0.000000
2026-06-25T15:00:00+00:00,4632.015319,4632.015319,0.000000
2026-06-25T16:00:00+00:00,4632.015319,4632.015319,0.000000
2026-06-25T17:00:00+00:00,4632.015319,4632.015319,0.000000
2026-06-25T18:00:00+00:00,4632.015319,4632.015319,0.000000
2026-06-25T19:00:00+00:00,4628.772445,-3.242874,4632.015319
2026-06-25T20:00:00+00:00,4619.591080,-3.236442,4622.827521
2026-06-25T21:00:00+00:00,4646.395129,4646.395129,0.000000
2026-06-25T22:00:00+00:00,4646.395129,4646.395129,0.000000
2026-06-25T23:00:00+00:00,4646.395129,4646.395129,0.000000
2026-06-26T00:00:00+00:00,4646.395129,4646.395129,0.000000
2026-06-26T01:00:00+00:00,4646.395129,4646.395129,0.000000
2026-06-26T02:00:00+00:00,4643.142188,-3.252941,4646.395129
2026-06-26T03:00:00+00:00,4722.002485,4722.002485,0.000000
2026-06-26T04:00:00+00:00,4722.002485,4722.002485,0.000000
2026-06-26T05:00:00+00:00,4722.002485,4722.002485,0.000000
2026-06-26T06:00:00+00:00,4722.002485,4722.002485,0.000000
2026-06-26T07:00:00+00:00,4722.002485,4722.002485,0.000000
2026-06-26T08:00:00+00:00,4722.002485,4722.002485,0.000000
2026-06-26T09:00:00+00:00,4722.002485,4722.002485,0.000000
2026-06-26T10:00:00+00:00,4722.002485,4722.002485,0.000000
2026-06-26T11:00:00+00:00,4722.002485,4722.002485,0.000000
2026-06-26T12:00:00+00:00,4722.002485,4722.002485,0.000000
2026-06-26T13:00:00+00:00,4722.002485,4722.002485,0.000000
2026-06-26T14:00:00+00:00,4722.002485,4722.002485,0.000000
2026-06-26T15:00:00+00:00,4722.002485,4722.002485,0.000000
2026-06-26T16:00:00+00:00,4722.002485,4722.002485,0.000000
2026-06-26T17:00:00+00:00,4722.002485,4722.002485,0.000000
2026-06-26T18:00:00+00:00,4722.002485,4722.002485,0.000000
2026-06-26T19:00:00+00:00,4722.002485,4722.002485,0.000000
2026-06-26T20:00:00+00:00,4722.002485,4722.002485,0.000000
2026-06-26T21:00:00+00:00,4722.002485,4722.002485,0.000000
2026-06-26T22:00:00+00:00,4722.002485,4722.002485,0.000000
2026-06-26T23:00:00+00:00,4722.002485,4722.002485,0.000000
2026-06-27T00:00:00+00:00,4722.002485,4722.002485,0.000000
2026-06-27T01:00:00+00:00,4722.002485,4722.002485,0.000000
2026-06-27T02:00:00+00:00,4718.697556,-1.416129,4722.002485
2026-06-27T03:00:00+00:00,4725.263146,-1.416129,4715.436895
2026-06-27T04:00:00+00:00,4728.545942,-1.416129,4712.154100
2026-06-27T05:00:00+00:00,4731.977955,-1.416129,4708.722087
2026-06-27T06:00:00+00:00,4719.592864,-1.416129,4721.107178
2026-06-27T07:00:00+00:00,4711.087440,-1.416129,4729.612602
2026-06-27T08:00:00+00:00,4715.563979,-1.416129,4725.136063
2026-06-27T09:00:00+00:00,4719.294428,-1.416129,4721.405614
2026-06-27T10:00:00+00:00,4715.265543,-1.416129,4725.434499
2026-06-27T11:00:00+00:00,4716.160851,-1.416129,4724.539191
2026-06-27T12:00:00+00:00,4709.744478,-1.416129,4730.955563
2026-06-27T13:00:00+00:00,4701.220386,4701.220386,0.000000
2026-06-27T14:00:00+00:00,4697.930002,-1.409896,4701.220386
2026-06-27T15:00:00+00:00,4655.824320,-1.397260,4659.085213
2026-06-27T16:00:00+00:00,4651.615046,-1.397260,4663.294487
2026-06-27T17:00:00+00:00,4665.629092,4665.629092,0.000000
2026-06-27T18:00:00+00:00,4665.629092,4665.629092,0.000000
2026-06-27T19:00:00+00:00,4665.629092,4665.629092,0.000000
2026-06-27T20:00:00+00:00,4665.629092,4665.629092,0.000000
2026-06-27T21:00:00+00:00,4665.629092,4665.629092,0.000000
2026-06-27T22:00:00+00:00,4665.629092,4665.629092,0.000000
2026-06-27T23:00:00+00:00,4665.629092,4665.629092,0.000000
2026-06-28T00:00:00+00:00,4665.629092,4665.629092,0.000000
2026-06-28T01:00:00+00:00,4665.629092,4665.629092,0.000000
2026-06-28T02:00:00+00:00,4665.629092,4665.629092,0.000000
2026-06-28T03:00:00+00:00,4665.629092,4665.629092,0.000000
2026-06-28T04:00:00+00:00,4665.629092,4665.629092,0.000000
2026-06-28T05:00:00+00:00,4662.362685,-3.266407,4665.629092
2026-06-28T06:00:00+00:00,4658.197742,-3.266407,4661.464149
2026-06-28T07:00:00+00:00,4683.038654,-3.266407,4686.305061
2026-06-28T08:00:00+00:00,4698.657192,-3.266407,4701.923599
2026-06-28T09:00:00+00:00,4691.517289,-3.266407,4694.783696
2026-06-28T10:00:00+00:00,4672.817635,4672.817635,0.000000
2026-06-28T11:00:00+00:00,4672.817635,4672.817635,0.000000
2026-06-28T12:00:00+00:00,4672.817635,4672.817635,0.000000
2026-06-28T13:00:00+00:00,4672.817635,4672.817635,0.000000
2026-06-28T14:00:00+00:00,4672.817635,4672.817635,0.000000
2026-06-28T15:00:00+00:00,4672.817635,4672.817635,0.000000
2026-06-28T16:00:00+00:00,4672.817635,4672.817635,0.000000
2026-06-28T17:00:00+00:00,4672.817635,4672.817635,0.000000
2026-06-28T18:00:00+00:00,4672.817635,4672.817635,0.000000
2026-06-28T19:00:00+00:00,4672.817635,4672.817635,0.000000
2026-06-28T20:00:00+00:00,4672.817635,4672.817635,0.000000
2026-06-28T21:00:00+00:00,4672.817635,4672.817635,0.000000
2026-06-28T22:00:00+00:00,4669.546196,-3.271440,4672.817635
2026-06-28T23:00:00+00:00,4697.514603,4697.514603,0.000000
2026-06-29T00:00:00+00:00,4697.514603,4697.514603,0.000000
2026-06-29T01:00:00+00:00,4697.514603,4697.514603,0.000000
2026-06-29T02:00:00+00:00,4697.514603,4697.514603,0.000000
2026-06-29T03:00:00+00:00,4697.514603,4697.514603,0.000000
2026-06-29T04:00:00+00:00,4697.514603,4697.514603,0.000000
2026-06-29T05:00:00+00:00,4697.514603,4697.514603,0.000000
2026-06-29T06:00:00+00:00,4697.514603,4697.514603,0.000000
2026-06-29T07:00:00+00:00,4697.514603,4697.514603,0.000000
2026-06-29T08:00:00+00:00,4697.514603,4697.514603,0.000000
2026-06-29T09:00:00+00:00,4697.514603,4697.514603,0.000000
2026-06-29T10:00:00+00:00,4697.514603,4697.514603,0.000000
2026-06-29T11:00:00+00:00,4697.514603,4697.514603,0.000000
2026-06-29T12:00:00+00:00,4697.514603,4697.514603,0.000000
2026-06-29T13:00:00+00:00,4697.514603,4697.514603,0.000000
2026-06-29T14:00:00+00:00,4697.514603,4697.514603,0.000000
2026-06-29T15:00:00+00:00,4697.514603,4697.514603,0.000000
2026-06-29T16:00:00+00:00,4697.514603,4697.514603,0.000000
2026-06-29T17:00:00+00:00,4694.226812,-1.408785,4697.514603
2026-06-29T18:00:00+00:00,4714.287475,-1.408785,4677.453939
2026-06-29T19:00:00+00:00,4701.298557,-1.408785,4690.442858
2026-06-29T20:00:00+00:00,4724.678610,-1.408785,4667.062804
2026-06-29T21:00:00+00:00,4717.751187,-1.408785,4673.990228
2026-06-29T22:00:00+00:00,4738.389136,-1.408785,4653.352279
2026-06-29T23:00:00+00:00,4738.533457,-1.408785,4653.207958
2026-06-30T00:00:00+00:00,4756.983004,4756.983004,0.000000
2026-06-30T01:00:00+00:00,4756.983004,4756.983004,0.000000
2026-06-30T02:00:00+00:00,4756.983004,4756.983004,0.000000
2026-06-30T03:00:00+00:00,4756.983004,4756.983004,0.000000
2026-06-30T04:00:00+00:00,4756.983004,4756.983004,0.000000
2026-06-30T05:00:00+00:00,4756.983004,4756.983004,0.000000
2026-06-30T06:00:00+00:00,4756.983004,4756.983004,0.000000
2026-06-30T07:00:00+00:00,4753.652640,-3.330364,4756.983004
2026-06-30T08:00:00+00:00,4715.064451,-3.303329,4718.367780
2026-06-30T09:00:00+00:00,4719.236438,-3.303329,4722.539767
2026-06-30T10:00:00+00:00,4716.405447,-3.303329,4719.708776
2026-06-30T11:00:00+00:00,4698.972503,-3.303329,4702.275832
2026-06-30T12:00:00+00:00,4652.853233,-3.259745,4656.112978
2026-06-30T13:00:00+00:00,4654.024047,-3.260565,4657.284612
2026-06-30T14:00:00+00:00,4641.664008,-3.251906,4644.915914
2026-06-30T15:00:00+00:00,4641.349862,4641.349862,0.000000
2026-06-30T16:00:00+00:00,4641.349862,4641.349862,0.000000
2026-06-30T17:00:00+00:00,4641.349862,4641.349862,0.000000
2026-06-30T18:00:00+00:00,4641.349862,4641.349862,0.000000
2026-06-30T19:00:00+00:00,4641.349862,4641.349862,0.000000
2026-06-30T20:00:00+00:00,4641.349862,4641.349862,0.000000
2026-06-30T21:00:00+00:00,4641.349862,4641.349862,0.000000
2026-06-30T22:00:00+00:00,4641.349862,4641.349862,0.000000
2026-06-30T23:00:00+00:00,4641.349862,4641.349862,0.000000
2026-07-01T00:00:00+00:00,4641.349862,4641.349862,0.000000
2026-07-01T01:00:00+00:00,4641.349862,4641.349862,0.000000
2026-07-01T02:00:00+00:00,4638.101381,-1.391941,4641.349862
2026-07-01T03:00:00+00:00,4606.425694,-1.382435,4609.651989
2026-07-01T04:00:00+00:00,4574.758806,-1.372931,4577.962922
2026-07-01T05:00:00+00:00,4593.946415,-1.372931,4558.775314
2026-07-01T06:00:00+00:00,4616.078411,4616.078411,0.000000
2026-07-01T07:00:00+00:00,4616.078411,4616.078411,0.000000
2026-07-01T08:00:00+00:00,4616.078411,4616.078411,0.000000
2026-07-01T09:00:00+00:00,4616.078411,4616.078411,0.000000
2026-07-01T10:00:00+00:00,4616.078411,4616.078411,0.000000
2026-07-01T11:00:00+00:00,4616.078411,4616.078411,0.000000
2026-07-01T12:00:00+00:00,4616.078411,4616.078411,0.000000
2026-07-01T13:00:00+00:00,4616.078411,4616.078411,0.000000
2026-07-01T14:00:00+00:00,4616.078411,4616.078411,0.000000
2026-07-01T15:00:00+00:00,4616.078411,4616.078411,0.000000
2026-07-01T16:00:00+00:00,4616.078411,4616.078411,0.000000
2026-07-01T17:00:00+00:00,4616.078411,4616.078411,0.000000
2026-07-01T18:00:00+00:00,4616.078411,4616.078411,0.000000
2026-07-01T19:00:00+00:00,4616.078411,4616.078411,0.000000
2026-07-01T20:00:00+00:00,4612.847617,-1.384362,4616.078411
2026-07-01T21:00:00+00:00,4551.931000,-1.366080,4555.119128
2026-07-01T22:00:00+00:00,4546.345277,4546.345277,0.000000
2026-07-01T23:00:00+00:00,4546.345277,4546.345277,0.000000
2026-07-02T00:00:00+00:00,4546.345277,4546.345277,0.000000
2026-07-02T01:00:00+00:00,4546.345277,4546.345277,0.000000
2026-07-02T02:00:00+00:00,4546.345277,4546.345277,0.000000
2026-07-02T03:00:00+00:00,4546.345277,4546.345277,0.000000
2026-07-02T04:00:00+00:00,4546.345277,4546.345277,0.000000
2026-07-02T05:00:00+00:00,4546.345277,4546.345277,0.000000
2026-07-02T06:00:00+00:00,4546.345277,4546.345277,0.000000
2026-07-02T07:00:00+00:00,4546.345277,4546.345277,0.000000
2026-07-02T08:00:00+00:00,4546.345277,4546.345277,0.000000
2026-07-02T09:00:00+00:00,4546.345277,4546.345277,0.000000
2026-07-02T10:00:00+00:00,4546.345277,4546.345277,0.000000
2026-07-02T11:00:00+00:00,4546.345277,4546.345277,0.000000
2026-07-02T12:00:00+00:00,4546.345277,4546.345277,0.000000
2026-07-02T13:00:00+00:00,4543.163290,-1.363449,4546.345277
2026-07-02T14:00:00+00:00,4547.863067,-1.364859,4551.048345
2026-07-02T15:00:00+00:00,4540.551095,-1.362665,4543.731252
2026-07-02T16:00:00+00:00,4527.544936,-1.358762,4530.715985
2026-07-02T17:00:00+00:00,4537.812319,-1.358762,4520.448602
2026-07-02T18:00:00+00:00,4520.744462,-1.358762,4537.516459
2026-07-02T19:00:00+00:00,4525.144769,-1.358762,4533.116152
2026-07-02T20:00:00+00:00,4511.810506,-1.358762,4546.450415
2026-07-02T21:00:00+00:00,4526.078167,-1.358762,4532.182753
2026-07-02T22:00:00+00:00,4534.878781,-1.358762,4523.382140
2026-07-02T23:00:00+00:00,4524.744741,-1.358762,4533.516180
2026-07-03T00:00:00+00:00,4534.878781,-1.358762,4523.382140
2026-07-03T01:00:00+00:00,4505.525284,-1.352153,4508.680910
2026-07-03T02:00:00+00:00,4509.056241,4509.056241,0.000000
2026-07-03T03:00:00+00:00,4509.056241,4509.056241,0.000000
2026-07-03T04:00:00+00:00,4509.056241,4509.056241,0.000000
2026-07-03T05:00:00+00:00,4509.056241,4509.056241,0.000000
2026-07-03T06:00:00+00:00,4509.056241,4509.056241,0.000000
2026-07-03T07:00:00+00:00,4509.056241,4509.056241,0.000000
2026-07-03T08:00:00+00:00,4509.056241,4509.056241,0.000000
2026-07-03T09:00:00+00:00,4509.056241,4509.056241,0.000000
2026-07-03T10:00:00+00:00,4505.900353,-1.352266,4509.056241
2026-07-03T11:00:00+00:00,4505.511976,-1.352266,4509.444618
2026-07-03T12:00:00+00:00,4520.788135,-1.352266,4494.168458
2026-07-03T13:00:00+00:00,4492.097973,-1.348124,4495.244194
2026-07-03T14:00:00+00:00,4501.058134,-1.350813,4504.210631
2026-07-03T15:00:00+00:00,4482.123122,4482.123122,0.000000
2026-07-03T16:00:00+00:00,4482.123122,4482.123122,0.000000
2026-07-03T17:00:00+00:00,4482.123122,4482.123122,0.000000
2026-07-03T18:00:00+00:00,4478.986084,-1.344189,4482.123122
2026-07-03T19:00:00+00:00,4441.017414,-1.332794,4444.127859
2026-07-03T20:00:00+00:00,4382.369962,-1.315193,4385.439331
2026-07-03T21:00:00+00:00,4364.186426,-1.309736,4367.243060
2026-07-03T22:00:00+00:00,4378.680312,-1.309736,4352.749174
2026-07-03T23:00:00+00:00,4377.317639,-1.309736,4354.111847
2026-07-04T00:00:00+00:00,4375.583328,-1.309736,4355.846158
2026-07-04T01:00:00+00:00,4402.589029,-1.309736,4328.840457
2026-07-04T02:00:00+00:00,4398.872648,-1.309736,4332.556838
2026-07-04T03:00:00+00:00,4387.723505,-1.309736,4343.705981
2026-07-04T04:00:00+00:00,4374.775107,4374.775107,0.000000
2026-07-04T05:00:00+00:00,4374.775107,4374.775107,0.000000
2026-07-04T06:00:00+00:00,4374.775107,4374.775107,0.000000
2026-07-04T07:00:00+00:00,4374.775107,4374.775107,0.000000
2026-07-04T08:00:00+00:00,4374.775107,4374.775107,0.000000
2026-07-04T09:00:00+00:00,4374.775107,4374.775107,0.000000
2026-07-04T10:00:00+00:00,4374.775107,4374.775107,0.000000
2026-07-04T11:00:00+00:00,4374.775107,4374.775107,0.000000
2026-07-04T12:00:00+00:00,4374.775107,4374.775107,0.000000
2026-07-04T13:00:00+00:00,4374.775107,4374.775107,0.000000
2026-07-04T14:00:00+00:00,4374.775107,4374.775107,0.000000
2026-07-04T15:00:00+00:00,4371.713202,-1.311995,4374.775107
2026-07-04T16:00:00+00:00,4381.730838,-1.311995,4364.757470
2026-07-04T17:00:00+00:00,4361.380510,-1.308894,4364.435179
2026-07-04T18:00:00+00:00,4339.924814,-1.302455,4342.964455
2026-07-04T19:00:00+00:00,4342.346992,-1.302455,4340.542277
2026-07-04T20:00:00+00:00,4356.395622,-1.302455,4326.493647
2026-07-04T21:00:00+00:00,4350.703504,-1.302455,4332.185765
2026-07-04T22:00:00+00:00,4361.724413,-1.302455,4321.164856
2026-07-04T23:00:00+00:00,4371.292014,-1.302455,4311.597255
2026-07-05T00:00:00+00:00,4390.911653,-1.302455,4291.977616
2026-07-05T01:00:00+00:00,4405.808045,-1.302455,4277.081224
2026-07-05T02:00:00+00:00,4419.735566,-1.302455,4263.153703
2026-07-05T03:00:00+00:00,4418.282260,-1.302455,4264.607009
2026-07-05T04:00:00+00:00,4392.272720,4392.272720,0.000000
2026-07-05T05:00:00+00:00,4392.272720,4392.272720,0.000000
2026-07-05T06:00:00+00:00,4392.272720,4392.272720,0.000000
2026-07-05T07:00:00+00:00,4389.197690,-3.075030,4392.272720
2026-07-05T08:00:00+00:00,4383.611610,-3.075030,4386.686640
2026-07-05T09:00:00+00:00,4355.956838,-3.051742,4359.008580
2026-07-05T10:00:00+00:00,4364.141838,-3.051742,4367.193580
2026-07-05T11:00:00+00:00,4360.669413,-3.051742,4363.721155
2026-07-05T12:00:00+00:00,4373.318959,-3.051742,4376.370701
2026-07-05T13:00:00+00:00,4375.923277,-3.051742,4378.975019
2026-07-05T14:00:00+00:00,4391.549186,-3.051742,4394.600928
2026-07-05T15:00:00+00:00,4396.881838,-3.051742,4399.933580
2026-07-05T16:00:00+00:00,4392.541308,-3.051742,4395.593049
2026-07-05T17:00:00+00:00,4408.415247,-3.051742,4411.466989
2026-07-05T18:00:00+00:00,4412.631762,-3.051742,4415.683504
2026-07-05T19:00:00+00:00,4413.747899,-3.051742,4416.799640
2026-07-05T20:00:00+00:00,4403.206611,-3.051742,4406.258353
2026-07-05T21:00:00+00:00,4403.499470,4403.499470,0.000000
2026-07-05T22:00:00+00:00,4403.499470,4403.499470,0.000000
2026-07-05T23:00:00+00:00,4400.417461,-1.320609,4403.499470
2026-07-06T00:00:00+00:00,4387.620921,-1.316769,4390.693968
2026-07-06T01:00:00+00:00,4405.255214,-1.316769,4373.059675
2026-07-06T02:00:00+00:00,4411.500692,-1.316769,4366.814196
2026-07-06T03:00:00+00:00,4421.175061,-1.316769,4357.139827
2026-07-06T04:00:00+00:00,4425.828555,-1.316769,4352.486333
2026-07-06T05:00:00+00:00,4434.890622,-1.316769,4343.424266
2026-07-06T06:00:00+00:00,4446.401897,-1.316769,4331.912992
2026-07-06T07:00:00+00:00,4439.789037,-1.316769,4338.525852
2026-07-06T08:00:00+00:00,4424.747999,4424.747999,0.000000
2026-07-06T09:00:00+00:00,4424.747999,4424.747999,0.000000
2026-07-06T10:00:00+00:00,4424.747999,4424.747999,0.000000
2026-07-06T11:00:00+00:00,4424.747999,4424.747999,0.000000
2026-07-06T12:00:00+00:00,4421.650233,-3.097766,4424.747999
2026-07-06T13:00:00+00:00,4412.353908,-3.091253,4415.445161
2026-07-06T14:00:00+00:00,4417.426307,-3.094807,4420.521114
2026-07-06T15:00:00+00:00,4472.338031,4472.338031,0.000000
2026-07-06T16:00:00+00:00,4472.338031,4472.338031,0.000000
2026-07-06T17:00:00+00:00,4472.338031,4472.338031,0.000000
2026-07-06T18:00:00+00:00,4472.338031,4472.338031,0.000000
2026-07-06T19:00:00+00:00,4472.338031,4472.338031,0.000000
2026-07-06T20:00:00+00:00,4472.338031,4472.338031,0.000000
2026-07-06T21:00:00+00:00,4472.338031,4472.338031,0.000000
2026-07-06T22:00:00+00:00,4472.338031,4472.338031,0.000000
2026-07-06T23:00:00+00:00,4472.338031,4472.338031,0.000000
2026-07-07T00:00:00+00:00,4472.338031,4472.338031,0.000000
2026-07-07T01:00:00+00:00,4472.338031,4472.338031,0.000000
2026-07-07T02:00:00+00:00,4472.338031,4472.338031,0.000000
2026-07-07T03:00:00+00:00,4472.338031,4472.338031,0.000000
2026-07-07T04:00:00+00:00,4472.338031,4472.338031,0.000000
2026-07-07T05:00:00+00:00,4472.338031,4472.338031,0.000000
2026-07-07T06:00:00+00:00,4472.338031,4472.338031,0.000000
2026-07-07T07:00:00+00:00,4472.338031,4472.338031,0.000000
2026-07-07T08:00:00+00:00,4472.338031,4472.338031,0.000000
2026-07-07T09:00:00+00:00,4472.338031,4472.338031,0.000000
2026-07-07T10:00:00+00:00,4472.338031,4472.338031,0.000000
2026-07-07T11:00:00+00:00,4472.338031,4472.338031,0.000000
2026-07-07T12:00:00+00:00,4472.338031,4472.338031,0.000000
2026-07-07T13:00:00+00:00,4472.338031,4472.338031,0.000000
2026-07-07T14:00:00+00:00,4472.338031,4472.338031,0.000000
2026-07-07T15:00:00+00:00,4472.338031,4472.338031,0.000000
2026-07-07T16:00:00+00:00,4472.338031,4472.338031,0.000000
2026-07-07T17:00:00+00:00,4469.207842,-1.341254,4472.338031
2026-07-07T18:00:00+00:00,4491.845884,4491.845884,0.000000
2026-07-07T19:00:00+00:00,4491.845884,4491.845884,0.000000
2026-07-07T20:00:00+00:00,4491.845884,4491.845884,0.000000
2026-07-07T21:00:00+00:00,4491.845884,4491.845884,0.000000
2026-07-07T22:00:00+00:00,4491.845884,4491.845884,0.000000
2026-07-07T23:00:00+00:00,4491.845884,4491.845884,0.000000
2026-07-08T00:00:00+00:00,4491.845884,4491.845884,0.000000
2026-07-08T01:00:00+00:00,4491.845884,4491.845884,0.000000
2026-07-08T02:00:00+00:00,4491.845884,4491.845884,0.000000
2026-07-08T03:00:00+00:00,4491.845884,4491.845884,0.000000
2026-07-08T04:00:00+00:00,4491.845884,4491.845884,0.000000
2026-07-08T05:00:00+00:00,4491.845884,4491.845884,0.000000
2026-07-08T06:00:00+00:00,4488.701143,-3.144741,4491.845884
2026-07-08T07:00:00+00:00,4498.064500,-3.144741,4501.209241
2026-07-08T07:00:00+00:00,4494.914103,4494.914103,0.000000
