ts,equity,cash,position_value
2026-04-09T08:00:00+00:00,10000.000000,10000.000000,0.000000
2026-04-09T09:00:00+00:00,10000.000000,10000.000000,0.000000
2026-04-09T10:00:00+00:00,10000.000000,10000.000000,0.000000
2026-04-09T11:00:00+00:00,10000.000000,10000.000000,0.000000
2026-04-09T12:00:00+00:00,10000.000000,10000.000000,0.000000
2026-04-09T13:00:00+00:00,10000.000000,10000.000000,0.000000
2026-04-09T14:00:00+00:00,10000.000000,10000.000000,0.000000
2026-04-09T15:00:00+00:00,10000.000000,10000.000000,0.000000
2026-04-09T16:00:00+00:00,10000.000000,10000.000000,0.000000
2026-04-09T17:00:00+00:00,10000.000000,10000.000000,0.000000
2026-04-09T18:00:00+00:00,10000.000000,10000.000000,0.000000
2026-04-09T19:00:00+00:00,10000.000000,10000.000000,0.000000
2026-04-09T20:00:00+00:00,10000.000000,10000.000000,0.000000
2026-04-09T21:00:00+00:00,10000.000000,10000.000000,0.000000
2026-04-09T22:00:00+00:00,10000.000000,10000.000000,0.000000
2026-04-09T23:00:00+00:00,10000.000000,10000.000000,0.000000
2026-04-10T00:00:00+00:00,10000.000000,10000.000000,0.000000
2026-04-10T01:00:00+00:00,10000.000000,10000.000000,0.000000
2026-04-10T02:00:00+00:00,10000.000000,10000.000000,0.000000
2026-04-10T03:00:00+00:00,10000.000000,10000.000000,0.000000
2026-04-10T04:00:00+00:00,10000.000000,10000.000000,0.000000
2026-04-10T05:00:00+00:00,10000.000000,10000.000000,0.000000
2026-04-10T06:00:00+00:00,10000.000000,10000.000000,0.000000
2026-04-10T07:00:00+00:00,10000.000000,10000.000000,0.000000
2026-04-10T08:00:00+00:00,10000.000000,10000.000000,0.000000
2026-04-10T09:00:00+00:00,10000.000000,10000.000000,0.000000
2026-04-10T10:00:00+00:00,10000.000000,10000.000000,0.000000
2026-04-10T11:00:00+00:00,10000.000000,10000.000000,0.000000
2026-04-10T12:00:00+00:00,10000.000000,10000.000000,0.000000
2026-04-10T13:00:00+00:00,10000.000000,10000.000000,0.000000
2026-04-10T14:00:00+00:00,10000.000000,10000.000000,0.000000
2026-04-10T15:00:00+00:00,10000.000000,10000.000000,0.000000
2026-04-10T16:00:00+00:00,10000.000000,10000.000000,0.000000
2026-04-10T17:00:00+00:00,10000.000000,10000.000000,0.000000
2026-04-10T18:00:00+00:00,10000.000000,10000.000000,0.000000
2026-04-10T19:00:00+00:00,10000.000000,10000.000000,0.000000
2026-04-10T20:00:00+00:00,10000.000000,10000.000000,0.000000
2026-04-10T21:00:00+00:00,10000.000000,10000.000000,0.000000
2026-04-10T22:00:00+00:00,10000.000000,10000.000000,0.000000
2026-04-10T23:00:00+00:00,10000.000000,10000.000000,0.000000
2026-04-11T00:00:00+00:00,10000.000000,10000.000000,0.000000
2026-04-11T01:00:00+00:00,10000.000000,10000.000000,0.000000
2026-04-11T02:00:00+00:00,10000.000000,10000.000000,0.000000
2026-04-11T03:00:00+00:00,10000.000000,10000.000000,0.000000
2026-04-11T04:00:00+00:00,10000.000000,10000.000000,0.000000
2026-04-11T05:00:00+00:00,10000.000000,10000.000000,0.000000
2026-04-11T06:00:00+00:00,10000.000000,10000.000000,0.000000
2026-04-11T07:00:00+00:00,10000.000000,10000.000000,0.000000
2026-04-11T08:00:00+00:00,10000.000000,10000.000000,0.000000
2026-04-11T09:00:00+00:00,10000.000000,10000.000000,0.000000
2026-04-11T10:00:00+00:00,10000.000000,10000.000000,0.000000
2026-04-11T11:00:00+00:00,10000.000000,10000.000000,0.000000
2026-04-11T12:00:00+00:00,10000.000000,10000.000000,0.000000
2026-04-11T13:00:00+00:00,10000.000000,10000.000000,0.000000
2026-04-11T14:00:00+00:00,9992.999000,-7.001000,10000.000000
2026-04-11T15:00:00+00:00,10026.908649,-7.001000,10033.909649
2026-04-11T16:00:00+00:00,10053.342014,10053.342014,0.000000
2026-04-11T17:00:00+00:00,10053.342014,10053.342014,0.000000
2026-04-11T18:00:00+00:00,10053.342014,10053.342014,0.000000
2026-04-11T19:00:00+00:00,10053.342014,10053.342014,0.000000
2026-04-11T20:00:00+00:00,10053.342014,10053.342014,0.000000
2026-04-11T21:00:00+00:00,10053.342014,10053.342014,0.000000
2026-04-11T22:00:00+00:00,10053.342014,10053.342014,0.000000
2026-04-11T23:00:00+00:00,10053.342014,10053.342014,0.000000
2026-04-12T00:00:00+00:00,10053.342014,10053.342014,0.000000
2026-04-12T01:00:00+00:00,10053.342014,10053.342014,0.000000
2026-04-12T02:00:00+00:00,10053.342014,10053.342014,0.000000
2026-04-12T03:00:00+00:00,10053.342014,10053.342014,0.000000
2026-04-12T04:00:00+00:00,10053.342014,10053.342014,0.000000
2026-04-12T05:00:00+00:00,10053.342014,10053.342014,0.000000
2026-04-12T06:00:00+00:00,10053.342014,10053.342014,0.000000
2026-04-12T07:00:00+00:00,10053.342014,10053.342014,0.000000
2026-04-12T08:00:00+00:00,10053.342014,10053.342014,0.000000
2026-04-12T09:00:00+00:00,10053.342014,10053.342014,0.000000
2026-04-12T10:00:00+00:00,10053.342014,10053.342014,0.000000
2026-04-12T11:00:00+00:00,10046.305680,-3.014997,10053.342014
2026-04-12T12:00:00+00:00,10034.711347,10034.711347,0.000000
2026-04-12T13:00:00+00:00,10034.711347,10034.711347,0.000000
2026-04-12T14:00:00+00:00,10034.711347,10034.711347,0.000000
2026-04-12T15:00:00+00:00,10034.711347,10034.711347,0.000000
2026-04-12T16:00:00+00:00,10034.711347,10034.711347,0.000000
2026-04-12T17:00:00+00:00,10034.711347,10034.711347,0.000000
2026-04-12T18:00:00+00:00,10034.711347,10034.711347,0.000000
2026-04-12T19:00:00+00:00,10034.711347,10034.711347,0.000000
2026-04-12T20:00:00+00:00,10034.711347,10034.711347,0.000000
2026-04-12T21:00:00+00:00,10034.711347,10034.711347,0.000000
2026-04-12T22:00:00+00:00,10034.711347,10034.711347,0.000000
2026-04-12T23:00:00+00:00,10034.711347,10034.711347,0.000000
2026-04-13T00:00:00+00:00,10034.711347,10034.711347,0.000000
2026-04-13T01:00:00+00:00,10034.711347,10034.711347,0.000000
2026-04-13T02:00:00+00:00,10034.711347,10034.711347,0.000000
2026-04-13T03:00:00+00:00,10034.711347,10034.711347,0.000000
2026-04-13T04:00:00+00:00,10034.711347,10034.711347,0.000000
2026-04-13T05:00:00+00:00,10034.711347,10034.711347,0.000000
2026-04-13T06:00:00+00:00,10034.711347,10034.711347,0.000000
2026-04-13T07:00:00+00:00,10034.711347,10034.711347,0.000000
2026-04-13T08:00:00+00:00,10034.711347,10034.711347,0.000000
2026-04-13T09:00:00+00:00,10034.711347,10034.711347,0.000000
2026-04-13T10:00:00+00:00,10034.711347,10034.711347,0.000000
2026-04-13T11:00:00+00:00,10034.711347,10034.711347,0.000000
2026-04-13T12:00:00+00:00,10034.711347,10034.711347,0.000000
2026-04-13T13:00:00+00:00,10034.711347,10034.711347,0.000000
2026-04-13T14:00:00+00:00,10034.711347,10034.711347,0.000000
2026-04-13T15:00:00+00:00,10034.711347,10034.711347,0.000000
2026-04-13T16:00:00+00:00,10034.711347,10034.711347,0.000000
2026-04-13T17:00:00+00:00,10034.711347,10034.711347,0.000000
2026-04-13T18:00:00+00:00,10034.711347,10034.711347,0.000000
2026-04-13T19:00:00+00:00,10034.711347,10034.711347,0.000000
2026-04-13T20:00:00+00:00,10027.686046,-7.025301,10034.711347
2026-04-13T21:00:00+00:00,10061.329667,-7.025301,10068.354968
2026-04-13T22:00:00+00:00,10431.210612,10431.210612,0.000000
2026-04-13T23:00:00+00:00,10431.210612,10431.210612,0.000000
2026-04-14T00:00:00+00:00,10431.210612,10431.210612,0.000000
2026-04-14T01:00:00+00:00,10431.210612,10431.210612,0.000000
2026-04-14T02:00:00+00:00,10431.210612,10431.210612,0.000000
2026-04-14T03:00:00+00:00,10431.210612,10431.210612,0.000000
2026-04-14T04:00:00+00:00,10431.210612,10431.210612,0.000000
2026-04-14T05:00:00+00:00,10431.210612,10431.210612,0.000000
2026-04-14T06:00:00+00:00,10431.210612,10431.210612,0.000000
2026-04-14T07:00:00+00:00,10431.210612,10431.210612,0.000000
2026-04-14T08:00:00+00:00,10431.210612,10431.210612,0.000000
2026-04-14T09:00:00+00:00,10431.210612,10431.210612,0.000000
2026-04-14T10:00:00+00:00,10431.210612,10431.210612,0.000000
2026-04-14T11:00:00+00:00,10431.210612,10431.210612,0.000000
2026-04-14T12:00:00+00:00,10431.210612,10431.210612,0.000000
2026-04-14T13:00:00+00:00,10431.210612,10431.210612,0.000000
2026-04-14T14:00:00+00:00,10431.210612,10431.210612,0.000000
2026-04-14T15:00:00+00:00,10431.210612,10431.210612,0.000000
2026-04-14T16:00:00+00:00,10431.210612,10431.210612,0.000000
2026-04-14T17:00:00+00:00,10431.210612,10431.210612,0.000000
2026-04-14T18:00:00+00:00,10431.210612,10431.210612,0.000000
2026-04-14T19:00:00+00:00,10431.210612,10431.210612,0.000000
2026-04-14T20:00:00+00:00,10431.210612,10431.210612,0.000000
2026-04-14T21:00:00+00:00,10431.210612,10431.210612,0.000000
2026-04-14T22:00:00+00:00,10431.210612,10431.210612,0.000000
2026-04-14T23:00:00+00:00,10431.210612,10431.210612,0.000000
2026-04-15T00:00:00+00:00,10431.210612,10431.210612,0.000000
2026-04-15T01:00:00+00:00,10431.210612,10431.210612,0.000000
2026-04-15T02:00:00+00:00,10431.210612,10431.210612,0.000000
2026-04-15T03:00:00+00:00,10431.210612,10431.210612,0.000000
2026-04-15T04:00:00+00:00,10431.210612,10431.210612,0.000000
2026-04-15T05:00:00+00:00,10431.210612,10431.210612,0.000000
2026-04-15T06:00:00+00:00,10431.210612,10431.210612,0.000000
2026-04-15T07:00:00+00:00,10431.210612,10431.210612,0.000000
2026-04-15T08:00:00+00:00,10431.210612,10431.210612,0.000000
2026-04-15T09:00:00+00:00,10431.210612,10431.210612,0.000000
2026-04-15T10:00:00+00:00,10431.210612,10431.210612,0.000000
2026-04-15T11:00:00+00:00,10431.210612,10431.210612,0.000000
2026-04-15T12:00:00+00:00,10431.210612,10431.210612,0.000000
2026-04-15T13:00:00+00:00,10431.210612,10431.210612,0.000000
2026-04-15T14:00:00+00:00,10431.210612,10431.210612,0.000000
2026-04-15T15:00:00+00:00,10431.210612,10431.210612,0.000000
2026-04-15T16:00:00+00:00,10431.210612,10431.210612,0.000000
2026-04-15T17:00:00+00:00,10431.210612,10431.210612,0.000000
2026-04-15T18:00:00+00:00,10431.210612,10431.210612,0.000000
2026-04-15T19:00:00+00:00,10431.210612,10431.210612,0.000000
2026-04-15T20:00:00+00:00,10431.210612,10431.210612,0.000000
2026-04-15T21:00:00+00:00,10431.210612,10431.210612,0.000000
2026-04-15T22:00:00+00:00,10431.210612,10431.210612,0.000000
2026-04-15T23:00:00+00:00,10431.210612,10431.210612,0.000000
2026-04-16T00:00:00+00:00,10431.210612,10431.210612,0.000000
2026-04-16T01:00:00+00:00,10431.210612,10431.210612,0.000000
2026-04-16T02:00:00+00:00,10431.210612,10431.210612,0.000000
2026-04-16T03:00:00+00:00,10431.210612,10431.210612,0.000000
2026-04-16T04:00:00+00:00,10431.210612,10431.210612,0.000000
2026-04-16T05:00:00+00:00,10431.210612,10431.210612,0.000000
2026-04-16T06:00:00+00:00,10431.210612,10431.210612,0.000000
2026-04-16T07:00:00+00:00,10431.210612,10431.210612,0.000000
2026-04-16T08:00:00+00:00,10431.210612,10431.210612,0.000000
2026-04-16T09:00:00+00:00,10431.210612,10431.210612,0.000000
2026-04-16T10:00:00+00:00,10431.210612,10431.210612,0.000000
2026-04-16T11:00:00+00:00,10431.210612,10431.210612,0.000000
2026-04-16T12:00:00+00:00,10431.210612,10431.210612,0.000000
2026-04-16T13:00:00+00:00,10431.210612,10431.210612,0.000000
2026-04-16T14:00:00+00:00,10431.210612,10431.210612,0.000000
2026-04-16T15:00:00+00:00,10431.210612,10431.210612,0.000000
2026-04-16T16:00:00+00:00,10431.210612,10431.210612,0.000000
2026-04-16T17:00:00+00:00,10431.210612,10431.210612,0.000000
2026-04-16T18:00:00+00:00,10431.210612,10431.210612,0.000000
2026-04-16T19:00:00+00:00,10431.210612,10431.210612,0.000000
2026-04-16T20:00:00+00:00,10431.210612,10431.210612,0.000000
2026-04-16T21:00:00+00:00,10431.210612,10431.210612,0.000000
2026-04-16T22:00:00+00:00,10431.210612,10431.210612,0.000000
2026-04-16T23:00:00+00:00,10431.210612,10431.210612,0.000000
2026-04-17T00:00:00+00:00,10431.210612,10431.210612,0.000000
2026-04-17T01:00:00+00:00,10431.210612,10431.210612,0.000000
2026-04-17T02:00:00+00:00,10431.210612,10431.210612,0.000000
2026-04-17T03:00:00+00:00,10431.210612,10431.210612,0.000000
2026-04-17T04:00:00+00:00,10431.210612,10431.210612,0.000000
2026-04-17T05:00:00+00:00,10431.210612,10431.210612,0.000000
2026-04-17T06:00:00+00:00,10431.210612,10431.210612,0.000000
2026-04-17T07:00:00+00:00,10431.210612,10431.210612,0.000000
2026-04-17T08:00:00+00:00,10431.210612,10431.210612,0.000000
2026-04-17T09:00:00+00:00,10431.210612,10431.210612,0.000000
2026-04-17T10:00:00+00:00,10431.210612,10431.210612,0.000000
2026-04-17T11:00:00+00:00,10431.210612,10431.210612,0.000000
2026-04-17T12:00:00+00:00,10431.210612,10431.210612,0.000000
2026-04-17T13:00:00+00:00,10431.210612,10431.210612,0.000000
2026-04-17T14:00:00+00:00,10431.210612,10431.210612,0.000000
2026-04-17T15:00:00+00:00,10431.210612,10431.210612,0.000000
2026-04-17T16:00:00+00:00,10431.210612,10431.210612,0.000000
2026-04-17T17:00:00+00:00,10431.210612,10431.210612,0.000000
2026-04-17T18:00:00+00:00,10431.210612,10431.210612,0.000000
2026-04-17T19:00:00+00:00,10431.210612,10431.210612,0.000000
2026-04-17T20:00:00+00:00,10431.210612,10431.210612,0.000000
2026-04-17T21:00:00+00:00,10431.210612,10431.210612,0.000000
2026-04-17T22:00:00+00:00,10431.210612,10431.210612,0.000000
2026-04-17T23:00:00+00:00,10431.210612,10431.210612,0.000000
2026-04-18T00:00:00+00:00,10431.210612,10431.210612,0.000000
2026-04-18T01:00:00+00:00,10431.210612,10431.210612,0.000000
2026-04-18T02:00:00+00:00,10431.210612,10431.210612,0.000000
2026-04-18T03:00:00+00:00,10431.210612,10431.210612,0.000000
2026-04-18T04:00:00+00:00,10431.210612,10431.210612,0.000000
2026-04-18T05:00:00+00:00,10431.210612,10431.210612,0.000000
2026-04-18T06:00:00+00:00,10431.210612,10431.210612,0.000000
2026-04-18T07:00:00+00:00,10431.210612,10431.210612,0.000000
2026-04-18T08:00:00+00:00,10431.210612,10431.210612,0.000000
2026-04-18T09:00:00+00:00,10431.210612,10431.210612,0.000000
2026-04-18T10:00:00+00:00,10431.210612,10431.210612,0.000000
2026-04-18T11:00:00+00:00,10431.210612,10431.210612,0.000000
2026-04-18T12:00:00+00:00,10431.210612,10431.210612,0.000000
2026-04-18T13:00:00+00:00,10431.210612,10431.210612,0.000000
2026-04-18T14:00:00+00:00,10431.210612,10431.210612,0.000000
2026-04-18T15:00:00+00:00,10431.210612,10431.210612,0.000000
2026-04-18T16:00:00+00:00,10431.210612,10431.210612,0.000000
2026-04-18T17:00:00+00:00,10431.210612,10431.210612,0.000000
2026-04-18T18:00:00+00:00,10431.210612,10431.210612,0.000000
2026-04-18T19:00:00+00:00,10431.210612,10431.210612,0.000000
2026-04-18T20:00:00+00:00,10423.909808,-3.128320,10431.210612
2026-04-18T21:00:00+00:00,10411.264303,-3.128320,10443.856117
2026-04-18T22:00:00+00:00,10405.939879,-3.128320,10449.180540
2026-04-18T23:00:00+00:00,10432.783846,-3.128320,10422.336573
2026-04-19T00:00:00+00:00,10438.773823,-3.128320,10416.346597
2026-04-19T01:00:00+00:00,10444.763799,-3.128320,10410.356621
2026-04-19T02:00:00+00:00,10486.249929,-3.128320,10368.870490
2026-04-19T03:00:00+00:00,10478.706997,-3.128320,10376.413423
2026-04-19T04:00:00+00:00,10474.753027,10474.753027,0.000000
2026-04-19T05:00:00+00:00,10474.753027,10474.753027,0.000000
2026-04-19T06:00:00+00:00,10474.753027,10474.753027,0.000000
2026-04-19T07:00:00+00:00,10474.753027,10474.753027,0.000000
2026-04-19T08:00:00+00:00,10474.753027,10474.753027,0.000000
2026-04-19T09:00:00+00:00,10474.753027,10474.753027,0.000000
2026-04-19T10:00:00+00:00,10474.753027,10474.753027,0.000000
2026-04-19T11:00:00+00:00,10474.753027,10474.753027,0.000000
2026-04-19T12:00:00+00:00,10474.753027,10474.753027,0.000000
2026-04-19T13:00:00+00:00,10474.753027,10474.753027,0.000000
2026-04-19T14:00:00+00:00,10474.753027,10474.753027,0.000000
2026-04-19T15:00:00+00:00,10474.753027,10474.753027,0.000000
2026-04-19T16:00:00+00:00,10474.753027,10474.753027,0.000000
2026-04-19T17:00:00+00:00,10474.753027,10474.753027,0.000000
2026-04-19T18:00:00+00:00,10474.753027,10474.753027,0.000000
2026-04-19T19:00:00+00:00,10474.753027,10474.753027,0.000000
2026-04-19T20:00:00+00:00,10474.753027,10474.753027,0.000000
2026-04-19T21:00:00+00:00,10474.753027,10474.753027,0.000000
2026-04-19T22:00:00+00:00,10474.753027,10474.753027,0.000000
2026-04-19T23:00:00+00:00,10474.753027,10474.753027,0.000000
2026-04-20T00:00:00+00:00,10474.753027,10474.753027,0.000000
2026-04-20T01:00:00+00:00,10474.753027,10474.753027,0.000000
2026-04-20T02:00:00+00:00,10474.753027,10474.753027,0.000000
2026-04-20T03:00:00+00:00,10474.753027,10474.753027,0.000000
2026-04-20T04:00:00+00:00,10474.753027,10474.753027,0.000000
2026-04-20T05:00:00+00:00,10474.753027,10474.753027,0.000000
2026-04-20T06:00:00+00:00,10474.753027,10474.753027,0.000000
2026-04-20T07:00:00+00:00,10474.753027,10474.753027,0.000000
2026-04-20T08:00:00+00:00,10474.753027,10474.753027,0.000000
2026-04-20T09:00:00+00:00,10474.753027,10474.753027,0.000000
2026-04-20T10:00:00+00:00,10474.753027,10474.753027,0.000000
2026-04-20T11:00:00+00:00,10474.753027,10474.753027,0.000000
2026-04-20T12:00:00+00:00,10474.753027,10474.753027,0.000000
2026-04-20T13:00:00+00:00,10474.753027,10474.753027,0.000000
2026-04-20T14:00:00+00:00,10474.753027,10474.753027,0.000000
2026-04-20T15:00:00+00:00,10474.753027,10474.753027,0.000000
2026-04-20T16:00:00+00:00,10474.753027,10474.753027,0.000000
2026-04-20T17:00:00+00:00,10474.753027,10474.753027,0.000000
2026-04-20T18:00:00+00:00,10474.753027,10474.753027,0.000000
2026-04-20T19:00:00+00:00,10474.753027,10474.753027,0.000000
2026-04-20T20:00:00+00:00,10474.753027,10474.753027,0.000000
2026-04-20T21:00:00+00:00,10474.753027,10474.753027,0.000000
2026-04-20T22:00:00+00:00,10474.753027,10474.753027,0.000000
2026-04-20T23:00:00+00:00,10474.753027,10474.753027,0.000000
2026-04-21T00:00:00+00:00,10474.753027,10474.753027,0.000000
2026-04-21T01:00:00+00:00,10474.753027,10474.753027,0.000000
2026-04-21T02:00:00+00:00,10474.753027,10474.753027,0.000000
2026-04-21T03:00:00+00:00,10474.753027,10474.753027,0.000000
2026-04-21T04:00:00+00:00,10474.753027,10474.753027,0.000000
2026-04-21T05:00:00+00:00,10474.753027,10474.753027,0.000000
2026-04-21T06:00:00+00:00,10474.753027,10474.753027,0.000000
2026-04-21T07:00:00+00:00,10474.753027,10474.753027,0.000000
2026-04-21T08:00:00+00:00,10474.753027,10474.753027,0.000000
2026-04-21T09:00:00+00:00,10474.753027,10474.753027,0.000000
2026-04-21T10:00:00+00:00,10474.753027,10474.753027,0.000000
2026-04-21T11:00:00+00:00,10474.753027,10474.753027,0.000000
2026-04-21T12:00:00+00:00,10474.753027,10474.753027,0.000000
2026-04-21T13:00:00+00:00,10474.753027,10474.753027,0.000000
2026-04-21T14:00:00+00:00,10474.753027,10474.753027,0.000000
2026-04-21T15:00:00+00:00,10474.753027,10474.753027,0.000000
2026-04-21T16:00:00+00:00,10474.753027,10474.753027,0.000000
2026-04-21T17:00:00+00:00,10474.753027,10474.753027,0.000000
2026-04-21T18:00:00+00:00,10474.753027,10474.753027,0.000000
2026-04-21T19:00:00+00:00,10474.753027,10474.753027,0.000000
2026-04-21T20:00:00+00:00,10474.753027,10474.753027,0.000000
2026-04-21T21:00:00+00:00,10474.753027,10474.753027,0.000000
2026-04-21T22:00:00+00:00,10474.753027,10474.753027,0.000000
2026-04-21T23:00:00+00:00,10474.753027,10474.753027,0.000000
2026-04-22T00:00:00+00:00,10474.753027,10474.753027,0.000000
2026-04-22T01:00:00+00:00,10474.753027,10474.753027,0.000000
2026-04-22T02:00:00+00:00,10467.419653,-7.333375,10474.753027
2026-04-22T03:00:00+00:00,10417.320210,10417.320210,0.000000
2026-04-22T04:00:00+00:00,10417.320210,10417.320210,0.000000
2026-04-22T05:00:00+00:00,10417.320210,10417.320210,0.000000
2026-04-22T06:00:00+00:00,10417.320210,10417.320210,0.000000
2026-04-22T07:00:00+00:00,10417.320210,10417.320210,0.000000
2026-04-22T08:00:00+00:00,10417.320210,10417.320210,0.000000
2026-04-22T09:00:00+00:00,10417.320210,10417.320210,0.000000
2026-04-22T10:00:00+00:00,10417.320210,10417.320210,0.000000
2026-04-22T11:00:00+00:00,10417.320210,10417.320210,0.000000
2026-04-22T12:00:00+00:00,10417.320210,10417.320210,0.000000
2026-04-22T13:00:00+00:00,10417.320210,10417.320210,0.000000
2026-04-22T14:00:00+00:00,10417.320210,10417.320210,0.000000
2026-04-22T15:00:00+00:00,10417.320210,10417.320210,0.000000
2026-04-22T16:00:00+00:00,10417.320210,10417.320210,0.000000
2026-04-22T17:00:00+00:00,10417.320210,10417.320210,0.000000
2026-04-22T18:00:00+00:00,10417.320210,10417.320210,0.000000
2026-04-22T19:00:00+00:00,10417.320210,10417.320210,0.000000
2026-04-22T20:00:00+00:00,10417.320210,10417.320210,0.000000
2026-04-22T21:00:00+00:00,10417.320210,10417.320210,0.000000
2026-04-22T22:00:00+00:00,10417.320210,10417.320210,0.000000
2026-04-22T23:00:00+00:00,10417.320210,10417.320210,0.000000
2026-04-23T00:00:00+00:00,10417.320210,10417.320210,0.000000
2026-04-23T01:00:00+00:00,10417.320210,10417.320210,0.000000
2026-04-23T02:00:00+00:00,10417.320210,10417.320210,0.000000
2026-04-23T03:00:00+00:00,10417.320210,10417.320210,0.000000
2026-04-23T04:00:00+00:00,10417.320210,10417.320210,0.000000
2026-04-23T05:00:00+00:00,10417.320210,10417.320210,0.000000
2026-04-23T06:00:00+00:00,10417.320210,10417.320210,0.000000
2026-04-23T07:00:00+00:00,10417.320210,10417.320210,0.000000
2026-04-23T08:00:00+00:00,10417.320210,10417.320210,0.000000
2026-04-23T09:00:00+00:00,10417.320210,10417.320210,0.000000
2026-04-23T10:00:00+00:00,10417.320210,10417.320210,0.000000
2026-04-23T11:00:00+00:00,10417.320210,10417.320210,0.000000
2026-04-23T12:00:00+00:00,10410.029128,-3.124154,10417.320210
2026-04-23T13:00:00+00:00,10451.870248,-3.124154,10375.479090
2026-04-23T14:00:00+00:00,10381.405785,10381.405785,0.000000
2026-04-23T15:00:00+00:00,10381.405785,10381.405785,0.000000
2026-04-23T16:00:00+00:00,10381.405785,10381.405785,0.000000
2026-04-23T17:00:00+00:00,10381.405785,10381.405785,0.000000
2026-04-23T18:00:00+00:00,10381.405785,10381.405785,0.000000
2026-04-23T19:00:00+00:00,10381.405785,10381.405785,0.000000
2026-04-23T20:00:00+00:00,10381.405785,10381.405785,0.000000
2026-04-23T21:00:00+00:00,10381.405785,10381.405785,0.000000
2026-04-23T22:00:00+00:00,10381.405785,10381.405785,0.000000
2026-04-23T23:00:00+00:00,10381.405785,10381.405785,0.000000
2026-04-24T00:00:00+00:00,10381.405785,10381.405785,0.000000
2026-04-24T01:00:00+00:00,10381.405785,10381.405785,0.000000
2026-04-24T02:00:00+00:00,10381.405785,10381.405785,0.000000
2026-04-24T03:00:00+00:00,10381.405785,10381.405785,0.000000
2026-04-24T04:00:00+00:00,10381.405785,10381.405785,0.000000
2026-04-24T05:00:00+00:00,10381.405785,10381.405785,0.000000
2026-04-24T06:00:00+00:00,10381.405785,10381.405785,0.000000
2026-04-24T07:00:00+00:00,10381.405785,10381.405785,0.000000
2026-04-24T08:00:00+00:00,10381.405785,10381.405785,0.000000
2026-04-24T09:00:00+00:00,10381.405785,10381.405785,0.000000
2026-04-24T10:00:00+00:00,10381.405785,10381.405785,0.000000
2026-04-24T11:00:00+00:00,10381.405785,10381.405785,0.000000
2026-04-24T12:00:00+00:00,10381.405785,10381.405785,0.000000
2026-04-24T13:00:00+00:00,10381.405785,10381.405785,0.000000
2026-04-24T14:00:00+00:00,10381.405785,10381.405785,0.000000
2026-04-24T15:00:00+00:00,10381.405785,10381.405785,0.000000
2026-04-24T16:00:00+00:00,10381.405785,10381.405785,0.000000
2026-04-24T17:00:00+00:00,10381.405785,10381.405785,0.000000
2026-04-24T18:00:00+00:00,10381.405785,10381.405785,0.000000
2026-04-24T19:00:00+00:00,10381.405785,10381.405785,0.000000
2026-04-24T20:00:00+00:00,10381.405785,10381.405785,0.000000
2026-04-24T21:00:00+00:00,10381.405785,10381.405785,0.000000
2026-04-24T22:00:00+00:00,10381.405785,10381.405785,0.000000
2026-04-24T23:00:00+00:00,10381.405785,10381.405785,0.000000
2026-04-25T00:00:00+00:00,10381.405785,10381.405785,0.000000
2026-04-25T01:00:00+00:00,10381.405785,10381.405785,0.000000
2026-04-25T02:00:00+00:00,10381.405785,10381.405785,0.000000
2026-04-25T03:00:00+00:00,10381.405785,10381.405785,0.000000
2026-04-25T04:00:00+00:00,10381.405785,10381.405785,0.000000
2026-04-25T05:00:00+00:00,10381.405785,10381.405785,0.000000
2026-04-25T06:00:00+00:00,10381.405785,10381.405785,0.000000
2026-04-25T07:00:00+00:00,10381.405785,10381.405785,0.000000
2026-04-25T08:00:00+00:00,10381.405785,10381.405785,0.000000
2026-04-25T09:00:00+00:00,10381.405785,10381.405785,0.000000
2026-04-25T10:00:00+00:00,10381.405785,10381.405785,0.000000
2026-04-25T11:00:00+00:00,10381.405785,10381.405785,0.000000
2026-04-25T12:00:00+00:00,10381.405785,10381.405785,0.000000
2026-04-25T13:00:00+00:00,10381.405785,10381.405785,0.000000
2026-04-25T14:00:00+00:00,10381.405785,10381.405785,0.000000
2026-04-25T15:00:00+00:00,10381.405785,10381.405785,0.000000
2026-04-25T16:00:00+00:00,10381.405785,10381.405785,0.000000
2026-04-25T17:00:00+00:00,10381.405785,10381.405785,0.000000
2026-04-25T18:00:00+00:00,10381.405785,10381.405785,0.000000
2026-04-25T19:00:00+00:00,10381.405785,10381.405785,0.000000
2026-04-25T20:00:00+00:00,10381.405785,10381.405785,0.000000
2026-04-25T21:00:00+00:00,10381.405785,10381.405785,0.000000
2026-04-25T22:00:00+00:00,10381.405785,10381.405785,0.000000
2026-04-25T23:00:00+00:00,10381.405785,10381.405785,0.000000
2026-04-26T00:00:00+00:00,10381.405785,10381.405785,0.000000
2026-04-26T01:00:00+00:00,10381.405785,10381.405785,0.000000
2026-04-26T02:00:00+00:00,10381.405785,10381.405785,0.000000
2026-04-26T03:00:00+00:00,10381.405785,10381.405785,0.000000
2026-04-26T04:00:00+00:00,10381.405785,10381.405785,0.000000
2026-04-26T05:00:00+00:00,10381.405785,10381.405785,0.000000
2026-04-26T06:00:00+00:00,10381.405785,10381.405785,0.000000
2026-04-26T07:00:00+00:00,10381.405785,10381.405785,0.000000
2026-04-26T08:00:00+00:00,10381.405785,10381.405785,0.000000
2026-04-26T09:00:00+00:00,10381.405785,10381.405785,0.000000
2026-04-26T10:00:00+00:00,10374.137763,-7.268022,10381.405785
2026-04-26T11:00:00+00:00,10387.939863,-7.268022,10395.207886
2026-04-26T12:00:00+00:00,10356.328601,-7.268022,10363.596623
2026-04-26T13:00:00+00:00,10383.932802,-7.268022,10391.200824
2026-04-26T14:00:00+00:00,10371.488280,10371.488280,0.000000
2026-04-26T15:00:00+00:00,10371.488280,10371.488280,0.000000
2026-04-26T16:00:00+00:00,10371.488280,10371.488280,0.000000
2026-04-26T17:00:00+00:00,10371.488280,10371.488280,0.000000
2026-04-26T18:00:00+00:00,10371.488280,10371.488280,0.000000
2026-04-26T19:00:00+00:00,10371.488280,10371.488280,0.000000
2026-04-26T20:00:00+00:00,10371.488280,10371.488280,0.000000
2026-04-26T21:00:00+00:00,10371.488280,10371.488280,0.000000
2026-04-26T22:00:00+00:00,10371.488280,10371.488280,0.000000
2026-04-26T23:00:00+00:00,10371.488280,10371.488280,0.000000
2026-04-27T00:00:00+00:00,10371.488280,10371.488280,0.000000
2026-04-27T01:00:00+00:00,10371.488280,10371.488280,0.000000
2026-04-27T02:00:00+00:00,10371.488280,10371.488280,0.000000
2026-04-27T03:00:00+00:00,10371.488280,10371.488280,0.000000
2026-04-27T04:00:00+00:00,10371.488280,10371.488280,0.000000
2026-04-27T05:00:00+00:00,10371.488280,10371.488280,0.000000
2026-04-27T06:00:00+00:00,10371.488280,10371.488280,0.000000
2026-04-27T07:00:00+00:00,10371.488280,10371.488280,0.000000
2026-04-27T08:00:00+00:00,10371.488280,10371.488280,0.000000
2026-04-27T09:00:00+00:00,10371.488280,10371.488280,0.000000
2026-04-27T10:00:00+00:00,10371.488280,10371.488280,0.000000
2026-04-27T11:00:00+00:00,10371.488280,10371.488280,0.000000
2026-04-27T12:00:00+00:00,10371.488280,10371.488280,0.000000
2026-04-27T13:00:00+00:00,10371.488280,10371.488280,0.000000
2026-04-27T14:00:00+00:00,10364.229276,-3.110409,10371.488280
2026-04-27T15:00:00+00:00,10499.785673,10499.785673,0.000000
2026-04-27T16:00:00+00:00,10499.785673,10499.785673,0.000000
2026-04-27T17:00:00+00:00,10499.785673,10499.785673,0.000000
2026-04-27T18:00:00+00:00,10499.785673,10499.785673,0.000000
2026-04-27T19:00:00+00:00,10499.785673,10499.785673,0.000000
2026-04-27T20:00:00+00:00,10499.785673,10499.785673,0.000000
2026-04-27T21:00:00+00:00,10499.785673,10499.785673,0.000000
2026-04-27T22:00:00+00:00,10499.785673,10499.785673,0.000000
2026-04-27T23:00:00+00:00,10499.785673,10499.785673,0.000000
2026-04-28T00:00:00+00:00,10499.785673,10499.785673,0.000000
2026-04-28T01:00:00+00:00,10499.785673,10499.785673,0.000000
2026-04-28T02:00:00+00:00,10499.785673,10499.785673,0.000000
2026-04-28T03:00:00+00:00,10499.785673,10499.785673,0.000000
2026-04-28T04:00:00+00:00,10499.785673,10499.785673,0.000000
2026-04-28T05:00:00+00:00,10499.785673,10499.785673,0.000000
2026-04-28T06:00:00+00:00,10499.785673,10499.785673,0.000000
2026-04-28T07:00:00+00:00,10499.785673,10499.785673,0.000000
2026-04-28T08:00:00+00:00,10499.785673,10499.785673,0.000000
2026-04-28T09:00:00+00:00,10499.785673,10499.785673,0.000000
2026-04-28T10:00:00+00:00,10499.785673,10499.785673,0.000000
2026-04-28T11:00:00+00:00,10499.785673,10499.785673,0.000000
2026-04-28T12:00:00+00:00,10499.785673,10499.785673,0.000000
2026-04-28T13:00:00+00:00,10499.785673,10499.785673,0.000000
2026-04-28T14:00:00+00:00,10499.785673,10499.785673,0.000000
2026-04-28T15:00:00+00:00,10499.785673,10499.785673,0.000000
2026-04-28T16:00:00+00:00,10499.785673,10499.785673,0.000000
2026-04-28T17:00:00+00:00,10499.785673,10499.785673,0.000000
2026-04-28T18:00:00+00:00,10499.785673,10499.785673,0.000000
2026-04-28T19:00:00+00:00,10499.785673,10499.785673,0.000000
2026-04-28T20:00:00+00:00,10499.785673,10499.785673,0.000000
2026-04-28T21:00:00+00:00,10499.785673,10499.785673,0.000000
2026-04-28T22:00:00+00:00,10499.785673,10499.785673,0.000000
2026-04-28T23:00:00+00:00,10499.785673,10499.785673,0.000000
2026-04-29T00:00:00+00:00,10499.785673,10499.785673,0.000000
2026-04-29T01:00:00+00:00,10499.785673,10499.785673,0.000000
2026-04-29T02:00:00+00:00,10499.785673,10499.785673,0.000000
2026-04-29T03:00:00+00:00,10499.785673,10499.785673,0.000000
2026-04-29T04:00:00+00:00,10499.785673,10499.785673,0.000000
2026-04-29T05:00:00+00:00,10499.785673,10499.785673,0.000000
2026-04-29T06:00:00+00:00,10499.785673,10499.785673,0.000000
2026-04-29T07:00:00+00:00,10499.785673,10499.785673,0.000000
2026-04-29T08:00:00+00:00,10499.785673,10499.785673,0.000000
2026-04-29T09:00:00+00:00,10492.434773,-7.350900,10499.785673
2026-04-29T10:00:00+00:00,10463.254361,-7.350900,10470.605261
2026-04-29T11:00:00+00:00,10455.398096,-7.350900,10462.748996
2026-04-29T12:00:00+00:00,10361.250036,10361.250036,0.000000
2026-04-29T13:00:00+00:00,10361.250036,10361.250036,0.000000
2026-04-29T14:00:00+00:00,10361.250036,10361.250036,0.000000
2026-04-29T15:00:00+00:00,10361.250036,10361.250036,0.000000
2026-04-29T16:00:00+00:00,10353.998197,-3.107339,10361.250036
2026-04-29T17:00:00+00:00,10281.760911,-3.107339,10433.487323
2026-04-29T18:00:00+00:00,10482.625332,10482.625332,0.000000
2026-04-29T19:00:00+00:00,10482.625332,10482.625332,0.000000
2026-04-29T20:00:00+00:00,10482.625332,10482.625332,0.000000
2026-04-29T21:00:00+00:00,10482.625332,10482.625332,0.000000
2026-04-29T22:00:00+00:00,10482.625332,10482.625332,0.000000
2026-04-29T23:00:00+00:00,10482.625332,10482.625332,0.000000
2026-04-30T00:00:00+00:00,10482.625332,10482.625332,0.000000
2026-04-30T01:00:00+00:00,10482.625332,10482.625332,0.000000
2026-04-30T02:00:00+00:00,10482.625332,10482.625332,0.000000
2026-04-30T03:00:00+00:00,10482.625332,10482.625332,0.000000
2026-04-30T04:00:00+00:00,10482.625332,10482.625332,0.000000
2026-04-30T05:00:00+00:00,10482.625332,10482.625332,0.000000
2026-04-30T06:00:00+00:00,10482.625332,10482.625332,0.000000
2026-04-30T07:00:00+00:00,10482.625332,10482.625332,0.000000
2026-04-30T08:00:00+00:00,10482.625332,10482.625332,0.000000
2026-04-30T09:00:00+00:00,10482.625332,10482.625332,0.000000
2026-04-30T10:00:00+00:00,10482.625332,10482.625332,0.000000
2026-04-30T11:00:00+00:00,10482.625332,10482.625332,0.000000
2026-04-30T12:00:00+00:00,10482.625332,10482.625332,0.000000
2026-04-30T13:00:00+00:00,10482.625332,10482.625332,0.000000
2026-04-30T14:00:00+00:00,10482.625332,10482.625332,0.000000
2026-04-30T15:00:00+00:00,10482.625332,10482.625332,0.000000
2026-04-30T16:00:00+00:00,10482.625332,10482.625332,0.000000
2026-04-30T17:00:00+00:00,10482.625332,10482.625332,0.000000
2026-04-30T18:00:00+00:00,10482.625332,10482.625332,0.000000
2026-04-30T19:00:00+00:00,10482.625332,10482.625332,0.000000
2026-04-30T20:00:00+00:00,10482.625332,10482.625332,0.000000
2026-04-30T21:00:00+00:00,10482.625332,10482.625332,0.000000
2026-04-30T22:00:00+00:00,10482.625332,10482.625332,0.000000
2026-04-30T23:00:00+00:00,10482.625332,10482.625332,0.000000
2026-05-01T00:00:00+00:00,10482.625332,10482.625332,0.000000
2026-05-01T01:00:00+00:00,10482.625332,10482.625332,0.000000
2026-05-01T02:00:00+00:00,10482.625332,10482.625332,0.000000
2026-05-01T03:00:00+00:00,10482.625332,10482.625332,0.000000
2026-05-01T04:00:00+00:00,10482.625332,10482.625332,0.000000
2026-05-01T05:00:00+00:00,10482.625332,10482.625332,0.000000
2026-05-01T06:00:00+00:00,10482.625332,10482.625332,0.000000
2026-05-01T07:00:00+00:00,10482.625332,10482.625332,0.000000
2026-05-01T08:00:00+00:00,10482.625332,10482.625332,0.000000
2026-05-01T09:00:00+00:00,10482.625332,10482.625332,0.000000
2026-05-01T10:00:00+00:00,10482.625332,10482.625332,0.000000
2026-05-01T11:00:00+00:00,10482.625332,10482.625332,0.000000
2026-05-01T12:00:00+00:00,10475.286446,-7.338886,10482.625332
2026-05-01T13:00:00+00:00,10488.059951,10488.059951,0.000000
2026-05-01T14:00:00+00:00,10488.059951,10488.059951,0.000000
2026-05-01T15:00:00+00:00,10488.059951,10488.059951,0.000000
2026-05-01T16:00:00+00:00,10488.059951,10488.059951,0.000000
2026-05-01T17:00:00+00:00,10488.059951,10488.059951,0.000000
2026-05-01T18:00:00+00:00,10488.059951,10488.059951,0.000000
2026-05-01T19:00:00+00:00,10488.059951,10488.059951,0.000000
2026-05-01T20:00:00+00:00,10488.059951,10488.059951,0.000000
2026-05-01T21:00:00+00:00,10488.059951,10488.059951,0.000000
2026-05-01T22:00:00+00:00,10488.059951,10488.059951,0.000000
2026-05-01T23:00:00+00:00,10488.059951,10488.059951,0.000000
2026-05-02T00:00:00+00:00,10488.059951,10488.059951,0.000000
2026-05-02T01:00:00+00:00,10488.059951,10488.059951,0.000000
2026-05-02T02:00:00+00:00,10488.059951,10488.059951,0.000000
2026-05-02T03:00:00+00:00,10488.059951,10488.059951,0.000000
2026-05-02T04:00:00+00:00,10488.059951,10488.059951,0.000000
2026-05-02T05:00:00+00:00,10488.059951,10488.059951,0.000000
2026-05-02T06:00:00+00:00,10488.059951,10488.059951,0.000000
2026-05-02T07:00:00+00:00,10488.059951,10488.059951,0.000000
2026-05-02T08:00:00+00:00,10488.059951,10488.059951,0.000000
2026-05-02T09:00:00+00:00,10488.059951,10488.059951,0.000000
2026-05-02T10:00:00+00:00,10488.059951,10488.059951,0.000000
2026-05-02T11:00:00+00:00,10488.059951,10488.059951,0.000000
2026-05-02T12:00:00+00:00,10488.059951,10488.059951,0.000000
2026-05-02T13:00:00+00:00,10488.059951,10488.059951,0.000000
2026-05-02T14:00:00+00:00,10488.059951,10488.059951,0.000000
2026-05-02T15:00:00+00:00,10488.059951,10488.059951,0.000000
2026-05-02T16:00:00+00:00,10488.059951,10488.059951,0.000000
2026-05-02T17:00:00+00:00,10488.059951,10488.059951,0.000000
2026-05-02T18:00:00+00:00,10488.059951,10488.059951,0.000000
2026-05-02T19:00:00+00:00,10488.059951,10488.059951,0.000000
2026-05-02T20:00:00+00:00,10488.059951,10488.059951,0.000000
2026-05-02T21:00:00+00:00,10488.059951,10488.059951,0.000000
2026-05-02T22:00:00+00:00,10488.059951,10488.059951,0.000000
2026-05-02T23:00:00+00:00,10488.059951,10488.059951,0.000000
2026-05-03T00:00:00+00:00,10488.059951,10488.059951,0.000000
2026-05-03T01:00:00+00:00,10488.059951,10488.059951,0.000000
2026-05-03T02:00:00+00:00,10488.059951,10488.059951,0.000000
2026-05-03T03:00:00+00:00,10488.059951,10488.059951,0.000000
2026-05-03T04:00:00+00:00,10488.059951,10488.059951,0.000000
2026-05-03T05:00:00+00:00,10488.059951,10488.059951,0.000000
2026-05-03T06:00:00+00:00,10488.059951,10488.059951,0.000000
2026-05-03T07:00:00+00:00,10488.059951,10488.059951,0.000000
2026-05-03T08:00:00+00:00,10488.059951,10488.059951,0.000000
2026-05-03T09:00:00+00:00,10488.059951,10488.059951,0.000000
2026-05-03T10:00:00+00:00,10488.059951,10488.059951,0.000000
2026-05-03T11:00:00+00:00,10488.059951,10488.059951,0.000000
2026-05-03T12:00:00+00:00,10488.059951,10488.059951,0.000000
2026-05-03T13:00:00+00:00,10488.059951,10488.059951,0.000000
2026-05-03T14:00:00+00:00,10488.059951,10488.059951,0.000000
2026-05-03T15:00:00+00:00,10488.059951,10488.059951,0.000000
2026-05-03T16:00:00+00:00,10488.059951,10488.059951,0.000000
2026-05-03T17:00:00+00:00,10488.059951,10488.059951,0.000000
2026-05-03T18:00:00+00:00,10488.059951,10488.059951,0.000000
2026-05-03T19:00:00+00:00,10488.059951,10488.059951,0.000000
2026-05-03T20:00:00+00:00,10488.059951,10488.059951,0.000000
2026-05-03T21:00:00+00:00,10488.059951,10488.059951,0.000000
2026-05-03T22:00:00+00:00,10488.059951,10488.059951,0.000000
2026-05-03T23:00:00+00:00,10488.059951,10488.059951,0.000000
2026-05-04T00:00:00+00:00,10488.059951,10488.059951,0.000000
2026-05-04T01:00:00+00:00,10488.059951,10488.059951,0.000000
2026-05-04T02:00:00+00:00,10488.059951,10488.059951,0.000000
2026-05-04T03:00:00+00:00,10488.059951,10488.059951,0.000000
2026-05-04T04:00:00+00:00,10488.059951,10488.059951,0.000000
2026-05-04T05:00:00+00:00,10488.059951,10488.059951,0.000000
2026-05-04T06:00:00+00:00,10488.059951,10488.059951,0.000000
2026-05-04T07:00:00+00:00,10488.059951,10488.059951,0.000000
2026-05-04T08:00:00+00:00,10488.059951,10488.059951,0.000000
2026-05-04T09:00:00+00:00,10488.059951,10488.059951,0.000000
2026-05-04T10:00:00+00:00,10488.059951,10488.059951,0.000000
2026-05-04T11:00:00+00:00,10488.059951,10488.059951,0.000000
2026-05-04T12:00:00+00:00,10488.059951,10488.059951,0.000000
2026-05-04T13:00:00+00:00,10488.059951,10488.059951,0.000000
2026-05-04T14:00:00+00:00,10488.059951,10488.059951,0.000000
2026-05-04T15:00:00+00:00,10488.059951,10488.059951,0.000000
2026-05-04T16:00:00+00:00,10488.059951,10488.059951,0.000000
2026-05-04T17:00:00+00:00,10488.059951,10488.059951,0.000000
2026-05-04T18:00:00+00:00,10488.059951,10488.059951,0.000000
2026-05-04T19:00:00+00:00,10488.059951,10488.059951,0.000000
2026-05-04T20:00:00+00:00,10488.059951,10488.059951,0.000000
2026-05-04T21:00:00+00:00,10488.059951,10488.059951,0.000000
2026-05-04T22:00:00+00:00,10488.059951,10488.059951,0.000000
2026-05-04T23:00:00+00:00,10488.059951,10488.059951,0.000000
2026-05-05T00:00:00+00:00,10488.059951,10488.059951,0.000000
2026-05-05T01:00:00+00:00,10488.059951,10488.059951,0.000000
2026-05-05T02:00:00+00:00,10488.059951,10488.059951,0.000000
2026-05-05T03:00:00+00:00,10488.059951,10488.059951,0.000000
2026-05-05T04:00:00+00:00,10488.059951,10488.059951,0.000000
2026-05-05T05:00:00+00:00,10488.059951,10488.059951,0.000000
2026-05-05T06:00:00+00:00,10488.059951,10488.059951,0.000000
2026-05-05T07:00:00+00:00,10488.059951,10488.059951,0.000000
2026-05-05T08:00:00+00:00,10488.059951,10488.059951,0.000000
2026-05-05T09:00:00+00:00,10488.059951,10488.059951,0.000000
2026-05-05T10:00:00+00:00,10488.059951,10488.059951,0.000000
2026-05-05T11:00:00+00:00,10488.059951,10488.059951,0.000000
2026-05-05T12:00:00+00:00,10488.059951,10488.059951,0.000000
2026-05-05T13:00:00+00:00,10488.059951,10488.059951,0.000000
2026-05-05T14:00:00+00:00,10488.059951,10488.059951,0.000000
2026-05-05T15:00:00+00:00,10488.059951,10488.059951,0.000000
2026-05-05T16:00:00+00:00,10488.059951,10488.059951,0.000000
2026-05-05T17:00:00+00:00,10488.059951,10488.059951,0.000000
2026-05-05T18:00:00+00:00,10488.059951,10488.059951,0.000000
2026-05-05T19:00:00+00:00,10488.059951,10488.059951,0.000000
2026-05-05T20:00:00+00:00,10488.059951,10488.059951,0.000000
2026-05-05T21:00:00+00:00,10488.059951,10488.059951,0.000000
2026-05-05T22:00:00+00:00,10488.059951,10488.059951,0.000000
2026-05-05T23:00:00+00:00,10488.059951,10488.059951,0.000000
2026-05-06T00:00:00+00:00,10488.059951,10488.059951,0.000000
2026-05-06T01:00:00+00:00,10488.059951,10488.059951,0.000000
2026-05-06T02:00:00+00:00,10488.059951,10488.059951,0.000000
2026-05-06T03:00:00+00:00,10488.059951,10488.059951,0.000000
2026-05-06T04:00:00+00:00,10488.059951,10488.059951,0.000000
2026-05-06T05:00:00+00:00,10488.059951,10488.059951,0.000000
2026-05-06T06:00:00+00:00,10488.059951,10488.059951,0.000000
2026-05-06T07:00:00+00:00,10488.059951,10488.059951,0.000000
2026-05-06T08:00:00+00:00,10488.059951,10488.059951,0.000000
2026-05-06T09:00:00+00:00,10488.059951,10488.059951,0.000000
2026-05-06T10:00:00+00:00,10488.059951,10488.059951,0.000000
2026-05-06T11:00:00+00:00,10488.059951,10488.059951,0.000000
2026-05-06T12:00:00+00:00,10488.059951,10488.059951,0.000000
2026-05-06T13:00:00+00:00,10488.059951,10488.059951,0.000000
2026-05-06T14:00:00+00:00,10488.059951,10488.059951,0.000000
2026-05-06T15:00:00+00:00,10488.059951,10488.059951,0.000000
2026-05-06T16:00:00+00:00,10488.059951,10488.059951,0.000000
2026-05-06T17:00:00+00:00,10488.059951,10488.059951,0.000000
2026-05-06T18:00:00+00:00,10488.059951,10488.059951,0.000000
2026-05-06T19:00:00+00:00,10488.059951,10488.059951,0.000000
2026-05-06T20:00:00+00:00,10488.059951,10488.059951,0.000000
2026-05-06T21:00:00+00:00,10488.059951,10488.059951,0.000000
2026-05-06T22:00:00+00:00,10488.059951,10488.059951,0.000000
2026-05-06T23:00:00+00:00,10480.719358,-3.145369,10488.059951
2026-05-07T00:00:00+00:00,10490.493058,10490.493058,0.000000
2026-05-07T01:00:00+00:00,10490.493058,10490.493058,0.000000
2026-05-07T02:00:00+00:00,10490.493058,10490.493058,0.000000
2026-05-07T03:00:00+00:00,10490.493058,10490.493058,0.000000
2026-05-07T04:00:00+00:00,10490.493058,10490.493058,0.000000
2026-05-07T05:00:00+00:00,10490.493058,10490.493058,0.000000
2026-05-07T06:00:00+00:00,10490.493058,10490.493058,0.000000
2026-05-07T07:00:00+00:00,10490.493058,10490.493058,0.000000
2026-05-07T08:00:00+00:00,10490.493058,10490.493058,0.000000
2026-05-07T09:00:00+00:00,10490.493058,10490.493058,0.000000
2026-05-07T10:00:00+00:00,10490.493058,10490.493058,0.000000
2026-05-07T11:00:00+00:00,10490.493058,10490.493058,0.000000
2026-05-07T12:00:00+00:00,10490.493058,10490.493058,0.000000
2026-05-07T13:00:00+00:00,10490.493058,10490.493058,0.000000
2026-05-07T14:00:00+00:00,10490.493058,10490.493058,0.000000
2026-05-07T15:00:00+00:00,10490.493058,10490.493058,0.000000
2026-05-07T16:00:00+00:00,10490.493058,10490.493058,0.000000
2026-05-07T17:00:00+00:00,10490.493058,10490.493058,0.000000
2026-05-07T18:00:00+00:00,10490.493058,10490.493058,0.000000
2026-05-07T19:00:00+00:00,10490.493058,10490.493058,0.000000
2026-05-07T20:00:00+00:00,10490.493058,10490.493058,0.000000
2026-05-07T21:00:00+00:00,10490.493058,10490.493058,0.000000
2026-05-07T22:00:00+00:00,10490.493058,10490.493058,0.000000
2026-05-07T23:00:00+00:00,10490.493058,10490.493058,0.000000
2026-05-08T00:00:00+00:00,10490.493058,10490.493058,0.000000
2026-05-08T01:00:00+00:00,10490.493058,10490.493058,0.000000
2026-05-08T02:00:00+00:00,10490.493058,10490.493058,0.000000
2026-05-08T03:00:00+00:00,10490.493058,10490.493058,0.000000
2026-05-08T04:00:00+00:00,10490.493058,10490.493058,0.000000
2026-05-08T05:00:00+00:00,10490.493058,10490.493058,0.000000
2026-05-08T06:00:00+00:00,10490.493058,10490.493058,0.000000
2026-05-08T07:00:00+00:00,10490.493058,10490.493058,0.000000
2026-05-08T08:00:00+00:00,10490.493058,10490.493058,0.000000
2026-05-08T09:00:00+00:00,10490.493058,10490.493058,0.000000
2026-05-08T10:00:00+00:00,10490.493058,10490.493058,0.000000
2026-05-08T11:00:00+00:00,10490.493058,10490.493058,0.000000
2026-05-08T12:00:00+00:00,10490.493058,10490.493058,0.000000
2026-05-08T13:00:00+00:00,10490.493058,10490.493058,0.000000
2026-05-08T14:00:00+00:00,10490.493058,10490.493058,0.000000
2026-05-08T15:00:00+00:00,10490.493058,10490.493058,0.000000
2026-05-08T16:00:00+00:00,10490.493058,10490.493058,0.000000
2026-05-08T17:00:00+00:00,10490.493058,10490.493058,0.000000
2026-05-08T18:00:00+00:00,10490.493058,10490.493058,0.000000
2026-05-08T19:00:00+00:00,10490.493058,10490.493058,0.000000
2026-05-08T20:00:00+00:00,10490.493058,10490.493058,0.000000
2026-05-08T21:00:00+00:00,10490.493058,10490.493058,0.000000
2026-05-08T22:00:00+00:00,10490.493058,10490.493058,0.000000
2026-05-08T23:00:00+00:00,10490.493058,10490.493058,0.000000
2026-05-09T00:00:00+00:00,10490.493058,10490.493058,0.000000
2026-05-09T01:00:00+00:00,10490.493058,10490.493058,0.000000
2026-05-09T02:00:00+00:00,10490.493058,10490.493058,0.000000
2026-05-09T03:00:00+00:00,10490.493058,10490.493058,0.000000
2026-05-09T04:00:00+00:00,10490.493058,10490.493058,0.000000
2026-05-09T05:00:00+00:00,10490.493058,10490.493058,0.000000
2026-05-09T06:00:00+00:00,10490.493058,10490.493058,0.000000
2026-05-09T07:00:00+00:00,10490.493058,10490.493058,0.000000
2026-05-09T08:00:00+00:00,10490.493058,10490.493058,0.000000
2026-05-09T09:00:00+00:00,10490.493058,10490.493058,0.000000
2026-05-09T10:00:00+00:00,10490.493058,10490.493058,0.000000
2026-05-09T11:00:00+00:00,10490.493058,10490.493058,0.000000
2026-05-09T12:00:00+00:00,10490.493058,10490.493058,0.000000
2026-05-09T13:00:00+00:00,10490.493058,10490.493058,0.000000
2026-05-09T14:00:00+00:00,10490.493058,10490.493058,0.000000
2026-05-09T15:00:00+00:00,10490.493058,10490.493058,0.000000
2026-05-09T16:00:00+00:00,10490.493058,10490.493058,0.000000
2026-05-09T17:00:00+00:00,10483.148664,-7.344394,10490.493058
2026-05-09T18:00:00+00:00,10485.401002,-7.344394,10492.745397
2026-05-09T19:00:00+00:00,10493.509422,-7.344394,10500.853816
2026-05-09T20:00:00+00:00,10480.896325,-7.344394,10488.240719
2026-05-09T21:00:00+00:00,10488.554277,-7.344394,10495.898671
2026-05-09T22:00:00+00:00,10481.572027,-7.344394,10488.916421
2026-05-09T23:00:00+00:00,10466.931825,-7.344394,10474.276219
2026-05-10T00:00:00+00:00,10457.472002,-7.344394,10464.816396
2026-05-10T01:00:00+00:00,10432.354050,10432.354050,0.000000
2026-05-10T02:00:00+00:00,10432.354050,10432.354050,0.000000
2026-05-10T03:00:00+00:00,10432.354050,10432.354050,0.000000
2026-05-10T04:00:00+00:00,10432.354050,10432.354050,0.000000
2026-05-10T05:00:00+00:00,10432.354050,10432.354050,0.000000
2026-05-10T06:00:00+00:00,10432.354050,10432.354050,0.000000
2026-05-10T07:00:00+00:00,10432.354050,10432.354050,0.000000
2026-05-10T08:00:00+00:00,10432.354050,10432.354050,0.000000
2026-05-10T09:00:00+00:00,10432.354050,10432.354050,0.000000
2026-05-10T10:00:00+00:00,10432.354050,10432.354050,0.000000
2026-05-10T11:00:00+00:00,10432.354050,10432.354050,0.000000
2026-05-10T12:00:00+00:00,10432.354050,10432.354050,0.000000
2026-05-10T13:00:00+00:00,10432.354050,10432.354050,0.000000
2026-05-10T14:00:00+00:00,10432.354050,10432.354050,0.000000
2026-05-10T15:00:00+00:00,10432.354050,10432.354050,0.000000
2026-05-10T16:00:00+00:00,10432.354050,10432.354050,0.000000
2026-05-10T17:00:00+00:00,10432.354050,10432.354050,0.000000
2026-05-10T18:00:00+00:00,10432.354050,10432.354050,0.000000
2026-05-10T19:00:00+00:00,10432.354050,10432.354050,0.000000
2026-05-10T20:00:00+00:00,10432.354050,10432.354050,0.000000
2026-05-10T21:00:00+00:00,10432.354050,10432.354050,0.000000
2026-05-10T22:00:00+00:00,10432.354050,10432.354050,0.000000
2026-05-10T23:00:00+00:00,10432.354050,10432.354050,0.000000
2026-05-11T00:00:00+00:00,10432.354050,10432.354050,0.000000
2026-05-11T01:00:00+00:00,10432.354050,10432.354050,0.000000
2026-05-11T02:00:00+00:00,10432.354050,10432.354050,0.000000
2026-05-11T03:00:00+00:00,10432.354050,10432.354050,0.000000
2026-05-11T04:00:00+00:00,10432.354050,10432.354050,0.000000
2026-05-11T05:00:00+00:00,10432.354050,10432.354050,0.000000
2026-05-11T06:00:00+00:00,10432.354050,10432.354050,0.000000
2026-05-11T07:00:00+00:00,10432.354050,10432.354050,0.000000
2026-05-11T08:00:00+00:00,10432.354050,10432.354050,0.000000
2026-05-11T09:00:00+00:00,10432.354050,10432.354050,0.000000
2026-05-11T10:00:00+00:00,10432.354050,10432.354050,0.000000
2026-05-11T11:00:00+00:00,10432.354050,10432.354050,0.000000
2026-05-11T12:00:00+00:00,10432.354050,10432.354050,0.000000
2026-05-11T13:00:00+00:00,10432.354050,10432.354050,0.000000
2026-05-11T14:00:00+00:00,10432.354050,10432.354050,0.000000
2026-05-11T15:00:00+00:00,10432.354050,10432.354050,0.000000
2026-05-11T16:00:00+00:00,10432.354050,10432.354050,0.000000
2026-05-11T17:00:00+00:00,10432.354050,10432.354050,0.000000
2026-05-11T18:00:00+00:00,10432.354050,10432.354050,0.000000
2026-05-11T19:00:00+00:00,10432.354050,10432.354050,0.000000
2026-05-11T20:00:00+00:00,10432.354050,10432.354050,0.000000
2026-05-11T21:00:00+00:00,10432.354050,10432.354050,0.000000
2026-05-11T22:00:00+00:00,10432.354050,10432.354050,0.000000
2026-05-11T23:00:00+00:00,10432.354050,10432.354050,0.000000
2026-05-12T00:00:00+00:00,10432.354050,10432.354050,0.000000
2026-05-12T01:00:00+00:00,10432.354050,10432.354050,0.000000
2026-05-12T02:00:00+00:00,10432.354050,10432.354050,0.000000
2026-05-12T03:00:00+00:00,10425.052445,-3.128663,10432.354050
2026-05-12T04:00:00+00:00,10417.821094,-3.128663,10439.585401
2026-05-12T05:00:00+00:00,10421.662749,-3.128663,10435.743746
2026-05-12T06:00:00+00:00,10449.684235,-3.128663,10407.722260
2026-05-12T07:00:00+00:00,10489.004708,-3.128663,10368.401787
2026-05-12T08:00:00+00:00,10520.867849,-3.128663,10336.538646
2026-05-12T09:00:00+00:00,10499.625755,-3.128663,10357.780740
2026-05-12T10:00:00+00:00,10528.551160,-3.128663,10328.855335
2026-05-12T11:00:00+00:00,10526.065383,-3.128663,10331.341112
2026-05-12T12:00:00+00:00,10516.574234,-3.128663,10340.832261
2026-05-12T13:00:00+00:00,10519.552434,10519.552434,0.000000
2026-05-12T14:00:00+00:00,10519.552434,10519.552434,0.000000
2026-05-12T15:00:00+00:00,10519.552434,10519.552434,0.000000
2026-05-12T16:00:00+00:00,10519.552434,10519.552434,0.000000
2026-05-12T17:00:00+00:00,10519.552434,10519.552434,0.000000
2026-05-12T18:00:00+00:00,10519.552434,10519.552434,0.000000
2026-05-12T19:00:00+00:00,10519.552434,10519.552434,0.000000
2026-05-12T20:00:00+00:00,10519.552434,10519.552434,0.000000
2026-05-12T21:00:00+00:00,10519.552434,10519.552434,0.000000
2026-05-12T22:00:00+00:00,10519.552434,10519.552434,0.000000
2026-05-12T23:00:00+00:00,10519.552434,10519.552434,0.000000
2026-05-13T00:00:00+00:00,10519.552434,10519.552434,0.000000
2026-05-13T01:00:00+00:00,10519.552434,10519.552434,0.000000
2026-05-13T02:00:00+00:00,10519.552434,10519.552434,0.000000
2026-05-13T03:00:00+00:00,10519.552434,10519.552434,0.000000
2026-05-13T04:00:00+00:00,10519.552434,10519.552434,0.000000
2026-05-13T05:00:00+00:00,10519.552434,10519.552434,0.000000
2026-05-13T06:00:00+00:00,10519.552434,10519.552434,0.000000
2026-05-13T07:00:00+00:00,10519.552434,10519.552434,0.000000
2026-05-13T08:00:00+00:00,10519.552434,10519.552434,0.000000
2026-05-13T09:00:00+00:00,10519.552434,10519.552434,0.000000
2026-05-13T10:00:00+00:00,10519.552434,10519.552434,0.000000
2026-05-13T11:00:00+00:00,10519.552434,10519.552434,0.000000
2026-05-13T12:00:00+00:00,10519.552434,10519.552434,0.000000
2026-05-13T13:00:00+00:00,10519.552434,10519.552434,0.000000
2026-05-13T14:00:00+00:00,10519.552434,10519.552434,0.000000
2026-05-13T15:00:00+00:00,10519.552434,10519.552434,0.000000
2026-05-13T16:00:00+00:00,10519.552434,10519.552434,0.000000
2026-05-13T17:00:00+00:00,10519.552434,10519.552434,0.000000
2026-05-13T18:00:00+00:00,10519.552434,10519.552434,0.000000
2026-05-13T19:00:00+00:00,10519.552434,10519.552434,0.000000
2026-05-13T20:00:00+00:00,10519.552434,10519.552434,0.000000
2026-05-13T21:00:00+00:00,10519.552434,10519.552434,0.000000
2026-05-13T22:00:00+00:00,10519.552434,10519.552434,0.000000
2026-05-13T23:00:00+00:00,10519.552434,10519.552434,0.000000
2026-05-14T00:00:00+00:00,10519.552434,10519.552434,0.000000
2026-05-14T01:00:00+00:00,10519.552434,10519.552434,0.000000
2026-05-14T02:00:00+00:00,10519.552434,10519.552434,0.000000
2026-05-14T03:00:00+00:00,10519.552434,10519.552434,0.000000
2026-05-14T04:00:00+00:00,10519.552434,10519.552434,0.000000
2026-05-14T05:00:00+00:00,10519.552434,10519.552434,0.000000
2026-05-14T06:00:00+00:00,10519.552434,10519.552434,0.000000
2026-05-14T07:00:00+00:00,10519.552434,10519.552434,0.000000
2026-05-14T08:00:00+00:00,10519.552434,10519.552434,0.000000
2026-05-14T09:00:00+00:00,10519.552434,10519.552434,0.000000
2026-05-14T10:00:00+00:00,10519.552434,10519.552434,0.000000
2026-05-14T11:00:00+00:00,10519.552434,10519.552434,0.000000
2026-05-14T12:00:00+00:00,10519.552434,10519.552434,0.000000
2026-05-14T13:00:00+00:00,10519.552434,10519.552434,0.000000
2026-05-14T14:00:00+00:00,10519.552434,10519.552434,0.000000
2026-05-14T15:00:00+00:00,10519.552434,10519.552434,0.000000
2026-05-14T16:00:00+00:00,10519.552434,10519.552434,0.000000
2026-05-14T17:00:00+00:00,10519.552434,10519.552434,0.000000
2026-05-14T18:00:00+00:00,10519.552434,10519.552434,0.000000
2026-05-14T19:00:00+00:00,10519.552434,10519.552434,0.000000
2026-05-14T20:00:00+00:00,10519.552434,10519.552434,0.000000
2026-05-14T21:00:00+00:00,10512.187695,-7.364739,10519.552434
2026-05-14T22:00:00+00:00,10515.852965,-7.364739,10523.217703
2026-05-14T23:00:00+00:00,10440.484168,10440.484168,0.000000
2026-05-15T00:00:00+00:00,10440.484168,10440.484168,0.000000
2026-05-15T01:00:00+00:00,10440.484168,10440.484168,0.000000
2026-05-15T02:00:00+00:00,10440.484168,10440.484168,0.000000
2026-05-15T03:00:00+00:00,10440.484168,10440.484168,0.000000
2026-05-15T04:00:00+00:00,10433.176873,-3.131101,10440.484168
2026-05-15T05:00:00+00:00,10462.631752,10462.631752,0.000000
2026-05-15T06:00:00+00:00,10462.631752,10462.631752,0.000000
2026-05-15T07:00:00+00:00,10462.631752,10462.631752,0.000000
2026-05-15T08:00:00+00:00,10462.631752,10462.631752,0.000000
2026-05-15T09:00:00+00:00,10462.631752,10462.631752,0.000000
2026-05-15T10:00:00+00:00,10462.631752,10462.631752,0.000000
2026-05-15T11:00:00+00:00,10462.631752,10462.631752,0.000000
2026-05-15T12:00:00+00:00,10462.631752,10462.631752,0.000000
2026-05-15T13:00:00+00:00,10462.631752,10462.631752,0.000000
2026-05-15T14:00:00+00:00,10462.631752,10462.631752,0.000000
2026-05-15T15:00:00+00:00,10462.631752,10462.631752,0.000000
2026-05-15T16:00:00+00:00,10462.631752,10462.631752,0.000000
2026-05-15T17:00:00+00:00,10462.631752,10462.631752,0.000000
2026-05-15T18:00:00+00:00,10462.631752,10462.631752,0.000000
2026-05-15T19:00:00+00:00,10462.631752,10462.631752,0.000000
2026-05-15T20:00:00+00:00,10462.631752,10462.631752,0.000000
2026-05-15T21:00:00+00:00,10462.631752,10462.631752,0.000000
2026-05-15T22:00:00+00:00,10462.631752,10462.631752,0.000000
2026-05-15T23:00:00+00:00,10462.631752,10462.631752,0.000000
2026-05-16T00:00:00+00:00,10462.631752,10462.631752,0.000000
2026-05-16T01:00:00+00:00,10462.631752,10462.631752,0.000000
2026-05-16T02:00:00+00:00,10462.631752,10462.631752,0.000000
2026-05-16T03:00:00+00:00,10462.631752,10462.631752,0.000000
2026-05-16T04:00:00+00:00,10462.631752,10462.631752,0.000000
2026-05-16T05:00:00+00:00,10462.631752,10462.631752,0.000000
2026-05-16T06:00:00+00:00,10462.631752,10462.631752,0.000000
2026-05-16T07:00:00+00:00,10462.631752,10462.631752,0.000000
2026-05-16T08:00:00+00:00,10462.631752,10462.631752,0.000000
2026-05-16T09:00:00+00:00,10462.631752,10462.631752,0.000000
2026-05-16T10:00:00+00:00,10462.631752,10462.631752,0.000000
2026-05-16T11:00:00+00:00,10462.631752,10462.631752,0.000000
2026-05-16T12:00:00+00:00,10462.631752,10462.631752,0.000000
2026-05-16T13:00:00+00:00,10462.631752,10462.631752,0.000000
2026-05-16T14:00:00+00:00,10462.631752,10462.631752,0.000000
2026-05-16T15:00:00+00:00,10462.631752,10462.631752,0.000000
2026-05-16T16:00:00+00:00,10462.631752,10462.631752,0.000000
2026-05-16T17:00:00+00:00,10462.631752,10462.631752,0.000000
2026-05-16T18:00:00+00:00,10462.631752,10462.631752,0.000000
2026-05-16T19:00:00+00:00,10462.631752,10462.631752,0.000000
2026-05-16T20:00:00+00:00,10462.631752,10462.631752,0.000000
2026-05-16T21:00:00+00:00,10462.631752,10462.631752,0.000000
2026-05-16T22:00:00+00:00,10462.631752,10462.631752,0.000000
2026-05-16T23:00:00+00:00,10462.631752,10462.631752,0.000000
2026-05-17T00:00:00+00:00,10462.631752,10462.631752,0.000000
2026-05-17T01:00:00+00:00,10462.631752,10462.631752,0.000000
2026-05-17T02:00:00+00:00,10462.631752,10462.631752,0.000000
2026-05-17T03:00:00+00:00,10462.631752,10462.631752,0.000000
2026-05-17T04:00:00+00:00,10462.631752,10462.631752,0.000000
2026-05-17T05:00:00+00:00,10462.631752,10462.631752,0.000000
2026-05-17T06:00:00+00:00,10462.631752,10462.631752,0.000000
2026-05-17T07:00:00+00:00,10462.631752,10462.631752,0.000000
2026-05-17T08:00:00+00:00,10462.631752,10462.631752,0.000000
2026-05-17T09:00:00+00:00,10462.631752,10462.631752,0.000000
2026-05-17T10:00:00+00:00,10462.631752,10462.631752,0.000000
2026-05-17T11:00:00+00:00,10462.631752,10462.631752,0.000000
2026-05-17T12:00:00+00:00,10462.631752,10462.631752,0.000000
2026-05-17T13:00:00+00:00,10462.631752,10462.631752,0.000000
2026-05-17T14:00:00+00:00,10462.631752,10462.631752,0.000000
2026-05-17T15:00:00+00:00,10462.631752,10462.631752,0.000000
2026-05-17T16:00:00+00:00,10462.631752,10462.631752,0.000000
2026-05-17T17:00:00+00:00,10462.631752,10462.631752,0.000000
2026-05-17T18:00:00+00:00,10462.631752,10462.631752,0.000000
2026-05-17T19:00:00+00:00,10462.631752,10462.631752,0.000000
2026-05-17T20:00:00+00:00,10462.631752,10462.631752,0.000000
2026-05-17T21:00:00+00:00,10462.631752,10462.631752,0.000000
2026-05-17T22:00:00+00:00,10462.631752,10462.631752,0.000000
2026-05-17T23:00:00+00:00,10462.631752,10462.631752,0.000000
2026-05-18T00:00:00+00:00,10462.631752,10462.631752,0.000000
2026-05-18T01:00:00+00:00,10462.631752,10462.631752,0.000000
2026-05-18T02:00:00+00:00,10462.631752,10462.631752,0.000000
2026-05-18T03:00:00+00:00,10462.631752,10462.631752,0.000000
2026-05-18T04:00:00+00:00,10462.631752,10462.631752,0.000000
2026-05-18T05:00:00+00:00,10462.631752,10462.631752,0.000000
2026-05-18T06:00:00+00:00,10462.631752,10462.631752,0.000000
2026-05-18T07:00:00+00:00,10462.631752,10462.631752,0.000000
2026-05-18T08:00:00+00:00,10462.631752,10462.631752,0.000000
2026-05-18T09:00:00+00:00,10462.631752,10462.631752,0.000000
2026-05-18T10:00:00+00:00,10462.631752,10462.631752,0.000000
2026-05-18T11:00:00+00:00,10462.631752,10462.631752,0.000000
2026-05-18T12:00:00+00:00,10462.631752,10462.631752,0.000000
2026-05-18T13:00:00+00:00,10462.631752,10462.631752,0.000000
2026-05-18T14:00:00+00:00,10462.631752,10462.631752,0.000000
2026-05-18T15:00:00+00:00,10462.631752,10462.631752,0.000000
2026-05-18T16:00:00+00:00,10462.631752,10462.631752,0.000000
2026-05-18T17:00:00+00:00,10462.631752,10462.631752,0.000000
2026-05-18T18:00:00+00:00,10462.631752,10462.631752,0.000000
2026-05-18T19:00:00+00:00,10462.631752,10462.631752,0.000000
2026-05-18T20:00:00+00:00,10462.631752,10462.631752,0.000000
2026-05-18T21:00:00+00:00,10462.631752,10462.631752,0.000000
2026-05-18T22:00:00+00:00,10462.631752,10462.631752,0.000000
2026-05-18T23:00:00+00:00,10462.631752,10462.631752,0.000000
2026-05-19T00:00:00+00:00,10462.631752,10462.631752,0.000000
2026-05-19T01:00:00+00:00,10462.631752,10462.631752,0.000000
2026-05-19T02:00:00+00:00,10462.631752,10462.631752,0.000000
2026-05-19T03:00:00+00:00,10462.631752,10462.631752,0.000000
2026-05-19T04:00:00+00:00,10462.631752,10462.631752,0.000000
2026-05-19T05:00:00+00:00,10462.631752,10462.631752,0.000000
2026-05-19T06:00:00+00:00,10462.631752,10462.631752,0.000000
2026-05-19T07:00:00+00:00,10462.631752,10462.631752,0.000000
2026-05-19T08:00:00+00:00,10462.631752,10462.631752,0.000000
2026-05-19T09:00:00+00:00,10462.631752,10462.631752,0.000000
2026-05-19T10:00:00+00:00,10462.631752,10462.631752,0.000000
2026-05-19T11:00:00+00:00,10462.631752,10462.631752,0.000000
2026-05-19T12:00:00+00:00,10462.631752,10462.631752,0.000000
2026-05-19T13:00:00+00:00,10462.631752,10462.631752,0.000000
2026-05-19T14:00:00+00:00,10462.631752,10462.631752,0.000000
2026-05-19T15:00:00+00:00,10462.631752,10462.631752,0.000000
2026-05-19T16:00:00+00:00,10462.631752,10462.631752,0.000000
2026-05-19T17:00:00+00:00,10462.631752,10462.631752,0.000000
2026-05-19T18:00:00+00:00,10462.631752,10462.631752,0.000000
2026-05-19T19:00:00+00:00,10462.631752,10462.631752,0.000000
2026-05-19T20:00:00+00:00,10462.631752,10462.631752,0.000000
2026-05-19T21:00:00+00:00,10462.631752,10462.631752,0.000000
2026-05-19T22:00:00+00:00,10462.631752,10462.631752,0.000000
2026-05-19T23:00:00+00:00,10462.631752,10462.631752,0.000000
2026-05-20T00:00:00+00:00,10462.631752,10462.631752,0.000000
2026-05-20T01:00:00+00:00,10462.631752,10462.631752,0.000000
2026-05-20T02:00:00+00:00,10462.631752,10462.631752,0.000000
2026-05-20T03:00:00+00:00,10462.631752,10462.631752,0.000000
2026-05-20T04:00:00+00:00,10462.631752,10462.631752,0.000000
2026-05-20T05:00:00+00:00,10462.631752,10462.631752,0.000000
2026-05-20T06:00:00+00:00,10462.631752,10462.631752,0.000000
2026-05-20T07:00:00+00:00,10462.631752,10462.631752,0.000000
2026-05-20T08:00:00+00:00,10462.631752,10462.631752,0.000000
2026-05-20T09:00:00+00:00,10462.631752,10462.631752,0.000000
2026-05-20T10:00:00+00:00,10462.631752,10462.631752,0.000000
2026-05-20T11:00:00+00:00,10462.631752,10462.631752,0.000000
2026-05-20T12:00:00+00:00,10462.631752,10462.631752,0.000000
2026-05-20T13:00:00+00:00,10462.631752,10462.631752,0.000000
2026-05-20T14:00:00+00:00,10462.631752,10462.631752,0.000000
2026-05-20T15:00:00+00:00,10462.631752,10462.631752,0.000000
2026-05-20T16:00:00+00:00,10462.631752,10462.631752,0.000000
2026-05-20T17:00:00+00:00,10462.631752,10462.631752,0.000000
2026-05-20T18:00:00+00:00,10462.631752,10462.631752,0.000000
2026-05-20T19:00:00+00:00,10462.631752,10462.631752,0.000000
2026-05-20T20:00:00+00:00,10462.631752,10462.631752,0.000000
2026-05-20T21:00:00+00:00,10462.631752,10462.631752,0.000000
2026-05-20T22:00:00+00:00,10462.631752,10462.631752,0.000000
2026-05-20T23:00:00+00:00,10462.631752,10462.631752,0.000000
2026-05-21T00:00:00+00:00,10462.631752,10462.631752,0.000000
2026-05-21T01:00:00+00:00,10455.306864,-7.324888,10462.631752
2026-05-21T02:00:00+00:00,10457.995732,-7.324888,10465.320621
2026-05-21T03:00:00+00:00,10478.528910,-7.324888,10485.853798
2026-05-21T04:00:00+00:00,10473.884501,-7.324888,10481.209389
2026-05-21T05:00:00+00:00,10432.329260,-7.324888,10439.654149
2026-05-21T06:00:00+00:00,10402.385417,10402.385417,0.000000
2026-05-21T07:00:00+00:00,10402.385417,10402.385417,0.000000
2026-05-21T08:00:00+00:00,10402.385417,10402.385417,0.000000
2026-05-21T09:00:00+00:00,10402.385417,10402.385417,0.000000
2026-05-21T10:00:00+00:00,10402.385417,10402.385417,0.000000
2026-05-21T11:00:00+00:00,10395.104788,-3.119675,10402.385417
2026-05-21T12:00:00+00:00,10385.264062,-3.119675,10412.226143
2026-05-21T13:00:00+00:00,10354.176715,10354.176715,0.000000
2026-05-21T14:00:00+00:00,10354.176715,10354.176715,0.000000
2026-05-21T15:00:00+00:00,10354.176715,10354.176715,0.000000
2026-05-21T16:00:00+00:00,10354.176715,10354.176715,0.000000
2026-05-21T17:00:00+00:00,10354.176715,10354.176715,0.000000
2026-05-21T18:00:00+00:00,10354.176715,10354.176715,0.000000
2026-05-21T19:00:00+00:00,10354.176715,10354.176715,0.000000
2026-05-21T20:00:00+00:00,10346.927756,-7.248959,10354.176715
2026-05-21T21:00:00+00:00,10330.944230,-7.248959,10338.193189
2026-05-21T22:00:00+00:00,10314.234179,-7.248959,10321.483139
2026-05-21T23:00:00+00:00,10322.710292,-7.248959,10329.959251
2026-05-22T00:00:00+00:00,10300.430225,-7.248959,10307.679184
2026-05-22T01:00:00+00:00,10334.334674,-7.248959,10341.583634
2026-05-22T02:00:00+00:00,10343.052962,-7.248959,10350.301921
2026-05-22T03:00:00+00:00,10342.568612,-7.248959,10349.817571
2026-05-22T04:00:00+00:00,10323.194641,-7.248959,10330.443600
2026-05-22T05:00:00+00:00,10301.641098,-7.248959,10308.890057
2026-05-22T06:00:00+00:00,10271.309575,10271.309575,0.000000
2026-05-22T07:00:00+00:00,10271.309575,10271.309575,0.000000
2026-05-22T08:00:00+00:00,10264.120685,-3.080366,10271.309575
2026-05-22T09:00:00+00:00,10256.616134,-3.080366,10278.814126
2026-05-22T10:00:00+00:00,10260.973616,-3.080366,10274.456645
2026-05-22T11:00:00+00:00,10224.177107,-3.080366,10311.253153
2026-05-22T12:00:00+00:00,10191.306643,10191.306643,0.000000
2026-05-22T13:00:00+00:00,10191.306643,10191.306643,0.000000
2026-05-22T14:00:00+00:00,10191.306643,10191.306643,0.000000
2026-05-22T15:00:00+00:00,10191.306643,10191.306643,0.000000
2026-05-22T16:00:00+00:00,10191.306643,10191.306643,0.000000
2026-05-22T17:00:00+00:00,10191.306643,10191.306643,0.000000
2026-05-22T18:00:00+00:00,10191.306643,10191.306643,0.000000
2026-05-22T19:00:00+00:00,10191.306643,10191.306643,0.000000
2026-05-22T20:00:00+00:00,10191.306643,10191.306643,0.000000
2026-05-22T21:00:00+00:00,10191.306643,10191.306643,0.000000
2026-05-22T22:00:00+00:00,10191.306643,10191.306643,0.000000
2026-05-22T23:00:00+00:00,10191.306643,10191.306643,0.000000
2026-05-23T00:00:00+00:00,10191.306643,10191.306643,0.000000
2026-05-23T01:00:00+00:00,10191.306643,10191.306643,0.000000
2026-05-23T02:00:00+00:00,10191.306643,10191.306643,0.000000
2026-05-23T03:00:00+00:00,10191.306643,10191.306643,0.000000
2026-05-23T04:00:00+00:00,10191.306643,10191.306643,0.000000
2026-05-23T05:00:00+00:00,10191.306643,10191.306643,0.000000
2026-05-23T06:00:00+00:00,10191.306643,10191.306643,0.000000
2026-05-23T07:00:00+00:00,10191.306643,10191.306643,0.000000
2026-05-23T08:00:00+00:00,10191.306643,10191.306643,0.000000
2026-05-23T09:00:00+00:00,10191.306643,10191.306643,0.000000
2026-05-23T10:00:00+00:00,10191.306643,10191.306643,0.000000
2026-05-23T11:00:00+00:00,10191.306643,10191.306643,0.000000
2026-05-23T12:00:00+00:00,10191.306643,10191.306643,0.000000
2026-05-23T13:00:00+00:00,10191.306643,10191.306643,0.000000
2026-05-23T14:00:00+00:00,10191.306643,10191.306643,0.000000
2026-05-23T15:00:00+00:00,10191.306643,10191.306643,0.000000
2026-05-23T16:00:00+00:00,10191.306643,10191.306643,0.000000
2026-05-23T17:00:00+00:00,10191.306643,10191.306643,0.000000
2026-05-23T18:00:00+00:00,10191.306643,10191.306643,0.000000
2026-05-23T19:00:00+00:00,10191.306643,10191.306643,0.000000
2026-05-23T20:00:00+00:00,10191.306643,10191.306643,0.000000
2026-05-23T21:00:00+00:00,10191.306643,10191.306643,0.000000
2026-05-23T22:00:00+00:00,10191.306643,10191.306643,0.000000
2026-05-23T23:00:00+00:00,10191.306643,10191.306643,0.000000
2026-05-24T00:00:00+00:00,10191.306643,10191.306643,0.000000
2026-05-24T01:00:00+00:00,10191.306643,10191.306643,0.000000
2026-05-24T02:00:00+00:00,10191.306643,10191.306643,0.000000
2026-05-24T03:00:00+00:00,10191.306643,10191.306643,0.000000
2026-05-24T04:00:00+00:00,10184.171709,-7.134934,10191.306643
2026-05-24T05:00:00+00:00,10184.171709,-7.134934,10191.306643
2026-05-24T06:00:00+00:00,10223.366268,-7.134934,10230.501202
2026-05-24T07:00:00+00:00,10189.221315,-7.134934,10196.356249
2026-05-24T08:00:00+00:00,10185.373996,-7.134934,10192.508930
2026-05-24T09:00:00+00:00,10200.522813,-7.134934,10207.657747
2026-05-24T10:00:00+00:00,10194.511378,-7.134934,10201.646312
2026-05-24T11:00:00+00:00,10212.305227,-7.134934,10219.440161
2026-05-24T12:00:00+00:00,10182.969422,-7.134934,10190.104356
2026-05-24T13:00:00+00:00,10151.581623,10151.581623,0.000000
2026-05-24T14:00:00+00:00,10151.581623,10151.581623,0.000000
2026-05-24T15:00:00+00:00,10151.581623,10151.581623,0.000000
2026-05-24T16:00:00+00:00,10151.581623,10151.581623,0.000000
2026-05-24T17:00:00+00:00,10151.581623,10151.581623,0.000000
2026-05-24T18:00:00+00:00,10151.581623,10151.581623,0.000000
2026-05-24T19:00:00+00:00,10151.581623,10151.581623,0.000000
2026-05-24T20:00:00+00:00,10151.581623,10151.581623,0.000000
2026-05-24T21:00:00+00:00,10151.581623,10151.581623,0.000000
2026-05-24T22:00:00+00:00,10151.581623,10151.581623,0.000000
2026-05-24T23:00:00+00:00,10151.581623,10151.581623,0.000000
2026-05-25T00:00:00+00:00,10151.581623,10151.581623,0.000000
2026-05-25T01:00:00+00:00,10151.581623,10151.581623,0.000000
2026-05-25T02:00:00+00:00,10144.476531,-3.044459,10151.581623
2026-05-25T03:00:00+00:00,10157.786748,-3.044459,10138.271406
2026-05-25T04:00:00+00:00,10108.417943,-3.044459,10187.640211
2026-05-25T05:00:00+00:00,10087.101966,10087.101966,0.000000
2026-05-25T06:00:00+00:00,10080.039986,-7.061980,10087.101966
2026-05-25T07:00:00+00:00,10115.450956,-7.061980,10122.512936
2026-05-25T08:00:00+00:00,10117.365062,-7.061980,10124.427042
2026-05-25T09:00:00+00:00,10117.604326,-7.061980,10124.666306
2026-05-25T10:00:00+00:00,10119.279169,-7.061980,10126.341149
2026-05-25T11:00:00+00:00,10108.751583,-7.061980,10115.813563
2026-05-25T12:00:00+00:00,10119.039905,-7.061980,10126.101886
2026-05-25T13:00:00+00:00,10115.450956,-7.061980,10122.512936
2026-05-25T14:00:00+00:00,10174.070467,-7.061980,10181.132447
2026-05-25T15:00:00+00:00,10166.414041,-7.061980,10173.476021
2026-05-25T16:00:00+00:00,10151.489537,10151.489537,0.000000
2026-05-25T17:00:00+00:00,10151.489537,10151.489537,0.000000
2026-05-25T18:00:00+00:00,10151.489537,10151.489537,0.000000
2026-05-25T19:00:00+00:00,10151.489537,10151.489537,0.000000
2026-05-25T20:00:00+00:00,10151.489537,10151.489537,0.000000
2026-05-25T21:00:00+00:00,10151.489537,10151.489537,0.000000
2026-05-25T22:00:00+00:00,10151.489537,10151.489537,0.000000
2026-05-25T23:00:00+00:00,10151.489537,10151.489537,0.000000
2026-05-26T00:00:00+00:00,10151.489537,10151.489537,0.000000
2026-05-26T01:00:00+00:00,10151.489537,10151.489537,0.000000
2026-05-26T02:00:00+00:00,10151.489537,10151.489537,0.000000
2026-05-26T03:00:00+00:00,10151.489537,10151.489537,0.000000
2026-05-26T04:00:00+00:00,10151.489537,10151.489537,0.000000
2026-05-26T05:00:00+00:00,10144.384509,-3.044432,10151.489537
2026-05-26T06:00:00+00:00,10139.550236,-3.044432,10156.323810
2026-05-26T07:00:00+00:00,10171.939864,-3.044432,10123.934182
2026-05-26T08:00:00+00:00,10162.271319,-3.044432,10133.602727
2026-05-26T09:00:00+00:00,10164.930169,-3.044432,10130.943877
2026-05-26T10:00:00+00:00,10017.430392,10017.430392,0.000000
2026-05-26T11:00:00+00:00,10010.417189,-7.013203,10017.430392
2026-05-26T12:00:00+00:00,10035.932684,-7.013203,10042.945887
2026-05-26T13:00:00+00:00,9974.144147,9974.144147,0.000000
2026-05-26T14:00:00+00:00,9974.144147,9974.144147,0.000000
2026-05-26T15:00:00+00:00,9974.144147,9974.144147,0.000000
2026-05-26T16:00:00+00:00,9967.163243,-2.991246,9974.144147
2026-05-26T17:00:00+00:00,10000.865540,10000.865540,0.000000
2026-05-26T18:00:00+00:00,10000.865540,10000.865540,0.000000
2026-05-26T19:00:00+00:00,10000.865540,10000.865540,0.000000
2026-05-26T20:00:00+00:00,10000.865540,10000.865540,0.000000
2026-05-26T21:00:00+00:00,10000.865540,10000.865540,0.000000
2026-05-26T22:00:00+00:00,10000.865540,10000.865540,0.000000
2026-05-26T23:00:00+00:00,10000.865540,10000.865540,0.000000
2026-05-27T00:00:00+00:00,10000.865540,10000.865540,0.000000
2026-05-27T01:00:00+00:00,10000.865540,10000.865540,0.000000
2026-05-27T02:00:00+00:00,10000.865540,10000.865540,0.000000
2026-05-27T03:00:00+00:00,10000.865540,10000.865540,0.000000
2026-05-27T04:00:00+00:00,10000.865540,10000.865540,0.000000
2026-05-27T05:00:00+00:00,10000.865540,10000.865540,0.000000
2026-05-27T06:00:00+00:00,10000.865540,10000.865540,0.000000
2026-05-27T07:00:00+00:00,10000.865540,10000.865540,0.000000
2026-05-27T08:00:00+00:00,10000.865540,10000.865540,0.000000
2026-05-27T09:00:00+00:00,10000.865540,10000.865540,0.000000
2026-05-27T10:00:00+00:00,10000.865540,10000.865540,0.000000
2026-05-27T11:00:00+00:00,10000.865540,10000.865540,0.000000
2026-05-27T12:00:00+00:00,10000.865540,10000.865540,0.000000
2026-05-27T13:00:00+00:00,10000.865540,10000.865540,0.000000
2026-05-27T14:00:00+00:00,10000.865540,10000.865540,0.000000
2026-05-27T15:00:00+00:00,10000.865540,10000.865540,0.000000
2026-05-27T16:00:00+00:00,10000.865540,10000.865540,0.000000
2026-05-27T17:00:00+00:00,10000.865540,10000.865540,0.000000
2026-05-27T18:00:00+00:00,10000.865540,10000.865540,0.000000
2026-05-27T19:00:00+00:00,10000.865540,10000.865540,0.000000
2026-05-27T20:00:00+00:00,10000.865540,10000.865540,0.000000
2026-05-27T21:00:00+00:00,10000.865540,10000.865540,0.000000
2026-05-27T22:00:00+00:00,10000.865540,10000.865540,0.000000
2026-05-27T23:00:00+00:00,10000.865540,10000.865540,0.000000
2026-05-28T00:00:00+00:00,10000.865540,10000.865540,0.000000
2026-05-28T01:00:00+00:00,10000.865540,10000.865540,0.000000
2026-05-28T02:00:00+00:00,10000.865540,10000.865540,0.000000
2026-05-28T03:00:00+00:00,10000.865540,10000.865540,0.000000
2026-05-28T04:00:00+00:00,10000.865540,10000.865540,0.000000
2026-05-28T05:00:00+00:00,10000.865540,10000.865540,0.000000
2026-05-28T06:00:00+00:00,10000.865540,10000.865540,0.000000
2026-05-28T07:00:00+00:00,10000.865540,10000.865540,0.000000
2026-05-28T08:00:00+00:00,10000.865540,10000.865540,0.000000
2026-05-28T09:00:00+00:00,10000.865540,10000.865540,0.000000
2026-05-28T10:00:00+00:00,10000.865540,10000.865540,0.000000
2026-05-28T11:00:00+00:00,10000.865540,10000.865540,0.000000
2026-05-28T12:00:00+00:00,10000.865540,10000.865540,0.000000
2026-05-28T13:00:00+00:00,10000.865540,10000.865540,0.000000
2026-05-28T14:00:00+00:00,10000.865540,10000.865540,0.000000
2026-05-28T15:00:00+00:00,10000.865540,10000.865540,0.000000
2026-05-28T16:00:00+00:00,10000.865540,10000.865540,0.000000
2026-05-28T17:00:00+00:00,10000.865540,10000.865540,0.000000
2026-05-28T18:00:00+00:00,10000.865540,10000.865540,0.000000
2026-05-28T19:00:00+00:00,10000.865540,10000.865540,0.000000
2026-05-28T20:00:00+00:00,10000.865540,10000.865540,0.000000
2026-05-28T21:00:00+00:00,10000.865540,10000.865540,0.000000
2026-05-28T22:00:00+00:00,10000.865540,10000.865540,0.000000
2026-05-28T23:00:00+00:00,10000.865540,10000.865540,0.000000
2026-05-29T00:00:00+00:00,10000.865540,10000.865540,0.000000
2026-05-29T01:00:00+00:00,10000.865540,10000.865540,0.000000
2026-05-29T02:00:00+00:00,10000.865540,10000.865540,0.000000
2026-05-29T03:00:00+00:00,10000.865540,10000.865540,0.000000
2026-05-29T04:00:00+00:00,10000.865540,10000.865540,0.000000
2026-05-29T05:00:00+00:00,10000.865540,10000.865540,0.000000
2026-05-29T06:00:00+00:00,10000.865540,10000.865540,0.000000
2026-05-29T07:00:00+00:00,10000.865540,10000.865540,0.000000
2026-05-29T08:00:00+00:00,10000.865540,10000.865540,0.000000
2026-05-29T09:00:00+00:00,10000.865540,10000.865540,0.000000
2026-05-29T10:00:00+00:00,10000.865540,10000.865540,0.000000
2026-05-29T11:00:00+00:00,10000.865540,10000.865540,0.000000
2026-05-29T12:00:00+00:00,10000.865540,10000.865540,0.000000
2026-05-29T13:00:00+00:00,10000.865540,10000.865540,0.000000
2026-05-29T14:00:00+00:00,10000.865540,10000.865540,0.000000
2026-05-29T15:00:00+00:00,10000.865540,10000.865540,0.000000
2026-05-29T16:00:00+00:00,10000.865540,10000.865540,0.000000
2026-05-29T17:00:00+00:00,10000.865540,10000.865540,0.000000
2026-05-29T18:00:00+00:00,10000.865540,10000.865540,0.000000
2026-05-29T19:00:00+00:00,10000.865540,10000.865540,0.000000
2026-05-29T20:00:00+00:00,10000.865540,10000.865540,0.000000
2026-05-29T21:00:00+00:00,10000.865540,10000.865540,0.000000
2026-05-29T22:00:00+00:00,10000.865540,10000.865540,0.000000
2026-05-29T23:00:00+00:00,10000.865540,10000.865540,0.000000
2026-05-30T00:00:00+00:00,10000.865540,10000.865540,0.000000
2026-05-30T01:00:00+00:00,10000.865540,10000.865540,0.000000
2026-05-30T02:00:00+00:00,10000.865540,10000.865540,0.000000
2026-05-30T03:00:00+00:00,10000.865540,10000.865540,0.000000
2026-05-30T04:00:00+00:00,10000.865540,10000.865540,0.000000
2026-05-30T05:00:00+00:00,10000.865540,10000.865540,0.000000
2026-05-30T06:00:00+00:00,10000.865540,10000.865540,0.000000
2026-05-30T07:00:00+00:00,10000.865540,10000.865540,0.000000
2026-05-30T08:00:00+00:00,10000.865540,10000.865540,0.000000
2026-05-30T09:00:00+00:00,10000.865540,10000.865540,0.000000
2026-05-30T10:00:00+00:00,10000.865540,10000.865540,0.000000
2026-05-30T11:00:00+00:00,10000.865540,10000.865540,0.000000
2026-05-30T12:00:00+00:00,10000.865540,10000.865540,0.000000
2026-05-30T13:00:00+00:00,10000.865540,10000.865540,0.000000
2026-05-30T14:00:00+00:00,10000.865540,10000.865540,0.000000
2026-05-30T15:00:00+00:00,10000.865540,10000.865540,0.000000
2026-05-30T16:00:00+00:00,10000.865540,10000.865540,0.000000
2026-05-30T17:00:00+00:00,10000.865540,10000.865540,0.000000
2026-05-30T18:00:00+00:00,10000.865540,10000.865540,0.000000
2026-05-30T19:00:00+00:00,10000.865540,10000.865540,0.000000
2026-05-30T20:00:00+00:00,9993.863934,-7.001606,10000.865540
2026-05-30T21:00:00+00:00,10000.033499,-7.001606,10007.035105
2026-05-30T22:00:00+00:00,9975.848803,-7.001606,9982.850409
2026-05-30T23:00:00+00:00,9969.926020,-7.001606,9976.927626
2026-05-31T00:00:00+00:00,9992.383238,-7.001606,9999.384844
2026-05-31T01:00:00+00:00,10004.722369,-7.001606,10011.723975
2026-05-31T02:00:00+00:00,10030.140978,-7.001606,10037.142584
2026-05-31T03:00:00+00:00,10025.452109,-7.001606,10032.453715
2026-05-31T04:00:00+00:00,10027.179587,-7.001606,10034.181193
2026-05-31T05:00:00+00:00,10008.670891,-7.001606,10015.672497
2026-05-31T06:00:00+00:00,10007.436978,-7.001606,10014.438584
2026-05-31T07:00:00+00:00,9978.316629,-7.001606,9985.318235
2026-05-31T08:00:00+00:00,9996.825325,-7.001606,10003.826931
2026-05-31T09:00:00+00:00,9963.424551,9963.424551,0.000000
2026-05-31T10:00:00+00:00,9963.424551,9963.424551,0.000000
2026-05-31T11:00:00+00:00,9963.424551,9963.424551,0.000000
2026-05-31T12:00:00+00:00,9963.424551,9963.424551,0.000000
2026-05-31T13:00:00+00:00,9963.424551,9963.424551,0.000000
2026-05-31T14:00:00+00:00,9956.451150,-2.988031,9963.424551
2026-05-31T15:00:00+00:00,9943.543230,-2.988031,9976.332470
2026-05-31T16:00:00+00:00,9984.749281,-2.988031,9935.126419
2026-05-31T17:00:00+00:00,9965.635631,-2.988031,9954.240069
2026-05-31T18:00:00+00:00,9991.203241,-2.988031,9928.672459
2026-05-31T19:00:00+00:00,9996.416055,-2.988031,9923.459646
2026-05-31T20:00:00+00:00,9960.422817,-2.988031,9959.452883
2026-05-31T21:00:00+00:00,9939.321041,9939.321041,0.000000
2026-05-31T22:00:00+00:00,9939.321041,9939.321041,0.000000
2026-05-31T23:00:00+00:00,9939.321041,9939.321041,0.000000
2026-06-01T00:00:00+00:00,9939.321041,9939.321041,0.000000
2026-06-01T01:00:00+00:00,9939.321041,9939.321041,0.000000
2026-06-01T02:00:00+00:00,9939.321041,9939.321041,0.000000
2026-06-01T03:00:00+00:00,9939.321041,9939.321041,0.000000
2026-06-01T04:00:00+00:00,9939.321041,9939.321041,0.000000
2026-06-01T05:00:00+00:00,9939.321041,9939.321041,0.000000
2026-06-01T06:00:00+00:00,9939.321041,9939.321041,0.000000
2026-06-01T07:00:00+00:00,9939.321041,9939.321041,0.000000
2026-06-01T08:00:00+00:00,9939.321041,9939.321041,0.000000
2026-06-01T09:00:00+00:00,9939.321041,9939.321041,0.000000
2026-06-01T10:00:00+00:00,9939.321041,9939.321041,0.000000
2026-06-01T11:00:00+00:00,9939.321041,9939.321041,0.000000
2026-06-01T12:00:00+00:00,9939.321041,9939.321041,0.000000
2026-06-01T13:00:00+00:00,9939.321041,9939.321041,0.000000
2026-06-01T14:00:00+00:00,9939.321041,9939.321041,0.000000
2026-06-01T15:00:00+00:00,9939.321041,9939.321041,0.000000
2026-06-01T16:00:00+00:00,9939.321041,9939.321041,0.000000
2026-06-01T17:00:00+00:00,9939.321041,9939.321041,0.000000
2026-06-01T18:00:00+00:00,9939.321041,9939.321041,0.000000
2026-06-01T19:00:00+00:00,9939.321041,9939.321041,0.000000
2026-06-01T20:00:00+00:00,9939.321041,9939.321041,0.000000
2026-06-01T21:00:00+00:00,9939.321041,9939.321041,0.000000
2026-06-01T22:00:00+00:00,9939.321041,9939.321041,0.000000
2026-06-01T23:00:00+00:00,9939.321041,9939.321041,0.000000
2026-06-02T00:00:00+00:00,9939.321041,9939.321041,0.000000
2026-06-02T01:00:00+00:00,9939.321041,9939.321041,0.000000
2026-06-02T02:00:00+00:00,9939.321041,9939.321041,0.000000
2026-06-02T03:00:00+00:00,9939.321041,9939.321041,0.000000
2026-06-02T04:00:00+00:00,9939.321041,9939.321041,0.000000
2026-06-02T05:00:00+00:00,9939.321041,9939.321041,0.000000
2026-06-02T06:00:00+00:00,9939.321041,9939.321041,0.000000
2026-06-02T07:00:00+00:00,9939.321041,9939.321041,0.000000
2026-06-02T08:00:00+00:00,9939.321041,9939.321041,0.000000
2026-06-02T09:00:00+00:00,9939.321041,9939.321041,0.000000
2026-06-02T10:00:00+00:00,9939.321041,9939.321041,0.000000
2026-06-02T11:00:00+00:00,9939.321041,9939.321041,0.000000
2026-06-02T12:00:00+00:00,9939.321041,9939.321041,0.000000
2026-06-02T13:00:00+00:00,9939.321041,9939.321041,0.000000
2026-06-02T14:00:00+00:00,9939.321041,9939.321041,0.000000
2026-06-02T15:00:00+00:00,9939.321041,9939.321041,0.000000
2026-06-02T16:00:00+00:00,9939.321041,9939.321041,0.000000
2026-06-02T17:00:00+00:00,9939.321041,9939.321041,0.000000
2026-06-02T18:00:00+00:00,9939.321041,9939.321041,0.000000
2026-06-02T19:00:00+00:00,9939.321041,9939.321041,0.000000
2026-06-02T20:00:00+00:00,9939.321041,9939.321041,0.000000
2026-06-02T21:00:00+00:00,9939.321041,9939.321041,0.000000
2026-06-02T22:00:00+00:00,9939.321041,9939.321041,0.000000
2026-06-02T23:00:00+00:00,9939.321041,9939.321041,0.000000
2026-06-03T00:00:00+00:00,9939.321041,9939.321041,0.000000
2026-06-03T01:00:00+00:00,9939.321041,9939.321041,0.000000
2026-06-03T02:00:00+00:00,9939.321041,9939.321041,0.000000
2026-06-03T03:00:00+00:00,9939.321041,9939.321041,0.000000
2026-06-03T04:00:00+00:00,9939.321041,9939.321041,0.000000
2026-06-03T05:00:00+00:00,9939.321041,9939.321041,0.000000
2026-06-03T06:00:00+00:00,9939.321041,9939.321041,0.000000
2026-06-03T07:00:00+00:00,9939.321041,9939.321041,0.000000
2026-06-03T08:00:00+00:00,9939.321041,9939.321041,0.000000
2026-06-03T09:00:00+00:00,9939.321041,9939.321041,0.000000
2026-06-03T10:00:00+00:00,9939.321041,9939.321041,0.000000
2026-06-03T11:00:00+00:00,9939.321041,9939.321041,0.000000
2026-06-03T12:00:00+00:00,9939.321041,9939.321041,0.000000
2026-06-03T13:00:00+00:00,9939.321041,9939.321041,0.000000
2026-06-03T14:00:00+00:00,9939.321041,9939.321041,0.000000
2026-06-03T15:00:00+00:00,9939.321041,9939.321041,0.000000
2026-06-03T16:00:00+00:00,9939.321041,9939.321041,0.000000
2026-06-03T17:00:00+00:00,9939.321041,9939.321041,0.000000
2026-06-03T18:00:00+00:00,9939.321041,9939.321041,0.000000
2026-06-03T19:00:00+00:00,9939.321041,9939.321041,0.000000
2026-06-03T20:00:00+00:00,9939.321041,9939.321041,0.000000
2026-06-03T21:00:00+00:00,9939.321041,9939.321041,0.000000
2026-06-03T22:00:00+00:00,9939.321041,9939.321041,0.000000
2026-06-03T23:00:00+00:00,9939.321041,9939.321041,0.000000
2026-06-04T00:00:00+00:00,9939.321041,9939.321041,0.000000
2026-06-04T01:00:00+00:00,9939.321041,9939.321041,0.000000
2026-06-04T02:00:00+00:00,9939.321041,9939.321041,0.000000
2026-06-04T03:00:00+00:00,9939.321041,9939.321041,0.000000
2026-06-04T04:00:00+00:00,9939.321041,9939.321041,0.000000
2026-06-04T05:00:00+00:00,9939.321041,9939.321041,0.000000
2026-06-04T06:00:00+00:00,9939.321041,9939.321041,0.000000
2026-06-04T07:00:00+00:00,9939.321041,9939.321041,0.000000
2026-06-04T08:00:00+00:00,9939.321041,9939.321041,0.000000
2026-06-04T09:00:00+00:00,9939.321041,9939.321041,0.000000
2026-06-04T10:00:00+00:00,9939.321041,9939.321041,0.000000
2026-06-04T11:00:00+00:00,9939.321041,9939.321041,0.000000
2026-06-04T12:00:00+00:00,9939.321041,9939.321041,0.000000
2026-06-04T13:00:00+00:00,9939.321041,9939.321041,0.000000
2026-06-04T14:00:00+00:00,9939.321041,9939.321041,0.000000
2026-06-04T15:00:00+00:00,9939.321041,9939.321041,0.000000
2026-06-04T16:00:00+00:00,9939.321041,9939.321041,0.000000
2026-06-04T17:00:00+00:00,9939.321041,9939.321041,0.000000
2026-06-04T18:00:00+00:00,9939.321041,9939.321041,0.000000
2026-06-04T19:00:00+00:00,9939.321041,9939.321041,0.000000
2026-06-04T20:00:00+00:00,9939.321041,9939.321041,0.000000
2026-06-04T21:00:00+00:00,9939.321041,9939.321041,0.000000
2026-06-04T22:00:00+00:00,9939.321041,9939.321041,0.000000
2026-06-04T23:00:00+00:00,9939.321041,9939.321041,0.000000
2026-06-05T00:00:00+00:00,9939.321041,9939.321041,0.000000
2026-06-05T01:00:00+00:00,9939.321041,9939.321041,0.000000
2026-06-05T02:00:00+00:00,9939.321041,9939.321041,0.000000
2026-06-05T03:00:00+00:00,9939.321041,9939.321041,0.000000
2026-06-05T04:00:00+00:00,9939.321041,9939.321041,0.000000
2026-06-05T05:00:00+00:00,9939.321041,9939.321041,0.000000
2026-06-05T06:00:00+00:00,9939.321041,9939.321041,0.000000
2026-06-05T07:00:00+00:00,9939.321041,9939.321041,0.000000
2026-06-05T08:00:00+00:00,9939.321041,9939.321041,0.000000
2026-06-05T09:00:00+00:00,9939.321041,9939.321041,0.000000
2026-06-05T10:00:00+00:00,9939.321041,9939.321041,0.000000
2026-06-05T11:00:00+00:00,9939.321041,9939.321041,0.000000
2026-06-05T12:00:00+00:00,9939.321041,9939.321041,0.000000
2026-06-05T13:00:00+00:00,9939.321041,9939.321041,0.000000
2026-06-05T14:00:00+00:00,9939.321041,9939.321041,0.000000
2026-06-05T15:00:00+00:00,9939.321041,9939.321041,0.000000
2026-06-05T16:00:00+00:00,9939.321041,9939.321041,0.000000
2026-06-05T17:00:00+00:00,9939.321041,9939.321041,0.000000
2026-06-05T18:00:00+00:00,9939.321041,9939.321041,0.000000
2026-06-05T19:00:00+00:00,9939.321041,9939.321041,0.000000
2026-06-05T20:00:00+00:00,9939.321041,9939.321041,0.000000
2026-06-05T21:00:00+00:00,9939.321041,9939.321041,0.000000
2026-06-05T22:00:00+00:00,9939.321041,9939.321041,0.000000
2026-06-05T23:00:00+00:00,9939.321041,9939.321041,0.000000
2026-06-06T00:00:00+00:00,9939.321041,9939.321041,0.000000
2026-06-06T01:00:00+00:00,9939.321041,9939.321041,0.000000
2026-06-06T02:00:00+00:00,9939.321041,9939.321041,0.000000
2026-06-06T03:00:00+00:00,9939.321041,9939.321041,0.000000
2026-06-06T04:00:00+00:00,9939.321041,9939.321041,0.000000
2026-06-06T05:00:00+00:00,9939.321041,9939.321041,0.000000
2026-06-06T06:00:00+00:00,9939.321041,9939.321041,0.000000
2026-06-06T07:00:00+00:00,9939.321041,9939.321041,0.000000
2026-06-06T08:00:00+00:00,9939.321041,9939.321041,0.000000
2026-06-06T09:00:00+00:00,9939.321041,9939.321041,0.000000
2026-06-06T10:00:00+00:00,9939.321041,9939.321041,0.000000
2026-06-06T11:00:00+00:00,9939.321041,9939.321041,0.000000
2026-06-06T12:00:00+00:00,9939.321041,9939.321041,0.000000
2026-06-06T13:00:00+00:00,9939.321041,9939.321041,0.000000
2026-06-06T14:00:00+00:00,9939.321041,9939.321041,0.000000
2026-06-06T15:00:00+00:00,9939.321041,9939.321041,0.000000
2026-06-06T16:00:00+00:00,9939.321041,9939.321041,0.000000
2026-06-06T17:00:00+00:00,9939.321041,9939.321041,0.000000
2026-06-06T18:00:00+00:00,9939.321041,9939.321041,0.000000
2026-06-06T19:00:00+00:00,9939.321041,9939.321041,0.000000
2026-06-06T20:00:00+00:00,9939.321041,9939.321041,0.000000
2026-06-06T21:00:00+00:00,9939.321041,9939.321041,0.000000
2026-06-06T22:00:00+00:00,9939.321041,9939.321041,0.000000
2026-06-06T23:00:00+00:00,9939.321041,9939.321041,0.000000
2026-06-07T00:00:00+00:00,9939.321041,9939.321041,0.000000
2026-06-07T01:00:00+00:00,9939.321041,9939.321041,0.000000
2026-06-07T02:00:00+00:00,9939.321041,9939.321041,0.000000
2026-06-07T03:00:00+00:00,9939.321041,9939.321041,0.000000
2026-06-07T04:00:00+00:00,9939.321041,9939.321041,0.000000
2026-06-07T05:00:00+00:00,9939.321041,9939.321041,0.000000
2026-06-07T06:00:00+00:00,9939.321041,9939.321041,0.000000
2026-06-07T07:00:00+00:00,9939.321041,9939.321041,0.000000
2026-06-07T08:00:00+00:00,9939.321041,9939.321041,0.000000
2026-06-07T09:00:00+00:00,9939.321041,9939.321041,0.000000
2026-06-07T10:00:00+00:00,9939.321041,9939.321041,0.000000
2026-06-07T11:00:00+00:00,9939.321041,9939.321041,0.000000
2026-06-07T12:00:00+00:00,9939.321041,9939.321041,0.000000
2026-06-07T13:00:00+00:00,9939.321041,9939.321041,0.000000
2026-06-07T14:00:00+00:00,9939.321041,9939.321041,0.000000
2026-06-07T15:00:00+00:00,9939.321041,9939.321041,0.000000
2026-06-07T16:00:00+00:00,9939.321041,9939.321041,0.000000
2026-06-07T17:00:00+00:00,9939.321041,9939.321041,0.000000
2026-06-07T18:00:00+00:00,9939.321041,9939.321041,0.000000
2026-06-07T19:00:00+00:00,9939.321041,9939.321041,0.000000
2026-06-07T20:00:00+00:00,9939.321041,9939.321041,0.000000
2026-06-07T21:00:00+00:00,9939.321041,9939.321041,0.000000
2026-06-07T22:00:00+00:00,9939.321041,9939.321041,0.000000
2026-06-07T23:00:00+00:00,9932.362523,-6.958519,9939.321041
2026-06-08T00:00:00+00:00,9971.051302,9971.051302,0.000000
2026-06-08T01:00:00+00:00,9971.051302,9971.051302,0.000000
2026-06-08T02:00:00+00:00,9971.051302,9971.051302,0.000000
2026-06-08T03:00:00+00:00,9971.051302,9971.051302,0.000000
2026-06-08T04:00:00+00:00,9971.051302,9971.051302,0.000000
2026-06-08T05:00:00+00:00,9971.051302,9971.051302,0.000000
2026-06-08T06:00:00+00:00,9971.051302,9971.051302,0.000000
2026-06-08T07:00:00+00:00,9971.051302,9971.051302,0.000000
2026-06-08T08:00:00+00:00,9971.051302,9971.051302,0.000000
2026-06-08T09:00:00+00:00,9971.051302,9971.051302,0.000000
2026-06-08T10:00:00+00:00,9971.051302,9971.051302,0.000000
2026-06-08T11:00:00+00:00,9971.051302,9971.051302,0.000000
2026-06-08T12:00:00+00:00,9971.051302,9971.051302,0.000000
2026-06-08T13:00:00+00:00,9971.051302,9971.051302,0.000000
2026-06-08T14:00:00+00:00,9971.051302,9971.051302,0.000000
2026-06-08T15:00:00+00:00,9971.051302,9971.051302,0.000000
2026-06-08T16:00:00+00:00,9971.051302,9971.051302,0.000000
2026-06-08T17:00:00+00:00,9971.051302,9971.051302,0.000000
2026-06-08T18:00:00+00:00,9971.051302,9971.051302,0.000000
2026-06-08T19:00:00+00:00,9971.051302,9971.051302,0.000000
2026-06-08T20:00:00+00:00,9971.051302,9971.051302,0.000000
2026-06-08T21:00:00+00:00,9971.051302,9971.051302,0.000000
2026-06-08T22:00:00+00:00,9971.051302,9971.051302,0.000000
2026-06-08T23:00:00+00:00,9971.051302,9971.051302,0.000000
2026-06-09T00:00:00+00:00,9971.051302,9971.051302,0.000000
2026-06-09T01:00:00+00:00,9971.051302,9971.051302,0.000000
2026-06-09T02:00:00+00:00,9971.051302,9971.051302,0.000000
2026-06-09T03:00:00+00:00,9971.051302,9971.051302,0.000000
2026-06-09T04:00:00+00:00,9971.051302,9971.051302,0.000000
2026-06-09T05:00:00+00:00,9971.051302,9971.051302,0.000000
2026-06-09T06:00:00+00:00,9971.051302,9971.051302,0.000000
2026-06-09T07:00:00+00:00,9971.051302,9971.051302,0.000000
2026-06-09T08:00:00+00:00,9971.051302,9971.051302,0.000000
2026-06-09T09:00:00+00:00,9971.051302,9971.051302,0.000000
2026-06-09T10:00:00+00:00,9971.051302,9971.051302,0.000000
2026-06-09T11:00:00+00:00,9971.051302,9971.051302,0.000000
2026-06-09T12:00:00+00:00,9971.051302,9971.051302,0.000000
2026-06-09T13:00:00+00:00,9971.051302,9971.051302,0.000000
2026-06-09T14:00:00+00:00,9971.051302,9971.051302,0.000000
2026-06-09T15:00:00+00:00,9971.051302,9971.051302,0.000000
2026-06-09T16:00:00+00:00,9971.051302,9971.051302,0.000000
2026-06-09T17:00:00+00:00,9971.051302,9971.051302,0.000000
2026-06-09T18:00:00+00:00,9971.051302,9971.051302,0.000000
2026-06-09T19:00:00+00:00,9971.051302,9971.051302,0.000000
2026-06-09T20:00:00+00:00,9971.051302,9971.051302,0.000000
2026-06-09T21:00:00+00:00,9971.051302,9971.051302,0.000000
2026-06-09T22:00:00+00:00,9964.072563,-2.990318,9971.051302
2026-06-09T23:00:00+00:00,9965.593515,-2.990318,9969.530351
2026-06-10T00:00:00+00:00,9941.703641,9941.703641,0.000000
2026-06-10T01:00:00+00:00,9941.703641,9941.703641,0.000000
2026-06-10T02:00:00+00:00,9941.703641,9941.703641,0.000000
2026-06-10T03:00:00+00:00,9941.703641,9941.703641,0.000000
2026-06-10T04:00:00+00:00,9941.703641,9941.703641,0.000000
2026-06-10T05:00:00+00:00,9941.703641,9941.703641,0.000000
2026-06-10T06:00:00+00:00,9941.703641,9941.703641,0.000000
2026-06-10T07:00:00+00:00,9941.703641,9941.703641,0.000000
2026-06-10T08:00:00+00:00,9941.703641,9941.703641,0.000000
2026-06-10T09:00:00+00:00,9941.703641,9941.703641,0.000000
2026-06-10T10:00:00+00:00,9941.703641,9941.703641,0.000000
2026-06-10T11:00:00+00:00,9941.703641,9941.703641,0.000000
2026-06-10T12:00:00+00:00,9941.703641,9941.703641,0.000000
2026-06-10T13:00:00+00:00,9941.703641,9941.703641,0.000000
2026-06-10T14:00:00+00:00,9941.703641,9941.703641,0.000000
2026-06-10T15:00:00+00:00,9941.703641,9941.703641,0.000000
2026-06-10T16:00:00+00:00,9941.703641,9941.703641,0.000000
2026-06-10T17:00:00+00:00,9941.703641,9941.703641,0.000000
2026-06-10T18:00:00+00:00,9941.703641,9941.703641,0.000000
2026-06-10T19:00:00+00:00,9941.703641,9941.703641,0.000000
2026-06-10T20:00:00+00:00,9941.703641,9941.703641,0.000000
2026-06-10T21:00:00+00:00,9941.703641,9941.703641,0.000000
2026-06-10T22:00:00+00:00,9941.703641,9941.703641,0.000000
2026-06-10T23:00:00+00:00,9941.703641,9941.703641,0.000000
2026-06-11T00:00:00+00:00,9941.703641,9941.703641,0.000000
2026-06-11T01:00:00+00:00,9941.703641,9941.703641,0.000000
2026-06-11T02:00:00+00:00,9941.703641,9941.703641,0.000000
2026-06-11T03:00:00+00:00,9941.703641,9941.703641,0.000000
2026-06-11T04:00:00+00:00,9941.703641,9941.703641,0.000000
2026-06-11T05:00:00+00:00,9941.703641,9941.703641,0.000000
2026-06-11T06:00:00+00:00,9941.703641,9941.703641,0.000000
2026-06-11T07:00:00+00:00,9941.703641,9941.703641,0.000000
2026-06-11T08:00:00+00:00,9941.703641,9941.703641,0.000000
2026-06-11T09:00:00+00:00,9941.703641,9941.703641,0.000000
2026-06-11T10:00:00+00:00,9941.703641,9941.703641,0.000000
2026-06-11T11:00:00+00:00,9934.743454,-6.960187,9941.703641
2026-06-11T12:00:00+00:00,9810.531416,9810.531416,0.000000
2026-06-11T13:00:00+00:00,9810.531416,9810.531416,0.000000
2026-06-11T14:00:00+00:00,9810.531416,9810.531416,0.000000
2026-06-11T15:00:00+00:00,9810.531416,9810.531416,0.000000
2026-06-11T16:00:00+00:00,9810.531416,9810.531416,0.000000
2026-06-11T17:00:00+00:00,9810.531416,9810.531416,0.000000
2026-06-11T18:00:00+00:00,9810.531416,9810.531416,0.000000
2026-06-11T19:00:00+00:00,9810.531416,9810.531416,0.000000
2026-06-11T20:00:00+00:00,9810.531416,9810.531416,0.000000
2026-06-11T21:00:00+00:00,9810.531416,9810.531416,0.000000
2026-06-11T22:00:00+00:00,9810.531416,9810.531416,0.000000
2026-06-11T23:00:00+00:00,9810.531416,9810.531416,0.000000
2026-06-12T00:00:00+00:00,9810.531416,9810.531416,0.000000
2026-06-12T01:00:00+00:00,9810.531416,9810.531416,0.000000
2026-06-12T02:00:00+00:00,9810.531416,9810.531416,0.000000
2026-06-12T03:00:00+00:00,9810.531416,9810.531416,0.000000
2026-06-12T04:00:00+00:00,9810.531416,9810.531416,0.000000
2026-06-12T05:00:00+00:00,9810.531416,9810.531416,0.000000
2026-06-12T06:00:00+00:00,9810.531416,9810.531416,0.000000
2026-06-12T07:00:00+00:00,9810.531416,9810.531416,0.000000
2026-06-12T08:00:00+00:00,9810.531416,9810.531416,0.000000
2026-06-12T09:00:00+00:00,9810.531416,9810.531416,0.000000
2026-06-12T10:00:00+00:00,9810.531416,9810.531416,0.000000
2026-06-12T11:00:00+00:00,9810.531416,9810.531416,0.000000
2026-06-12T12:00:00+00:00,9810.531416,9810.531416,0.000000
2026-06-12T13:00:00+00:00,9810.531416,9810.531416,0.000000
2026-06-12T14:00:00+00:00,9810.531416,9810.531416,0.000000
2026-06-12T15:00:00+00:00,9810.531416,9810.531416,0.000000
2026-06-12T16:00:00+00:00,9810.531416,9810.531416,0.000000
2026-06-12T17:00:00+00:00,9810.531416,9810.531416,0.000000
2026-06-12T18:00:00+00:00,9810.531416,9810.531416,0.000000
2026-06-12T19:00:00+00:00,9810.531416,9810.531416,0.000000
2026-06-12T20:00:00+00:00,9810.531416,9810.531416,0.000000
2026-06-12T21:00:00+00:00,9810.531416,9810.531416,0.000000
2026-06-12T22:00:00+00:00,9810.531416,9810.531416,0.000000
2026-06-12T23:00:00+00:00,9810.531416,9810.531416,0.000000
2026-06-13T00:00:00+00:00,9810.531416,9810.531416,0.000000
2026-06-13T01:00:00+00:00,9810.531416,9810.531416,0.000000
2026-06-13T02:00:00+00:00,9810.531416,9810.531416,0.000000
2026-06-13T03:00:00+00:00,9810.531416,9810.531416,0.000000
2026-06-13T04:00:00+00:00,9810.531416,9810.531416,0.000000
2026-06-13T05:00:00+00:00,9810.531416,9810.531416,0.000000
2026-06-13T06:00:00+00:00,9810.531416,9810.531416,0.000000
2026-06-13T07:00:00+00:00,9810.531416,9810.531416,0.000000
2026-06-13T08:00:00+00:00,9810.531416,9810.531416,0.000000
2026-06-13T09:00:00+00:00,9810.531416,9810.531416,0.000000
2026-06-13T10:00:00+00:00,9810.531416,9810.531416,0.000000
2026-06-13T11:00:00+00:00,9810.531416,9810.531416,0.000000
2026-06-13T12:00:00+00:00,9810.531416,9810.531416,0.000000
2026-06-13T13:00:00+00:00,9810.531416,9810.531416,0.000000
2026-06-13T14:00:00+00:00,9810.531416,9810.531416,0.000000
2026-06-13T15:00:00+00:00,9810.531416,9810.531416,0.000000
2026-06-13T16:00:00+00:00,9810.531416,9810.531416,0.000000
2026-06-13T17:00:00+00:00,9810.531416,9810.531416,0.000000
2026-06-13T18:00:00+00:00,9810.531416,9810.531416,0.000000
2026-06-13T19:00:00+00:00,9810.531416,9810.531416,0.000000
2026-06-13T20:00:00+00:00,9810.531416,9810.531416,0.000000
2026-06-13T21:00:00+00:00,9810.531416,9810.531416,0.000000
2026-06-13T22:00:00+00:00,9810.531416,9810.531416,0.000000
2026-06-13T23:00:00+00:00,9810.531416,9810.531416,0.000000
2026-06-14T00:00:00+00:00,9810.531416,9810.531416,0.000000
2026-06-14T01:00:00+00:00,9810.531416,9810.531416,0.000000
2026-06-14T02:00:00+00:00,9810.531416,9810.531416,0.000000
2026-06-14T03:00:00+00:00,9810.531416,9810.531416,0.000000
2026-06-14T04:00:00+00:00,9810.531416,9810.531416,0.000000
2026-06-14T05:00:00+00:00,9810.531416,9810.531416,0.000000
2026-06-14T06:00:00+00:00,9810.531416,9810.531416,0.000000
2026-06-14T07:00:00+00:00,9810.531416,9810.531416,0.000000
2026-06-14T08:00:00+00:00,9810.531416,9810.531416,0.000000
2026-06-14T09:00:00+00:00,9810.531416,9810.531416,0.000000
2026-06-14T10:00:00+00:00,9810.531416,9810.531416,0.000000
2026-06-14T11:00:00+00:00,9810.531416,9810.531416,0.000000
2026-06-14T12:00:00+00:00,9810.531416,9810.531416,0.000000
2026-06-14T13:00:00+00:00,9810.531416,9810.531416,0.000000
2026-06-14T14:00:00+00:00,9810.531416,9810.531416,0.000000
2026-06-14T15:00:00+00:00,9810.531416,9810.531416,0.000000
2026-06-14T16:00:00+00:00,9810.531416,9810.531416,0.000000
2026-06-14T17:00:00+00:00,9803.665025,-2.942178,9810.531416
2026-06-14T18:00:00+00:00,9804.255487,-2.942178,9809.940954
2026-06-14T19:00:00+00:00,9784.770231,-2.942178,9829.426210
2026-06-14T20:00:00+00:00,9739.103568,9739.103568,0.000000
2026-06-14T21:00:00+00:00,9732.285222,-6.818346,9739.103568
2026-06-14T22:00:00+00:00,9708.597108,9708.597108,0.000000
2026-06-14T23:00:00+00:00,9708.597108,9708.597108,0.000000
2026-06-15T00:00:00+00:00,9708.597108,9708.597108,0.000000
2026-06-15T01:00:00+00:00,9708.597108,9708.597108,0.000000
2026-06-15T02:00:00+00:00,9708.597108,9708.597108,0.000000
2026-06-15T03:00:00+00:00,9708.597108,9708.597108,0.000000
2026-06-15T04:00:00+00:00,9708.597108,9708.597108,0.000000
2026-06-15T05:00:00+00:00,9708.597108,9708.597108,0.000000
2026-06-15T06:00:00+00:00,9708.597108,9708.597108,0.000000
2026-06-15T07:00:00+00:00,9708.597108,9708.597108,0.000000
2026-06-15T08:00:00+00:00,9708.597108,9708.597108,0.000000
2026-06-15T09:00:00+00:00,9708.597108,9708.597108,0.000000
2026-06-15T10:00:00+00:00,9708.597108,9708.597108,0.000000
2026-06-15T11:00:00+00:00,9708.597108,9708.597108,0.000000
2026-06-15T12:00:00+00:00,9708.597108,9708.597108,0.000000
2026-06-15T13:00:00+00:00,9708.597108,9708.597108,0.000000
2026-06-15T14:00:00+00:00,9708.597108,9708.597108,0.000000
2026-06-15T15:00:00+00:00,9708.597108,9708.597108,0.000000
2026-06-15T16:00:00+00:00,9708.597108,9708.597108,0.000000
2026-06-15T17:00:00+00:00,9708.597108,9708.597108,0.000000
2026-06-15T18:00:00+00:00,9708.597108,9708.597108,0.000000
2026-06-15T19:00:00+00:00,9708.597108,9708.597108,0.000000
2026-06-15T20:00:00+00:00,9708.597108,9708.597108,0.000000
2026-06-15T21:00:00+00:00,9708.597108,9708.597108,0.000000
2026-06-15T22:00:00+00:00,9708.597108,9708.597108,0.000000
2026-06-15T23:00:00+00:00,9708.597108,9708.597108,0.000000
2026-06-16T00:00:00+00:00,9708.597108,9708.597108,0.000000
2026-06-16T01:00:00+00:00,9708.597108,9708.597108,0.000000
2026-06-16T02:00:00+00:00,9708.597108,9708.597108,0.000000
2026-06-16T03:00:00+00:00,9708.597108,9708.597108,0.000000
2026-06-16T04:00:00+00:00,9708.597108,9708.597108,0.000000
2026-06-16T05:00:00+00:00,9708.597108,9708.597108,0.000000
2026-06-16T06:00:00+00:00,9708.597108,9708.597108,0.000000
2026-06-16T07:00:00+00:00,9708.597108,9708.597108,0.000000
2026-06-16T08:00:00+00:00,9708.597108,9708.597108,0.000000
2026-06-16T09:00:00+00:00,9708.597108,9708.597108,0.000000
2026-06-16T10:00:00+00:00,9708.597108,9708.597108,0.000000
2026-06-16T11:00:00+00:00,9708.597108,9708.597108,0.000000
2026-06-16T12:00:00+00:00,9708.597108,9708.597108,0.000000
2026-06-16T13:00:00+00:00,9708.597108,9708.597108,0.000000
2026-06-16T14:00:00+00:00,9708.597108,9708.597108,0.000000
2026-06-16T15:00:00+00:00,9708.597108,9708.597108,0.000000
2026-06-16T16:00:00+00:00,9708.597108,9708.597108,0.000000
2026-06-16T17:00:00+00:00,9708.597108,9708.597108,0.000000
2026-06-16T18:00:00+00:00,9708.597108,9708.597108,0.000000
2026-06-16T19:00:00+00:00,9708.597108,9708.597108,0.000000
2026-06-16T20:00:00+00:00,9708.597108,9708.597108,0.000000
2026-06-16T21:00:00+00:00,9708.597108,9708.597108,0.000000
2026-06-16T22:00:00+00:00,9708.597108,9708.597108,0.000000
2026-06-16T23:00:00+00:00,9708.597108,9708.597108,0.000000
2026-06-17T00:00:00+00:00,9708.597108,9708.597108,0.000000
2026-06-17T01:00:00+00:00,9708.597108,9708.597108,0.000000
2026-06-17T02:00:00+00:00,9708.597108,9708.597108,0.000000
2026-06-17T03:00:00+00:00,9708.597108,9708.597108,0.000000
2026-06-17T04:00:00+00:00,9708.597108,9708.597108,0.000000
2026-06-17T05:00:00+00:00,9708.597108,9708.597108,0.000000
2026-06-17T06:00:00+00:00,9708.597108,9708.597108,0.000000
2026-06-17T07:00:00+00:00,9708.597108,9708.597108,0.000000
2026-06-17T08:00:00+00:00,9708.597108,9708.597108,0.000000
2026-06-17T09:00:00+00:00,9708.597108,9708.597108,0.000000
2026-06-17T10:00:00+00:00,9708.597108,9708.597108,0.000000
2026-06-17T11:00:00+00:00,9708.597108,9708.597108,0.000000
2026-06-17T12:00:00+00:00,9708.597108,9708.597108,0.000000
2026-06-17T13:00:00+00:00,9708.597108,9708.597108,0.000000
2026-06-17T14:00:00+00:00,9708.597108,9708.597108,0.000000
2026-06-17T15:00:00+00:00,9708.597108,9708.597108,0.000000
2026-06-17T16:00:00+00:00,9708.597108,9708.597108,0.000000
2026-06-17T17:00:00+00:00,9708.597108,9708.597108,0.000000
2026-06-17T18:00:00+00:00,9708.597108,9708.597108,0.000000
2026-06-17T19:00:00+00:00,9708.597108,9708.597108,0.000000
2026-06-17T20:00:00+00:00,9708.597108,9708.597108,0.000000
2026-06-17T21:00:00+00:00,9701.802061,-2.911608,9708.597108
2026-06-17T22:00:00+00:00,9691.931023,9691.931023,0.000000
2026-06-17T23:00:00+00:00,9691.931023,9691.931023,0.000000
2026-06-18T00:00:00+00:00,9691.931023,9691.931023,0.000000
2026-06-18T01:00:00+00:00,9691.931023,9691.931023,0.000000
2026-06-18T02:00:00+00:00,9691.931023,9691.931023,0.000000
2026-06-18T03:00:00+00:00,9691.931023,9691.931023,0.000000
2026-06-18T04:00:00+00:00,9691.931023,9691.931023,0.000000
2026-06-18T05:00:00+00:00,9691.931023,9691.931023,0.000000
2026-06-18T06:00:00+00:00,9691.931023,9691.931023,0.000000
2026-06-18T07:00:00+00:00,9691.931023,9691.931023,0.000000
2026-06-18T08:00:00+00:00,9691.931023,9691.931023,0.000000
2026-06-18T09:00:00+00:00,9691.931023,9691.931023,0.000000
2026-06-18T10:00:00+00:00,9691.931023,9691.931023,0.000000
2026-06-18T11:00:00+00:00,9691.931023,9691.931023,0.000000
2026-06-18T12:00:00+00:00,9691.931023,9691.931023,0.000000
2026-06-18T13:00:00+00:00,9691.931023,9691.931023,0.000000
2026-06-18T14:00:00+00:00,9691.931023,9691.931023,0.000000
2026-06-18T15:00:00+00:00,9691.931023,9691.931023,0.000000
2026-06-18T16:00:00+00:00,9691.931023,9691.931023,0.000000
2026-06-18T17:00:00+00:00,9691.931023,9691.931023,0.000000
2026-06-18T18:00:00+00:00,9691.931023,9691.931023,0.000000
2026-06-18T19:00:00+00:00,9691.931023,9691.931023,0.000000
2026-06-18T20:00:00+00:00,9691.931023,9691.931023,0.000000
2026-06-18T21:00:00+00:00,9691.931023,9691.931023,0.000000
2026-06-18T22:00:00+00:00,9691.931023,9691.931023,0.000000
2026-06-18T23:00:00+00:00,9691.931023,9691.931023,0.000000
2026-06-19T00:00:00+00:00,9691.931023,9691.931023,0.000000
2026-06-19T01:00:00+00:00,9691.931023,9691.931023,0.000000
2026-06-19T02:00:00+00:00,9691.931023,9691.931023,0.000000
2026-06-19T03:00:00+00:00,9691.931023,9691.931023,0.000000
2026-06-19T04:00:00+00:00,9691.931023,9691.931023,0.000000
2026-06-19T05:00:00+00:00,9691.931023,9691.931023,0.000000
2026-06-19T06:00:00+00:00,9691.931023,9691.931023,0.000000
2026-06-19T07:00:00+00:00,9691.931023,9691.931023,0.000000
2026-06-19T08:00:00+00:00,9691.931023,9691.931023,0.000000
2026-06-19T09:00:00+00:00,9691.931023,9691.931023,0.000000
2026-06-19T10:00:00+00:00,9691.931023,9691.931023,0.000000
2026-06-19T11:00:00+00:00,9691.931023,9691.931023,0.000000
2026-06-19T12:00:00+00:00,9691.931023,9691.931023,0.000000
2026-06-19T13:00:00+00:00,9691.931023,9691.931023,0.000000
2026-06-19T14:00:00+00:00,9691.931023,9691.931023,0.000000
2026-06-19T15:00:00+00:00,9691.931023,9691.931023,0.000000
2026-06-19T16:00:00+00:00,9691.931023,9691.931023,0.000000
2026-06-19T17:00:00+00:00,9691.931023,9691.931023,0.000000
2026-06-19T18:00:00+00:00,9691.931023,9691.931023,0.000000
2026-06-19T19:00:00+00:00,9691.931023,9691.931023,0.000000
2026-06-19T20:00:00+00:00,9691.931023,9691.931023,0.000000
2026-06-19T21:00:00+00:00,9691.931023,9691.931023,0.000000
2026-06-19T22:00:00+00:00,9691.931023,9691.931023,0.000000
2026-06-19T23:00:00+00:00,9691.931023,9691.931023,0.000000
2026-06-20T00:00:00+00:00,9691.931023,9691.931023,0.000000
2026-06-20T01:00:00+00:00,9691.931023,9691.931023,0.000000
2026-06-20T02:00:00+00:00,9691.931023,9691.931023,0.000000
2026-06-20T03:00:00+00:00,9691.931023,9691.931023,0.000000
2026-06-20T04:00:00+00:00,9691.931023,9691.931023,0.000000
2026-06-20T05:00:00+00:00,9691.931023,9691.931023,0.000000
2026-06-20T06:00:00+00:00,9691.931023,9691.931023,0.000000
2026-06-20T07:00:00+00:00,9691.931023,9691.931023,0.000000
2026-06-20T08:00:00+00:00,9691.931023,9691.931023,0.000000
2026-06-20T09:00:00+00:00,9691.931023,9691.931023,0.000000
2026-06-20T10:00:00+00:00,9691.931023,9691.931023,0.000000
2026-06-20T11:00:00+00:00,9691.931023,9691.931023,0.000000
2026-06-20T12:00:00+00:00,9691.931023,9691.931023,0.000000
2026-06-20T13:00:00+00:00,9691.931023,9691.931023,0.000000
2026-06-20T14:00:00+00:00,9691.931023,9691.931023,0.000000
2026-06-20T15:00:00+00:00,9685.145702,-6.785321,9691.931023
2026-06-20T16:00:00+00:00,9648.377922,-6.785321,9655.163243
2026-06-20T17:00:00+00:00,9603.090114,9603.090114,0.000000
2026-06-20T18:00:00+00:00,9603.090114,9603.090114,0.000000
2026-06-20T19:00:00+00:00,9603.090114,9603.090114,0.000000
2026-06-20T20:00:00+00:00,9603.090114,9603.090114,0.000000
2026-06-20T21:00:00+00:00,9603.090114,9603.090114,0.000000
2026-06-20T22:00:00+00:00,9603.090114,9603.090114,0.000000
2026-06-20T23:00:00+00:00,9603.090114,9603.090114,0.000000
2026-06-21T00:00:00+00:00,9603.090114,9603.090114,0.000000
2026-06-21T01:00:00+00:00,9603.090114,9603.090114,0.000000
2026-06-21T02:00:00+00:00,9603.090114,9603.090114,0.000000
2026-06-21T03:00:00+00:00,9603.090114,9603.090114,0.000000
2026-06-21T04:00:00+00:00,9603.090114,9603.090114,0.000000
2026-06-21T05:00:00+00:00,9603.090114,9603.090114,0.000000
2026-06-21T06:00:00+00:00,9603.090114,9603.090114,0.000000
2026-06-21T07:00:00+00:00,9603.090114,9603.090114,0.000000
2026-06-21T08:00:00+00:00,9603.090114,9603.090114,0.000000
2026-06-21T09:00:00+00:00,9603.090114,9603.090114,0.000000
2026-06-21T10:00:00+00:00,9603.090114,9603.090114,0.000000
2026-06-21T11:00:00+00:00,9603.090114,9603.090114,0.000000
2026-06-21T12:00:00+00:00,9603.090114,9603.090114,0.000000
2026-06-21T13:00:00+00:00,9603.090114,9603.090114,0.000000
2026-06-21T14:00:00+00:00,9603.090114,9603.090114,0.000000
2026-06-21T15:00:00+00:00,9603.090114,9603.090114,0.000000
2026-06-21T16:00:00+00:00,9603.090114,9603.090114,0.000000
2026-06-21T17:00:00+00:00,9603.090114,9603.090114,0.000000
2026-06-21T18:00:00+00:00,9603.090114,9603.090114,0.000000
2026-06-21T19:00:00+00:00,9603.090114,9603.090114,0.000000
2026-06-21T20:00:00+00:00,9603.090114,9603.090114,0.000000
2026-06-21T21:00:00+00:00,9603.090114,9603.090114,0.000000
2026-06-21T22:00:00+00:00,9603.090114,9603.090114,0.000000
2026-06-21T23:00:00+00:00,9596.368912,-2.879967,9603.090114
2026-06-22T00:00:00+00:00,9476.273056,9476.273056,0.000000
2026-06-22T01:00:00+00:00,9476.273056,9476.273056,0.000000
2026-06-22T02:00:00+00:00,9469.638717,-6.634339,9476.273056
2026-06-22T03:00:00+00:00,9410.782547,9410.782547,0.000000
2026-06-22T04:00:00+00:00,9410.782547,9410.782547,0.000000
2026-06-22T05:00:00+00:00,9410.782547,9410.782547,0.000000
2026-06-22T06:00:00+00:00,9410.782547,9410.782547,0.000000
2026-06-22T07:00:00+00:00,9410.782547,9410.782547,0.000000
2026-06-22T08:00:00+00:00,9410.782547,9410.782547,0.000000
2026-06-22T09:00:00+00:00,9410.782547,9410.782547,0.000000
2026-06-22T10:00:00+00:00,9410.782547,9410.782547,0.000000
2026-06-22T11:00:00+00:00,9410.782547,9410.782547,0.000000
2026-06-22T12:00:00+00:00,9410.782547,9410.782547,0.000000
2026-06-22T13:00:00+00:00,9410.782547,9410.782547,0.000000
2026-06-22T14:00:00+00:00,9410.782547,9410.782547,0.000000
2026-06-22T15:00:00+00:00,9410.782547,9410.782547,0.000000
2026-06-22T16:00:00+00:00,9410.782547,9410.782547,0.000000
2026-06-22T17:00:00+00:00,9410.782547,9410.782547,0.000000
2026-06-22T18:00:00+00:00,9410.782547,9410.782547,0.000000
2026-06-22T19:00:00+00:00,9410.782547,9410.782547,0.000000
2026-06-22T20:00:00+00:00,9410.782547,9410.782547,0.000000
2026-06-22T21:00:00+00:00,9410.782547,9410.782547,0.000000
2026-06-22T22:00:00+00:00,9410.782547,9410.782547,0.000000
2026-06-22T23:00:00+00:00,9410.782547,9410.782547,0.000000
2026-06-23T00:00:00+00:00,9410.782547,9410.782547,0.000000
2026-06-23T01:00:00+00:00,9410.782547,9410.782547,0.000000
2026-06-23T02:00:00+00:00,9410.782547,9410.782547,0.000000
2026-06-23T03:00:00+00:00,9410.782547,9410.782547,0.000000
2026-06-23T04:00:00+00:00,9410.782547,9410.782547,0.000000
2026-06-23T05:00:00+00:00,9404.195940,-2.822294,9410.782547
2026-06-23T06:00:00+00:00,9504.591469,9504.591469,0.000000
2026-06-23T07:00:00+00:00,9504.591469,9504.591469,0.000000
2026-06-23T08:00:00+00:00,9504.591469,9504.591469,0.000000
2026-06-23T09:00:00+00:00,9504.591469,9504.591469,0.000000
2026-06-23T10:00:00+00:00,9504.591469,9504.591469,0.000000
2026-06-23T11:00:00+00:00,9504.591469,9504.591469,0.000000
2026-06-23T12:00:00+00:00,9504.591469,9504.591469,0.000000
2026-06-23T13:00:00+00:00,9504.591469,9504.591469,0.000000
2026-06-23T14:00:00+00:00,9504.591469,9504.591469,0.000000
2026-06-23T15:00:00+00:00,9504.591469,9504.591469,0.000000
2026-06-23T16:00:00+00:00,9504.591469,9504.591469,0.000000
2026-06-23T17:00:00+00:00,9504.591469,9504.591469,0.000000
2026-06-23T18:00:00+00:00,9504.591469,9504.591469,0.000000
2026-06-23T19:00:00+00:00,9504.591469,9504.591469,0.000000
2026-06-23T20:00:00+00:00,9504.591469,9504.591469,0.000000
2026-06-23T21:00:00+00:00,9504.591469,9504.591469,0.000000
2026-06-23T22:00:00+00:00,9504.591469,9504.591469,0.000000
2026-06-23T23:00:00+00:00,9504.591469,9504.591469,0.000000
2026-06-24T00:00:00+00:00,9504.591469,9504.591469,0.000000
2026-06-24T01:00:00+00:00,9504.591469,9504.591469,0.000000
2026-06-24T02:00:00+00:00,9504.591469,9504.591469,0.000000
2026-06-24T03:00:00+00:00,9504.591469,9504.591469,0.000000
2026-06-24T04:00:00+00:00,9504.591469,9504.591469,0.000000
2026-06-24T05:00:00+00:00,9504.591469,9504.591469,0.000000
2026-06-24T06:00:00+00:00,9504.591469,9504.591469,0.000000
2026-06-24T07:00:00+00:00,9504.591469,9504.591469,0.000000
2026-06-24T08:00:00+00:00,9504.591469,9504.591469,0.000000
2026-06-24T09:00:00+00:00,9504.591469,9504.591469,0.000000
2026-06-24T10:00:00+00:00,9504.591469,9504.591469,0.000000
2026-06-24T11:00:00+00:00,9504.591469,9504.591469,0.000000
2026-06-24T12:00:00+00:00,9504.591469,9504.591469,0.000000
2026-06-24T13:00:00+00:00,9504.591469,9504.591469,0.000000
2026-06-24T14:00:00+00:00,9504.591469,9504.591469,0.000000
2026-06-24T15:00:00+00:00,9504.591469,9504.591469,0.000000
2026-06-24T16:00:00+00:00,9504.591469,9504.591469,0.000000
2026-06-24T17:00:00+00:00,9504.591469,9504.591469,0.000000
2026-06-24T18:00:00+00:00,9504.591469,9504.591469,0.000000
2026-06-24T19:00:00+00:00,9504.591469,9504.591469,0.000000
2026-06-24T20:00:00+00:00,9504.591469,9504.591469,0.000000
2026-06-24T21:00:00+00:00,9504.591469,9504.591469,0.000000
2026-06-24T22:00:00+00:00,9504.591469,9504.591469,0.000000
2026-06-24T23:00:00+00:00,9504.591469,9504.591469,0.000000
2026-06-25T00:00:00+00:00,9504.591469,9504.591469,0.000000
2026-06-25T01:00:00+00:00,9504.591469,9504.591469,0.000000
2026-06-25T02:00:00+00:00,9504.591469,9504.591469,0.000000
2026-06-25T03:00:00+00:00,9504.591469,9504.591469,0.000000
2026-06-25T04:00:00+00:00,9504.591469,9504.591469,0.000000
2026-06-25T05:00:00+00:00,9504.591469,9504.591469,0.000000
2026-06-25T06:00:00+00:00,9504.591469,9504.591469,0.000000
2026-06-25T07:00:00+00:00,9504.591469,9504.591469,0.000000
2026-06-25T08:00:00+00:00,9504.591469,9504.591469,0.000000
2026-06-25T09:00:00+00:00,9504.591469,9504.591469,0.000000
2026-06-25T10:00:00+00:00,9504.591469,9504.591469,0.000000
2026-06-25T11:00:00+00:00,9504.591469,9504.591469,0.000000
2026-06-25T12:00:00+00:00,9504.591469,9504.591469,0.000000
2026-06-25T13:00:00+00:00,9504.591469,9504.591469,0.000000
2026-06-25T14:00:00+00:00,9504.591469,9504.591469,0.000000
2026-06-25T15:00:00+00:00,9504.591469,9504.591469,0.000000
2026-06-25T16:00:00+00:00,9504.591469,9504.591469,0.000000
2026-06-25T17:00:00+00:00,9504.591469,9504.591469,0.000000
2026-06-25T18:00:00+00:00,9504.591469,9504.591469,0.000000
2026-06-25T19:00:00+00:00,9504.591469,9504.591469,0.000000
2026-06-25T20:00:00+00:00,9504.591469,9504.591469,0.000000
2026-06-25T21:00:00+00:00,9504.591469,9504.591469,0.000000
2026-06-25T22:00:00+00:00,9504.591469,9504.591469,0.000000
2026-06-25T23:00:00+00:00,9504.591469,9504.591469,0.000000
2026-06-26T00:00:00+00:00,9504.591469,9504.591469,0.000000
2026-06-26T01:00:00+00:00,9504.591469,9504.591469,0.000000
2026-06-26T02:00:00+00:00,9504.591469,9504.591469,0.000000
2026-06-26T03:00:00+00:00,9504.591469,9504.591469,0.000000
2026-06-26T04:00:00+00:00,9504.591469,9504.591469,0.000000
2026-06-26T05:00:00+00:00,9504.591469,9504.591469,0.000000
2026-06-26T06:00:00+00:00,9504.591469,9504.591469,0.000000
2026-06-26T07:00:00+00:00,9504.591469,9504.591469,0.000000
2026-06-26T08:00:00+00:00,9504.591469,9504.591469,0.000000
2026-06-26T09:00:00+00:00,9504.591469,9504.591469,0.000000
2026-06-26T10:00:00+00:00,9504.591469,9504.591469,0.000000
2026-06-26T11:00:00+00:00,9504.591469,9504.591469,0.000000
2026-06-26T12:00:00+00:00,9504.591469,9504.591469,0.000000
2026-06-26T13:00:00+00:00,9504.591469,9504.591469,0.000000
2026-06-26T14:00:00+00:00,9504.591469,9504.591469,0.000000
2026-06-26T15:00:00+00:00,9504.591469,9504.591469,0.000000
2026-06-26T16:00:00+00:00,9504.591469,9504.591469,0.000000
2026-06-26T17:00:00+00:00,9504.591469,9504.591469,0.000000
2026-06-26T18:00:00+00:00,9504.591469,9504.591469,0.000000
2026-06-26T19:00:00+00:00,9504.591469,9504.591469,0.000000
2026-06-26T20:00:00+00:00,9504.591469,9504.591469,0.000000
2026-06-26T21:00:00+00:00,9504.591469,9504.591469,0.000000
2026-06-26T22:00:00+00:00,9504.591469,9504.591469,0.000000
2026-06-26T23:00:00+00:00,9504.591469,9504.591469,0.000000
2026-06-27T00:00:00+00:00,9504.591469,9504.591469,0.000000
2026-06-27T01:00:00+00:00,9504.591469,9504.591469,0.000000
2026-06-27T02:00:00+00:00,9504.591469,9504.591469,0.000000
2026-06-27T03:00:00+00:00,9504.591469,9504.591469,0.000000
2026-06-27T04:00:00+00:00,9504.591469,9504.591469,0.000000
2026-06-27T05:00:00+00:00,9504.591469,9504.591469,0.000000
2026-06-27T06:00:00+00:00,9504.591469,9504.591469,0.000000
2026-06-27T07:00:00+00:00,9504.591469,9504.591469,0.000000
2026-06-27T08:00:00+00:00,9504.591469,9504.591469,0.000000
2026-06-27T09:00:00+00:00,9504.591469,9504.591469,0.000000
2026-06-27T10:00:00+00:00,9504.591469,9504.591469,0.000000
2026-06-27T11:00:00+00:00,9504.591469,9504.591469,0.000000
2026-06-27T12:00:00+00:00,9504.591469,9504.591469,0.000000
2026-06-27T13:00:00+00:00,9504.591469,9504.591469,0.000000
2026-06-27T14:00:00+00:00,9504.591469,9504.591469,0.000000
2026-06-27T15:00:00+00:00,9504.591469,9504.591469,0.000000
2026-06-27T16:00:00+00:00,9504.591469,9504.591469,0.000000
2026-06-27T17:00:00+00:00,9504.591469,9504.591469,0.000000
2026-06-27T18:00:00+00:00,9504.591469,9504.591469,0.000000
2026-06-27T19:00:00+00:00,9504.591469,9504.591469,0.000000
2026-06-27T20:00:00+00:00,9504.591469,9504.591469,0.000000
2026-06-27T21:00:00+00:00,9504.591469,9504.591469,0.000000
2026-06-27T22:00:00+00:00,9504.591469,9504.591469,0.000000
2026-06-27T23:00:00+00:00,9504.591469,9504.591469,0.000000
2026-06-28T00:00:00+00:00,9504.591469,9504.591469,0.000000
2026-06-28T01:00:00+00:00,9504.591469,9504.591469,0.000000
2026-06-28T02:00:00+00:00,9504.591469,9504.591469,0.000000
2026-06-28T03:00:00+00:00,9504.591469,9504.591469,0.000000
2026-06-28T04:00:00+00:00,9504.591469,9504.591469,0.000000
2026-06-28T05:00:00+00:00,9504.591469,9504.591469,0.000000
2026-06-28T06:00:00+00:00,9504.591469,9504.591469,0.000000
2026-06-28T07:00:00+00:00,9504.591469,9504.591469,0.000000
2026-06-28T08:00:00+00:00,9504.591469,9504.591469,0.000000
2026-06-28T09:00:00+00:00,9504.591469,9504.591469,0.000000
2026-06-28T10:00:00+00:00,9504.591469,9504.591469,0.000000
2026-06-28T11:00:00+00:00,9504.591469,9504.591469,0.000000
2026-06-28T12:00:00+00:00,9504.591469,9504.591469,0.000000
2026-06-28T13:00:00+00:00,9504.591469,9504.591469,0.000000
2026-06-28T14:00:00+00:00,9504.591469,9504.591469,0.000000
2026-06-28T15:00:00+00:00,9504.591469,9504.591469,0.000000
2026-06-28T16:00:00+00:00,9504.591469,9504.591469,0.000000
2026-06-28T17:00:00+00:00,9504.591469,9504.591469,0.000000
2026-06-28T18:00:00+00:00,9504.591469,9504.591469,0.000000
2026-06-28T19:00:00+00:00,9504.591469,9504.591469,0.000000
2026-06-28T20:00:00+00:00,9504.591469,9504.591469,0.000000
2026-06-28T21:00:00+00:00,9504.591469,9504.591469,0.000000
2026-06-28T22:00:00+00:00,9504.591469,9504.591469,0.000000
2026-06-28T23:00:00+00:00,9504.591469,9504.591469,0.000000
2026-06-29T00:00:00+00:00,9504.591469,9504.591469,0.000000
2026-06-29T01:00:00+00:00,9504.591469,9504.591469,0.000000
2026-06-29T02:00:00+00:00,9504.591469,9504.591469,0.000000
2026-06-29T03:00:00+00:00,9504.591469,9504.591469,0.000000
2026-06-29T04:00:00+00:00,9504.591469,9504.591469,0.000000
2026-06-29T05:00:00+00:00,9504.591469,9504.591469,0.000000
2026-06-29T06:00:00+00:00,9504.591469,9504.591469,0.000000
2026-06-29T07:00:00+00:00,9504.591469,9504.591469,0.000000
2026-06-29T08:00:00+00:00,9504.591469,9504.591469,0.000000
2026-06-29T09:00:00+00:00,9504.591469,9504.591469,0.000000
2026-06-29T10:00:00+00:00,9504.591469,9504.591469,0.000000
2026-06-29T11:00:00+00:00,9504.591469,9504.591469,0.000000
2026-06-29T12:00:00+00:00,9504.591469,9504.591469,0.000000
2026-06-29T13:00:00+00:00,9504.591469,9504.591469,0.000000
2026-06-29T14:00:00+00:00,9504.591469,9504.591469,0.000000
2026-06-29T15:00:00+00:00,9504.591469,9504.591469,0.000000
2026-06-29T16:00:00+00:00,9504.591469,9504.591469,0.000000
2026-06-29T17:00:00+00:00,9497.937305,-6.654164,9504.591469
2026-06-29T18:00:00+00:00,9457.348094,-6.654164,9464.002259
2026-06-29T19:00:00+00:00,9483.628878,-6.654164,9490.283042
2026-06-29T20:00:00+00:00,9436.323467,-6.654164,9442.977632
2026-06-29T21:00:00+00:00,9419.933046,9419.933046,0.000000
2026-06-29T22:00:00+00:00,9419.933046,9419.933046,0.000000
2026-06-29T23:00:00+00:00,9419.933046,9419.933046,0.000000
2026-06-30T00:00:00+00:00,9419.933046,9419.933046,0.000000
2026-06-30T01:00:00+00:00,9419.933046,9419.933046,0.000000
2026-06-30T02:00:00+00:00,9419.933046,9419.933046,0.000000
2026-06-30T03:00:00+00:00,9419.933046,9419.933046,0.000000
2026-06-30T04:00:00+00:00,9419.933046,9419.933046,0.000000
2026-06-30T05:00:00+00:00,9419.933046,9419.933046,0.000000
2026-06-30T06:00:00+00:00,9419.933046,9419.933046,0.000000
2026-06-30T07:00:00+00:00,9419.933046,9419.933046,0.000000
2026-06-30T08:00:00+00:00,9419.933046,9419.933046,0.000000
2026-06-30T09:00:00+00:00,9419.933046,9419.933046,0.000000
2026-06-30T10:00:00+00:00,9419.933046,9419.933046,0.000000
2026-06-30T11:00:00+00:00,9419.933046,9419.933046,0.000000
2026-06-30T12:00:00+00:00,9419.933046,9419.933046,0.000000
2026-06-30T13:00:00+00:00,9413.340035,-2.825038,9419.933046
2026-06-30T14:00:00+00:00,9369.238786,9369.238786,0.000000
2026-06-30T15:00:00+00:00,9369.238786,9369.238786,0.000000
2026-06-30T16:00:00+00:00,9369.238786,9369.238786,0.000000
2026-06-30T17:00:00+00:00,9369.238786,9369.238786,0.000000
2026-06-30T18:00:00+00:00,9369.238786,9369.238786,0.000000
2026-06-30T19:00:00+00:00,9369.238786,9369.238786,0.000000
2026-06-30T20:00:00+00:00,9369.238786,9369.238786,0.000000
2026-06-30T21:00:00+00:00,9369.238786,9369.238786,0.000000
2026-06-30T22:00:00+00:00,9369.238786,9369.238786,0.000000
2026-06-30T23:00:00+00:00,9369.238786,9369.238786,0.000000
2026-07-01T00:00:00+00:00,9369.238786,9369.238786,0.000000
2026-07-01T01:00:00+00:00,9369.238786,9369.238786,0.000000
2026-07-01T02:00:00+00:00,9369.238786,9369.238786,0.000000
2026-07-01T03:00:00+00:00,9369.238786,9369.238786,0.000000
2026-07-01T04:00:00+00:00,9369.238786,9369.238786,0.000000
2026-07-01T05:00:00+00:00,9369.238786,9369.238786,0.000000
2026-07-01T06:00:00+00:00,9369.238786,9369.238786,0.000000
2026-07-01T07:00:00+00:00,9369.238786,9369.238786,0.000000
2026-07-01T08:00:00+00:00,9369.238786,9369.238786,0.000000
2026-07-01T09:00:00+00:00,9369.238786,9369.238786,0.000000
2026-07-01T10:00:00+00:00,9369.238786,9369.238786,0.000000
2026-07-01T11:00:00+00:00,9369.238786,9369.238786,0.000000
2026-07-01T12:00:00+00:00,9369.238786,9369.238786,0.000000
2026-07-01T13:00:00+00:00,9369.238786,9369.238786,0.000000
2026-07-01T14:00:00+00:00,9369.238786,9369.238786,0.000000
2026-07-01T15:00:00+00:00,9362.679382,-6.559404,9369.238786
2026-07-01T16:00:00+00:00,9332.554700,9332.554700,0.000000
2026-07-01T17:00:00+00:00,9332.554700,9332.554700,0.000000
2026-07-01T18:00:00+00:00,9332.554700,9332.554700,0.000000
2026-07-01T19:00:00+00:00,9332.554700,9332.554700,0.000000
2026-07-01T20:00:00+00:00,9332.554700,9332.554700,0.000000
2026-07-01T21:00:00+00:00,9332.554700,9332.554700,0.000000
2026-07-01T22:00:00+00:00,9332.554700,9332.554700,0.000000
2026-07-01T23:00:00+00:00,9332.554700,9332.554700,0.000000
2026-07-02T00:00:00+00:00,9332.554700,9332.554700,0.000000
2026-07-02T01:00:00+00:00,9332.554700,9332.554700,0.000000
2026-07-02T02:00:00+00:00,9332.554700,9332.554700,0.000000
2026-07-02T03:00:00+00:00,9332.554700,9332.554700,0.000000
2026-07-02T04:00:00+00:00,9332.554700,9332.554700,0.000000
2026-07-02T05:00:00+00:00,9332.554700,9332.554700,0.000000
2026-07-02T06:00:00+00:00,9332.554700,9332.554700,0.000000
2026-07-02T07:00:00+00:00,9332.554700,9332.554700,0.000000
2026-07-02T08:00:00+00:00,9332.554700,9332.554700,0.000000
2026-07-02T09:00:00+00:00,9332.554700,9332.554700,0.000000
2026-07-02T10:00:00+00:00,9332.554700,9332.554700,0.000000
2026-07-02T11:00:00+00:00,9332.554700,9332.554700,0.000000
2026-07-02T12:00:00+00:00,9332.554700,9332.554700,0.000000
2026-07-02T13:00:00+00:00,9332.554700,9332.554700,0.000000
2026-07-02T14:00:00+00:00,9332.554700,9332.554700,0.000000
2026-07-02T15:00:00+00:00,9332.554700,9332.554700,0.000000
2026-07-02T16:00:00+00:00,9332.554700,9332.554700,0.000000
2026-07-02T17:00:00+00:00,9332.554700,9332.554700,0.000000
2026-07-02T18:00:00+00:00,9332.554700,9332.554700,0.000000
2026-07-02T19:00:00+00:00,9332.554700,9332.554700,0.000000
2026-07-02T20:00:00+00:00,9332.554700,9332.554700,0.000000
2026-07-02T21:00:00+00:00,9332.554700,9332.554700,0.000000
2026-07-02T22:00:00+00:00,9332.554700,9332.554700,0.000000
2026-07-02T23:00:00+00:00,9332.554700,9332.554700,0.000000
2026-07-03T00:00:00+00:00,9332.554700,9332.554700,0.000000
2026-07-03T01:00:00+00:00,9332.554700,9332.554700,0.000000
2026-07-03T02:00:00+00:00,9332.554700,9332.554700,0.000000
2026-07-03T03:00:00+00:00,9332.554700,9332.554700,0.000000
2026-07-03T04:00:00+00:00,9332.554700,9332.554700,0.000000
2026-07-03T05:00:00+00:00,9332.554700,9332.554700,0.000000
2026-07-03T06:00:00+00:00,9332.554700,9332.554700,0.000000
2026-07-03T07:00:00+00:00,9332.554700,9332.554700,0.000000
2026-07-03T08:00:00+00:00,9332.554700,9332.554700,0.000000
2026-07-03T09:00:00+00:00,9332.554700,9332.554700,0.000000
2026-07-03T10:00:00+00:00,9332.554700,9332.554700,0.000000
2026-07-03T11:00:00+00:00,9332.554700,9332.554700,0.000000
2026-07-03T12:00:00+00:00,9332.554700,9332.554700,0.000000
2026-07-03T13:00:00+00:00,9332.554700,9332.554700,0.000000
2026-07-03T14:00:00+00:00,9332.554700,9332.554700,0.000000
2026-07-03T15:00:00+00:00,9332.554700,9332.554700,0.000000
2026-07-03T16:00:00+00:00,9332.554700,9332.554700,0.000000
2026-07-03T17:00:00+00:00,9332.554700,9332.554700,0.000000
2026-07-03T18:00:00+00:00,9332.554700,9332.554700,0.000000
2026-07-03T19:00:00+00:00,9332.554700,9332.554700,0.000000
2026-07-03T20:00:00+00:00,9332.554700,9332.554700,0.000000
2026-07-03T21:00:00+00:00,9332.554700,9332.554700,0.000000
2026-07-03T22:00:00+00:00,9332.554700,9332.554700,0.000000
2026-07-03T23:00:00+00:00,9332.554700,9332.554700,0.000000
2026-07-04T00:00:00+00:00,9332.554700,9332.554700,0.000000
2026-07-04T01:00:00+00:00,9332.554700,9332.554700,0.000000
2026-07-04T02:00:00+00:00,9332.554700,9332.554700,0.000000
2026-07-04T03:00:00+00:00,9332.554700,9332.554700,0.000000
2026-07-04T04:00:00+00:00,9332.554700,9332.554700,0.000000
2026-07-04T05:00:00+00:00,9332.554700,9332.554700,0.000000
2026-07-04T06:00:00+00:00,9332.554700,9332.554700,0.000000
2026-07-04T07:00:00+00:00,9332.554700,9332.554700,0.000000
2026-07-04T08:00:00+00:00,9332.554700,9332.554700,0.000000
2026-07-04T09:00:00+00:00,9332.554700,9332.554700,0.000000
2026-07-04T10:00:00+00:00,9332.554700,9332.554700,0.000000
2026-07-04T11:00:00+00:00,9332.554700,9332.554700,0.000000
2026-07-04T12:00:00+00:00,9332.554700,9332.554700,0.000000
2026-07-04T13:00:00+00:00,9332.554700,9332.554700,0.000000
2026-07-04T14:00:00+00:00,9332.554700,9332.554700,0.000000
2026-07-04T15:00:00+00:00,9332.554700,9332.554700,0.000000
2026-07-04T16:00:00+00:00,9332.554700,9332.554700,0.000000
2026-07-04T17:00:00+00:00,9332.554700,9332.554700,0.000000
2026-07-04T18:00:00+00:00,9332.554700,9332.554700,0.000000
2026-07-04T19:00:00+00:00,9332.554700,9332.554700,0.000000
2026-07-04T20:00:00+00:00,9332.554700,9332.554700,0.000000
2026-07-04T21:00:00+00:00,9332.554700,9332.554700,0.000000
2026-07-04T22:00:00+00:00,9332.554700,9332.554700,0.000000
2026-07-04T23:00:00+00:00,9332.554700,9332.554700,0.000000
2026-07-05T00:00:00+00:00,9332.554700,9332.554700,0.000000
2026-07-05T01:00:00+00:00,9332.554700,9332.554700,0.000000
2026-07-05T02:00:00+00:00,9332.554700,9332.554700,0.000000
2026-07-05T03:00:00+00:00,9332.554700,9332.554700,0.000000
2026-07-05T04:00:00+00:00,9332.554700,9332.554700,0.000000
2026-07-05T05:00:00+00:00,9332.554700,9332.554700,0.000000
2026-07-05T06:00:00+00:00,9332.554700,9332.554700,0.000000
2026-07-05T07:00:00+00:00,9332.554700,9332.554700,0.000000
2026-07-05T08:00:00+00:00,9332.554700,9332.554700,0.000000
2026-07-05T09:00:00+00:00,9332.554700,9332.554700,0.000000
2026-07-05T10:00:00+00:00,9332.554700,9332.554700,0.000000
2026-07-05T11:00:00+00:00,9332.554700,9332.554700,0.000000
2026-07-05T12:00:00+00:00,9332.554700,9332.554700,0.000000
2026-07-05T13:00:00+00:00,9332.554700,9332.554700,0.000000
2026-07-05T14:00:00+00:00,9332.554700,9332.554700,0.000000
2026-07-05T15:00:00+00:00,9332.554700,9332.554700,0.000000
2026-07-05T16:00:00+00:00,9332.554700,9332.554700,0.000000
2026-07-05T17:00:00+00:00,9332.554700,9332.554700,0.000000
2026-07-05T18:00:00+00:00,9332.554700,9332.554700,0.000000
2026-07-05T19:00:00+00:00,9332.554700,9332.554700,0.000000
2026-07-05T20:00:00+00:00,9332.554700,9332.554700,0.000000
2026-07-05T21:00:00+00:00,9332.554700,9332.554700,0.000000
2026-07-05T22:00:00+00:00,9332.554700,9332.554700,0.000000
2026-07-05T23:00:00+00:00,9332.554700,9332.554700,0.000000
2026-07-06T00:00:00+00:00,9332.554700,9332.554700,0.000000
2026-07-06T01:00:00+00:00,9332.554700,9332.554700,0.000000
2026-07-06T02:00:00+00:00,9332.554700,9332.554700,0.000000
2026-07-06T03:00:00+00:00,9332.554700,9332.554700,0.000000
2026-07-06T04:00:00+00:00,9332.554700,9332.554700,0.000000
2026-07-06T05:00:00+00:00,9332.554700,9332.554700,0.000000
2026-07-06T06:00:00+00:00,9332.554700,9332.554700,0.000000
2026-07-06T07:00:00+00:00,9332.554700,9332.554700,0.000000
2026-07-06T08:00:00+00:00,9332.554700,9332.554700,0.000000
2026-07-06T09:00:00+00:00,9332.554700,9332.554700,0.000000
2026-07-06T10:00:00+00:00,9332.554700,9332.554700,0.000000
2026-07-06T11:00:00+00:00,9332.554700,9332.554700,0.000000
2026-07-06T12:00:00+00:00,9332.554700,9332.554700,0.000000
2026-07-06T13:00:00+00:00,9332.554700,9332.554700,0.000000
2026-07-06T14:00:00+00:00,9332.554700,9332.554700,0.000000
2026-07-06T15:00:00+00:00,9332.554700,9332.554700,0.000000
2026-07-06T16:00:00+00:00,9332.554700,9332.554700,0.000000
2026-07-06T17:00:00+00:00,9332.554700,9332.554700,0.000000
2026-07-06T18:00:00+00:00,9332.554700,9332.554700,0.000000
2026-07-06T19:00:00+00:00,9332.554700,9332.554700,0.000000
2026-07-06T20:00:00+00:00,9332.554700,9332.554700,0.000000
2026-07-06T21:00:00+00:00,9332.554700,9332.554700,0.000000
2026-07-06T22:00:00+00:00,9332.554700,9332.554700,0.000000
2026-07-06T23:00:00+00:00,9332.554700,9332.554700,0.000000
2026-07-07T00:00:00+00:00,9332.554700,9332.554700,0.000000
2026-07-07T01:00:00+00:00,9332.554700,9332.554700,0.000000
2026-07-07T02:00:00+00:00,9332.554700,9332.554700,0.000000
2026-07-07T03:00:00+00:00,9332.554700,9332.554700,0.000000
2026-07-07T04:00:00+00:00,9332.554700,9332.554700,0.000000
2026-07-07T05:00:00+00:00,9332.554700,9332.554700,0.000000
2026-07-07T06:00:00+00:00,9332.554700,9332.554700,0.000000
2026-07-07T07:00:00+00:00,9332.554700,9332.554700,0.000000
2026-07-07T08:00:00+00:00,9332.554700,9332.554700,0.000000
2026-07-07T09:00:00+00:00,9332.554700,9332.554700,0.000000
2026-07-07T10:00:00+00:00,9332.554700,9332.554700,0.000000
2026-07-07T11:00:00+00:00,9332.554700,9332.554700,0.000000
2026-07-07T12:00:00+00:00,9332.554700,9332.554700,0.000000
2026-07-07T13:00:00+00:00,9332.554700,9332.554700,0.000000
2026-07-07T14:00:00+00:00,9332.554700,9332.554700,0.000000
2026-07-07T15:00:00+00:00,9332.554700,9332.554700,0.000000
2026-07-07T16:00:00+00:00,9332.554700,9332.554700,0.000000
2026-07-07T17:00:00+00:00,9332.554700,9332.554700,0.000000
2026-07-07T18:00:00+00:00,9332.554700,9332.554700,0.000000
2026-07-07T19:00:00+00:00,9332.554700,9332.554700,0.000000
2026-07-07T20:00:00+00:00,9332.554700,9332.554700,0.000000
2026-07-07T21:00:00+00:00,9332.554700,9332.554700,0.000000
2026-07-07T22:00:00+00:00,9332.554700,9332.554700,0.000000
2026-07-07T23:00:00+00:00,9332.554700,9332.554700,0.000000
2026-07-08T00:00:00+00:00,9332.554700,9332.554700,0.000000
2026-07-08T01:00:00+00:00,9332.554700,9332.554700,0.000000
2026-07-08T02:00:00+00:00,9332.554700,9332.554700,0.000000
2026-07-08T03:00:00+00:00,9326.022845,-2.798833,9332.554700
2026-07-08T04:00:00+00:00,9299.103295,-2.798833,9359.474249
2026-07-08T05:00:00+00:00,9311.896744,-2.798833,9346.680800
2026-07-08T06:00:00+00:00,9324.690194,-2.798833,9333.887351
2026-07-08T07:00:00+00:00,9305.233490,-2.798833,9353.344055
2026-07-08T07:00:00+00:00,9298.685213,9298.685213,0.000000
