ts,equity,cash,position_value
2026-04-09T08:00:00+00:00,10000.000000,10000.000000,0.000000
2026-04-09T09:00:00+00:00,10000.000000,10000.000000,0.000000
2026-04-09T10:00:00+00:00,10000.000000,10000.000000,0.000000
2026-04-09T11:00:00+00:00,10000.000000,10000.000000,0.000000
2026-04-09T12:00:00+00:00,10000.000000,10000.000000,0.000000
2026-04-09T13:00:00+00:00,10000.000000,10000.000000,0.000000
2026-04-09T14:00:00+00:00,10000.000000,10000.000000,0.000000
2026-04-09T15:00:00+00:00,10000.000000,10000.000000,0.000000
2026-04-09T16:00:00+00:00,10000.000000,10000.000000,0.000000
2026-04-09T17:00:00+00:00,10000.000000,10000.000000,0.000000
2026-04-09T18:00:00+00:00,10000.000000,10000.000000,0.000000
2026-04-09T19:00:00+00:00,10000.000000,10000.000000,0.000000
2026-04-09T20:00:00+00:00,10000.000000,10000.000000,0.000000
2026-04-09T21:00:00+00:00,10000.000000,10000.000000,0.000000
2026-04-09T22:00:00+00:00,10000.000000,10000.000000,0.000000
2026-04-09T23:00:00+00:00,9992.999000,-7.001000,10000.000000
2026-04-10T00:00:00+00:00,10016.522501,-7.001000,10023.523501
2026-04-10T01:00:00+00:00,9970.126588,9970.126588,0.000000
2026-04-10T02:00:00+00:00,9970.126588,9970.126588,0.000000
2026-04-10T03:00:00+00:00,9970.126588,9970.126588,0.000000
2026-04-10T04:00:00+00:00,9970.126588,9970.126588,0.000000
2026-04-10T05:00:00+00:00,9970.126588,9970.126588,0.000000
2026-04-10T06:00:00+00:00,9970.126588,9970.126588,0.000000
2026-04-10T07:00:00+00:00,9970.126588,9970.126588,0.000000
2026-04-10T08:00:00+00:00,9970.126588,9970.126588,0.000000
2026-04-10T09:00:00+00:00,9970.126588,9970.126588,0.000000
2026-04-10T10:00:00+00:00,9970.126588,9970.126588,0.000000
2026-04-10T11:00:00+00:00,9970.126588,9970.126588,0.000000
2026-04-10T12:00:00+00:00,9970.126588,9970.126588,0.000000
2026-04-10T13:00:00+00:00,9970.126588,9970.126588,0.000000
2026-04-10T14:00:00+00:00,9970.126588,9970.126588,0.000000
2026-04-10T15:00:00+00:00,9970.126588,9970.126588,0.000000
2026-04-10T16:00:00+00:00,9970.126588,9970.126588,0.000000
2026-04-10T17:00:00+00:00,9970.126588,9970.126588,0.000000
2026-04-10T18:00:00+00:00,9970.126588,9970.126588,0.000000
2026-04-10T19:00:00+00:00,9970.126588,9970.126588,0.000000
2026-04-10T20:00:00+00:00,9970.126588,9970.126588,0.000000
2026-04-10T21:00:00+00:00,9970.126588,9970.126588,0.000000
2026-04-10T22:00:00+00:00,9970.126588,9970.126588,0.000000
2026-04-10T23:00:00+00:00,9970.126588,9970.126588,0.000000
2026-04-11T00:00:00+00:00,9970.126588,9970.126588,0.000000
2026-04-11T01:00:00+00:00,9970.126588,9970.126588,0.000000
2026-04-11T02:00:00+00:00,9970.126588,9970.126588,0.000000
2026-04-11T03:00:00+00:00,9970.126588,9970.126588,0.000000
2026-04-11T04:00:00+00:00,9970.126588,9970.126588,0.000000
2026-04-11T05:00:00+00:00,9970.126588,9970.126588,0.000000
2026-04-11T06:00:00+00:00,9970.126588,9970.126588,0.000000
2026-04-11T07:00:00+00:00,9970.126588,9970.126588,0.000000
2026-04-11T08:00:00+00:00,9970.126588,9970.126588,0.000000
2026-04-11T09:00:00+00:00,9970.126588,9970.126588,0.000000
2026-04-11T10:00:00+00:00,9970.126588,9970.126588,0.000000
2026-04-11T11:00:00+00:00,9970.126588,9970.126588,0.000000
2026-04-11T12:00:00+00:00,9970.126588,9970.126588,0.000000
2026-04-11T13:00:00+00:00,9970.126588,9970.126588,0.000000
2026-04-11T14:00:00+00:00,9970.126588,9970.126588,0.000000
2026-04-11T15:00:00+00:00,9970.126588,9970.126588,0.000000
2026-04-11T16:00:00+00:00,9970.126588,9970.126588,0.000000
2026-04-11T17:00:00+00:00,9970.126588,9970.126588,0.000000
2026-04-11T18:00:00+00:00,9970.126588,9970.126588,0.000000
2026-04-11T19:00:00+00:00,9970.126588,9970.126588,0.000000
2026-04-11T20:00:00+00:00,9970.126588,9970.126588,0.000000
2026-04-11T21:00:00+00:00,9970.126588,9970.126588,0.000000
2026-04-11T22:00:00+00:00,9970.126588,9970.126588,0.000000
2026-04-11T23:00:00+00:00,9970.126588,9970.126588,0.000000
2026-04-12T00:00:00+00:00,9970.126588,9970.126588,0.000000
2026-04-12T01:00:00+00:00,9970.126588,9970.126588,0.000000
2026-04-12T02:00:00+00:00,9970.126588,9970.126588,0.000000
2026-04-12T03:00:00+00:00,9970.126588,9970.126588,0.000000
2026-04-12T04:00:00+00:00,9970.126588,9970.126588,0.000000
2026-04-12T05:00:00+00:00,9970.126588,9970.126588,0.000000
2026-04-12T06:00:00+00:00,9970.126588,9970.126588,0.000000
2026-04-12T07:00:00+00:00,9970.126588,9970.126588,0.000000
2026-04-12T08:00:00+00:00,9970.126588,9970.126588,0.000000
2026-04-12T09:00:00+00:00,9970.126588,9970.126588,0.000000
2026-04-12T10:00:00+00:00,9970.126588,9970.126588,0.000000
2026-04-12T11:00:00+00:00,9970.126588,9970.126588,0.000000
2026-04-12T12:00:00+00:00,9970.126588,9970.126588,0.000000
2026-04-12T13:00:00+00:00,9970.126588,9970.126588,0.000000
2026-04-12T14:00:00+00:00,9970.126588,9970.126588,0.000000
2026-04-12T15:00:00+00:00,9970.126588,9970.126588,0.000000
2026-04-12T16:00:00+00:00,9970.126588,9970.126588,0.000000
2026-04-12T17:00:00+00:00,9970.126588,9970.126588,0.000000
2026-04-12T18:00:00+00:00,9970.126588,9970.126588,0.000000
2026-04-12T19:00:00+00:00,9970.126588,9970.126588,0.000000
2026-04-12T20:00:00+00:00,9970.126588,9970.126588,0.000000
2026-04-12T21:00:00+00:00,9970.126588,9970.126588,0.000000
2026-04-12T22:00:00+00:00,9970.126588,9970.126588,0.000000
2026-04-12T23:00:00+00:00,9970.126588,9970.126588,0.000000
2026-04-13T00:00:00+00:00,9970.126588,9970.126588,0.000000
2026-04-13T01:00:00+00:00,9963.148497,-2.990041,9970.126588
2026-04-13T02:00:00+00:00,10004.562451,-2.990041,9928.712634
2026-04-13T03:00:00+00:00,10004.109839,-2.990041,9929.165246
2026-04-13T04:00:00+00:00,10022.893217,-2.990041,9910.381867
2026-04-13T05:00:00+00:00,10016.556656,-2.990041,9916.718429
2026-04-13T06:00:00+00:00,9973.597096,9973.597096,0.000000
2026-04-13T07:00:00+00:00,9973.597096,9973.597096,0.000000
2026-04-13T08:00:00+00:00,9973.597096,9973.597096,0.000000
2026-04-13T09:00:00+00:00,9973.597096,9973.597096,0.000000
2026-04-13T10:00:00+00:00,9973.597096,9973.597096,0.000000
2026-04-13T11:00:00+00:00,9973.597096,9973.597096,0.000000
2026-04-13T12:00:00+00:00,9973.597096,9973.597096,0.000000
2026-04-13T13:00:00+00:00,9973.597096,9973.597096,0.000000
2026-04-13T14:00:00+00:00,9973.597096,9973.597096,0.000000
2026-04-13T15:00:00+00:00,9973.597096,9973.597096,0.000000
2026-04-13T16:00:00+00:00,9973.597096,9973.597096,0.000000
2026-04-13T17:00:00+00:00,9973.597096,9973.597096,0.000000
2026-04-13T18:00:00+00:00,9973.597096,9973.597096,0.000000
2026-04-13T19:00:00+00:00,9973.597096,9973.597096,0.000000
2026-04-13T20:00:00+00:00,9973.597096,9973.597096,0.000000
2026-04-13T21:00:00+00:00,9973.597096,9973.597096,0.000000
2026-04-13T22:00:00+00:00,9973.597096,9973.597096,0.000000
2026-04-13T23:00:00+00:00,9973.597096,9973.597096,0.000000
2026-04-14T00:00:00+00:00,9973.597096,9973.597096,0.000000
2026-04-14T01:00:00+00:00,9973.597096,9973.597096,0.000000
2026-04-14T02:00:00+00:00,9973.597096,9973.597096,0.000000
2026-04-14T03:00:00+00:00,9973.597096,9973.597096,0.000000
2026-04-14T04:00:00+00:00,9973.597096,9973.597096,0.000000
2026-04-14T05:00:00+00:00,9973.597096,9973.597096,0.000000
2026-04-14T06:00:00+00:00,9973.597096,9973.597096,0.000000
2026-04-14T07:00:00+00:00,9973.597096,9973.597096,0.000000
2026-04-14T08:00:00+00:00,9973.597096,9973.597096,0.000000
2026-04-14T09:00:00+00:00,9973.597096,9973.597096,0.000000
2026-04-14T10:00:00+00:00,9973.597096,9973.597096,0.000000
2026-04-14T11:00:00+00:00,9973.597096,9973.597096,0.000000
2026-04-14T12:00:00+00:00,9973.597096,9973.597096,0.000000
2026-04-14T13:00:00+00:00,9973.597096,9973.597096,0.000000
2026-04-14T14:00:00+00:00,9973.597096,9973.597096,0.000000
2026-04-14T15:00:00+00:00,9973.597096,9973.597096,0.000000
2026-04-14T16:00:00+00:00,9966.614580,-6.982515,9973.597096
2026-04-14T17:00:00+00:00,9927.139896,9927.139896,0.000000
2026-04-14T18:00:00+00:00,9927.139896,9927.139896,0.000000
2026-04-14T19:00:00+00:00,9927.139896,9927.139896,0.000000
2026-04-14T20:00:00+00:00,9927.139896,9927.139896,0.000000
2026-04-14T21:00:00+00:00,9920.191891,-2.977149,9927.139896
2026-04-14T22:00:00+00:00,9884.633363,9884.633363,0.000000
2026-04-14T23:00:00+00:00,9884.633363,9884.633363,0.000000
2026-04-15T00:00:00+00:00,9884.633363,9884.633363,0.000000
2026-04-15T01:00:00+00:00,9884.633363,9884.633363,0.000000
2026-04-15T02:00:00+00:00,9884.633363,9884.633363,0.000000
2026-04-15T03:00:00+00:00,9877.713131,-6.920232,9884.633363
2026-04-15T04:00:00+00:00,9897.456074,-6.920232,9904.376306
2026-04-15T05:00:00+00:00,9830.915739,9830.915739,0.000000
2026-04-15T06:00:00+00:00,9830.915739,9830.915739,0.000000
2026-04-15T07:00:00+00:00,9830.915739,9830.915739,0.000000
2026-04-15T08:00:00+00:00,9824.035081,-2.948292,9830.915739
2026-04-15T09:00:00+00:00,9854.876838,-2.948292,9800.073982
2026-04-15T10:00:00+00:00,9869.452737,-2.948292,9785.498083
2026-04-15T11:00:00+00:00,9804.079926,9804.079926,0.000000
2026-04-15T12:00:00+00:00,9804.079926,9804.079926,0.000000
2026-04-15T13:00:00+00:00,9804.079926,9804.079926,0.000000
2026-04-15T14:00:00+00:00,9804.079926,9804.079926,0.000000
2026-04-15T15:00:00+00:00,9804.079926,9804.079926,0.000000
2026-04-15T16:00:00+00:00,9804.079926,9804.079926,0.000000
2026-04-15T17:00:00+00:00,9804.079926,9804.079926,0.000000
2026-04-15T18:00:00+00:00,9804.079926,9804.079926,0.000000
2026-04-15T19:00:00+00:00,9804.079926,9804.079926,0.000000
2026-04-15T20:00:00+00:00,9804.079926,9804.079926,0.000000
2026-04-15T21:00:00+00:00,9804.079926,9804.079926,0.000000
2026-04-15T22:00:00+00:00,9804.079926,9804.079926,0.000000
2026-04-15T23:00:00+00:00,9804.079926,9804.079926,0.000000
2026-04-16T00:00:00+00:00,9804.079926,9804.079926,0.000000
2026-04-16T01:00:00+00:00,9804.079926,9804.079926,0.000000
2026-04-16T02:00:00+00:00,9804.079926,9804.079926,0.000000
2026-04-16T03:00:00+00:00,9804.079926,9804.079926,0.000000
2026-04-16T04:00:00+00:00,9804.079926,9804.079926,0.000000
2026-04-16T05:00:00+00:00,9804.079926,9804.079926,0.000000
2026-04-16T06:00:00+00:00,9804.079926,9804.079926,0.000000
2026-04-16T07:00:00+00:00,9804.079926,9804.079926,0.000000
2026-04-16T08:00:00+00:00,9804.079926,9804.079926,0.000000
2026-04-16T09:00:00+00:00,9804.079926,9804.079926,0.000000
2026-04-16T10:00:00+00:00,9804.079926,9804.079926,0.000000
2026-04-16T11:00:00+00:00,9804.079926,9804.079926,0.000000
2026-04-16T12:00:00+00:00,9804.079926,9804.079926,0.000000
2026-04-16T13:00:00+00:00,9804.079926,9804.079926,0.000000
2026-04-16T14:00:00+00:00,9804.079926,9804.079926,0.000000
2026-04-16T15:00:00+00:00,9804.079926,9804.079926,0.000000
2026-04-16T16:00:00+00:00,9804.079926,9804.079926,0.000000
2026-04-16T17:00:00+00:00,9804.079926,9804.079926,0.000000
2026-04-16T18:00:00+00:00,9804.079926,9804.079926,0.000000
2026-04-16T19:00:00+00:00,9804.079926,9804.079926,0.000000
2026-04-16T20:00:00+00:00,9804.079926,9804.079926,0.000000
2026-04-16T21:00:00+00:00,9804.079926,9804.079926,0.000000
2026-04-16T22:00:00+00:00,9804.079926,9804.079926,0.000000
2026-04-16T23:00:00+00:00,9804.079926,9804.079926,0.000000
2026-04-17T00:00:00+00:00,9804.079926,9804.079926,0.000000
2026-04-17T01:00:00+00:00,9804.079926,9804.079926,0.000000
2026-04-17T02:00:00+00:00,9797.216090,-6.863836,9804.079926
2026-04-17T03:00:00+00:00,9770.091756,-6.863836,9776.955592
2026-04-17T04:00:00+00:00,9782.287193,-6.863836,9789.151029
2026-04-17T05:00:00+00:00,9742.126357,-6.863836,9748.990194
2026-04-17T06:00:00+00:00,9791.538904,-6.863836,9798.402740
2026-04-17T07:00:00+00:00,9805.206203,-6.863836,9812.070040
2026-04-17T08:00:00+00:00,9824.324571,9824.324571,0.000000
2026-04-17T09:00:00+00:00,9824.324571,9824.324571,0.000000
2026-04-17T10:00:00+00:00,9824.324571,9824.324571,0.000000
2026-04-17T11:00:00+00:00,9824.324571,9824.324571,0.000000
2026-04-17T12:00:00+00:00,9824.324571,9824.324571,0.000000
2026-04-17T13:00:00+00:00,9824.324571,9824.324571,0.000000
2026-04-17T14:00:00+00:00,9824.324571,9824.324571,0.000000
2026-04-17T15:00:00+00:00,9824.324571,9824.324571,0.000000
2026-04-17T16:00:00+00:00,9824.324571,9824.324571,0.000000
2026-04-17T17:00:00+00:00,9824.324571,9824.324571,0.000000
2026-04-17T18:00:00+00:00,9824.324571,9824.324571,0.000000
2026-04-17T19:00:00+00:00,9824.324571,9824.324571,0.000000
2026-04-17T20:00:00+00:00,9824.324571,9824.324571,0.000000
2026-04-17T21:00:00+00:00,9824.324571,9824.324571,0.000000
2026-04-17T22:00:00+00:00,9824.324571,9824.324571,0.000000
2026-04-17T23:00:00+00:00,9824.324571,9824.324571,0.000000
2026-04-18T00:00:00+00:00,9824.324571,9824.324571,0.000000
2026-04-18T01:00:00+00:00,9824.324571,9824.324571,0.000000
2026-04-18T02:00:00+00:00,9824.324571,9824.324571,0.000000
2026-04-18T03:00:00+00:00,9824.324571,9824.324571,0.000000
2026-04-18T04:00:00+00:00,9824.324571,9824.324571,0.000000
2026-04-18T05:00:00+00:00,9824.324571,9824.324571,0.000000
2026-04-18T06:00:00+00:00,9824.324571,9824.324571,0.000000
2026-04-18T07:00:00+00:00,9824.324571,9824.324571,0.000000
2026-04-18T08:00:00+00:00,9824.324571,9824.324571,0.000000
2026-04-18T09:00:00+00:00,9824.324571,9824.324571,0.000000
2026-04-18T10:00:00+00:00,9824.324571,9824.324571,0.000000
2026-04-18T11:00:00+00:00,9824.324571,9824.324571,0.000000
2026-04-18T12:00:00+00:00,9824.324571,9824.324571,0.000000
2026-04-18T13:00:00+00:00,9824.324571,9824.324571,0.000000
2026-04-18T14:00:00+00:00,9817.448526,-2.946315,9824.324571
2026-04-18T15:00:00+00:00,9823.060407,-2.946315,9818.712690
2026-04-18T16:00:00+00:00,9774.271588,9774.271588,0.000000
2026-04-18T17:00:00+00:00,9774.271588,9774.271588,0.000000
2026-04-18T18:00:00+00:00,9774.271588,9774.271588,0.000000
2026-04-18T19:00:00+00:00,9774.271588,9774.271588,0.000000
2026-04-18T20:00:00+00:00,9774.271588,9774.271588,0.000000
2026-04-18T21:00:00+00:00,9774.271588,9774.271588,0.000000
2026-04-18T22:00:00+00:00,9774.271588,9774.271588,0.000000
2026-04-18T23:00:00+00:00,9774.271588,9774.271588,0.000000
2026-04-19T00:00:00+00:00,9774.271588,9774.271588,0.000000
2026-04-19T01:00:00+00:00,9774.271588,9774.271588,0.000000
2026-04-19T02:00:00+00:00,9774.271588,9774.271588,0.000000
2026-04-19T03:00:00+00:00,9774.271588,9774.271588,0.000000
2026-04-19T04:00:00+00:00,9774.271588,9774.271588,0.000000
2026-04-19T05:00:00+00:00,9774.271588,9774.271588,0.000000
2026-04-19T06:00:00+00:00,9774.271588,9774.271588,0.000000
2026-04-19T07:00:00+00:00,9774.271588,9774.271588,0.000000
2026-04-19T08:00:00+00:00,9774.271588,9774.271588,0.000000
2026-04-19T09:00:00+00:00,9774.271588,9774.271588,0.000000
2026-04-19T10:00:00+00:00,9774.271588,9774.271588,0.000000
2026-04-19T11:00:00+00:00,9774.271588,9774.271588,0.000000
2026-04-19T12:00:00+00:00,9774.271588,9774.271588,0.000000
2026-04-19T13:00:00+00:00,9774.271588,9774.271588,0.000000
2026-04-19T14:00:00+00:00,9774.271588,9774.271588,0.000000
2026-04-19T15:00:00+00:00,9774.271588,9774.271588,0.000000
2026-04-19T16:00:00+00:00,9774.271588,9774.271588,0.000000
2026-04-19T17:00:00+00:00,9774.271588,9774.271588,0.000000
2026-04-19T18:00:00+00:00,9774.271588,9774.271588,0.000000
2026-04-19T19:00:00+00:00,9774.271588,9774.271588,0.000000
2026-04-19T20:00:00+00:00,9774.271588,9774.271588,0.000000
2026-04-19T21:00:00+00:00,9774.271588,9774.271588,0.000000
2026-04-19T22:00:00+00:00,9774.271588,9774.271588,0.000000
2026-04-19T23:00:00+00:00,9774.271588,9774.271588,0.000000
2026-04-20T00:00:00+00:00,9774.271588,9774.271588,0.000000
2026-04-20T01:00:00+00:00,9774.271588,9774.271588,0.000000
2026-04-20T02:00:00+00:00,9767.428620,-6.842968,9774.271588
2026-04-20T03:00:00+00:00,9805.215199,-6.842968,9812.058167
2026-04-20T04:00:00+00:00,9792.762804,-6.842968,9799.605771
2026-04-20T05:00:00+00:00,9723.099253,-2.918000,9729.909216
2026-04-20T06:00:00+00:00,9644.449309,9644.449309,0.000000
2026-04-20T07:00:00+00:00,9644.449309,9644.449309,0.000000
2026-04-20T08:00:00+00:00,9644.449309,9644.449309,0.000000
2026-04-20T09:00:00+00:00,9644.449309,9644.449309,0.000000
2026-04-20T10:00:00+00:00,9644.449309,9644.449309,0.000000
2026-04-20T11:00:00+00:00,9644.449309,9644.449309,0.000000
2026-04-20T12:00:00+00:00,9644.449309,9644.449309,0.000000
2026-04-20T13:00:00+00:00,9644.449309,9644.449309,0.000000
2026-04-20T14:00:00+00:00,9644.449309,9644.449309,0.000000
2026-04-20T15:00:00+00:00,9644.449309,9644.449309,0.000000
2026-04-20T16:00:00+00:00,9644.449309,9644.449309,0.000000
2026-04-20T17:00:00+00:00,9644.449309,9644.449309,0.000000
2026-04-20T18:00:00+00:00,9644.449309,9644.449309,0.000000
2026-04-20T19:00:00+00:00,9644.449309,9644.449309,0.000000
2026-04-20T20:00:00+00:00,9644.449309,9644.449309,0.000000
2026-04-20T21:00:00+00:00,9637.697230,-6.752079,9644.449309
2026-04-20T22:00:00+00:00,9626.684026,-6.752079,9633.436105
2026-04-20T23:00:00+00:00,9581.654089,9581.654089,0.000000
2026-04-21T00:00:00+00:00,9581.654089,9581.654089,0.000000
2026-04-21T01:00:00+00:00,9581.654089,9581.654089,0.000000
2026-04-21T02:00:00+00:00,9581.654089,9581.654089,0.000000
2026-04-21T03:00:00+00:00,9581.654089,9581.654089,0.000000
2026-04-21T04:00:00+00:00,9581.654089,9581.654089,0.000000
2026-04-21T05:00:00+00:00,9581.654089,9581.654089,0.000000
2026-04-21T06:00:00+00:00,9581.654089,9581.654089,0.000000
2026-04-21T07:00:00+00:00,9581.654089,9581.654089,0.000000
2026-04-21T08:00:00+00:00,9581.654089,9581.654089,0.000000
2026-04-21T09:00:00+00:00,9581.654089,9581.654089,0.000000
2026-04-21T10:00:00+00:00,9581.654089,9581.654089,0.000000
2026-04-21T11:00:00+00:00,9581.654089,9581.654089,0.000000
2026-04-21T12:00:00+00:00,9581.654089,9581.654089,0.000000
2026-04-21T13:00:00+00:00,9581.654089,9581.654089,0.000000
2026-04-21T14:00:00+00:00,9581.654089,9581.654089,0.000000
2026-04-21T15:00:00+00:00,9581.654089,9581.654089,0.000000
2026-04-21T16:00:00+00:00,9581.654089,9581.654089,0.000000
2026-04-21T17:00:00+00:00,9581.654089,9581.654089,0.000000
2026-04-21T18:00:00+00:00,9581.654089,9581.654089,0.000000
2026-04-21T19:00:00+00:00,9581.654089,9581.654089,0.000000
2026-04-21T20:00:00+00:00,9581.654089,9581.654089,0.000000
2026-04-21T21:00:00+00:00,9581.654089,9581.654089,0.000000
2026-04-21T22:00:00+00:00,9581.654089,9581.654089,0.000000
2026-04-21T23:00:00+00:00,9581.654089,9581.654089,0.000000
2026-04-22T00:00:00+00:00,9581.654089,9581.654089,0.000000
2026-04-22T01:00:00+00:00,9581.654089,9581.654089,0.000000
2026-04-22T02:00:00+00:00,9581.654089,9581.654089,0.000000
2026-04-22T03:00:00+00:00,9581.654089,9581.654089,0.000000
2026-04-22T04:00:00+00:00,9581.654089,9581.654089,0.000000
2026-04-22T05:00:00+00:00,9581.654089,9581.654089,0.000000
2026-04-22T06:00:00+00:00,9581.654089,9581.654089,0.000000
2026-04-22T07:00:00+00:00,9581.654089,9581.654089,0.000000
2026-04-22T08:00:00+00:00,9581.654089,9581.654089,0.000000
2026-04-22T09:00:00+00:00,9581.654089,9581.654089,0.000000
2026-04-22T10:00:00+00:00,9581.654089,9581.654089,0.000000
2026-04-22T11:00:00+00:00,9581.654089,9581.654089,0.000000
2026-04-22T12:00:00+00:00,9581.654089,9581.654089,0.000000
2026-04-22T13:00:00+00:00,9581.654089,9581.654089,0.000000
2026-04-22T14:00:00+00:00,9581.654089,9581.654089,0.000000
2026-04-22T15:00:00+00:00,9581.654089,9581.654089,0.000000
2026-04-22T16:00:00+00:00,9581.654089,9581.654089,0.000000
2026-04-22T17:00:00+00:00,9581.654089,9581.654089,0.000000
2026-04-22T18:00:00+00:00,9581.654089,9581.654089,0.000000
2026-04-22T19:00:00+00:00,9581.654089,9581.654089,0.000000
2026-04-22T20:00:00+00:00,9581.654089,9581.654089,0.000000
2026-04-22T21:00:00+00:00,9581.654089,9581.654089,0.000000
2026-04-22T22:00:00+00:00,9581.654089,9581.654089,0.000000
2026-04-22T23:00:00+00:00,9581.654089,9581.654089,0.000000
2026-04-23T00:00:00+00:00,9581.654089,9581.654089,0.000000
2026-04-23T01:00:00+00:00,9581.654089,9581.654089,0.000000
2026-04-23T02:00:00+00:00,9581.654089,9581.654089,0.000000
2026-04-23T03:00:00+00:00,9581.654089,9581.654089,0.000000
2026-04-23T04:00:00+00:00,9581.654089,9581.654089,0.000000
2026-04-23T05:00:00+00:00,9581.654089,9581.654089,0.000000
2026-04-23T06:00:00+00:00,9574.947889,-2.873538,9581.654089
2026-04-23T07:00:00+00:00,9617.090555,-2.873538,9539.511424
2026-04-23T08:00:00+00:00,9634.599101,-2.873538,9522.002877
2026-04-23T09:00:00+00:00,9662.187143,9662.187143,0.000000
2026-04-23T10:00:00+00:00,9662.187143,9662.187143,0.000000
2026-04-23T11:00:00+00:00,9662.187143,9662.187143,0.000000
2026-04-23T12:00:00+00:00,9662.187143,9662.187143,0.000000
2026-04-23T13:00:00+00:00,9655.422645,-6.764497,9662.187143
2026-04-23T14:00:00+00:00,9634.416086,9634.416086,0.000000
2026-04-23T15:00:00+00:00,9634.416086,9634.416086,0.000000
2026-04-23T16:00:00+00:00,9634.416086,9634.416086,0.000000
2026-04-23T17:00:00+00:00,9634.416086,9634.416086,0.000000
2026-04-23T18:00:00+00:00,9634.416086,9634.416086,0.000000
2026-04-23T19:00:00+00:00,9634.416086,9634.416086,0.000000
2026-04-23T20:00:00+00:00,9634.416086,9634.416086,0.000000
2026-04-23T21:00:00+00:00,9627.672958,-2.889361,9634.416086
2026-04-23T22:00:00+00:00,9591.368339,-2.889361,9670.720705
2026-04-23T23:00:00+00:00,9599.044173,-2.889361,9663.044871
2026-04-24T00:00:00+00:00,9590.745974,-2.889361,9671.343070
2026-04-24T01:00:00+00:00,9586.804330,-2.889361,9675.284714
2026-04-24T02:00:00+00:00,9572.666466,-6.706519,9579.372985
2026-04-24T03:00:00+00:00,9499.619989,9499.619989,0.000000
2026-04-24T04:00:00+00:00,9499.619989,9499.619989,0.000000
2026-04-24T05:00:00+00:00,9499.619989,9499.619989,0.000000
2026-04-24T06:00:00+00:00,9499.619989,9499.619989,0.000000
2026-04-24T07:00:00+00:00,9492.971205,-2.848936,9499.619989
2026-04-24T08:00:00+00:00,9479.197383,-2.848936,9513.393811
2026-04-24T09:00:00+00:00,9500.166485,-2.848936,9492.424709
2026-04-24T10:00:00+00:00,9476.113691,-2.848936,9516.477502
2026-04-24T11:00:00+00:00,9445.315741,9445.315741,0.000000
2026-04-24T12:00:00+00:00,9445.315741,9445.315741,0.000000
2026-04-24T13:00:00+00:00,9445.315741,9445.315741,0.000000
2026-04-24T14:00:00+00:00,9445.315741,9445.315741,0.000000
2026-04-24T15:00:00+00:00,9445.315741,9445.315741,0.000000
2026-04-24T16:00:00+00:00,9445.315741,9445.315741,0.000000
2026-04-24T17:00:00+00:00,9438.703076,-6.612666,9445.315741
2026-04-24T18:00:00+00:00,9440.129030,-6.612666,9446.741695
2026-04-24T19:00:00+00:00,9446.851384,-6.612666,9453.464050
2026-04-24T20:00:00+00:00,9467.833279,-6.612666,9474.445945
2026-04-24T21:00:00+00:00,9419.350842,-6.612666,9425.963508
2026-04-24T22:00:00+00:00,9392.527378,9392.527378,0.000000
2026-04-24T23:00:00+00:00,9392.527378,9392.527378,0.000000
2026-04-25T00:00:00+00:00,9392.527378,9392.527378,0.000000
2026-04-25T01:00:00+00:00,9392.527378,9392.527378,0.000000
2026-04-25T02:00:00+00:00,9392.527378,9392.527378,0.000000
2026-04-25T03:00:00+00:00,9392.527378,9392.527378,0.000000
2026-04-25T04:00:00+00:00,9392.527378,9392.527378,0.000000
2026-04-25T05:00:00+00:00,9392.527378,9392.527378,0.000000
2026-04-25T06:00:00+00:00,9392.527378,9392.527378,0.000000
2026-04-25T07:00:00+00:00,9392.527378,9392.527378,0.000000
2026-04-25T08:00:00+00:00,9392.527378,9392.527378,0.000000
2026-04-25T09:00:00+00:00,9392.527378,9392.527378,0.000000
2026-04-25T10:00:00+00:00,9392.527378,9392.527378,0.000000
2026-04-25T11:00:00+00:00,9392.527378,9392.527378,0.000000
2026-04-25T12:00:00+00:00,9392.527378,9392.527378,0.000000
2026-04-25T13:00:00+00:00,9392.527378,9392.527378,0.000000
2026-04-25T14:00:00+00:00,9392.527378,9392.527378,0.000000
2026-04-25T15:00:00+00:00,9392.527378,9392.527378,0.000000
2026-04-25T16:00:00+00:00,9392.527378,9392.527378,0.000000
2026-04-25T17:00:00+00:00,9392.527378,9392.527378,0.000000
2026-04-25T18:00:00+00:00,9385.953548,-2.816819,9392.527378
2026-04-25T19:00:00+00:00,9391.848525,-2.816819,9386.632401
2026-04-25T20:00:00+00:00,9379.245471,-2.816819,9399.235455
2026-04-25T21:00:00+00:00,9368.471893,-2.816819,9410.009033
2026-04-25T22:00:00+00:00,9360.544166,-2.816819,9417.936760
2026-04-25T23:00:00+00:00,9353.632814,-2.816819,9424.848112
2026-04-26T00:00:00+00:00,9370.707919,-2.816819,9407.773007
2026-04-26T01:00:00+00:00,9362.850864,-6.559524,9369.410388
2026-04-26T02:00:00+00:00,9367.712303,-6.559524,9374.271827
2026-04-26T03:00:00+00:00,9346.038389,-6.559524,9352.597913
2026-04-26T04:00:00+00:00,9377.030061,-6.559524,9383.589585
2026-04-26T05:00:00+00:00,9370.946670,9370.946670,0.000000
2026-04-26T06:00:00+00:00,9370.946670,9370.946670,0.000000
2026-04-26T07:00:00+00:00,9370.946670,9370.946670,0.000000
2026-04-26T08:00:00+00:00,9370.946670,9370.946670,0.000000
2026-04-26T09:00:00+00:00,9370.946670,9370.946670,0.000000
2026-04-26T10:00:00+00:00,9370.946670,9370.946670,0.000000
2026-04-26T11:00:00+00:00,9370.946670,9370.946670,0.000000
2026-04-26T12:00:00+00:00,9370.946670,9370.946670,0.000000
2026-04-26T13:00:00+00:00,9370.946670,9370.946670,0.000000
2026-04-26T14:00:00+00:00,9370.946670,9370.946670,0.000000
2026-04-26T15:00:00+00:00,9370.946670,9370.946670,0.000000
2026-04-26T16:00:00+00:00,9370.946670,9370.946670,0.000000
2026-04-26T17:00:00+00:00,9370.946670,9370.946670,0.000000
2026-04-26T18:00:00+00:00,9370.946670,9370.946670,0.000000
2026-04-26T19:00:00+00:00,9370.946670,9370.946670,0.000000
2026-04-26T20:00:00+00:00,9370.946670,9370.946670,0.000000
2026-04-26T21:00:00+00:00,9370.946670,9370.946670,0.000000
2026-04-26T22:00:00+00:00,9370.946670,9370.946670,0.000000
2026-04-26T23:00:00+00:00,9370.946670,9370.946670,0.000000
2026-04-27T00:00:00+00:00,9370.946670,9370.946670,0.000000
2026-04-27T01:00:00+00:00,9370.946670,9370.946670,0.000000
2026-04-27T02:00:00+00:00,9370.946670,9370.946670,0.000000
2026-04-27T03:00:00+00:00,9370.946670,9370.946670,0.000000
2026-04-27T04:00:00+00:00,9370.946670,9370.946670,0.000000
2026-04-27T05:00:00+00:00,9370.946670,9370.946670,0.000000
2026-04-27T06:00:00+00:00,9370.946670,9370.946670,0.000000
2026-04-27T07:00:00+00:00,9370.946670,9370.946670,0.000000
2026-04-27T08:00:00+00:00,9370.946670,9370.946670,0.000000
2026-04-27T09:00:00+00:00,9370.946670,9370.946670,0.000000
2026-04-27T10:00:00+00:00,9370.946670,9370.946670,0.000000
2026-04-27T11:00:00+00:00,9370.946670,9370.946670,0.000000
2026-04-27T12:00:00+00:00,9370.946670,9370.946670,0.000000
2026-04-27T13:00:00+00:00,9370.946670,9370.946670,0.000000
2026-04-27T14:00:00+00:00,9370.946670,9370.946670,0.000000
2026-04-27T15:00:00+00:00,9370.946670,9370.946670,0.000000
2026-04-27T16:00:00+00:00,9370.946670,9370.946670,0.000000
2026-04-27T17:00:00+00:00,9364.387945,-2.810347,9370.946670
2026-04-27T18:00:00+00:00,9357.006825,-2.810347,9378.327790
2026-04-27T19:00:00+00:00,9354.136390,-2.810347,9381.198226
2026-04-27T20:00:00+00:00,9332.649954,9332.649954,0.000000
2026-04-27T21:00:00+00:00,9332.649954,9332.649954,0.000000
2026-04-27T22:00:00+00:00,9332.649954,9332.649954,0.000000
2026-04-27T23:00:00+00:00,9332.649954,9332.649954,0.000000
2026-04-28T00:00:00+00:00,9332.649954,9332.649954,0.000000
2026-04-28T01:00:00+00:00,9326.116166,-6.533788,9332.649954
2026-04-28T02:00:00+00:00,9254.237682,9254.237682,0.000000
2026-04-28T03:00:00+00:00,9254.237682,9254.237682,0.000000
2026-04-28T04:00:00+00:00,9254.237682,9254.237682,0.000000
2026-04-28T05:00:00+00:00,9254.237682,9254.237682,0.000000
2026-04-28T06:00:00+00:00,9254.237682,9254.237682,0.000000
2026-04-28T07:00:00+00:00,9254.237682,9254.237682,0.000000
2026-04-28T08:00:00+00:00,9254.237682,9254.237682,0.000000
2026-04-28T09:00:00+00:00,9254.237682,9254.237682,0.000000
2026-04-28T10:00:00+00:00,9254.237682,9254.237682,0.000000
2026-04-28T11:00:00+00:00,9254.237682,9254.237682,0.000000
2026-04-28T12:00:00+00:00,9254.237682,9254.237682,0.000000
2026-04-28T13:00:00+00:00,9254.237682,9254.237682,0.000000
2026-04-28T14:00:00+00:00,9254.237682,9254.237682,0.000000
2026-04-28T15:00:00+00:00,9254.237682,9254.237682,0.000000
2026-04-28T16:00:00+00:00,9254.237682,9254.237682,0.000000
2026-04-28T17:00:00+00:00,9254.237682,9254.237682,0.000000
2026-04-28T18:00:00+00:00,9247.760641,-2.775346,9254.237682
2026-04-28T19:00:00+00:00,9227.607245,-2.775346,9274.391077
2026-04-28T20:00:00+00:00,9254.612795,-2.775346,9247.385527
2026-04-28T21:00:00+00:00,9274.766191,-2.775346,9227.232132
2026-04-28T22:00:00+00:00,9291.090441,-2.775346,9210.907882
2026-04-28T23:00:00+00:00,9278.393802,-2.775346,9223.604521
2026-04-29T00:00:00+00:00,9265.092561,-2.775346,9236.905762
2026-04-29T01:00:00+00:00,9240.176570,9240.176570,0.000000
2026-04-29T02:00:00+00:00,9240.176570,9240.176570,0.000000
2026-04-29T03:00:00+00:00,9240.176570,9240.176570,0.000000
2026-04-29T04:00:00+00:00,9240.176570,9240.176570,0.000000
2026-04-29T05:00:00+00:00,9240.176570,9240.176570,0.000000
2026-04-29T06:00:00+00:00,9240.176570,9240.176570,0.000000
2026-04-29T07:00:00+00:00,9240.176570,9240.176570,0.000000
2026-04-29T08:00:00+00:00,9240.176570,9240.176570,0.000000
2026-04-29T09:00:00+00:00,9240.176570,9240.176570,0.000000
2026-04-29T10:00:00+00:00,9240.176570,9240.176570,0.000000
2026-04-29T11:00:00+00:00,9240.176570,9240.176570,0.000000
2026-04-29T12:00:00+00:00,9240.176570,9240.176570,0.000000
2026-04-29T13:00:00+00:00,9233.707522,-6.469048,9240.176570
2026-04-29T14:00:00+00:00,9218.654779,-6.469048,9225.123827
2026-04-29T15:00:00+00:00,9118.260391,9118.260391,0.000000
2026-04-29T16:00:00+00:00,9118.260391,9118.260391,0.000000
2026-04-29T17:00:00+00:00,9111.878521,-2.734566,9118.260391
2026-04-29T18:00:00+00:00,9287.422329,9287.422329,0.000000
2026-04-29T19:00:00+00:00,9287.422329,9287.422329,0.000000
2026-04-29T20:00:00+00:00,9287.422329,9287.422329,0.000000
2026-04-29T21:00:00+00:00,9287.422329,9287.422329,0.000000
2026-04-29T22:00:00+00:00,9287.422329,9287.422329,0.000000
2026-04-29T23:00:00+00:00,9287.422329,9287.422329,0.000000
2026-04-30T00:00:00+00:00,9287.422329,9287.422329,0.000000
2026-04-30T01:00:00+00:00,9287.422329,9287.422329,0.000000
2026-04-30T02:00:00+00:00,9287.422329,9287.422329,0.000000
2026-04-30T03:00:00+00:00,9287.422329,9287.422329,0.000000
2026-04-30T04:00:00+00:00,9287.422329,9287.422329,0.000000
2026-04-30T05:00:00+00:00,9287.422329,9287.422329,0.000000
2026-04-30T06:00:00+00:00,9287.422329,9287.422329,0.000000
2026-04-30T07:00:00+00:00,9287.422329,9287.422329,0.000000
2026-04-30T08:00:00+00:00,9287.422329,9287.422329,0.000000
2026-04-30T09:00:00+00:00,9280.920204,-6.502124,9287.422329
2026-04-30T10:00:00+00:00,9280.303932,-6.502124,9286.806057
2026-04-30T11:00:00+00:00,9249.249303,9249.249303,0.000000
2026-04-30T12:00:00+00:00,9249.249303,9249.249303,0.000000
2026-04-30T13:00:00+00:00,9249.249303,9249.249303,0.000000
2026-04-30T14:00:00+00:00,9249.249303,9249.249303,0.000000
2026-04-30T15:00:00+00:00,9249.249303,9249.249303,0.000000
2026-04-30T16:00:00+00:00,9249.249303,9249.249303,0.000000
2026-04-30T17:00:00+00:00,9249.249303,9249.249303,0.000000
2026-04-30T18:00:00+00:00,9249.249303,9249.249303,0.000000
2026-04-30T19:00:00+00:00,9249.249303,9249.249303,0.000000
2026-04-30T20:00:00+00:00,9249.249303,9249.249303,0.000000
2026-04-30T21:00:00+00:00,9249.249303,9249.249303,0.000000
2026-04-30T22:00:00+00:00,9249.249303,9249.249303,0.000000
2026-04-30T23:00:00+00:00,9249.249303,9249.249303,0.000000
2026-05-01T00:00:00+00:00,9249.249303,9249.249303,0.000000
2026-05-01T01:00:00+00:00,9249.249303,9249.249303,0.000000
2026-05-01T02:00:00+00:00,9249.249303,9249.249303,0.000000
2026-05-01T03:00:00+00:00,9249.249303,9249.249303,0.000000
2026-05-01T04:00:00+00:00,9249.249303,9249.249303,0.000000
2026-05-01T05:00:00+00:00,9249.249303,9249.249303,0.000000
2026-05-01T06:00:00+00:00,9249.249303,9249.249303,0.000000
2026-05-01T07:00:00+00:00,9249.249303,9249.249303,0.000000
2026-05-01T08:00:00+00:00,9249.249303,9249.249303,0.000000
2026-05-01T09:00:00+00:00,9249.249303,9249.249303,0.000000
2026-05-01T10:00:00+00:00,9249.249303,9249.249303,0.000000
2026-05-01T11:00:00+00:00,9249.249303,9249.249303,0.000000
2026-05-01T12:00:00+00:00,9249.249303,9249.249303,0.000000
2026-05-01T13:00:00+00:00,9249.249303,9249.249303,0.000000
2026-05-01T14:00:00+00:00,9249.249303,9249.249303,0.000000
2026-05-01T15:00:00+00:00,9249.249303,9249.249303,0.000000
2026-05-01T16:00:00+00:00,9249.249303,9249.249303,0.000000
2026-05-01T17:00:00+00:00,9249.249303,9249.249303,0.000000
2026-05-01T18:00:00+00:00,9249.249303,9249.249303,0.000000
2026-05-01T19:00:00+00:00,9249.249303,9249.249303,0.000000
2026-05-01T20:00:00+00:00,9249.249303,9249.249303,0.000000
2026-05-01T21:00:00+00:00,9249.249303,9249.249303,0.000000
2026-05-01T22:00:00+00:00,9249.249303,9249.249303,0.000000
2026-05-01T23:00:00+00:00,9242.775754,-2.773850,9249.249303
2026-05-02T00:00:00+00:00,9234.309806,-2.773850,9257.715251
2026-05-02T01:00:00+00:00,9229.875262,-2.773850,9262.149795
2026-05-02T02:00:00+00:00,9210.726095,-2.773850,9281.298962
2026-05-02T03:00:00+00:00,9207.299402,-2.773850,9284.725655
2026-05-02T04:00:00+00:00,9219.595183,-2.773850,9272.429874
2026-05-02T05:00:00+00:00,9227.254850,-2.773850,9264.770207
2026-05-02T06:00:00+00:00,9202.663288,-2.773850,9289.361769
2026-05-02T07:00:00+00:00,9220.804604,-2.773850,9271.220453
2026-05-02T08:00:00+00:00,9210.927665,-2.773850,9281.097392
2026-05-02T09:00:00+00:00,9203.066428,-2.773850,9288.958629
2026-05-02T10:00:00+00:00,9210.322955,-2.773850,9281.702102
2026-05-02T11:00:00+00:00,9215.765350,-2.773850,9276.259708
2026-05-02T12:00:00+00:00,9210.322955,-2.773850,9281.702102
2026-05-02T13:00:00+00:00,9174.047406,9174.047406,0.000000
2026-05-02T14:00:00+00:00,9174.047406,9174.047406,0.000000
2026-05-02T15:00:00+00:00,9174.047406,9174.047406,0.000000
2026-05-02T16:00:00+00:00,9174.047406,9174.047406,0.000000
2026-05-02T17:00:00+00:00,9174.047406,9174.047406,0.000000
2026-05-02T18:00:00+00:00,9174.047406,9174.047406,0.000000
2026-05-02T19:00:00+00:00,9174.047406,9174.047406,0.000000
2026-05-02T20:00:00+00:00,9174.047406,9174.047406,0.000000
2026-05-02T21:00:00+00:00,9174.047406,9174.047406,0.000000
2026-05-02T22:00:00+00:00,9174.047406,9174.047406,0.000000
2026-05-02T23:00:00+00:00,9167.624656,-6.422751,9174.047406
2026-05-03T00:00:00+00:00,9156.137042,-6.422751,9162.559793
2026-05-03T01:00:00+00:00,9115.138148,-6.422751,9121.560898
2026-05-03T02:00:00+00:00,9090.218811,9090.218811,0.000000
2026-05-03T03:00:00+00:00,9090.218811,9090.218811,0.000000
2026-05-03T04:00:00+00:00,9090.218811,9090.218811,0.000000
2026-05-03T05:00:00+00:00,9090.218811,9090.218811,0.000000
2026-05-03T06:00:00+00:00,9090.218811,9090.218811,0.000000
2026-05-03T07:00:00+00:00,9090.218811,9090.218811,0.000000
2026-05-03T08:00:00+00:00,9083.856567,-2.726157,9090.218811
2026-05-03T09:00:00+00:00,9050.760393,-2.726157,9123.314985
2026-05-03T10:00:00+00:00,9070.657498,-2.726157,9103.417881
2026-05-03T11:00:00+00:00,9008.098015,9008.098015,0.000000
2026-05-03T12:00:00+00:00,9008.098015,9008.098015,0.000000
2026-05-03T13:00:00+00:00,9008.098015,9008.098015,0.000000
2026-05-03T14:00:00+00:00,9008.098015,9008.098015,0.000000
2026-05-03T15:00:00+00:00,9008.098015,9008.098015,0.000000
2026-05-03T16:00:00+00:00,9008.098015,9008.098015,0.000000
2026-05-03T17:00:00+00:00,9008.098015,9008.098015,0.000000
2026-05-03T18:00:00+00:00,9008.098015,9008.098015,0.000000
2026-05-03T19:00:00+00:00,9008.098015,9008.098015,0.000000
2026-05-03T20:00:00+00:00,9008.098015,9008.098015,0.000000
2026-05-03T21:00:00+00:00,9008.098015,9008.098015,0.000000
2026-05-03T22:00:00+00:00,9008.098015,9008.098015,0.000000
2026-05-03T23:00:00+00:00,9008.098015,9008.098015,0.000000
2026-05-04T00:00:00+00:00,9001.791446,-6.306569,9008.098015
2026-05-04T01:00:00+00:00,9060.616477,9060.616477,0.000000
2026-05-04T02:00:00+00:00,9060.616477,9060.616477,0.000000
2026-05-04T03:00:00+00:00,9060.616477,9060.616477,0.000000
2026-05-04T04:00:00+00:00,9060.616477,9060.616477,0.000000
2026-05-04T05:00:00+00:00,9060.616477,9060.616477,0.000000
2026-05-04T06:00:00+00:00,9060.616477,9060.616477,0.000000
2026-05-04T07:00:00+00:00,9060.616477,9060.616477,0.000000
2026-05-04T08:00:00+00:00,9060.616477,9060.616477,0.000000
2026-05-04T09:00:00+00:00,9060.616477,9060.616477,0.000000
2026-05-04T10:00:00+00:00,9060.616477,9060.616477,0.000000
2026-05-04T11:00:00+00:00,9060.616477,9060.616477,0.000000
2026-05-04T12:00:00+00:00,9060.616477,9060.616477,0.000000
2026-05-04T13:00:00+00:00,9060.616477,9060.616477,0.000000
2026-05-04T14:00:00+00:00,9060.616477,9060.616477,0.000000
2026-05-04T15:00:00+00:00,9054.274952,-2.717279,9060.616477
2026-05-04T16:00:00+00:00,9027.931836,9027.931836,0.000000
2026-05-04T17:00:00+00:00,9027.931836,9027.931836,0.000000
2026-05-04T18:00:00+00:00,9027.931836,9027.931836,0.000000
2026-05-04T19:00:00+00:00,9027.931836,9027.931836,0.000000
2026-05-04T20:00:00+00:00,9027.931836,9027.931836,0.000000
2026-05-04T21:00:00+00:00,9027.931836,9027.931836,0.000000
2026-05-04T22:00:00+00:00,9027.931836,9027.931836,0.000000
2026-05-04T23:00:00+00:00,9027.931836,9027.931836,0.000000
2026-05-05T00:00:00+00:00,9027.931836,9027.931836,0.000000
2026-05-05T01:00:00+00:00,9027.931836,9027.931836,0.000000
2026-05-05T02:00:00+00:00,9027.931836,9027.931836,0.000000
2026-05-05T03:00:00+00:00,9027.931836,9027.931836,0.000000
2026-05-05T04:00:00+00:00,9027.931836,9027.931836,0.000000
2026-05-05T05:00:00+00:00,9027.931836,9027.931836,0.000000
2026-05-05T06:00:00+00:00,9027.931836,9027.931836,0.000000
2026-05-05T07:00:00+00:00,9027.931836,9027.931836,0.000000
2026-05-05T08:00:00+00:00,9027.931836,9027.931836,0.000000
2026-05-05T09:00:00+00:00,9027.931836,9027.931836,0.000000
2026-05-05T10:00:00+00:00,9027.931836,9027.931836,0.000000
2026-05-05T11:00:00+00:00,9027.931836,9027.931836,0.000000
2026-05-05T12:00:00+00:00,9027.931836,9027.931836,0.000000
2026-05-05T13:00:00+00:00,9027.931836,9027.931836,0.000000
2026-05-05T14:00:00+00:00,9027.931836,9027.931836,0.000000
2026-05-05T15:00:00+00:00,9027.931836,9027.931836,0.000000
2026-05-05T16:00:00+00:00,9027.931836,9027.931836,0.000000
2026-05-05T17:00:00+00:00,9027.931836,9027.931836,0.000000
2026-05-05T18:00:00+00:00,9027.931836,9027.931836,0.000000
2026-05-05T19:00:00+00:00,9027.931836,9027.931836,0.000000
2026-05-05T20:00:00+00:00,9027.931836,9027.931836,0.000000
2026-05-05T21:00:00+00:00,9027.931836,9027.931836,0.000000
2026-05-05T22:00:00+00:00,9027.931836,9027.931836,0.000000
2026-05-05T23:00:00+00:00,9027.931836,9027.931836,0.000000
2026-05-06T00:00:00+00:00,9027.931836,9027.931836,0.000000
2026-05-06T01:00:00+00:00,9027.931836,9027.931836,0.000000
2026-05-06T02:00:00+00:00,9027.931836,9027.931836,0.000000
2026-05-06T03:00:00+00:00,9027.931836,9027.931836,0.000000
2026-05-06T04:00:00+00:00,9027.931836,9027.931836,0.000000
2026-05-06T05:00:00+00:00,9027.931836,9027.931836,0.000000
2026-05-06T06:00:00+00:00,9027.931836,9027.931836,0.000000
2026-05-06T07:00:00+00:00,9027.931836,9027.931836,0.000000
2026-05-06T08:00:00+00:00,9027.931836,9027.931836,0.000000
2026-05-06T09:00:00+00:00,9027.931836,9027.931836,0.000000
2026-05-06T10:00:00+00:00,9027.931836,9027.931836,0.000000
2026-05-06T11:00:00+00:00,9027.931836,9027.931836,0.000000
2026-05-06T12:00:00+00:00,9021.611381,-6.320455,9027.931836
2026-05-06T13:00:00+00:00,8908.816044,8908.816044,0.000000
2026-05-06T14:00:00+00:00,8908.816044,8908.816044,0.000000
2026-05-06T15:00:00+00:00,8908.816044,8908.816044,0.000000
2026-05-06T16:00:00+00:00,8908.816044,8908.816044,0.000000
2026-05-06T17:00:00+00:00,8908.816044,8908.816044,0.000000
2026-05-06T18:00:00+00:00,8908.816044,8908.816044,0.000000
2026-05-06T19:00:00+00:00,8908.816044,8908.816044,0.000000
2026-05-06T20:00:00+00:00,8908.816044,8908.816044,0.000000
2026-05-06T21:00:00+00:00,8908.816044,8908.816044,0.000000
2026-05-06T22:00:00+00:00,8908.816044,8908.816044,0.000000
2026-05-06T23:00:00+00:00,8908.816044,8908.816044,0.000000
2026-05-07T00:00:00+00:00,8908.816044,8908.816044,0.000000
2026-05-07T01:00:00+00:00,8908.816044,8908.816044,0.000000
2026-05-07T02:00:00+00:00,8908.816044,8908.816044,0.000000
2026-05-07T03:00:00+00:00,8908.816044,8908.816044,0.000000
2026-05-07T04:00:00+00:00,8902.580764,-2.671754,8908.816044
2026-05-07T05:00:00+00:00,8887.837092,-2.671754,8923.559716
2026-05-07T06:00:00+00:00,8856.505618,8856.505618,0.000000
2026-05-07T07:00:00+00:00,8856.505618,8856.505618,0.000000
2026-05-07T08:00:00+00:00,8856.505618,8856.505618,0.000000
2026-05-07T09:00:00+00:00,8856.505618,8856.505618,0.000000
2026-05-07T10:00:00+00:00,8850.305178,-6.200440,8856.505618
2026-05-07T11:00:00+00:00,8863.253008,-6.200440,8869.453447
2026-05-07T12:00:00+00:00,8874.296744,-6.200440,8880.497184
2026-05-07T13:00:00+00:00,8811.998579,8811.998579,0.000000
2026-05-07T14:00:00+00:00,8811.998579,8811.998579,0.000000
2026-05-07T15:00:00+00:00,8811.998579,8811.998579,0.000000
2026-05-07T16:00:00+00:00,8811.998579,8811.998579,0.000000
2026-05-07T17:00:00+00:00,8811.998579,8811.998579,0.000000
2026-05-07T18:00:00+00:00,8811.998579,8811.998579,0.000000
2026-05-07T19:00:00+00:00,8811.998579,8811.998579,0.000000
2026-05-07T20:00:00+00:00,8811.998579,8811.998579,0.000000
2026-05-07T21:00:00+00:00,8811.998579,8811.998579,0.000000
2026-05-07T22:00:00+00:00,8811.998579,8811.998579,0.000000
2026-05-07T23:00:00+00:00,8811.998579,8811.998579,0.000000
2026-05-08T00:00:00+00:00,8811.998579,8811.998579,0.000000
2026-05-08T01:00:00+00:00,8811.998579,8811.998579,0.000000
2026-05-08T02:00:00+00:00,8811.998579,8811.998579,0.000000
2026-05-08T03:00:00+00:00,8811.998579,8811.998579,0.000000
2026-05-08T04:00:00+00:00,8811.998579,8811.998579,0.000000
2026-05-08T05:00:00+00:00,8811.998579,8811.998579,0.000000
2026-05-08T06:00:00+00:00,8811.998579,8811.998579,0.000000
2026-05-08T07:00:00+00:00,8811.998579,8811.998579,0.000000
2026-05-08T08:00:00+00:00,8811.998579,8811.998579,0.000000
2026-05-08T09:00:00+00:00,8811.998579,8811.998579,0.000000
2026-05-08T10:00:00+00:00,8811.998579,8811.998579,0.000000
2026-05-08T11:00:00+00:00,8811.998579,8811.998579,0.000000
2026-05-08T12:00:00+00:00,8811.998579,8811.998579,0.000000
2026-05-08T13:00:00+00:00,8811.998579,8811.998579,0.000000
2026-05-08T14:00:00+00:00,8811.998579,8811.998579,0.000000
2026-05-08T15:00:00+00:00,8811.998579,8811.998579,0.000000
2026-05-08T16:00:00+00:00,8811.998579,8811.998579,0.000000
2026-05-08T17:00:00+00:00,8811.998579,8811.998579,0.000000
2026-05-08T18:00:00+00:00,8811.998579,8811.998579,0.000000
2026-05-08T19:00:00+00:00,8811.998579,8811.998579,0.000000
2026-05-08T20:00:00+00:00,8811.998579,8811.998579,0.000000
2026-05-08T21:00:00+00:00,8811.998579,8811.998579,0.000000
2026-05-08T22:00:00+00:00,8811.998579,8811.998579,0.000000
2026-05-08T23:00:00+00:00,8811.998579,8811.998579,0.000000
2026-05-09T00:00:00+00:00,8811.998579,8811.998579,0.000000
2026-05-09T01:00:00+00:00,8811.998579,8811.998579,0.000000
2026-05-09T02:00:00+00:00,8811.998579,8811.998579,0.000000
2026-05-09T03:00:00+00:00,8811.998579,8811.998579,0.000000
2026-05-09T04:00:00+00:00,8811.998579,8811.998579,0.000000
2026-05-09T05:00:00+00:00,8811.998579,8811.998579,0.000000
2026-05-09T06:00:00+00:00,8811.998579,8811.998579,0.000000
2026-05-09T07:00:00+00:00,8811.998579,8811.998579,0.000000
2026-05-09T08:00:00+00:00,8811.998579,8811.998579,0.000000
2026-05-09T09:00:00+00:00,8811.998579,8811.998579,0.000000
2026-05-09T10:00:00+00:00,8811.998579,8811.998579,0.000000
2026-05-09T11:00:00+00:00,8811.998579,8811.998579,0.000000
2026-05-09T12:00:00+00:00,8811.998579,8811.998579,0.000000
2026-05-09T13:00:00+00:00,8811.998579,8811.998579,0.000000
2026-05-09T14:00:00+00:00,8811.998579,8811.998579,0.000000
2026-05-09T15:00:00+00:00,8811.998579,8811.998579,0.000000
2026-05-09T16:00:00+00:00,8811.998579,8811.998579,0.000000
2026-05-09T17:00:00+00:00,8811.998579,8811.998579,0.000000
2026-05-09T18:00:00+00:00,8811.998579,8811.998579,0.000000
2026-05-09T19:00:00+00:00,8811.998579,8811.998579,0.000000
2026-05-09T20:00:00+00:00,8811.998579,8811.998579,0.000000
2026-05-09T21:00:00+00:00,8811.998579,8811.998579,0.000000
2026-05-09T22:00:00+00:00,8811.998579,8811.998579,0.000000
2026-05-09T23:00:00+00:00,8811.998579,8811.998579,0.000000
2026-05-10T00:00:00+00:00,8811.998579,8811.998579,0.000000
2026-05-10T01:00:00+00:00,8811.998579,8811.998579,0.000000
2026-05-10T02:00:00+00:00,8811.998579,8811.998579,0.000000
2026-05-10T03:00:00+00:00,8811.998579,8811.998579,0.000000
2026-05-10T04:00:00+00:00,8811.998579,8811.998579,0.000000
2026-05-10T05:00:00+00:00,8811.998579,8811.998579,0.000000
2026-05-10T06:00:00+00:00,8811.998579,8811.998579,0.000000
2026-05-10T07:00:00+00:00,8811.998579,8811.998579,0.000000
2026-05-10T08:00:00+00:00,8811.998579,8811.998579,0.000000
2026-05-10T09:00:00+00:00,8811.998579,8811.998579,0.000000
2026-05-10T10:00:00+00:00,8811.998579,8811.998579,0.000000
2026-05-10T11:00:00+00:00,8811.998579,8811.998579,0.000000
2026-05-10T12:00:00+00:00,8811.998579,8811.998579,0.000000
2026-05-10T13:00:00+00:00,8811.998579,8811.998579,0.000000
2026-05-10T14:00:00+00:00,8811.998579,8811.998579,0.000000
2026-05-10T15:00:00+00:00,8811.998579,8811.998579,0.000000
2026-05-10T16:00:00+00:00,8811.998579,8811.998579,0.000000
2026-05-10T17:00:00+00:00,8811.998579,8811.998579,0.000000
2026-05-10T18:00:00+00:00,8811.998579,8811.998579,0.000000
2026-05-10T19:00:00+00:00,8811.998579,8811.998579,0.000000
2026-05-10T20:00:00+00:00,8811.998579,8811.998579,0.000000
2026-05-10T21:00:00+00:00,8811.998579,8811.998579,0.000000
2026-05-10T22:00:00+00:00,8811.998579,8811.998579,0.000000
2026-05-10T23:00:00+00:00,8811.998579,8811.998579,0.000000
2026-05-11T00:00:00+00:00,8811.998579,8811.998579,0.000000
2026-05-11T01:00:00+00:00,8811.998579,8811.998579,0.000000
2026-05-11T02:00:00+00:00,8805.831061,-2.642718,8811.998579
2026-05-11T03:00:00+00:00,8826.369619,8826.369619,0.000000
2026-05-11T04:00:00+00:00,8826.369619,8826.369619,0.000000
2026-05-11T05:00:00+00:00,8826.369619,8826.369619,0.000000
2026-05-11T06:00:00+00:00,8826.369619,8826.369619,0.000000
2026-05-11T07:00:00+00:00,8826.369619,8826.369619,0.000000
2026-05-11T08:00:00+00:00,8826.369619,8826.369619,0.000000
2026-05-11T09:00:00+00:00,8820.190277,-6.179341,8826.369619
2026-05-11T10:00:00+00:00,8796.188116,-6.179341,8802.367457
2026-05-11T11:00:00+00:00,8818.678330,-6.179341,8824.857671
2026-05-11T12:00:00+00:00,8795.621136,-6.179341,8801.800477
2026-05-11T13:00:00+00:00,8757.877133,8757.877133,0.000000
2026-05-11T14:00:00+00:00,8757.877133,8757.877133,0.000000
2026-05-11T15:00:00+00:00,8757.877133,8757.877133,0.000000
2026-05-11T16:00:00+00:00,8757.877133,8757.877133,0.000000
2026-05-11T17:00:00+00:00,8751.747494,-2.626487,8757.877133
2026-05-11T18:00:00+00:00,8756.809743,-2.626487,8752.814884
2026-05-11T19:00:00+00:00,8737.123221,-2.626487,8772.501406
2026-05-11T20:00:00+00:00,8746.497755,-2.626487,8763.126872
2026-05-11T21:00:00+00:00,8736.748240,-2.626487,8772.876387
2026-05-11T22:00:00+00:00,8734.310861,-2.626487,8775.313766
2026-05-11T23:00:00+00:00,8739.935582,-2.626487,8769.689045
2026-05-12T00:00:00+00:00,8763.184426,-2.626487,8746.440201
2026-05-12T01:00:00+00:00,8834.367287,8834.367287,0.000000
2026-05-12T02:00:00+00:00,8834.367287,8834.367287,0.000000
2026-05-12T03:00:00+00:00,8834.367287,8834.367287,0.000000
2026-05-12T04:00:00+00:00,8834.367287,8834.367287,0.000000
2026-05-12T05:00:00+00:00,8834.367287,8834.367287,0.000000
2026-05-12T06:00:00+00:00,8834.367287,8834.367287,0.000000
2026-05-12T07:00:00+00:00,8834.367287,8834.367287,0.000000
2026-05-12T08:00:00+00:00,8834.367287,8834.367287,0.000000
2026-05-12T09:00:00+00:00,8834.367287,8834.367287,0.000000
2026-05-12T10:00:00+00:00,8834.367287,8834.367287,0.000000
2026-05-12T11:00:00+00:00,8834.367287,8834.367287,0.000000
2026-05-12T12:00:00+00:00,8834.367287,8834.367287,0.000000
2026-05-12T13:00:00+00:00,8834.367287,8834.367287,0.000000
2026-05-12T14:00:00+00:00,8834.367287,8834.367287,0.000000
2026-05-12T15:00:00+00:00,8834.367287,8834.367287,0.000000
2026-05-12T16:00:00+00:00,8834.367287,8834.367287,0.000000
2026-05-12T17:00:00+00:00,8834.367287,8834.367287,0.000000
2026-05-12T18:00:00+00:00,8834.367287,8834.367287,0.000000
2026-05-12T19:00:00+00:00,8834.367287,8834.367287,0.000000
2026-05-12T20:00:00+00:00,8834.367287,8834.367287,0.000000
2026-05-12T21:00:00+00:00,8834.367287,8834.367287,0.000000
2026-05-12T22:00:00+00:00,8834.367287,8834.367287,0.000000
2026-05-12T23:00:00+00:00,8828.182346,-6.184941,8834.367287
2026-05-13T00:00:00+00:00,8855.381753,-6.184941,8861.566694
2026-05-13T01:00:00+00:00,8887.243915,-6.184941,8893.428856
2026-05-13T02:00:00+00:00,8904.146404,-6.184941,8910.331344
2026-05-13T03:00:00+00:00,8920.007819,-2.676984,8926.255306
2026-05-13T04:00:00+00:00,8899.054624,-2.676984,8947.208501
2026-05-13T05:00:00+00:00,8935.140683,-2.676984,8911.122442
2026-05-13T06:00:00+00:00,8918.455731,-2.676984,8927.807394
2026-05-13T07:00:00+00:00,8921.365897,-2.676984,8924.897228
2026-05-13T08:00:00+00:00,8865.978220,8865.978220,0.000000
2026-05-13T09:00:00+00:00,8865.978220,8865.978220,0.000000
2026-05-13T10:00:00+00:00,8859.771149,-6.207071,8865.978220
2026-05-13T11:00:00+00:00,8834.026998,-6.207071,8840.234069
2026-05-13T12:00:00+00:00,8748.999267,8748.999267,0.000000
2026-05-13T13:00:00+00:00,8748.999267,8748.999267,0.000000
2026-05-13T14:00:00+00:00,8748.999267,8748.999267,0.000000
2026-05-13T15:00:00+00:00,8748.999267,8748.999267,0.000000
2026-05-13T16:00:00+00:00,8748.999267,8748.999267,0.000000
2026-05-13T17:00:00+00:00,8748.999267,8748.999267,0.000000
2026-05-13T18:00:00+00:00,8748.999267,8748.999267,0.000000
2026-05-13T19:00:00+00:00,8748.999267,8748.999267,0.000000
2026-05-13T20:00:00+00:00,8748.999267,8748.999267,0.000000
2026-05-13T21:00:00+00:00,8748.999267,8748.999267,0.000000
2026-05-13T22:00:00+00:00,8748.999267,8748.999267,0.000000
2026-05-13T23:00:00+00:00,8748.999267,8748.999267,0.000000
2026-05-14T00:00:00+00:00,8748.999267,8748.999267,0.000000
2026-05-14T01:00:00+00:00,8748.999267,8748.999267,0.000000
2026-05-14T02:00:00+00:00,8748.999267,8748.999267,0.000000
2026-05-14T03:00:00+00:00,8748.999267,8748.999267,0.000000
2026-05-14T04:00:00+00:00,8742.875842,-2.623825,8748.999267
2026-05-14T05:00:00+00:00,8672.187010,8672.187010,0.000000
2026-05-14T06:00:00+00:00,8672.187010,8672.187010,0.000000
2026-05-14T07:00:00+00:00,8666.115612,-6.071398,8672.187010
2026-05-14T08:00:00+00:00,8669.754239,-6.071398,8675.825637
2026-05-14T09:00:00+00:00,8612.738639,8612.738639,0.000000
2026-05-14T10:00:00+00:00,8612.738639,8612.738639,0.000000
2026-05-14T11:00:00+00:00,8612.738639,8612.738639,0.000000
2026-05-14T12:00:00+00:00,8612.738639,8612.738639,0.000000
2026-05-14T13:00:00+00:00,8612.738639,8612.738639,0.000000
2026-05-14T14:00:00+00:00,8612.738639,8612.738639,0.000000
2026-05-14T15:00:00+00:00,8606.710583,-2.582960,8612.738639
2026-05-14T16:00:00+00:00,8551.016950,8551.016950,0.000000
2026-05-14T17:00:00+00:00,8551.016950,8551.016950,0.000000
2026-05-14T18:00:00+00:00,8551.016950,8551.016950,0.000000
2026-05-14T19:00:00+00:00,8551.016950,8551.016950,0.000000
2026-05-14T20:00:00+00:00,8551.016950,8551.016950,0.000000
2026-05-14T21:00:00+00:00,8551.016950,8551.016950,0.000000
2026-05-14T22:00:00+00:00,8551.016950,8551.016950,0.000000
2026-05-14T23:00:00+00:00,8551.016950,8551.016950,0.000000
2026-05-15T00:00:00+00:00,8545.030383,-5.986567,8551.016950
2026-05-15T01:00:00+00:00,8483.824528,8483.824528,0.000000
2026-05-15T02:00:00+00:00,8483.824528,8483.824528,0.000000
2026-05-15T03:00:00+00:00,8483.824528,8483.824528,0.000000
2026-05-15T04:00:00+00:00,8483.824528,8483.824528,0.000000
2026-05-15T05:00:00+00:00,8483.824528,8483.824528,0.000000
2026-05-15T06:00:00+00:00,8483.824528,8483.824528,0.000000
2026-05-15T07:00:00+00:00,8483.824528,8483.824528,0.000000
2026-05-15T08:00:00+00:00,8477.886699,-2.544299,8483.824528
2026-05-15T09:00:00+00:00,8488.227323,-2.544299,8473.483903
2026-05-15T10:00:00+00:00,8458.333517,-2.544299,8503.377709
2026-05-15T11:00:00+00:00,8477.134653,-2.544299,8484.576573
2026-05-15T12:00:00+00:00,8489.731414,-2.544299,8471.979812
2026-05-15T13:00:00+00:00,8583.056894,8583.056894,0.000000
2026-05-15T14:00:00+00:00,8583.056894,8583.056894,0.000000
2026-05-15T15:00:00+00:00,8583.056894,8583.056894,0.000000
2026-05-15T16:00:00+00:00,8583.056894,8583.056894,0.000000
2026-05-15T17:00:00+00:00,8583.056894,8583.056894,0.000000
2026-05-15T18:00:00+00:00,8583.056894,8583.056894,0.000000
2026-05-15T19:00:00+00:00,8583.056894,8583.056894,0.000000
2026-05-15T20:00:00+00:00,8583.056894,8583.056894,0.000000
2026-05-15T21:00:00+00:00,8583.056894,8583.056894,0.000000
2026-05-15T22:00:00+00:00,8583.056894,8583.056894,0.000000
2026-05-15T23:00:00+00:00,8583.056894,8583.056894,0.000000
2026-05-16T00:00:00+00:00,8583.056894,8583.056894,0.000000
2026-05-16T01:00:00+00:00,8583.056894,8583.056894,0.000000
2026-05-16T02:00:00+00:00,8583.056894,8583.056894,0.000000
2026-05-16T03:00:00+00:00,8583.056894,8583.056894,0.000000
2026-05-16T04:00:00+00:00,8583.056894,8583.056894,0.000000
2026-05-16T05:00:00+00:00,8583.056894,8583.056894,0.000000
2026-05-16T06:00:00+00:00,8583.056894,8583.056894,0.000000
2026-05-16T07:00:00+00:00,8583.056894,8583.056894,0.000000
2026-05-16T08:00:00+00:00,8583.056894,8583.056894,0.000000
2026-05-16T09:00:00+00:00,8583.056894,8583.056894,0.000000
2026-05-16T10:00:00+00:00,8583.056894,8583.056894,0.000000
2026-05-16T11:00:00+00:00,8583.056894,8583.056894,0.000000
2026-05-16T12:00:00+00:00,8583.056894,8583.056894,0.000000
2026-05-16T13:00:00+00:00,8583.056894,8583.056894,0.000000
2026-05-16T14:00:00+00:00,8583.056894,8583.056894,0.000000
2026-05-16T15:00:00+00:00,8583.056894,8583.056894,0.000000
2026-05-16T16:00:00+00:00,8583.056894,8583.056894,0.000000
2026-05-16T17:00:00+00:00,8583.056894,8583.056894,0.000000
2026-05-16T18:00:00+00:00,8583.056894,8583.056894,0.000000
2026-05-16T19:00:00+00:00,8583.056894,8583.056894,0.000000
2026-05-16T20:00:00+00:00,8583.056894,8583.056894,0.000000
2026-05-16T21:00:00+00:00,8583.056894,8583.056894,0.000000
2026-05-16T22:00:00+00:00,8583.056894,8583.056894,0.000000
2026-05-16T23:00:00+00:00,8583.056894,8583.056894,0.000000
2026-05-17T00:00:00+00:00,8583.056894,8583.056894,0.000000
2026-05-17T01:00:00+00:00,8583.056894,8583.056894,0.000000
2026-05-17T02:00:00+00:00,8583.056894,8583.056894,0.000000
2026-05-17T03:00:00+00:00,8583.056894,8583.056894,0.000000
2026-05-17T04:00:00+00:00,8583.056894,8583.056894,0.000000
2026-05-17T05:00:00+00:00,8583.056894,8583.056894,0.000000
2026-05-17T06:00:00+00:00,8583.056894,8583.056894,0.000000
2026-05-17T07:00:00+00:00,8583.056894,8583.056894,0.000000
2026-05-17T08:00:00+00:00,8583.056894,8583.056894,0.000000
2026-05-17T09:00:00+00:00,8583.056894,8583.056894,0.000000
2026-05-17T10:00:00+00:00,8583.056894,8583.056894,0.000000
2026-05-17T11:00:00+00:00,8583.056894,8583.056894,0.000000
2026-05-17T12:00:00+00:00,8583.056894,8583.056894,0.000000
2026-05-17T13:00:00+00:00,8583.056894,8583.056894,0.000000
2026-05-17T14:00:00+00:00,8583.056894,8583.056894,0.000000
2026-05-17T15:00:00+00:00,8583.056894,8583.056894,0.000000
2026-05-17T16:00:00+00:00,8583.056894,8583.056894,0.000000
2026-05-17T17:00:00+00:00,8583.056894,8583.056894,0.000000
2026-05-17T18:00:00+00:00,8577.047896,-6.008998,8583.056894
2026-05-17T19:00:00+00:00,8592.153041,-6.008998,8598.162039
2026-05-17T20:00:00+00:00,8580.578969,-6.008998,8586.587967
2026-05-17T21:00:00+00:00,8589.995163,-6.008998,8596.004161
2026-05-17T22:00:00+00:00,8527.315756,8527.315756,0.000000
2026-05-17T23:00:00+00:00,8527.315756,8527.315756,0.000000
2026-05-18T00:00:00+00:00,8527.315756,8527.315756,0.000000
2026-05-18T01:00:00+00:00,8527.315756,8527.315756,0.000000
2026-05-18T02:00:00+00:00,8527.315756,8527.315756,0.000000
2026-05-18T03:00:00+00:00,8527.315756,8527.315756,0.000000
2026-05-18T04:00:00+00:00,8527.315756,8527.315756,0.000000
2026-05-18T05:00:00+00:00,8527.315756,8527.315756,0.000000
2026-05-18T06:00:00+00:00,8527.315756,8527.315756,0.000000
2026-05-18T07:00:00+00:00,8527.315756,8527.315756,0.000000
2026-05-18T08:00:00+00:00,8527.315756,8527.315756,0.000000
2026-05-18T09:00:00+00:00,8527.315756,8527.315756,0.000000
2026-05-18T10:00:00+00:00,8527.315756,8527.315756,0.000000
2026-05-18T11:00:00+00:00,8521.347487,-2.557342,8527.315756
2026-05-18T12:00:00+00:00,8448.831538,8448.831538,0.000000
2026-05-18T13:00:00+00:00,8442.916511,-5.915027,8448.831538
2026-05-18T14:00:00+00:00,8337.356476,8337.356476,0.000000
2026-05-18T15:00:00+00:00,8337.356476,8337.356476,0.000000
2026-05-18T16:00:00+00:00,8337.356476,8337.356476,0.000000
2026-05-18T17:00:00+00:00,8337.356476,8337.356476,0.000000
2026-05-18T18:00:00+00:00,8337.356476,8337.356476,0.000000
2026-05-18T19:00:00+00:00,8337.356476,8337.356476,0.000000
2026-05-18T20:00:00+00:00,8331.521160,-2.500373,8337.356476
2026-05-18T21:00:00+00:00,8227.254518,8227.254518,0.000000
2026-05-18T22:00:00+00:00,8227.254518,8227.254518,0.000000
2026-05-18T23:00:00+00:00,8227.254518,8227.254518,0.000000
2026-05-19T00:00:00+00:00,8227.254518,8227.254518,0.000000
2026-05-19T01:00:00+00:00,8227.254518,8227.254518,0.000000
2026-05-19T02:00:00+00:00,8227.254518,8227.254518,0.000000
2026-05-19T03:00:00+00:00,8227.254518,8227.254518,0.000000
2026-05-19T04:00:00+00:00,8227.254518,8227.254518,0.000000
2026-05-19T05:00:00+00:00,8227.254518,8227.254518,0.000000
2026-05-19T06:00:00+00:00,8227.254518,8227.254518,0.000000
2026-05-19T07:00:00+00:00,8227.254518,8227.254518,0.000000
2026-05-19T08:00:00+00:00,8227.254518,8227.254518,0.000000
2026-05-19T09:00:00+00:00,8221.494617,-5.759901,8227.254518
2026-05-19T10:00:00+00:00,8237.260488,-5.759901,8243.020389
2026-05-19T11:00:00+00:00,8207.285869,-5.759901,8213.045770
2026-05-19T12:00:00+00:00,8237.065848,-5.759901,8242.825749
2026-05-19T13:00:00+00:00,8201.481541,8201.481541,0.000000
2026-05-19T14:00:00+00:00,8201.481541,8201.481541,0.000000
2026-05-19T15:00:00+00:00,8201.481541,8201.481541,0.000000
2026-05-19T16:00:00+00:00,8201.481541,8201.481541,0.000000
2026-05-19T17:00:00+00:00,8201.481541,8201.481541,0.000000
2026-05-19T18:00:00+00:00,8201.481541,8201.481541,0.000000
2026-05-19T19:00:00+00:00,8201.481541,8201.481541,0.000000
2026-05-19T20:00:00+00:00,8201.481541,8201.481541,0.000000
2026-05-19T21:00:00+00:00,8201.481541,8201.481541,0.000000
2026-05-19T22:00:00+00:00,8201.481541,8201.481541,0.000000
2026-05-19T23:00:00+00:00,8201.481541,8201.481541,0.000000
2026-05-20T00:00:00+00:00,8201.481541,8201.481541,0.000000
2026-05-20T01:00:00+00:00,8201.481541,8201.481541,0.000000
2026-05-20T02:00:00+00:00,8201.481541,8201.481541,0.000000
2026-05-20T03:00:00+00:00,8201.481541,8201.481541,0.000000
2026-05-20T04:00:00+00:00,8201.481541,8201.481541,0.000000
2026-05-20T05:00:00+00:00,8195.741324,-2.459624,8201.481541
2026-05-20T06:00:00+00:00,8162.928449,-2.459624,8234.294416
2026-05-20T07:00:00+00:00,8179.527903,-2.459624,8217.694961
2026-05-20T08:00:00+00:00,8171.228176,-2.459624,8225.994689
2026-05-20T09:00:00+00:00,8179.913937,-2.459624,8217.308928
2026-05-20T10:00:00+00:00,8175.667565,-2.459624,8221.555300
2026-05-20T11:00:00+00:00,8184.932377,-2.459624,8212.290488
2026-05-20T12:00:00+00:00,8162.542415,-2.459624,8234.680449
2026-05-20T13:00:00+00:00,8159.317067,-5.716340,8165.033406
2026-05-20T14:00:00+00:00,8155.736164,-2.447618,8161.448362
2026-05-20T15:00:00+00:00,8109.373663,8109.373663,0.000000
2026-05-20T16:00:00+00:00,8109.373663,8109.373663,0.000000
2026-05-20T17:00:00+00:00,8109.373663,8109.373663,0.000000
2026-05-20T18:00:00+00:00,8109.373663,8109.373663,0.000000
2026-05-20T19:00:00+00:00,8109.373663,8109.373663,0.000000
2026-05-20T20:00:00+00:00,8109.373663,8109.373663,0.000000
2026-05-20T21:00:00+00:00,8109.373663,8109.373663,0.000000
2026-05-20T22:00:00+00:00,8109.373663,8109.373663,0.000000
2026-05-20T23:00:00+00:00,8109.373663,8109.373663,0.000000
2026-05-21T00:00:00+00:00,8109.373663,8109.373663,0.000000
2026-05-21T01:00:00+00:00,8109.373663,8109.373663,0.000000
2026-05-21T02:00:00+00:00,8109.373663,8109.373663,0.000000
2026-05-21T03:00:00+00:00,8109.373663,8109.373663,0.000000
2026-05-21T04:00:00+00:00,8109.373663,8109.373663,0.000000
2026-05-21T05:00:00+00:00,8103.696290,-5.677373,8109.373663
2026-05-21T06:00:00+00:00,8074.075088,-5.677373,8079.752461
2026-05-21T07:00:00+00:00,8098.569544,-5.677373,8104.246916
2026-05-21T08:00:00+00:00,8109.772434,-5.677373,8115.449806
2026-05-21T09:00:00+00:00,8079.118742,8079.118742,0.000000
2026-05-21T10:00:00+00:00,8079.118742,8079.118742,0.000000
2026-05-21T11:00:00+00:00,8079.118742,8079.118742,0.000000
2026-05-21T12:00:00+00:00,8079.118742,8079.118742,0.000000
2026-05-21T13:00:00+00:00,8073.464167,-2.422928,8079.118742
2026-05-21T14:00:00+00:00,8068.318474,-2.422928,8084.264435
2026-05-21T15:00:00+00:00,8041.385607,8041.385607,0.000000
2026-05-21T16:00:00+00:00,8041.385607,8041.385607,0.000000
2026-05-21T17:00:00+00:00,8041.385607,8041.385607,0.000000
2026-05-21T18:00:00+00:00,8041.385607,8041.385607,0.000000
2026-05-21T19:00:00+00:00,8041.385607,8041.385607,0.000000
2026-05-21T20:00:00+00:00,8041.385607,8041.385607,0.000000
2026-05-21T21:00:00+00:00,8041.385607,8041.385607,0.000000
2026-05-21T22:00:00+00:00,8041.385607,8041.385607,0.000000
2026-05-21T23:00:00+00:00,8041.385607,8041.385607,0.000000
2026-05-22T00:00:00+00:00,8041.385607,8041.385607,0.000000
2026-05-22T01:00:00+00:00,8041.385607,8041.385607,0.000000
2026-05-22T02:00:00+00:00,8041.385607,8041.385607,0.000000
2026-05-22T03:00:00+00:00,8041.385607,8041.385607,0.000000
2026-05-22T04:00:00+00:00,8041.385607,8041.385607,0.000000
2026-05-22T05:00:00+00:00,8041.385607,8041.385607,0.000000
2026-05-22T06:00:00+00:00,8041.385607,8041.385607,0.000000
2026-05-22T07:00:00+00:00,8041.385607,8041.385607,0.000000
2026-05-22T08:00:00+00:00,8041.385607,8041.385607,0.000000
2026-05-22T09:00:00+00:00,8041.385607,8041.385607,0.000000
2026-05-22T10:00:00+00:00,8041.385607,8041.385607,0.000000
2026-05-22T11:00:00+00:00,8041.385607,8041.385607,0.000000
2026-05-22T12:00:00+00:00,8041.385607,8041.385607,0.000000
2026-05-22T13:00:00+00:00,8041.385607,8041.385607,0.000000
2026-05-22T14:00:00+00:00,8041.385607,8041.385607,0.000000
2026-05-22T15:00:00+00:00,8041.385607,8041.385607,0.000000
2026-05-22T16:00:00+00:00,8041.385607,8041.385607,0.000000
2026-05-22T17:00:00+00:00,8041.385607,8041.385607,0.000000
2026-05-22T18:00:00+00:00,8041.385607,8041.385607,0.000000
2026-05-22T19:00:00+00:00,8041.385607,8041.385607,0.000000
2026-05-22T20:00:00+00:00,8041.385607,8041.385607,0.000000
2026-05-22T21:00:00+00:00,8041.385607,8041.385607,0.000000
2026-05-22T22:00:00+00:00,8041.385607,8041.385607,0.000000
2026-05-22T23:00:00+00:00,8041.385607,8041.385607,0.000000
2026-05-23T00:00:00+00:00,8041.385607,8041.385607,0.000000
2026-05-23T01:00:00+00:00,8041.385607,8041.385607,0.000000
2026-05-23T02:00:00+00:00,8041.385607,8041.385607,0.000000
2026-05-23T03:00:00+00:00,8041.385607,8041.385607,0.000000
2026-05-23T04:00:00+00:00,8041.385607,8041.385607,0.000000
2026-05-23T05:00:00+00:00,8041.385607,8041.385607,0.000000
2026-05-23T06:00:00+00:00,8041.385607,8041.385607,0.000000
2026-05-23T07:00:00+00:00,8041.385607,8041.385607,0.000000
2026-05-23T08:00:00+00:00,8041.385607,8041.385607,0.000000
2026-05-23T09:00:00+00:00,8041.385607,8041.385607,0.000000
2026-05-23T10:00:00+00:00,8041.385607,8041.385607,0.000000
2026-05-23T11:00:00+00:00,8041.385607,8041.385607,0.000000
2026-05-23T12:00:00+00:00,8041.385607,8041.385607,0.000000
2026-05-23T13:00:00+00:00,8041.385607,8041.385607,0.000000
2026-05-23T14:00:00+00:00,8041.385607,8041.385607,0.000000
2026-05-23T15:00:00+00:00,8041.385607,8041.385607,0.000000
2026-05-23T16:00:00+00:00,8041.385607,8041.385607,0.000000
2026-05-23T17:00:00+00:00,8041.385607,8041.385607,0.000000
2026-05-23T18:00:00+00:00,8041.385607,8041.385607,0.000000
2026-05-23T19:00:00+00:00,8041.385607,8041.385607,0.000000
2026-05-23T20:00:00+00:00,8041.385607,8041.385607,0.000000
2026-05-23T21:00:00+00:00,8035.755833,-5.629774,8041.385607
2026-05-23T22:00:00+00:00,7979.970078,7979.970078,0.000000
2026-05-23T23:00:00+00:00,7979.970078,7979.970078,0.000000
2026-05-24T00:00:00+00:00,7979.970078,7979.970078,0.000000
2026-05-24T01:00:00+00:00,7974.384897,-2.393193,7979.970078
2026-05-24T02:00:00+00:00,7973.820689,-2.393193,7980.534286
2026-05-24T03:00:00+00:00,7987.737820,-2.393193,7966.617155
2026-05-24T04:00:00+00:00,7983.412225,-2.393193,7970.942750
2026-05-24T05:00:00+00:00,7983.412225,-2.393193,7970.942750
2026-05-24T06:00:00+00:00,7941.591201,-5.563803,7947.155004
2026-05-24T07:00:00+00:00,7915.067062,-5.563803,7920.630865
2026-05-24T08:00:00+00:00,7912.078427,-5.563803,7917.642230
2026-05-24T09:00:00+00:00,7923.846178,-5.563803,7929.409982
2026-05-24T10:00:00+00:00,7919.176436,-5.563803,7924.740239
2026-05-24T11:00:00+00:00,7932.998874,-5.563803,7938.562677
2026-05-24T12:00:00+00:00,7910.210530,-5.563803,7915.774333
2026-05-24T13:00:00+00:00,7885.828175,7885.828175,0.000000
2026-05-24T14:00:00+00:00,7885.828175,7885.828175,0.000000
2026-05-24T15:00:00+00:00,7885.828175,7885.828175,0.000000
2026-05-24T16:00:00+00:00,7880.308884,-2.364960,7885.828175
2026-05-24T17:00:00+00:00,7883.309009,-2.364960,7882.828051
2026-05-24T18:00:00+00:00,7894.184462,-2.364960,7871.952598
2026-05-24T19:00:00+00:00,7879.962816,-5.520627,7885.483443
2026-05-24T20:00:00+00:00,7849.546656,-5.520627,7855.067283
2026-05-24T21:00:00+00:00,7781.441275,7781.441275,0.000000
2026-05-24T22:00:00+00:00,7781.441275,7781.441275,0.000000
2026-05-24T23:00:00+00:00,7781.441275,7781.441275,0.000000
2026-05-25T00:00:00+00:00,7781.441275,7781.441275,0.000000
2026-05-25T01:00:00+00:00,7781.441275,7781.441275,0.000000
2026-05-25T02:00:00+00:00,7781.441275,7781.441275,0.000000
2026-05-25T03:00:00+00:00,7781.441275,7781.441275,0.000000
2026-05-25T04:00:00+00:00,7781.441275,7781.441275,0.000000
2026-05-25T05:00:00+00:00,7781.441275,7781.441275,0.000000
2026-05-25T06:00:00+00:00,7781.441275,7781.441275,0.000000
2026-05-25T07:00:00+00:00,7775.995044,-2.333654,7781.441275
2026-05-25T08:00:00+00:00,7774.523620,-2.333654,7782.912699
2026-05-25T09:00:00+00:00,7774.339692,-2.333654,7783.096627
2026-05-25T10:00:00+00:00,7773.052196,-2.333654,7784.384123
2026-05-25T11:00:00+00:00,7781.145028,-2.333654,7776.291291
2026-05-25T12:00:00+00:00,7773.236124,-2.333654,7784.200195
2026-05-25T13:00:00+00:00,7775.995044,-2.333654,7781.441275
2026-05-25T14:00:00+00:00,7725.877419,7725.877419,0.000000
2026-05-25T15:00:00+00:00,7725.877419,7725.877419,0.000000
2026-05-25T16:00:00+00:00,7725.877419,7725.877419,0.000000
2026-05-25T17:00:00+00:00,7725.877419,7725.877419,0.000000
2026-05-25T18:00:00+00:00,7725.877419,7725.877419,0.000000
2026-05-25T19:00:00+00:00,7720.468532,-5.408887,7725.877419
2026-05-25T20:00:00+00:00,7672.559786,-5.408887,7677.968673
2026-05-25T21:00:00+00:00,7681.121425,-5.408887,7686.530312
2026-05-25T22:00:00+00:00,7660.159423,7660.159423,0.000000
2026-05-25T23:00:00+00:00,7660.159423,7660.159423,0.000000
2026-05-26T00:00:00+00:00,7660.159423,7660.159423,0.000000
2026-05-26T01:00:00+00:00,7660.159423,7660.159423,0.000000
2026-05-26T02:00:00+00:00,7660.159423,7660.159423,0.000000
2026-05-26T03:00:00+00:00,7660.159423,7660.159423,0.000000
2026-05-26T04:00:00+00:00,7660.159423,7660.159423,0.000000
2026-05-26T05:00:00+00:00,7654.798077,-2.297282,7660.159423
2026-05-26T06:00:00+00:00,7651.150209,-2.297282,7663.807292
2026-05-26T07:00:00+00:00,7675.590929,-2.297282,7639.366572
2026-05-26T08:00:00+00:00,7668.295192,-2.297282,7646.662309
2026-05-26T09:00:00+00:00,7670.301519,-2.297282,7644.655981
2026-05-26T10:00:00+00:00,7559.000434,7559.000434,0.000000
2026-05-26T11:00:00+00:00,7559.000434,7559.000434,0.000000
2026-05-26T12:00:00+00:00,7559.000434,7559.000434,0.000000
2026-05-26T13:00:00+00:00,7559.000434,7559.000434,0.000000
2026-05-26T14:00:00+00:00,7553.708378,-5.292056,7559.000434
2026-05-26T15:00:00+00:00,7459.265928,7459.265928,0.000000
2026-05-26T16:00:00+00:00,7459.265928,7459.265928,0.000000
2026-05-26T17:00:00+00:00,7459.265928,7459.265928,0.000000
2026-05-26T18:00:00+00:00,7459.265928,7459.265928,0.000000
2026-05-26T19:00:00+00:00,7459.265928,7459.265928,0.000000
2026-05-26T20:00:00+00:00,7459.265928,7459.265928,0.000000
2026-05-26T21:00:00+00:00,7459.265928,7459.265928,0.000000
2026-05-26T22:00:00+00:00,7459.265928,7459.265928,0.000000
2026-05-26T23:00:00+00:00,7459.265928,7459.265928,0.000000
2026-05-27T00:00:00+00:00,7459.265928,7459.265928,0.000000
2026-05-27T01:00:00+00:00,7459.265928,7459.265928,0.000000
2026-05-27T02:00:00+00:00,7459.265928,7459.265928,0.000000
2026-05-27T03:00:00+00:00,7459.265928,7459.265928,0.000000
2026-05-27T04:00:00+00:00,7459.265928,7459.265928,0.000000
2026-05-27T05:00:00+00:00,7459.265928,7459.265928,0.000000
2026-05-27T06:00:00+00:00,7459.265928,7459.265928,0.000000
2026-05-27T07:00:00+00:00,7459.265928,7459.265928,0.000000
2026-05-27T08:00:00+00:00,7459.265928,7459.265928,0.000000
2026-05-27T09:00:00+00:00,7459.265928,7459.265928,0.000000
2026-05-27T10:00:00+00:00,7459.265928,7459.265928,0.000000
2026-05-27T11:00:00+00:00,7459.265928,7459.265928,0.000000
2026-05-27T12:00:00+00:00,7459.265928,7459.265928,0.000000
2026-05-27T13:00:00+00:00,7459.265928,7459.265928,0.000000
2026-05-27T14:00:00+00:00,7459.265928,7459.265928,0.000000
2026-05-27T15:00:00+00:00,7459.265928,7459.265928,0.000000
2026-05-27T16:00:00+00:00,7459.265928,7459.265928,0.000000
2026-05-27T17:00:00+00:00,7459.265928,7459.265928,0.000000
2026-05-27T18:00:00+00:00,7459.265928,7459.265928,0.000000
2026-05-27T19:00:00+00:00,7454.045188,-2.237034,7459.265928
2026-05-27T20:00:00+00:00,7432.827301,-2.237034,7480.483814
2026-05-27T21:00:00+00:00,7542.217981,7542.217981,0.000000
2026-05-27T22:00:00+00:00,7542.217981,7542.217981,0.000000
2026-05-27T23:00:00+00:00,7542.217981,7542.217981,0.000000
2026-05-28T00:00:00+00:00,7542.217981,7542.217981,0.000000
2026-05-28T01:00:00+00:00,7542.217981,7542.217981,0.000000
2026-05-28T02:00:00+00:00,7542.217981,7542.217981,0.000000
2026-05-28T03:00:00+00:00,7542.217981,7542.217981,0.000000
2026-05-28T04:00:00+00:00,7542.217981,7542.217981,0.000000
2026-05-28T05:00:00+00:00,7542.217981,7542.217981,0.000000
2026-05-28T06:00:00+00:00,7542.217981,7542.217981,0.000000
2026-05-28T07:00:00+00:00,7542.217981,7542.217981,0.000000
2026-05-28T08:00:00+00:00,7542.217981,7542.217981,0.000000
2026-05-28T09:00:00+00:00,7542.217981,7542.217981,0.000000
2026-05-28T10:00:00+00:00,7542.217981,7542.217981,0.000000
2026-05-28T11:00:00+00:00,7542.217981,7542.217981,0.000000
2026-05-28T12:00:00+00:00,7542.217981,7542.217981,0.000000
2026-05-28T13:00:00+00:00,7542.217981,7542.217981,0.000000
2026-05-28T14:00:00+00:00,7542.217981,7542.217981,0.000000
2026-05-28T15:00:00+00:00,7542.217981,7542.217981,0.000000
2026-05-28T16:00:00+00:00,7542.217981,7542.217981,0.000000
2026-05-28T17:00:00+00:00,7542.217981,7542.217981,0.000000
2026-05-28T18:00:00+00:00,7542.217981,7542.217981,0.000000
2026-05-28T19:00:00+00:00,7542.217981,7542.217981,0.000000
2026-05-28T20:00:00+00:00,7542.217981,7542.217981,0.000000
2026-05-28T21:00:00+00:00,7542.217981,7542.217981,0.000000
2026-05-28T22:00:00+00:00,7536.937674,-5.280307,7542.217981
2026-05-28T23:00:00+00:00,7552.549917,-5.280307,7557.830224
2026-05-29T00:00:00+00:00,7552.496686,-2.266580,7557.786380
2026-05-29T01:00:00+00:00,7569.214127,-2.266580,7541.068938
2026-05-29T02:00:00+00:00,7602.085502,-2.266580,7508.197564
2026-05-29T03:00:00+00:00,7588.749115,-2.266580,7521.533950
2026-05-29T04:00:00+00:00,7567.899272,-2.266580,7542.383793
2026-05-29T05:00:00+00:00,7545.247605,7545.247605,0.000000
2026-05-29T06:00:00+00:00,7545.247605,7545.247605,0.000000
2026-05-29T07:00:00+00:00,7545.247605,7545.247605,0.000000
2026-05-29T08:00:00+00:00,7545.247605,7545.247605,0.000000
2026-05-29T09:00:00+00:00,7545.247605,7545.247605,0.000000
2026-05-29T10:00:00+00:00,7539.965177,-5.282428,7545.247605
2026-05-29T11:00:00+00:00,7527.202707,-5.282428,7532.485135
2026-05-29T12:00:00+00:00,7488.132345,7488.132345,0.000000
2026-05-29T13:00:00+00:00,7488.132345,7488.132345,0.000000
2026-05-29T14:00:00+00:00,7488.132345,7488.132345,0.000000
2026-05-29T15:00:00+00:00,7488.132345,7488.132345,0.000000
2026-05-29T16:00:00+00:00,7482.891401,-2.245691,7488.132345
2026-05-29T17:00:00+00:00,7471.766674,7471.766674,0.000000
2026-05-29T18:00:00+00:00,7466.535690,-5.230984,7471.766674
2026-05-29T19:00:00+00:00,7442.284803,7442.284803,0.000000
2026-05-29T20:00:00+00:00,7442.284803,7442.284803,0.000000
2026-05-29T21:00:00+00:00,7437.075948,-2.231941,7442.284803
2026-05-29T22:00:00+00:00,7420.957081,-2.231941,7458.403671
2026-05-29T23:00:00+00:00,7418.548515,-2.231941,7460.812237
2026-05-30T00:00:00+00:00,7416.695771,-2.231941,7462.664980
2026-05-30T01:00:00+00:00,7399.094709,-2.231941,7480.266042
2026-05-30T02:00:00+00:00,7391.683736,-2.231941,7487.677016
2026-05-30T03:00:00+00:00,7377.209154,-5.168403,7382.377557
2026-05-30T04:00:00+00:00,7318.832633,7318.832633,0.000000
2026-05-30T05:00:00+00:00,7318.832633,7318.832633,0.000000
2026-05-30T06:00:00+00:00,7318.832633,7318.832633,0.000000
2026-05-30T07:00:00+00:00,7318.832633,7318.832633,0.000000
2026-05-30T08:00:00+00:00,7318.832633,7318.832633,0.000000
2026-05-30T09:00:00+00:00,7318.832633,7318.832633,0.000000
2026-05-30T10:00:00+00:00,7318.832633,7318.832633,0.000000
2026-05-30T11:00:00+00:00,7318.832633,7318.832633,0.000000
2026-05-30T12:00:00+00:00,7318.832633,7318.832633,0.000000
2026-05-30T13:00:00+00:00,7318.832633,7318.832633,0.000000
2026-05-30T14:00:00+00:00,7318.832633,7318.832633,0.000000
2026-05-30T15:00:00+00:00,7318.832633,7318.832633,0.000000
2026-05-30T16:00:00+00:00,7318.832633,7318.832633,0.000000
2026-05-30T17:00:00+00:00,7318.832633,7318.832633,0.000000
2026-05-30T18:00:00+00:00,7318.832633,7318.832633,0.000000
2026-05-30T19:00:00+00:00,7318.832633,7318.832633,0.000000
2026-05-30T20:00:00+00:00,7318.832633,7318.832633,0.000000
2026-05-30T21:00:00+00:00,7318.832633,7318.832633,0.000000
2026-05-30T22:00:00+00:00,7313.710182,-2.194918,7318.832633
2026-05-30T23:00:00+00:00,7318.052414,-2.194918,7314.490400
2026-05-31T00:00:00+00:00,7301.588116,-2.194918,7330.954698
2026-05-31T01:00:00+00:00,7292.541799,-2.194918,7340.001015
2026-05-31T02:00:00+00:00,7262.404712,7262.404712,0.000000
2026-05-31T03:00:00+00:00,7262.404712,7262.404712,0.000000
2026-05-31T04:00:00+00:00,7262.404712,7262.404712,0.000000
2026-05-31T05:00:00+00:00,7262.404712,7262.404712,0.000000
2026-05-31T06:00:00+00:00,7262.404712,7262.404712,0.000000
2026-05-31T07:00:00+00:00,7257.320303,-5.084410,7262.404712
2026-05-31T08:00:00+00:00,7270.781831,-5.084410,7275.866240
2026-05-31T09:00:00+00:00,7246.910054,-5.084410,7251.994464
2026-05-31T10:00:00+00:00,7246.192106,-5.084410,7251.276516
2026-05-31T11:00:00+00:00,7254.089536,-5.084410,7259.173946
2026-05-31T12:00:00+00:00,7241.067485,-2.173117,7246.139057
2026-05-31T13:00:00+00:00,7248.236911,-2.173117,7238.969631
2026-05-31T14:00:00+00:00,7239.093823,7239.093823,0.000000
2026-05-31T15:00:00+00:00,7239.093823,7239.093823,0.000000
2026-05-31T16:00:00+00:00,7239.093823,7239.093823,0.000000
2026-05-31T17:00:00+00:00,7239.093823,7239.093823,0.000000
2026-05-31T18:00:00+00:00,7239.093823,7239.093823,0.000000
2026-05-31T19:00:00+00:00,7239.093823,7239.093823,0.000000
2026-05-31T20:00:00+00:00,7239.093823,7239.093823,0.000000
2026-05-31T21:00:00+00:00,7239.093823,7239.093823,0.000000
2026-05-31T22:00:00+00:00,7239.093823,7239.093823,0.000000
2026-05-31T23:00:00+00:00,7239.093823,7239.093823,0.000000
2026-06-01T00:00:00+00:00,7239.093823,7239.093823,0.000000
2026-06-01T01:00:00+00:00,7239.093823,7239.093823,0.000000
2026-06-01T02:00:00+00:00,7239.093823,7239.093823,0.000000
2026-06-01T03:00:00+00:00,7239.093823,7239.093823,0.000000
2026-06-01T04:00:00+00:00,7239.093823,7239.093823,0.000000
2026-06-01T05:00:00+00:00,7239.093823,7239.093823,0.000000
2026-06-01T06:00:00+00:00,7239.093823,7239.093823,0.000000
2026-06-01T07:00:00+00:00,7239.093823,7239.093823,0.000000
2026-06-01T08:00:00+00:00,7239.093823,7239.093823,0.000000
2026-06-01T09:00:00+00:00,7239.093823,7239.093823,0.000000
2026-06-01T10:00:00+00:00,7239.093823,7239.093823,0.000000
2026-06-01T11:00:00+00:00,7239.093823,7239.093823,0.000000
2026-06-01T12:00:00+00:00,7239.093823,7239.093823,0.000000
2026-06-01T13:00:00+00:00,7239.093823,7239.093823,0.000000
2026-06-01T14:00:00+00:00,7239.093823,7239.093823,0.000000
2026-06-01T15:00:00+00:00,7239.093823,7239.093823,0.000000
2026-06-01T16:00:00+00:00,7239.093823,7239.093823,0.000000
2026-06-01T17:00:00+00:00,7239.093823,7239.093823,0.000000
2026-06-01T18:00:00+00:00,7239.093823,7239.093823,0.000000
2026-06-01T19:00:00+00:00,7234.025734,-5.068090,7239.093823
2026-06-01T20:00:00+00:00,7227.506811,-2.169047,7232.568886
2026-06-01T21:00:00+00:00,7212.572675,7212.572675,0.000000
2026-06-01T22:00:00+00:00,7212.572675,7212.572675,0.000000
2026-06-01T23:00:00+00:00,7212.572675,7212.572675,0.000000
2026-06-02T00:00:00+00:00,7207.523153,-5.049522,7212.572675
2026-06-02T01:00:00+00:00,7154.666629,7154.666629,0.000000
2026-06-02T02:00:00+00:00,7154.666629,7154.666629,0.000000
2026-06-02T03:00:00+00:00,7154.666629,7154.666629,0.000000
2026-06-02T04:00:00+00:00,7154.666629,7154.666629,0.000000
2026-06-02T05:00:00+00:00,7154.666629,7154.666629,0.000000
2026-06-02T06:00:00+00:00,7154.666629,7154.666629,0.000000
2026-06-02T07:00:00+00:00,7154.666629,7154.666629,0.000000
2026-06-02T08:00:00+00:00,7154.666629,7154.666629,0.000000
2026-06-02T09:00:00+00:00,7154.666629,7154.666629,0.000000
2026-06-02T10:00:00+00:00,7154.666629,7154.666629,0.000000
2026-06-02T11:00:00+00:00,7154.666629,7154.666629,0.000000
2026-06-02T12:00:00+00:00,7154.666629,7154.666629,0.000000
2026-06-02T13:00:00+00:00,7154.666629,7154.666629,0.000000
2026-06-02T14:00:00+00:00,7154.666629,7154.666629,0.000000
2026-06-02T15:00:00+00:00,7154.666629,7154.666629,0.000000
2026-06-02T16:00:00+00:00,7154.666629,7154.666629,0.000000
2026-06-02T17:00:00+00:00,7154.666629,7154.666629,0.000000
2026-06-02T18:00:00+00:00,7154.666629,7154.666629,0.000000
2026-06-02T19:00:00+00:00,7154.666629,7154.666629,0.000000
2026-06-02T20:00:00+00:00,7154.666629,7154.666629,0.000000
2026-06-02T21:00:00+00:00,7154.666629,7154.666629,0.000000
2026-06-02T22:00:00+00:00,7154.666629,7154.666629,0.000000
2026-06-02T23:00:00+00:00,7154.666629,7154.666629,0.000000
2026-06-03T00:00:00+00:00,7154.666629,7154.666629,0.000000
2026-06-03T01:00:00+00:00,7154.666629,7154.666629,0.000000
2026-06-03T02:00:00+00:00,7154.666629,7154.666629,0.000000
2026-06-03T03:00:00+00:00,7154.666629,7154.666629,0.000000
2026-06-03T04:00:00+00:00,7154.666629,7154.666629,0.000000
2026-06-03T05:00:00+00:00,7154.666629,7154.666629,0.000000
2026-06-03T06:00:00+00:00,7154.666629,7154.666629,0.000000
2026-06-03T07:00:00+00:00,7149.659077,-2.145685,7154.666629
2026-06-03T08:00:00+00:00,7142.990813,-2.145685,7161.334893
2026-06-03T09:00:00+00:00,7119.851189,7119.851189,0.000000
2026-06-03T10:00:00+00:00,7119.851189,7119.851189,0.000000
2026-06-03T11:00:00+00:00,7119.851189,7119.851189,0.000000
2026-06-03T12:00:00+00:00,7119.851189,7119.851189,0.000000
2026-06-03T13:00:00+00:00,7114.866581,-4.984608,7119.851189
2026-06-03T14:00:00+00:00,7057.690548,7057.690548,0.000000
2026-06-03T15:00:00+00:00,7057.690548,7057.690548,0.000000
2026-06-03T16:00:00+00:00,7057.690548,7057.690548,0.000000
2026-06-03T17:00:00+00:00,7057.690548,7057.690548,0.000000
2026-06-03T18:00:00+00:00,7057.690548,7057.690548,0.000000
2026-06-03T19:00:00+00:00,7057.690548,7057.690548,0.000000
2026-06-03T20:00:00+00:00,7057.690548,7057.690548,0.000000
2026-06-03T21:00:00+00:00,7052.750870,-2.116601,7057.690548
2026-06-03T22:00:00+00:00,7095.444209,7095.444209,0.000000
2026-06-03T23:00:00+00:00,7090.476689,-4.967520,7095.444209
2026-06-04T00:00:00+00:00,7001.825929,7001.825929,0.000000
2026-06-04T01:00:00+00:00,7001.825929,7001.825929,0.000000
2026-06-04T02:00:00+00:00,7001.825929,7001.825929,0.000000
2026-06-04T03:00:00+00:00,6996.925351,-2.099848,7001.825929
2026-06-04T04:00:00+00:00,6962.135955,6962.135955,0.000000
2026-06-04T05:00:00+00:00,6957.261764,-4.874191,6962.135955
2026-06-04T06:00:00+00:00,6966.004267,6966.004267,0.000000
2026-06-04T07:00:00+00:00,6966.004267,6966.004267,0.000000
2026-06-04T08:00:00+00:00,6966.004267,6966.004267,0.000000
2026-06-04T09:00:00+00:00,6966.004267,6966.004267,0.000000
2026-06-04T10:00:00+00:00,6966.004267,6966.004267,0.000000
2026-06-04T11:00:00+00:00,6966.004267,6966.004267,0.000000
2026-06-04T12:00:00+00:00,6966.004267,6966.004267,0.000000
2026-06-04T13:00:00+00:00,6966.004267,6966.004267,0.000000
2026-06-04T14:00:00+00:00,6966.004267,6966.004267,0.000000
2026-06-04T15:00:00+00:00,6966.004267,6966.004267,0.000000
2026-06-04T16:00:00+00:00,6966.004267,6966.004267,0.000000
2026-06-04T17:00:00+00:00,6966.004267,6966.004267,0.000000
2026-06-04T18:00:00+00:00,6966.004267,6966.004267,0.000000
2026-06-04T19:00:00+00:00,6966.004267,6966.004267,0.000000
2026-06-04T20:00:00+00:00,6966.004267,6966.004267,0.000000
2026-06-04T21:00:00+00:00,6966.004267,6966.004267,0.000000
2026-06-04T22:00:00+00:00,6966.004267,6966.004267,0.000000
2026-06-04T23:00:00+00:00,6966.004267,6966.004267,0.000000
2026-06-05T00:00:00+00:00,6966.004267,6966.004267,0.000000
2026-06-05T01:00:00+00:00,6966.004267,6966.004267,0.000000
2026-06-05T02:00:00+00:00,6966.004267,6966.004267,0.000000
2026-06-05T03:00:00+00:00,6966.004267,6966.004267,0.000000
2026-06-05T04:00:00+00:00,6961.128760,-2.089105,6966.004267
2026-06-05T05:00:00+00:00,7156.746539,7156.746539,0.000000
2026-06-05T06:00:00+00:00,7156.746539,7156.746539,0.000000
2026-06-05T07:00:00+00:00,7156.746539,7156.746539,0.000000
2026-06-05T08:00:00+00:00,7156.746539,7156.746539,0.000000
2026-06-05T09:00:00+00:00,7156.746539,7156.746539,0.000000
2026-06-05T10:00:00+00:00,7156.746539,7156.746539,0.000000
2026-06-05T11:00:00+00:00,7156.746539,7156.746539,0.000000
2026-06-05T12:00:00+00:00,7156.746539,7156.746539,0.000000
2026-06-05T13:00:00+00:00,7156.746539,7156.746539,0.000000
2026-06-05T14:00:00+00:00,7156.746539,7156.746539,0.000000
2026-06-05T15:00:00+00:00,7156.746539,7156.746539,0.000000
2026-06-05T16:00:00+00:00,7156.746539,7156.746539,0.000000
2026-06-05T17:00:00+00:00,7156.746539,7156.746539,0.000000
2026-06-05T18:00:00+00:00,7156.746539,7156.746539,0.000000
2026-06-05T19:00:00+00:00,7156.746539,7156.746539,0.000000
2026-06-05T20:00:00+00:00,7156.746539,7156.746539,0.000000
2026-06-05T21:00:00+00:00,7156.746539,7156.746539,0.000000
2026-06-05T22:00:00+00:00,7151.736101,-5.010438,7156.746539
2026-06-05T23:00:00+00:00,7057.376509,-2.117990,7062.319427
2026-06-06T00:00:00+00:00,6998.820303,6998.820303,0.000000
2026-06-06T01:00:00+00:00,6998.820303,6998.820303,0.000000
2026-06-06T02:00:00+00:00,6998.820303,6998.820303,0.000000
2026-06-06T03:00:00+00:00,6998.820303,6998.820303,0.000000
2026-06-06T04:00:00+00:00,6998.820303,6998.820303,0.000000
2026-06-06T05:00:00+00:00,6998.820303,6998.820303,0.000000
2026-06-06T06:00:00+00:00,6998.820303,6998.820303,0.000000
2026-06-06T07:00:00+00:00,6998.820303,6998.820303,0.000000
2026-06-06T08:00:00+00:00,6998.820303,6998.820303,0.000000
2026-06-06T09:00:00+00:00,6998.820303,6998.820303,0.000000
2026-06-06T10:00:00+00:00,6998.820303,6998.820303,0.000000
2026-06-06T11:00:00+00:00,6998.820303,6998.820303,0.000000
2026-06-06T12:00:00+00:00,6998.820303,6998.820303,0.000000
2026-06-06T13:00:00+00:00,6998.820303,6998.820303,0.000000
2026-06-06T14:00:00+00:00,6998.820303,6998.820303,0.000000
2026-06-06T15:00:00+00:00,6998.820303,6998.820303,0.000000
2026-06-06T16:00:00+00:00,6998.820303,6998.820303,0.000000
2026-06-06T17:00:00+00:00,6998.820303,6998.820303,0.000000
2026-06-06T18:00:00+00:00,6998.820303,6998.820303,0.000000
2026-06-06T19:00:00+00:00,6998.820303,6998.820303,0.000000
2026-06-06T20:00:00+00:00,6998.820303,6998.820303,0.000000
2026-06-06T21:00:00+00:00,6998.820303,6998.820303,0.000000
2026-06-06T22:00:00+00:00,6998.820303,6998.820303,0.000000
2026-06-06T23:00:00+00:00,6998.820303,6998.820303,0.000000
2026-06-07T00:00:00+00:00,6998.820303,6998.820303,0.000000
2026-06-07T01:00:00+00:00,6998.820303,6998.820303,0.000000
2026-06-07T02:00:00+00:00,6998.820303,6998.820303,0.000000
2026-06-07T03:00:00+00:00,6998.820303,6998.820303,0.000000
2026-06-07T04:00:00+00:00,6998.820303,6998.820303,0.000000
2026-06-07T05:00:00+00:00,6998.820303,6998.820303,0.000000
2026-06-07T06:00:00+00:00,6998.820303,6998.820303,0.000000
2026-06-07T07:00:00+00:00,6998.820303,6998.820303,0.000000
2026-06-07T08:00:00+00:00,6998.820303,6998.820303,0.000000
2026-06-07T09:00:00+00:00,6998.820303,6998.820303,0.000000
2026-06-07T10:00:00+00:00,6993.920429,-4.899874,6998.820303
2026-06-07T11:00:00+00:00,7013.086429,-4.899874,7017.986303
2026-06-07T12:00:00+00:00,6968.721074,6968.721074,0.000000
2026-06-07T13:00:00+00:00,6968.721074,6968.721074,0.000000
2026-06-07T14:00:00+00:00,6968.721074,6968.721074,0.000000
2026-06-07T15:00:00+00:00,6968.721074,6968.721074,0.000000
2026-06-07T16:00:00+00:00,6968.721074,6968.721074,0.000000
2026-06-07T17:00:00+00:00,6968.721074,6968.721074,0.000000
2026-06-07T18:00:00+00:00,6968.721074,6968.721074,0.000000
2026-06-07T19:00:00+00:00,6968.721074,6968.721074,0.000000
2026-06-07T20:00:00+00:00,6968.721074,6968.721074,0.000000
2026-06-07T21:00:00+00:00,6968.721074,6968.721074,0.000000
2026-06-07T22:00:00+00:00,6968.721074,6968.721074,0.000000
2026-06-07T23:00:00+00:00,6968.721074,6968.721074,0.000000
2026-06-08T00:00:00+00:00,6968.721074,6968.721074,0.000000
2026-06-08T01:00:00+00:00,6968.721074,6968.721074,0.000000
2026-06-08T02:00:00+00:00,6968.721074,6968.721074,0.000000
2026-06-08T03:00:00+00:00,6968.721074,6968.721074,0.000000
2026-06-08T04:00:00+00:00,6968.721074,6968.721074,0.000000
2026-06-08T05:00:00+00:00,6968.721074,6968.721074,0.000000
2026-06-08T06:00:00+00:00,6963.843666,-2.089919,6968.721074
2026-06-08T07:00:00+00:00,6924.066093,6924.066093,0.000000
2026-06-08T08:00:00+00:00,6919.218554,-4.847539,6924.066093
2026-06-08T09:00:00+00:00,6903.868353,6903.868353,0.000000
2026-06-08T10:00:00+00:00,6903.868353,6903.868353,0.000000
2026-06-08T11:00:00+00:00,6903.868353,6903.868353,0.000000
2026-06-08T12:00:00+00:00,6903.868353,6903.868353,0.000000
2026-06-08T13:00:00+00:00,6903.868353,6903.868353,0.000000
2026-06-08T14:00:00+00:00,6903.868353,6903.868353,0.000000
2026-06-08T15:00:00+00:00,6903.868353,6903.868353,0.000000
2026-06-08T16:00:00+00:00,6903.868353,6903.868353,0.000000
2026-06-08T17:00:00+00:00,6903.868353,6903.868353,0.000000
2026-06-08T18:00:00+00:00,6903.868353,6903.868353,0.000000
2026-06-08T19:00:00+00:00,6903.868353,6903.868353,0.000000
2026-06-08T20:00:00+00:00,6903.868353,6903.868353,0.000000
2026-06-08T21:00:00+00:00,6903.868353,6903.868353,0.000000
2026-06-08T22:00:00+00:00,6903.868353,6903.868353,0.000000
2026-06-08T23:00:00+00:00,6903.868353,6903.868353,0.000000
2026-06-09T00:00:00+00:00,6903.868353,6903.868353,0.000000
2026-06-09T01:00:00+00:00,6903.868353,6903.868353,0.000000
2026-06-09T02:00:00+00:00,6903.868353,6903.868353,0.000000
2026-06-09T03:00:00+00:00,6903.868353,6903.868353,0.000000
2026-06-09T04:00:00+00:00,6899.036336,-2.070470,6903.868353
2026-06-09T05:00:00+00:00,6859.796525,6859.796525,0.000000
2026-06-09T06:00:00+00:00,6859.796525,6859.796525,0.000000
2026-06-09T07:00:00+00:00,6854.993982,-4.802544,6859.796525
2026-06-09T08:00:00+00:00,6834.771850,-4.802544,6839.574393
2026-06-09T09:00:00+00:00,6798.390168,6798.390168,0.000000
2026-06-09T10:00:00+00:00,6798.390168,6798.390168,0.000000
2026-06-09T11:00:00+00:00,6798.390168,6798.390168,0.000000
2026-06-09T12:00:00+00:00,6798.390168,6798.390168,0.000000
2026-06-09T13:00:00+00:00,6798.390168,6798.390168,0.000000
2026-06-09T14:00:00+00:00,6798.390168,6798.390168,0.000000
2026-06-09T15:00:00+00:00,6798.390168,6798.390168,0.000000
2026-06-09T16:00:00+00:00,6798.390168,6798.390168,0.000000
2026-06-09T17:00:00+00:00,6798.390168,6798.390168,0.000000
2026-06-09T18:00:00+00:00,6798.390168,6798.390168,0.000000
2026-06-09T19:00:00+00:00,6793.631974,-2.038837,6798.390168
2026-06-09T20:00:00+00:00,6779.677719,-2.038837,6812.344423
2026-06-09T21:00:00+00:00,6775.639454,6775.639454,0.000000
2026-06-09T22:00:00+00:00,6775.639454,6775.639454,0.000000
2026-06-09T23:00:00+00:00,6770.895829,-4.743625,6775.639454
2026-06-10T00:00:00+00:00,6737.393875,-2.021960,6742.112680
2026-06-10T01:00:00+00:00,6729.968180,6729.968180,0.000000
2026-06-10T02:00:00+00:00,6729.968180,6729.968180,0.000000
2026-06-10T03:00:00+00:00,6729.968180,6729.968180,0.000000
2026-06-10T04:00:00+00:00,6729.968180,6729.968180,0.000000
2026-06-10T05:00:00+00:00,6729.968180,6729.968180,0.000000
2026-06-10T06:00:00+00:00,6729.968180,6729.968180,0.000000
2026-06-10T07:00:00+00:00,6729.968180,6729.968180,0.000000
2026-06-10T08:00:00+00:00,6729.968180,6729.968180,0.000000
2026-06-10T09:00:00+00:00,6729.968180,6729.968180,0.000000
2026-06-10T10:00:00+00:00,6729.968180,6729.968180,0.000000
2026-06-10T11:00:00+00:00,6729.968180,6729.968180,0.000000
2026-06-10T12:00:00+00:00,6729.968180,6729.968180,0.000000
2026-06-10T13:00:00+00:00,6729.968180,6729.968180,0.000000
2026-06-10T14:00:00+00:00,6729.968180,6729.968180,0.000000
2026-06-10T15:00:00+00:00,6729.968180,6729.968180,0.000000
2026-06-10T16:00:00+00:00,6729.968180,6729.968180,0.000000
2026-06-10T17:00:00+00:00,6729.968180,6729.968180,0.000000
2026-06-10T18:00:00+00:00,6725.256529,-4.711651,6729.968180
2026-06-10T19:00:00+00:00,6721.540710,-4.711651,6726.252361
2026-06-10T20:00:00+00:00,6689.049879,6689.049879,0.000000
2026-06-10T21:00:00+00:00,6689.049879,6689.049879,0.000000
2026-06-10T22:00:00+00:00,6689.049879,6689.049879,0.000000
2026-06-10T23:00:00+00:00,6689.049879,6689.049879,0.000000
2026-06-11T00:00:00+00:00,6689.049879,6689.049879,0.000000
2026-06-11T01:00:00+00:00,6689.049879,6689.049879,0.000000
2026-06-11T02:00:00+00:00,6689.049879,6689.049879,0.000000
2026-06-11T03:00:00+00:00,6689.049879,6689.049879,0.000000
2026-06-11T04:00:00+00:00,6689.049879,6689.049879,0.000000
2026-06-11T05:00:00+00:00,6689.049879,6689.049879,0.000000
2026-06-11T06:00:00+00:00,6689.049879,6689.049879,0.000000
2026-06-11T07:00:00+00:00,6689.049879,6689.049879,0.000000
2026-06-11T08:00:00+00:00,6689.049879,6689.049879,0.000000
2026-06-11T09:00:00+00:00,6689.049879,6689.049879,0.000000
2026-06-11T10:00:00+00:00,6689.049879,6689.049879,0.000000
2026-06-11T11:00:00+00:00,6689.049879,6689.049879,0.000000
2026-06-11T12:00:00+00:00,6689.049879,6689.049879,0.000000
2026-06-11T13:00:00+00:00,6689.049879,6689.049879,0.000000
2026-06-11T14:00:00+00:00,6689.049879,6689.049879,0.000000
2026-06-11T15:00:00+00:00,6689.049879,6689.049879,0.000000
2026-06-11T16:00:00+00:00,6689.049879,6689.049879,0.000000
2026-06-11T17:00:00+00:00,6689.049879,6689.049879,0.000000
2026-06-11T18:00:00+00:00,6689.049879,6689.049879,0.000000
2026-06-11T19:00:00+00:00,6689.049879,6689.049879,0.000000
2026-06-11T20:00:00+00:00,6689.049879,6689.049879,0.000000
2026-06-11T21:00:00+00:00,6689.049879,6689.049879,0.000000
2026-06-11T22:00:00+00:00,6689.049879,6689.049879,0.000000
2026-06-11T23:00:00+00:00,6689.049879,6689.049879,0.000000
2026-06-12T00:00:00+00:00,6689.049879,6689.049879,0.000000
2026-06-12T01:00:00+00:00,6689.049879,6689.049879,0.000000
2026-06-12T02:00:00+00:00,6689.049879,6689.049879,0.000000
2026-06-12T03:00:00+00:00,6689.049879,6689.049879,0.000000
2026-06-12T04:00:00+00:00,6689.049879,6689.049879,0.000000
2026-06-12T05:00:00+00:00,6689.049879,6689.049879,0.000000
2026-06-12T06:00:00+00:00,6689.049879,6689.049879,0.000000
2026-06-12T07:00:00+00:00,6689.049879,6689.049879,0.000000
2026-06-12T08:00:00+00:00,6689.049879,6689.049879,0.000000
2026-06-12T09:00:00+00:00,6689.049879,6689.049879,0.000000
2026-06-12T10:00:00+00:00,6689.049879,6689.049879,0.000000
2026-06-12T11:00:00+00:00,6689.049879,6689.049879,0.000000
2026-06-12T12:00:00+00:00,6689.049879,6689.049879,0.000000
2026-06-12T13:00:00+00:00,6689.049879,6689.049879,0.000000
2026-06-12T14:00:00+00:00,6689.049879,6689.049879,0.000000
2026-06-12T15:00:00+00:00,6689.049879,6689.049879,0.000000
2026-06-12T16:00:00+00:00,6689.049879,6689.049879,0.000000
2026-06-12T17:00:00+00:00,6684.368213,-2.006046,6689.049879
2026-06-12T18:00:00+00:00,6692.789679,-2.006046,6680.628413
2026-06-12T19:00:00+00:00,6692.789679,-2.006046,6680.628413
2026-06-12T20:00:00+00:00,6699.406544,-2.006046,6674.011547
2026-06-12T21:00:00+00:00,6702.815233,-2.006046,6670.602859
2026-06-12T22:00:00+00:00,6708.830566,-2.006046,6664.587526
2026-06-12T23:00:00+00:00,6694.193256,-2.006046,6679.224836
2026-06-13T00:00:00+00:00,6689.782012,-2.006046,6683.636079
2026-06-13T01:00:00+00:00,6665.979911,6665.979911,0.000000
2026-06-13T02:00:00+00:00,6665.979911,6665.979911,0.000000
2026-06-13T03:00:00+00:00,6665.979911,6665.979911,0.000000
2026-06-13T04:00:00+00:00,6665.979911,6665.979911,0.000000
2026-06-13T05:00:00+00:00,6665.979911,6665.979911,0.000000
2026-06-13T06:00:00+00:00,6665.979911,6665.979911,0.000000
2026-06-13T07:00:00+00:00,6665.979911,6665.979911,0.000000
2026-06-13T08:00:00+00:00,6665.979911,6665.979911,0.000000
2026-06-13T09:00:00+00:00,6665.979911,6665.979911,0.000000
2026-06-13T10:00:00+00:00,6665.979911,6665.979911,0.000000
2026-06-13T11:00:00+00:00,6665.979911,6665.979911,0.000000
2026-06-13T12:00:00+00:00,6665.979911,6665.979911,0.000000
2026-06-13T13:00:00+00:00,6665.979911,6665.979911,0.000000
2026-06-13T14:00:00+00:00,6665.979911,6665.979911,0.000000
2026-06-13T15:00:00+00:00,6665.979911,6665.979911,0.000000
2026-06-13T16:00:00+00:00,6661.313059,-4.666853,6665.979911
2026-06-13T17:00:00+00:00,6651.369475,-4.666853,6656.036327
2026-06-13T18:00:00+00:00,6667.478081,-4.666853,6672.144933
2026-06-13T19:00:00+00:00,6667.875824,-4.666853,6672.542677
2026-06-13T20:00:00+00:00,6660.517572,-4.666853,6665.184425
2026-06-13T21:00:00+00:00,6681.425507,6681.425507,0.000000
2026-06-13T22:00:00+00:00,6681.425507,6681.425507,0.000000
2026-06-13T23:00:00+00:00,6681.425507,6681.425507,0.000000
2026-06-14T00:00:00+00:00,6681.425507,6681.425507,0.000000
2026-06-14T01:00:00+00:00,6681.425507,6681.425507,0.000000
2026-06-14T02:00:00+00:00,6681.425507,6681.425507,0.000000
2026-06-14T03:00:00+00:00,6681.425507,6681.425507,0.000000
2026-06-14T04:00:00+00:00,6681.425507,6681.425507,0.000000
2026-06-14T05:00:00+00:00,6681.425507,6681.425507,0.000000
2026-06-14T06:00:00+00:00,6681.425507,6681.425507,0.000000
2026-06-14T07:00:00+00:00,6681.425507,6681.425507,0.000000
2026-06-14T08:00:00+00:00,6681.425507,6681.425507,0.000000
2026-06-14T09:00:00+00:00,6681.425507,6681.425507,0.000000
2026-06-14T10:00:00+00:00,6681.425507,6681.425507,0.000000
2026-06-14T11:00:00+00:00,6681.425507,6681.425507,0.000000
2026-06-14T12:00:00+00:00,6681.425507,6681.425507,0.000000
2026-06-14T13:00:00+00:00,6681.425507,6681.425507,0.000000
2026-06-14T14:00:00+00:00,6681.425507,6681.425507,0.000000
2026-06-14T15:00:00+00:00,6681.425507,6681.425507,0.000000
2026-06-14T16:00:00+00:00,6681.425507,6681.425507,0.000000
2026-06-14T17:00:00+00:00,6681.425507,6681.425507,0.000000
2026-06-14T18:00:00+00:00,6681.425507,6681.425507,0.000000
2026-06-14T19:00:00+00:00,6681.425507,6681.425507,0.000000
2026-06-14T20:00:00+00:00,6676.749177,-2.003760,6681.425507
2026-06-14T21:00:00+00:00,6593.191540,6593.191540,0.000000
2026-06-14T22:00:00+00:00,6593.191540,6593.191540,0.000000
2026-06-14T23:00:00+00:00,6593.191540,6593.191540,0.000000
2026-06-15T00:00:00+00:00,6593.191540,6593.191540,0.000000
2026-06-15T01:00:00+00:00,6593.191540,6593.191540,0.000000
2026-06-15T02:00:00+00:00,6593.191540,6593.191540,0.000000
2026-06-15T03:00:00+00:00,6593.191540,6593.191540,0.000000
2026-06-15T04:00:00+00:00,6593.191540,6593.191540,0.000000
2026-06-15T05:00:00+00:00,6593.191540,6593.191540,0.000000
2026-06-15T06:00:00+00:00,6593.191540,6593.191540,0.000000
2026-06-15T07:00:00+00:00,6593.191540,6593.191540,0.000000
2026-06-15T08:00:00+00:00,6593.191540,6593.191540,0.000000
2026-06-15T09:00:00+00:00,6593.191540,6593.191540,0.000000
2026-06-15T10:00:00+00:00,6593.191540,6593.191540,0.000000
2026-06-15T11:00:00+00:00,6593.191540,6593.191540,0.000000
2026-06-15T12:00:00+00:00,6593.191540,6593.191540,0.000000
2026-06-15T13:00:00+00:00,6593.191540,6593.191540,0.000000
2026-06-15T14:00:00+00:00,6593.191540,6593.191540,0.000000
2026-06-15T15:00:00+00:00,6593.191540,6593.191540,0.000000
2026-06-15T16:00:00+00:00,6593.191540,6593.191540,0.000000
2026-06-15T17:00:00+00:00,6588.575647,-4.615893,6593.191540
2026-06-15T18:00:00+00:00,6583.707561,-4.615893,6588.323454
2026-06-15T19:00:00+00:00,6554.130140,6554.130140,0.000000
2026-06-15T20:00:00+00:00,6554.130140,6554.130140,0.000000
2026-06-15T21:00:00+00:00,6554.130140,6554.130140,0.000000
2026-06-15T22:00:00+00:00,6554.130140,6554.130140,0.000000
2026-06-15T23:00:00+00:00,6554.130140,6554.130140,0.000000
2026-06-16T00:00:00+00:00,6554.130140,6554.130140,0.000000
2026-06-16T01:00:00+00:00,6554.130140,6554.130140,0.000000
2026-06-16T02:00:00+00:00,6554.130140,6554.130140,0.000000
2026-06-16T03:00:00+00:00,6554.130140,6554.130140,0.000000
2026-06-16T04:00:00+00:00,6554.130140,6554.130140,0.000000
2026-06-16T05:00:00+00:00,6554.130140,6554.130140,0.000000
2026-06-16T06:00:00+00:00,6554.130140,6554.130140,0.000000
2026-06-16T07:00:00+00:00,6554.130140,6554.130140,0.000000
2026-06-16T08:00:00+00:00,6549.542904,-1.965584,6554.130140
2026-06-16T09:00:00+00:00,6552.094436,6552.094436,0.000000
2026-06-16T10:00:00+00:00,6552.094436,6552.094436,0.000000
2026-06-16T11:00:00+00:00,6552.094436,6552.094436,0.000000
2026-06-16T12:00:00+00:00,6552.094436,6552.094436,0.000000
2026-06-16T13:00:00+00:00,6552.094436,6552.094436,0.000000
2026-06-16T14:00:00+00:00,6547.507315,-4.587121,6552.094436
2026-06-16T15:00:00+00:00,6545.144065,-1.964263,6549.728220
2026-06-16T16:00:00+00:00,6561.137844,-1.964263,6533.734441
2026-06-16T17:00:00+00:00,6523.913425,6523.913425,0.000000
2026-06-16T18:00:00+00:00,6523.913425,6523.913425,0.000000
2026-06-16T19:00:00+00:00,6523.913425,6523.913425,0.000000
2026-06-16T20:00:00+00:00,6523.913425,6523.913425,0.000000
2026-06-16T21:00:00+00:00,6523.913425,6523.913425,0.000000
2026-06-16T22:00:00+00:00,6523.913425,6523.913425,0.000000
2026-06-16T23:00:00+00:00,6523.913425,6523.913425,0.000000
2026-06-17T00:00:00+00:00,6523.913425,6523.913425,0.000000
2026-06-17T01:00:00+00:00,6523.913425,6523.913425,0.000000
2026-06-17T02:00:00+00:00,6523.913425,6523.913425,0.000000
2026-06-17T03:00:00+00:00,6523.913425,6523.913425,0.000000
2026-06-17T04:00:00+00:00,6523.913425,6523.913425,0.000000
2026-06-17T05:00:00+00:00,6523.913425,6523.913425,0.000000
2026-06-17T06:00:00+00:00,6519.346033,-4.567392,6523.913425
2026-06-17T07:00:00+00:00,6500.207373,-4.567392,6504.774765
2026-06-17T08:00:00+00:00,6437.836001,6437.836001,0.000000
2026-06-17T09:00:00+00:00,6437.836001,6437.836001,0.000000
2026-06-17T10:00:00+00:00,6437.836001,6437.836001,0.000000
2026-06-17T11:00:00+00:00,6437.836001,6437.836001,0.000000
2026-06-17T12:00:00+00:00,6437.836001,6437.836001,0.000000
2026-06-17T13:00:00+00:00,6437.836001,6437.836001,0.000000
2026-06-17T14:00:00+00:00,6437.836001,6437.836001,0.000000
2026-06-17T15:00:00+00:00,6437.836001,6437.836001,0.000000
2026-06-17T16:00:00+00:00,6437.836001,6437.836001,0.000000
2026-06-17T17:00:00+00:00,6437.836001,6437.836001,0.000000
2026-06-17T18:00:00+00:00,6437.836001,6437.836001,0.000000
2026-06-17T19:00:00+00:00,6437.836001,6437.836001,0.000000
2026-06-17T20:00:00+00:00,6437.836001,6437.836001,0.000000
2026-06-17T21:00:00+00:00,6437.836001,6437.836001,0.000000
2026-06-17T22:00:00+00:00,6437.836001,6437.836001,0.000000
2026-06-17T23:00:00+00:00,6437.836001,6437.836001,0.000000
2026-06-18T00:00:00+00:00,6437.836001,6437.836001,0.000000
2026-06-18T01:00:00+00:00,6437.836001,6437.836001,0.000000
2026-06-18T02:00:00+00:00,6437.836001,6437.836001,0.000000
2026-06-18T03:00:00+00:00,6437.836001,6437.836001,0.000000
2026-06-18T04:00:00+00:00,6437.836001,6437.836001,0.000000
2026-06-18T05:00:00+00:00,6437.836001,6437.836001,0.000000
2026-06-18T06:00:00+00:00,6433.330160,-1.930707,6437.836001
2026-06-18T07:00:00+00:00,6383.481108,-4.472206,6387.953314
2026-06-18T08:00:00+00:00,6368.162301,-1.911149,6372.622499
2026-06-18T09:00:00+00:00,6373.633616,-1.911149,6367.151185
2026-06-18T10:00:00+00:00,6371.992221,-1.911149,6368.792579
2026-06-18T11:00:00+00:00,6376.389045,-4.467237,6380.856282
2026-06-18T12:00:00+00:00,6401.840693,-4.467237,6406.307930
2026-06-18T13:00:00+00:00,6356.851616,6356.851616,0.000000
2026-06-18T14:00:00+00:00,6356.851616,6356.851616,0.000000
2026-06-18T15:00:00+00:00,6356.851616,6356.851616,0.000000
2026-06-18T16:00:00+00:00,6356.851616,6356.851616,0.000000
2026-06-18T17:00:00+00:00,6356.851616,6356.851616,0.000000
2026-06-18T18:00:00+00:00,6356.851616,6356.851616,0.000000
2026-06-18T19:00:00+00:00,6352.402455,-1.906420,6356.851616
2026-06-18T20:00:00+00:00,6333.384479,-1.906420,6375.869591
2026-06-18T21:00:00+00:00,6341.215411,-1.906420,6368.038660
2026-06-18T22:00:00+00:00,6346.995384,-1.906420,6362.258687
2026-06-18T23:00:00+00:00,6332.079324,-1.906420,6377.174747
2026-06-19T00:00:00+00:00,6317.373591,6317.373591,0.000000
2026-06-19T01:00:00+00:00,6317.373591,6317.373591,0.000000
2026-06-19T02:00:00+00:00,6317.373591,6317.373591,0.000000
2026-06-19T03:00:00+00:00,6312.950798,-4.422793,6317.373591
2026-06-19T04:00:00+00:00,6277.772277,6277.772277,0.000000
2026-06-19T05:00:00+00:00,6277.772277,6277.772277,0.000000
2026-06-19T06:00:00+00:00,6277.772277,6277.772277,0.000000
2026-06-19T07:00:00+00:00,6277.772277,6277.772277,0.000000
2026-06-19T08:00:00+00:00,6277.772277,6277.772277,0.000000
2026-06-19T09:00:00+00:00,6277.772277,6277.772277,0.000000
2026-06-19T10:00:00+00:00,6277.772277,6277.772277,0.000000
2026-06-19T11:00:00+00:00,6277.772277,6277.772277,0.000000
2026-06-19T12:00:00+00:00,6277.772277,6277.772277,0.000000
2026-06-19T13:00:00+00:00,6277.772277,6277.772277,0.000000
2026-06-19T14:00:00+00:00,6277.772277,6277.772277,0.000000
2026-06-19T15:00:00+00:00,6277.772277,6277.772277,0.000000
2026-06-19T16:00:00+00:00,6277.772277,6277.772277,0.000000
2026-06-19T17:00:00+00:00,6277.772277,6277.772277,0.000000
2026-06-19T18:00:00+00:00,6277.772277,6277.772277,0.000000
2026-06-19T19:00:00+00:00,6277.772277,6277.772277,0.000000
2026-06-19T20:00:00+00:00,6277.772277,6277.772277,0.000000
2026-06-19T21:00:00+00:00,6277.772277,6277.772277,0.000000
2026-06-19T22:00:00+00:00,6277.772277,6277.772277,0.000000
2026-06-19T23:00:00+00:00,6277.772277,6277.772277,0.000000
2026-06-20T00:00:00+00:00,6277.772277,6277.772277,0.000000
2026-06-20T01:00:00+00:00,6277.772277,6277.772277,0.000000
2026-06-20T02:00:00+00:00,6277.772277,6277.772277,0.000000
2026-06-20T03:00:00+00:00,6277.772277,6277.772277,0.000000
2026-06-20T04:00:00+00:00,6277.772277,6277.772277,0.000000
2026-06-20T05:00:00+00:00,6277.772277,6277.772277,0.000000
2026-06-20T06:00:00+00:00,6277.772277,6277.772277,0.000000
2026-06-20T07:00:00+00:00,6277.772277,6277.772277,0.000000
2026-06-20T08:00:00+00:00,6277.772277,6277.772277,0.000000
2026-06-20T09:00:00+00:00,6277.772277,6277.772277,0.000000
2026-06-20T10:00:00+00:00,6277.772277,6277.772277,0.000000
2026-06-20T11:00:00+00:00,6277.772277,6277.772277,0.000000
2026-06-20T12:00:00+00:00,6277.772277,6277.772277,0.000000
2026-06-20T13:00:00+00:00,6277.772277,6277.772277,0.000000
2026-06-20T14:00:00+00:00,6277.772277,6277.772277,0.000000
2026-06-20T15:00:00+00:00,6277.772277,6277.772277,0.000000
2026-06-20T16:00:00+00:00,6277.772277,6277.772277,0.000000
2026-06-20T17:00:00+00:00,6277.772277,6277.772277,0.000000
2026-06-20T18:00:00+00:00,6277.772277,6277.772277,0.000000
2026-06-20T19:00:00+00:00,6277.772277,6277.772277,0.000000
2026-06-20T20:00:00+00:00,6277.772277,6277.772277,0.000000
2026-06-20T21:00:00+00:00,6277.772277,6277.772277,0.000000
2026-06-20T22:00:00+00:00,6277.772277,6277.772277,0.000000
2026-06-20T23:00:00+00:00,6277.772277,6277.772277,0.000000
2026-06-21T00:00:00+00:00,6277.772277,6277.772277,0.000000
2026-06-21T01:00:00+00:00,6277.772277,6277.772277,0.000000
2026-06-21T02:00:00+00:00,6277.772277,6277.772277,0.000000
2026-06-21T03:00:00+00:00,6277.772277,6277.772277,0.000000
2026-06-21T04:00:00+00:00,6277.772277,6277.772277,0.000000
2026-06-21T05:00:00+00:00,6277.772277,6277.772277,0.000000
2026-06-21T06:00:00+00:00,6277.772277,6277.772277,0.000000
2026-06-21T07:00:00+00:00,6277.772277,6277.772277,0.000000
2026-06-21T08:00:00+00:00,6277.772277,6277.772277,0.000000
2026-06-21T09:00:00+00:00,6277.772277,6277.772277,0.000000
2026-06-21T10:00:00+00:00,6277.772277,6277.772277,0.000000
2026-06-21T11:00:00+00:00,6277.772277,6277.772277,0.000000
2026-06-21T12:00:00+00:00,6277.772277,6277.772277,0.000000
2026-06-21T13:00:00+00:00,6277.772277,6277.772277,0.000000
2026-06-21T14:00:00+00:00,6273.378464,-1.882704,6277.772277
2026-06-21T15:00:00+00:00,6266.112103,-1.882704,6285.038638
2026-06-21T16:00:00+00:00,6274.831736,-1.882704,6276.319005
2026-06-21T17:00:00+00:00,6278.646576,-1.882704,6272.504165
2026-06-21T18:00:00+00:00,6244.746206,6244.746206,0.000000
2026-06-21T19:00:00+00:00,6244.746206,6244.746206,0.000000
2026-06-21T20:00:00+00:00,6244.746206,6244.746206,0.000000
2026-06-21T21:00:00+00:00,6244.746206,6244.746206,0.000000
2026-06-21T22:00:00+00:00,6244.746206,6244.746206,0.000000
2026-06-21T23:00:00+00:00,6244.746206,6244.746206,0.000000
2026-06-22T00:00:00+00:00,6244.746206,6244.746206,0.000000
2026-06-22T01:00:00+00:00,6244.746206,6244.746206,0.000000
2026-06-22T02:00:00+00:00,6240.374259,-4.371947,6244.746206
2026-06-22T03:00:00+00:00,6201.588774,6201.588774,0.000000
2026-06-22T04:00:00+00:00,6201.588774,6201.588774,0.000000
2026-06-22T05:00:00+00:00,6197.248282,-1.859856,6201.588774
2026-06-22T06:00:00+00:00,6204.214152,-1.859856,6194.622905
2026-06-22T07:00:00+00:00,6157.492298,6157.492298,0.000000
2026-06-22T08:00:00+00:00,6157.492298,6157.492298,0.000000
2026-06-22T09:00:00+00:00,6157.492298,6157.492298,0.000000
2026-06-22T10:00:00+00:00,6157.492298,6157.492298,0.000000
2026-06-22T11:00:00+00:00,6157.492298,6157.492298,0.000000
2026-06-22T12:00:00+00:00,6157.492298,6157.492298,0.000000
2026-06-22T13:00:00+00:00,6157.492298,6157.492298,0.000000
2026-06-22T14:00:00+00:00,6153.181438,-4.310860,6157.492298
2026-06-22T15:00:00+00:00,6112.001832,6112.001832,0.000000
2026-06-22T16:00:00+00:00,6107.724041,-1.832989,6112.001832
2026-06-22T17:00:00+00:00,6095.658051,-4.270560,6099.928611
2026-06-22T18:00:00+00:00,6066.597677,6066.597677,0.000000
2026-06-22T19:00:00+00:00,6066.597677,6066.597677,0.000000
2026-06-22T20:00:00+00:00,6066.597677,6066.597677,0.000000
2026-06-22T21:00:00+00:00,6066.597677,6066.597677,0.000000
2026-06-22T22:00:00+00:00,6066.597677,6066.597677,0.000000
2026-06-22T23:00:00+00:00,6066.597677,6066.597677,0.000000
2026-06-23T00:00:00+00:00,6066.597677,6066.597677,0.000000
2026-06-23T01:00:00+00:00,6066.597677,6066.597677,0.000000
2026-06-23T02:00:00+00:00,6066.597677,6066.597677,0.000000
2026-06-23T03:00:00+00:00,6066.597677,6066.597677,0.000000
2026-06-23T04:00:00+00:00,6066.597677,6066.597677,0.000000
2026-06-23T05:00:00+00:00,6066.597677,6066.597677,0.000000
2026-06-23T06:00:00+00:00,6066.597677,6066.597677,0.000000
2026-06-23T07:00:00+00:00,6066.597677,6066.597677,0.000000
2026-06-23T08:00:00+00:00,6066.597677,6066.597677,0.000000
2026-06-23T09:00:00+00:00,6066.597677,6066.597677,0.000000
2026-06-23T10:00:00+00:00,6066.597677,6066.597677,0.000000
2026-06-23T11:00:00+00:00,6062.351665,-1.819373,6066.597677
2026-06-23T12:00:00+00:00,6085.376887,-1.819373,6043.572456
2026-06-23T13:00:00+00:00,6067.417531,6067.417531,0.000000
2026-06-23T14:00:00+00:00,6067.417531,6067.417531,0.000000
2026-06-23T15:00:00+00:00,6067.417531,6067.417531,0.000000
2026-06-23T16:00:00+00:00,6067.417531,6067.417531,0.000000
2026-06-23T17:00:00+00:00,6067.417531,6067.417531,0.000000
2026-06-23T18:00:00+00:00,6067.417531,6067.417531,0.000000
2026-06-23T19:00:00+00:00,6067.417531,6067.417531,0.000000
2026-06-23T20:00:00+00:00,6067.417531,6067.417531,0.000000
2026-06-23T21:00:00+00:00,6067.417531,6067.417531,0.000000
2026-06-23T22:00:00+00:00,6067.417531,6067.417531,0.000000
2026-06-23T23:00:00+00:00,6067.417531,6067.417531,0.000000
2026-06-24T00:00:00+00:00,6067.417531,6067.417531,0.000000
2026-06-24T01:00:00+00:00,6067.417531,6067.417531,0.000000
2026-06-24T02:00:00+00:00,6067.417531,6067.417531,0.000000
2026-06-24T03:00:00+00:00,6067.417531,6067.417531,0.000000
2026-06-24T04:00:00+00:00,6067.417531,6067.417531,0.000000
2026-06-24T05:00:00+00:00,6067.417531,6067.417531,0.000000
2026-06-24T06:00:00+00:00,6067.417531,6067.417531,0.000000
2026-06-24T07:00:00+00:00,6067.417531,6067.417531,0.000000
2026-06-24T08:00:00+00:00,6067.417531,6067.417531,0.000000
2026-06-24T09:00:00+00:00,6067.417531,6067.417531,0.000000
2026-06-24T10:00:00+00:00,6067.417531,6067.417531,0.000000
2026-06-24T11:00:00+00:00,6067.417531,6067.417531,0.000000
2026-06-24T12:00:00+00:00,6067.417531,6067.417531,0.000000
2026-06-24T13:00:00+00:00,6067.417531,6067.417531,0.000000
2026-06-24T14:00:00+00:00,6067.417531,6067.417531,0.000000
2026-06-24T15:00:00+00:00,6067.417531,6067.417531,0.000000
2026-06-24T16:00:00+00:00,6067.417531,6067.417531,0.000000
2026-06-24T17:00:00+00:00,6067.417531,6067.417531,0.000000
2026-06-24T18:00:00+00:00,6067.417531,6067.417531,0.000000
2026-06-24T19:00:00+00:00,6067.417531,6067.417531,0.000000
2026-06-24T20:00:00+00:00,6067.417531,6067.417531,0.000000
2026-06-24T21:00:00+00:00,6067.417531,6067.417531,0.000000
2026-06-24T22:00:00+00:00,6067.417531,6067.417531,0.000000
2026-06-24T23:00:00+00:00,6067.417531,6067.417531,0.000000
2026-06-25T00:00:00+00:00,6067.417531,6067.417531,0.000000
2026-06-25T01:00:00+00:00,6067.417531,6067.417531,0.000000
2026-06-25T02:00:00+00:00,6067.417531,6067.417531,0.000000
2026-06-25T03:00:00+00:00,6067.417531,6067.417531,0.000000
2026-06-25T04:00:00+00:00,6067.417531,6067.417531,0.000000
2026-06-25T05:00:00+00:00,6067.417531,6067.417531,0.000000
2026-06-25T06:00:00+00:00,6067.417531,6067.417531,0.000000
2026-06-25T07:00:00+00:00,6067.417531,6067.417531,0.000000
2026-06-25T08:00:00+00:00,6067.417531,6067.417531,0.000000
2026-06-25T09:00:00+00:00,6067.417531,6067.417531,0.000000
2026-06-25T10:00:00+00:00,6063.169732,-4.247799,6067.417531
2026-06-25T11:00:00+00:00,6050.188126,-4.247799,6054.435925
2026-06-25T12:00:00+00:00,6055.458372,6055.458372,0.000000
2026-06-25T13:00:00+00:00,6055.458372,6055.458372,0.000000
2026-06-25T14:00:00+00:00,6055.458372,6055.458372,0.000000
2026-06-25T15:00:00+00:00,6055.458372,6055.458372,0.000000
2026-06-25T16:00:00+00:00,6055.458372,6055.458372,0.000000
2026-06-25T17:00:00+00:00,6055.458372,6055.458372,0.000000
2026-06-25T18:00:00+00:00,6055.458372,6055.458372,0.000000
2026-06-25T19:00:00+00:00,6055.458372,6055.458372,0.000000
2026-06-25T20:00:00+00:00,6055.458372,6055.458372,0.000000
2026-06-25T21:00:00+00:00,6055.458372,6055.458372,0.000000
2026-06-25T22:00:00+00:00,6055.458372,6055.458372,0.000000
2026-06-25T23:00:00+00:00,6055.458372,6055.458372,0.000000
2026-06-26T00:00:00+00:00,6055.458372,6055.458372,0.000000
2026-06-26T01:00:00+00:00,6055.458372,6055.458372,0.000000
2026-06-26T02:00:00+00:00,6055.458372,6055.458372,0.000000
2026-06-26T03:00:00+00:00,6055.458372,6055.458372,0.000000
2026-06-26T04:00:00+00:00,6055.458372,6055.458372,0.000000
2026-06-26T05:00:00+00:00,6055.458372,6055.458372,0.000000
2026-06-26T06:00:00+00:00,6055.458372,6055.458372,0.000000
2026-06-26T07:00:00+00:00,6055.458372,6055.458372,0.000000
2026-06-26T08:00:00+00:00,6055.458372,6055.458372,0.000000
2026-06-26T09:00:00+00:00,6055.458372,6055.458372,0.000000
2026-06-26T10:00:00+00:00,6055.458372,6055.458372,0.000000
2026-06-26T11:00:00+00:00,6055.458372,6055.458372,0.000000
2026-06-26T12:00:00+00:00,6055.458372,6055.458372,0.000000
2026-06-26T13:00:00+00:00,6051.220156,-1.816032,6055.458372
2026-06-26T14:00:00+00:00,6061.193033,6061.193033,0.000000
2026-06-26T15:00:00+00:00,6061.193033,6061.193033,0.000000
2026-06-26T16:00:00+00:00,6061.193033,6061.193033,0.000000
2026-06-26T17:00:00+00:00,6061.193033,6061.193033,0.000000
2026-06-26T18:00:00+00:00,6061.193033,6061.193033,0.000000
2026-06-26T19:00:00+00:00,6061.193033,6061.193033,0.000000
2026-06-26T20:00:00+00:00,6061.193033,6061.193033,0.000000
2026-06-26T21:00:00+00:00,6061.193033,6061.193033,0.000000
2026-06-26T22:00:00+00:00,6061.193033,6061.193033,0.000000
2026-06-26T23:00:00+00:00,6061.193033,6061.193033,0.000000
2026-06-27T00:00:00+00:00,6061.193033,6061.193033,0.000000
2026-06-27T01:00:00+00:00,6061.193033,6061.193033,0.000000
2026-06-27T02:00:00+00:00,6061.193033,6061.193033,0.000000
2026-06-27T03:00:00+00:00,6061.193033,6061.193033,0.000000
2026-06-27T04:00:00+00:00,6061.193033,6061.193033,0.000000
2026-06-27T05:00:00+00:00,6061.193033,6061.193033,0.000000
2026-06-27T06:00:00+00:00,6061.193033,6061.193033,0.000000
2026-06-27T07:00:00+00:00,6061.193033,6061.193033,0.000000
2026-06-27T08:00:00+00:00,6061.193033,6061.193033,0.000000
2026-06-27T09:00:00+00:00,6061.193033,6061.193033,0.000000
2026-06-27T10:00:00+00:00,6061.193033,6061.193033,0.000000
2026-06-27T11:00:00+00:00,6061.193033,6061.193033,0.000000
2026-06-27T12:00:00+00:00,6061.193033,6061.193033,0.000000
2026-06-27T13:00:00+00:00,6061.193033,6061.193033,0.000000
2026-06-27T14:00:00+00:00,6061.193033,6061.193033,0.000000
2026-06-27T15:00:00+00:00,6061.193033,6061.193033,0.000000
2026-06-27T16:00:00+00:00,6061.193033,6061.193033,0.000000
2026-06-27T17:00:00+00:00,6061.193033,6061.193033,0.000000
2026-06-27T18:00:00+00:00,6056.949592,-4.243441,6061.193033
2026-06-27T19:00:00+00:00,5981.220807,5981.220807,0.000000
2026-06-27T20:00:00+00:00,5981.220807,5981.220807,0.000000
2026-06-27T21:00:00+00:00,5981.220807,5981.220807,0.000000
2026-06-27T22:00:00+00:00,5981.220807,5981.220807,0.000000
2026-06-27T23:00:00+00:00,5981.220807,5981.220807,0.000000
2026-06-28T00:00:00+00:00,5981.220807,5981.220807,0.000000
2026-06-28T01:00:00+00:00,5981.220807,5981.220807,0.000000
2026-06-28T02:00:00+00:00,5981.220807,5981.220807,0.000000
2026-06-28T03:00:00+00:00,5981.220807,5981.220807,0.000000
2026-06-28T04:00:00+00:00,5981.220807,5981.220807,0.000000
2026-06-28T05:00:00+00:00,5981.220807,5981.220807,0.000000
2026-06-28T06:00:00+00:00,5981.220807,5981.220807,0.000000
2026-06-28T07:00:00+00:00,5981.220807,5981.220807,0.000000
2026-06-28T08:00:00+00:00,5981.220807,5981.220807,0.000000
2026-06-28T09:00:00+00:00,5981.220807,5981.220807,0.000000
2026-06-28T10:00:00+00:00,5981.220807,5981.220807,0.000000
2026-06-28T11:00:00+00:00,5981.220807,5981.220807,0.000000
2026-06-28T12:00:00+00:00,5977.034550,-1.793768,5981.220807
2026-06-28T13:00:00+00:00,5991.583721,-1.793768,5966.671636
2026-06-28T14:00:00+00:00,5984.970462,-1.793768,5973.284895
2026-06-28T15:00:00+00:00,5987.426815,-1.793768,5970.828542
2026-06-28T16:00:00+00:00,5985.572769,-4.193435,5989.766205
2026-06-28T17:00:00+00:00,5950.867543,5950.867543,0.000000
2026-06-28T18:00:00+00:00,5950.867543,5950.867543,0.000000
2026-06-28T19:00:00+00:00,5950.867543,5950.867543,0.000000
2026-06-28T20:00:00+00:00,5950.867543,5950.867543,0.000000
2026-06-28T21:00:00+00:00,5950.867543,5950.867543,0.000000
2026-06-28T22:00:00+00:00,5950.867543,5950.867543,0.000000
2026-06-28T23:00:00+00:00,5950.867543,5950.867543,0.000000
2026-06-29T00:00:00+00:00,5950.867543,5950.867543,0.000000
2026-06-29T01:00:00+00:00,5950.867543,5950.867543,0.000000
2026-06-29T02:00:00+00:00,5950.867543,5950.867543,0.000000
2026-06-29T03:00:00+00:00,5950.867543,5950.867543,0.000000
2026-06-29T04:00:00+00:00,5950.867543,5950.867543,0.000000
2026-06-29T05:00:00+00:00,5950.867543,5950.867543,0.000000
2026-06-29T06:00:00+00:00,5950.867543,5950.867543,0.000000
2026-06-29T07:00:00+00:00,5950.867543,5950.867543,0.000000
2026-06-29T08:00:00+00:00,5950.867543,5950.867543,0.000000
2026-06-29T09:00:00+00:00,5950.867543,5950.867543,0.000000
2026-06-29T10:00:00+00:00,5950.867543,5950.867543,0.000000
2026-06-29T11:00:00+00:00,5950.867543,5950.867543,0.000000
2026-06-29T12:00:00+00:00,5950.867543,5950.867543,0.000000
2026-06-29T13:00:00+00:00,5950.867543,5950.867543,0.000000
2026-06-29T14:00:00+00:00,5950.867543,5950.867543,0.000000
2026-06-29T15:00:00+00:00,5950.867543,5950.867543,0.000000
2026-06-29T16:00:00+00:00,5950.867543,5950.867543,0.000000
2026-06-29T17:00:00+00:00,5950.867543,5950.867543,0.000000
2026-06-29T18:00:00+00:00,5950.867543,5950.867543,0.000000
2026-06-29T19:00:00+00:00,5950.867543,5950.867543,0.000000
2026-06-29T20:00:00+00:00,5950.867543,5950.867543,0.000000
2026-06-29T21:00:00+00:00,5950.867543,5950.867543,0.000000
2026-06-29T22:00:00+00:00,5950.867543,5950.867543,0.000000
2026-06-29T23:00:00+00:00,5950.867543,5950.867543,0.000000
2026-06-30T00:00:00+00:00,5950.867543,5950.867543,0.000000
2026-06-30T01:00:00+00:00,5950.867543,5950.867543,0.000000
2026-06-30T02:00:00+00:00,5950.867543,5950.867543,0.000000
2026-06-30T03:00:00+00:00,5950.867543,5950.867543,0.000000
2026-06-30T04:00:00+00:00,5950.867543,5950.867543,0.000000
2026-06-30T05:00:00+00:00,5950.867543,5950.867543,0.000000
2026-06-30T06:00:00+00:00,5950.867543,5950.867543,0.000000
2026-06-30T07:00:00+00:00,5950.867543,5950.867543,0.000000
2026-06-30T08:00:00+00:00,5950.867543,5950.867543,0.000000
2026-06-30T09:00:00+00:00,5950.867543,5950.867543,0.000000
2026-06-30T10:00:00+00:00,5950.867543,5950.867543,0.000000
2026-06-30T11:00:00+00:00,5950.867543,5950.867543,0.000000
2026-06-30T12:00:00+00:00,5950.867543,5950.867543,0.000000
2026-06-30T13:00:00+00:00,5950.867543,5950.867543,0.000000
2026-06-30T14:00:00+00:00,5950.867543,5950.867543,0.000000
2026-06-30T15:00:00+00:00,5950.867543,5950.867543,0.000000
2026-06-30T16:00:00+00:00,5946.702531,-1.784665,5950.867543
2026-06-30T17:00:00+00:00,5952.192261,-1.784665,5945.377813
2026-06-30T18:00:00+00:00,5909.981033,5909.981033,0.000000
2026-06-30T19:00:00+00:00,5909.981033,5909.981033,0.000000
2026-06-30T20:00:00+00:00,5909.981033,5909.981033,0.000000
2026-06-30T21:00:00+00:00,5909.981033,5909.981033,0.000000
2026-06-30T22:00:00+00:00,5909.981033,5909.981033,0.000000
2026-06-30T23:00:00+00:00,5909.981033,5909.981033,0.000000
2026-07-01T00:00:00+00:00,5909.981033,5909.981033,0.000000
2026-07-01T01:00:00+00:00,5909.981033,5909.981033,0.000000
2026-07-01T02:00:00+00:00,5909.981033,5909.981033,0.000000
2026-07-01T03:00:00+00:00,5909.981033,5909.981033,0.000000
2026-07-01T04:00:00+00:00,5909.981033,5909.981033,0.000000
2026-07-01T05:00:00+00:00,5909.981033,5909.981033,0.000000
2026-07-01T06:00:00+00:00,5909.981033,5909.981033,0.000000
2026-07-01T07:00:00+00:00,5909.981033,5909.981033,0.000000
2026-07-01T08:00:00+00:00,5909.981033,5909.981033,0.000000
2026-07-01T09:00:00+00:00,5909.981033,5909.981033,0.000000
2026-07-01T10:00:00+00:00,5909.981033,5909.981033,0.000000
2026-07-01T11:00:00+00:00,5909.981033,5909.981033,0.000000
2026-07-01T12:00:00+00:00,5909.981033,5909.981033,0.000000
2026-07-01T13:00:00+00:00,5909.981033,5909.981033,0.000000
2026-07-01T14:00:00+00:00,5909.981033,5909.981033,0.000000
2026-07-01T15:00:00+00:00,5909.981033,5909.981033,0.000000
2026-07-01T16:00:00+00:00,5909.981033,5909.981033,0.000000
2026-07-01T17:00:00+00:00,5909.981033,5909.981033,0.000000
2026-07-01T18:00:00+00:00,5909.981033,5909.981033,0.000000
2026-07-01T19:00:00+00:00,5909.981033,5909.981033,0.000000
2026-07-01T20:00:00+00:00,5909.981033,5909.981033,0.000000
2026-07-01T21:00:00+00:00,5909.981033,5909.981033,0.000000
2026-07-01T22:00:00+00:00,5909.981033,5909.981033,0.000000
2026-07-01T23:00:00+00:00,5909.981033,5909.981033,0.000000
2026-07-02T00:00:00+00:00,5909.981033,5909.981033,0.000000
2026-07-02T01:00:00+00:00,5909.981033,5909.981033,0.000000
2026-07-02T02:00:00+00:00,5909.981033,5909.981033,0.000000
2026-07-02T03:00:00+00:00,5909.981033,5909.981033,0.000000
2026-07-02T04:00:00+00:00,5909.981033,5909.981033,0.000000
2026-07-02T05:00:00+00:00,5905.843455,-4.137578,5909.981033
2026-07-02T06:00:00+00:00,5869.809247,-1.761589,5873.920404
2026-07-02T07:00:00+00:00,5879.972368,-1.761589,5863.757284
2026-07-02T08:00:00+00:00,5848.031133,-1.761589,5895.698519
2026-07-02T09:00:00+00:00,5796.350237,5796.350237,0.000000
2026-07-02T10:00:00+00:00,5796.350237,5796.350237,0.000000
2026-07-02T11:00:00+00:00,5796.350237,5796.350237,0.000000
2026-07-02T12:00:00+00:00,5796.350237,5796.350237,0.000000
2026-07-02T13:00:00+00:00,5796.350237,5796.350237,0.000000
2026-07-02T14:00:00+00:00,5796.350237,5796.350237,0.000000
2026-07-02T15:00:00+00:00,5796.350237,5796.350237,0.000000
2026-07-02T16:00:00+00:00,5796.350237,5796.350237,0.000000
2026-07-02T17:00:00+00:00,5796.350237,5796.350237,0.000000
2026-07-02T18:00:00+00:00,5796.350237,5796.350237,0.000000
2026-07-02T19:00:00+00:00,5796.350237,5796.350237,0.000000
2026-07-02T20:00:00+00:00,5796.350237,5796.350237,0.000000
2026-07-02T21:00:00+00:00,5796.350237,5796.350237,0.000000
2026-07-02T22:00:00+00:00,5796.350237,5796.350237,0.000000
2026-07-02T23:00:00+00:00,5796.350237,5796.350237,0.000000
2026-07-03T00:00:00+00:00,5796.350237,5796.350237,0.000000
2026-07-03T01:00:00+00:00,5796.350237,5796.350237,0.000000
2026-07-03T02:00:00+00:00,5796.350237,5796.350237,0.000000
2026-07-03T03:00:00+00:00,5796.350237,5796.350237,0.000000
2026-07-03T04:00:00+00:00,5796.350237,5796.350237,0.000000
2026-07-03T05:00:00+00:00,5796.350237,5796.350237,0.000000
2026-07-03T06:00:00+00:00,5796.350237,5796.350237,0.000000
2026-07-03T07:00:00+00:00,5796.350237,5796.350237,0.000000
2026-07-03T08:00:00+00:00,5796.350237,5796.350237,0.000000
2026-07-03T09:00:00+00:00,5796.350237,5796.350237,0.000000
2026-07-03T10:00:00+00:00,5796.350237,5796.350237,0.000000
2026-07-03T11:00:00+00:00,5796.350237,5796.350237,0.000000
2026-07-03T12:00:00+00:00,5792.292212,-4.058025,5796.350237
2026-07-03T13:00:00+00:00,5799.000686,5799.000686,0.000000
2026-07-03T14:00:00+00:00,5799.000686,5799.000686,0.000000
2026-07-03T15:00:00+00:00,5799.000686,5799.000686,0.000000
2026-07-03T16:00:00+00:00,5799.000686,5799.000686,0.000000
2026-07-03T17:00:00+00:00,5799.000686,5799.000686,0.000000
2026-07-03T18:00:00+00:00,5799.000686,5799.000686,0.000000
2026-07-03T19:00:00+00:00,5799.000686,5799.000686,0.000000
2026-07-03T20:00:00+00:00,5799.000686,5799.000686,0.000000
2026-07-03T21:00:00+00:00,5799.000686,5799.000686,0.000000
2026-07-03T22:00:00+00:00,5799.000686,5799.000686,0.000000
2026-07-03T23:00:00+00:00,5799.000686,5799.000686,0.000000
2026-07-04T00:00:00+00:00,5799.000686,5799.000686,0.000000
2026-07-04T01:00:00+00:00,5799.000686,5799.000686,0.000000
2026-07-04T02:00:00+00:00,5799.000686,5799.000686,0.000000
2026-07-04T03:00:00+00:00,5794.941966,-1.739120,5799.000686
2026-07-04T04:00:00+00:00,5769.638318,-1.739120,5824.304334
2026-07-04T05:00:00+00:00,5787.995866,-1.739120,5805.946786
2026-07-04T06:00:00+00:00,5792.130449,-1.739120,5801.812203
2026-07-04T07:00:00+00:00,5781.049767,-1.739120,5812.892885
2026-07-04T08:00:00+00:00,5752.965579,5752.965579,0.000000
2026-07-04T09:00:00+00:00,5752.965579,5752.965579,0.000000
2026-07-04T10:00:00+00:00,5752.965579,5752.965579,0.000000
2026-07-04T11:00:00+00:00,5752.965579,5752.965579,0.000000
2026-07-04T12:00:00+00:00,5752.965579,5752.965579,0.000000
2026-07-04T13:00:00+00:00,5752.965579,5752.965579,0.000000
2026-07-04T14:00:00+00:00,5752.965579,5752.965579,0.000000
2026-07-04T15:00:00+00:00,5752.965579,5752.965579,0.000000
2026-07-04T16:00:00+00:00,5752.965579,5752.965579,0.000000
2026-07-04T17:00:00+00:00,5752.965579,5752.965579,0.000000
2026-07-04T18:00:00+00:00,5752.965579,5752.965579,0.000000
2026-07-04T19:00:00+00:00,5752.965579,5752.965579,0.000000
2026-07-04T20:00:00+00:00,5752.965579,5752.965579,0.000000
2026-07-04T21:00:00+00:00,5752.965579,5752.965579,0.000000
2026-07-04T22:00:00+00:00,5752.965579,5752.965579,0.000000
2026-07-04T23:00:00+00:00,5748.937927,-4.027651,5752.965579
2026-07-05T00:00:00+00:00,5722.759437,-4.027651,5726.787089
2026-07-05T01:00:00+00:00,5700.060504,5700.060504,0.000000
2026-07-05T02:00:00+00:00,5700.060504,5700.060504,0.000000
2026-07-05T03:00:00+00:00,5700.060504,5700.060504,0.000000
2026-07-05T04:00:00+00:00,5700.060504,5700.060504,0.000000
2026-07-05T05:00:00+00:00,5700.060504,5700.060504,0.000000
2026-07-05T06:00:00+00:00,5700.060504,5700.060504,0.000000
2026-07-05T07:00:00+00:00,5700.060504,5700.060504,0.000000
2026-07-05T08:00:00+00:00,5700.060504,5700.060504,0.000000
2026-07-05T09:00:00+00:00,5700.060504,5700.060504,0.000000
2026-07-05T10:00:00+00:00,5700.060504,5700.060504,0.000000
2026-07-05T11:00:00+00:00,5700.060504,5700.060504,0.000000
2026-07-05T12:00:00+00:00,5696.071031,-1.709448,5700.060504
2026-07-05T13:00:00+00:00,5692.679004,-1.709448,5703.452532
2026-07-05T14:00:00+00:00,5672.326836,-1.709448,5723.804699
2026-07-05T15:00:00+00:00,5659.482516,5659.482516,0.000000
2026-07-05T16:00:00+00:00,5659.482516,5659.482516,0.000000
2026-07-05T17:00:00+00:00,5659.482516,5659.482516,0.000000
2026-07-05T18:00:00+00:00,5659.482516,5659.482516,0.000000
2026-07-05T19:00:00+00:00,5659.482516,5659.482516,0.000000
2026-07-05T20:00:00+00:00,5659.482516,5659.482516,0.000000
2026-07-05T21:00:00+00:00,5659.482516,5659.482516,0.000000
2026-07-05T22:00:00+00:00,5659.482516,5659.482516,0.000000
2026-07-05T23:00:00+00:00,5659.482516,5659.482516,0.000000
2026-07-06T00:00:00+00:00,5659.482516,5659.482516,0.000000
2026-07-06T01:00:00+00:00,5659.482516,5659.482516,0.000000
2026-07-06T02:00:00+00:00,5659.482516,5659.482516,0.000000
2026-07-06T03:00:00+00:00,5659.482516,5659.482516,0.000000
2026-07-06T04:00:00+00:00,5659.482516,5659.482516,0.000000
2026-07-06T05:00:00+00:00,5659.482516,5659.482516,0.000000
2026-07-06T06:00:00+00:00,5655.520312,-3.962204,5659.482516
2026-07-06T07:00:00+00:00,5664.159767,-3.962204,5668.121970
2026-07-06T08:00:00+00:00,5635.180068,5635.180068,0.000000
2026-07-06T09:00:00+00:00,5635.180068,5635.180068,0.000000
2026-07-06T10:00:00+00:00,5635.180068,5635.180068,0.000000
2026-07-06T11:00:00+00:00,5635.180068,5635.180068,0.000000
2026-07-06T12:00:00+00:00,5635.180068,5635.180068,0.000000
2026-07-06T13:00:00+00:00,5635.180068,5635.180068,0.000000
2026-07-06T14:00:00+00:00,5635.180068,5635.180068,0.000000
2026-07-06T15:00:00+00:00,5635.180068,5635.180068,0.000000
2026-07-06T16:00:00+00:00,5635.180068,5635.180068,0.000000
2026-07-06T17:00:00+00:00,5635.180068,5635.180068,0.000000
2026-07-06T18:00:00+00:00,5635.180068,5635.180068,0.000000
2026-07-06T19:00:00+00:00,5635.180068,5635.180068,0.000000
2026-07-06T20:00:00+00:00,5635.180068,5635.180068,0.000000
2026-07-06T21:00:00+00:00,5635.180068,5635.180068,0.000000
2026-07-06T22:00:00+00:00,5635.180068,5635.180068,0.000000
2026-07-06T23:00:00+00:00,5635.180068,5635.180068,0.000000
2026-07-07T00:00:00+00:00,5635.180068,5635.180068,0.000000
2026-07-07T01:00:00+00:00,5635.180068,5635.180068,0.000000
2026-07-07T02:00:00+00:00,5635.180068,5635.180068,0.000000
2026-07-07T03:00:00+00:00,5635.180068,5635.180068,0.000000
2026-07-07T04:00:00+00:00,5631.236005,-1.689991,5635.180068
2026-07-07T05:00:00+00:00,5611.312895,5611.312895,0.000000
2026-07-07T06:00:00+00:00,5611.312895,5611.312895,0.000000
2026-07-07T07:00:00+00:00,5611.312895,5611.312895,0.000000
2026-07-07T08:00:00+00:00,5611.312895,5611.312895,0.000000
2026-07-07T09:00:00+00:00,5611.312895,5611.312895,0.000000
2026-07-07T10:00:00+00:00,5611.312895,5611.312895,0.000000
2026-07-07T11:00:00+00:00,5611.312895,5611.312895,0.000000
2026-07-07T12:00:00+00:00,5611.312895,5611.312895,0.000000
2026-07-07T13:00:00+00:00,5611.312895,5611.312895,0.000000
2026-07-07T14:00:00+00:00,5611.312895,5611.312895,0.000000
2026-07-07T15:00:00+00:00,5611.312895,5611.312895,0.000000
2026-07-07T16:00:00+00:00,5611.312895,5611.312895,0.000000
2026-07-07T17:00:00+00:00,5611.312895,5611.312895,0.000000
2026-07-07T18:00:00+00:00,5611.312895,5611.312895,0.000000
2026-07-07T19:00:00+00:00,5611.312895,5611.312895,0.000000
2026-07-07T20:00:00+00:00,5611.312895,5611.312895,0.000000
2026-07-07T21:00:00+00:00,5611.312895,5611.312895,0.000000
2026-07-07T22:00:00+00:00,5611.312895,5611.312895,0.000000
2026-07-07T23:00:00+00:00,5611.312895,5611.312895,0.000000
2026-07-08T00:00:00+00:00,5611.312895,5611.312895,0.000000
2026-07-08T01:00:00+00:00,5611.312895,5611.312895,0.000000
2026-07-08T02:00:00+00:00,5611.312895,5611.312895,0.000000
2026-07-08T03:00:00+00:00,5611.312895,5611.312895,0.000000
2026-07-08T04:00:00+00:00,5611.312895,5611.312895,0.000000
2026-07-08T05:00:00+00:00,5611.312895,5611.312895,0.000000
2026-07-08T06:00:00+00:00,5611.312895,5611.312895,0.000000
2026-07-08T07:00:00+00:00,5611.312895,5611.312895,0.000000
2026-07-08T07:00:00+00:00,5611.312895,5611.312895,0.000000
