ts,equity,cash,position_value
2026-04-09T08:00:00+00:00,10000.000000,10000.000000,0.000000
2026-04-09T09:00:00+00:00,10000.000000,10000.000000,0.000000
2026-04-09T10:00:00+00:00,10000.000000,10000.000000,0.000000
2026-04-09T11:00:00+00:00,10000.000000,10000.000000,0.000000
2026-04-09T12:00:00+00:00,10000.000000,10000.000000,0.000000
2026-04-09T13:00:00+00:00,10000.000000,10000.000000,0.000000
2026-04-09T14:00:00+00:00,10000.000000,10000.000000,0.000000
2026-04-09T15:00:00+00:00,10000.000000,10000.000000,0.000000
2026-04-09T16:00:00+00:00,10000.000000,10000.000000,0.000000
2026-04-09T17:00:00+00:00,10000.000000,10000.000000,0.000000
2026-04-09T18:00:00+00:00,10000.000000,10000.000000,0.000000
2026-04-09T19:00:00+00:00,10000.000000,10000.000000,0.000000
2026-04-09T20:00:00+00:00,10000.000000,10000.000000,0.000000
2026-04-09T21:00:00+00:00,10000.000000,10000.000000,0.000000
2026-04-09T22:00:00+00:00,10000.000000,10000.000000,0.000000
2026-04-09T23:00:00+00:00,10000.000000,10000.000000,0.000000
2026-04-10T00:00:00+00:00,10000.000000,10000.000000,0.000000
2026-04-10T01:00:00+00:00,10000.000000,10000.000000,0.000000
2026-04-10T02:00:00+00:00,10000.000000,10000.000000,0.000000
2026-04-10T03:00:00+00:00,10000.000000,10000.000000,0.000000
2026-04-10T04:00:00+00:00,10000.000000,10000.000000,0.000000
2026-04-10T05:00:00+00:00,9992.999000,-7.001000,10000.000000
2026-04-10T06:00:00+00:00,9930.137785,-2.980134,9937.092756
2026-04-10T07:00:00+00:00,9960.370733,-2.980134,9906.859808
2026-04-10T08:00:00+00:00,9932.865570,-2.980134,9934.364972
2026-04-10T09:00:00+00:00,9889.945886,9889.945886,0.000000
2026-04-10T10:00:00+00:00,9889.945886,9889.945886,0.000000
2026-04-10T11:00:00+00:00,9883.021934,-6.923951,9889.945886
2026-04-10T12:00:00+00:00,9853.685591,9853.685591,0.000000
2026-04-10T13:00:00+00:00,9853.685591,9853.685591,0.000000
2026-04-10T14:00:00+00:00,9853.685591,9853.685591,0.000000
2026-04-10T15:00:00+00:00,9853.685591,9853.685591,0.000000
2026-04-10T16:00:00+00:00,9853.685591,9853.685591,0.000000
2026-04-10T17:00:00+00:00,9853.685591,9853.685591,0.000000
2026-04-10T18:00:00+00:00,9853.685591,9853.685591,0.000000
2026-04-10T19:00:00+00:00,9853.685591,9853.685591,0.000000
2026-04-10T20:00:00+00:00,9853.685591,9853.685591,0.000000
2026-04-10T21:00:00+00:00,9853.685591,9853.685591,0.000000
2026-04-10T22:00:00+00:00,9853.685591,9853.685591,0.000000
2026-04-10T23:00:00+00:00,9853.685591,9853.685591,0.000000
2026-04-11T00:00:00+00:00,9853.685591,9853.685591,0.000000
2026-04-11T01:00:00+00:00,9853.685591,9853.685591,0.000000
2026-04-11T02:00:00+00:00,9853.685591,9853.685591,0.000000
2026-04-11T03:00:00+00:00,9853.685591,9853.685591,0.000000
2026-04-11T04:00:00+00:00,9853.685591,9853.685591,0.000000
2026-04-11T05:00:00+00:00,9853.685591,9853.685591,0.000000
2026-04-11T06:00:00+00:00,9853.685591,9853.685591,0.000000
2026-04-11T07:00:00+00:00,9853.685591,9853.685591,0.000000
2026-04-11T08:00:00+00:00,9853.685591,9853.685591,0.000000
2026-04-11T09:00:00+00:00,9853.685591,9853.685591,0.000000
2026-04-11T10:00:00+00:00,9853.685591,9853.685591,0.000000
2026-04-11T11:00:00+00:00,9853.685591,9853.685591,0.000000
2026-04-11T12:00:00+00:00,9853.685591,9853.685591,0.000000
2026-04-11T13:00:00+00:00,9853.685591,9853.685591,0.000000
2026-04-11T14:00:00+00:00,9853.685591,9853.685591,0.000000
2026-04-11T15:00:00+00:00,9853.685591,9853.685591,0.000000
2026-04-11T16:00:00+00:00,9853.685591,9853.685591,0.000000
2026-04-11T17:00:00+00:00,9853.685591,9853.685591,0.000000
2026-04-11T18:00:00+00:00,9853.685591,9853.685591,0.000000
2026-04-11T19:00:00+00:00,9853.685591,9853.685591,0.000000
2026-04-11T20:00:00+00:00,9853.685591,9853.685591,0.000000
2026-04-11T21:00:00+00:00,9853.685591,9853.685591,0.000000
2026-04-11T22:00:00+00:00,9853.685591,9853.685591,0.000000
2026-04-11T23:00:00+00:00,9853.685591,9853.685591,0.000000
2026-04-12T00:00:00+00:00,9853.685591,9853.685591,0.000000
2026-04-12T01:00:00+00:00,9853.685591,9853.685591,0.000000
2026-04-12T02:00:00+00:00,9853.685591,9853.685591,0.000000
2026-04-12T03:00:00+00:00,9846.788997,-2.955120,9853.685591
2026-04-12T04:00:00+00:00,9854.358138,-2.955120,9846.116451
2026-04-12T05:00:00+00:00,9831.650715,-2.955120,9868.823873
2026-04-12T06:00:00+00:00,9836.548395,-2.955120,9863.926194
2026-04-12T07:00:00+00:00,9827.643523,-2.955120,9872.831065
2026-04-12T08:00:00+00:00,9845.898510,-2.955120,9854.576079
2026-04-12T09:00:00+00:00,9845.008023,-2.955120,9855.466566
2026-04-12T10:00:00+00:00,9851.503385,9851.503385,0.000000
2026-04-12T11:00:00+00:00,9851.503385,9851.503385,0.000000
2026-04-12T12:00:00+00:00,9851.503385,9851.503385,0.000000
2026-04-12T13:00:00+00:00,9851.503385,9851.503385,0.000000
2026-04-12T14:00:00+00:00,9851.503385,9851.503385,0.000000
2026-04-12T15:00:00+00:00,9851.503385,9851.503385,0.000000
2026-04-12T16:00:00+00:00,9851.503385,9851.503385,0.000000
2026-04-12T17:00:00+00:00,9851.503385,9851.503385,0.000000
2026-04-12T18:00:00+00:00,9851.503385,9851.503385,0.000000
2026-04-12T19:00:00+00:00,9851.503385,9851.503385,0.000000
2026-04-12T20:00:00+00:00,9851.503385,9851.503385,0.000000
2026-04-12T21:00:00+00:00,9851.503385,9851.503385,0.000000
2026-04-12T22:00:00+00:00,9851.503385,9851.503385,0.000000
2026-04-12T23:00:00+00:00,9851.503385,9851.503385,0.000000
2026-04-13T00:00:00+00:00,9851.503385,9851.503385,0.000000
2026-04-13T01:00:00+00:00,9851.503385,9851.503385,0.000000
2026-04-13T02:00:00+00:00,9851.503385,9851.503385,0.000000
2026-04-13T03:00:00+00:00,9851.503385,9851.503385,0.000000
2026-04-13T04:00:00+00:00,9851.503385,9851.503385,0.000000
2026-04-13T05:00:00+00:00,9851.503385,9851.503385,0.000000
2026-04-13T06:00:00+00:00,9851.503385,9851.503385,0.000000
2026-04-13T07:00:00+00:00,9851.503385,9851.503385,0.000000
2026-04-13T08:00:00+00:00,9851.503385,9851.503385,0.000000
2026-04-13T09:00:00+00:00,9851.503385,9851.503385,0.000000
2026-04-13T10:00:00+00:00,9851.503385,9851.503385,0.000000
2026-04-13T11:00:00+00:00,9851.503385,9851.503385,0.000000
2026-04-13T12:00:00+00:00,9851.503385,9851.503385,0.000000
2026-04-13T13:00:00+00:00,9851.503385,9851.503385,0.000000
2026-04-13T14:00:00+00:00,9844.606347,-6.897038,9851.503385
2026-04-13T15:00:00+00:00,9721.521275,9721.521275,0.000000
2026-04-13T16:00:00+00:00,9721.521275,9721.521275,0.000000
2026-04-13T17:00:00+00:00,9721.521275,9721.521275,0.000000
2026-04-13T18:00:00+00:00,9721.521275,9721.521275,0.000000
2026-04-13T19:00:00+00:00,9721.521275,9721.521275,0.000000
2026-04-13T20:00:00+00:00,9721.521275,9721.521275,0.000000
2026-04-13T21:00:00+00:00,9721.521275,9721.521275,0.000000
2026-04-13T22:00:00+00:00,9721.521275,9721.521275,0.000000
2026-04-13T23:00:00+00:00,9721.521275,9721.521275,0.000000
2026-04-14T00:00:00+00:00,9721.521275,9721.521275,0.000000
2026-04-14T01:00:00+00:00,9721.521275,9721.521275,0.000000
2026-04-14T02:00:00+00:00,9721.521275,9721.521275,0.000000
2026-04-14T03:00:00+00:00,9721.521275,9721.521275,0.000000
2026-04-14T04:00:00+00:00,9721.521275,9721.521275,0.000000
2026-04-14T05:00:00+00:00,9721.521275,9721.521275,0.000000
2026-04-14T06:00:00+00:00,9721.521275,9721.521275,0.000000
2026-04-14T07:00:00+00:00,9721.521275,9721.521275,0.000000
2026-04-14T08:00:00+00:00,9721.521275,9721.521275,0.000000
2026-04-14T09:00:00+00:00,9721.521275,9721.521275,0.000000
2026-04-14T10:00:00+00:00,9721.521275,9721.521275,0.000000
2026-04-14T11:00:00+00:00,9721.521275,9721.521275,0.000000
2026-04-14T12:00:00+00:00,9721.521275,9721.521275,0.000000
2026-04-14T13:00:00+00:00,9721.521275,9721.521275,0.000000
2026-04-14T14:00:00+00:00,9721.521275,9721.521275,0.000000
2026-04-14T15:00:00+00:00,9721.521275,9721.521275,0.000000
2026-04-14T16:00:00+00:00,9721.521275,9721.521275,0.000000
2026-04-14T17:00:00+00:00,9721.521275,9721.521275,0.000000
2026-04-14T18:00:00+00:00,9721.521275,9721.521275,0.000000
2026-04-14T19:00:00+00:00,9721.521275,9721.521275,0.000000
2026-04-14T20:00:00+00:00,9721.521275,9721.521275,0.000000
2026-04-14T21:00:00+00:00,9714.717182,-2.915484,9721.521275
2026-04-14T22:00:00+00:00,9679.895170,9679.895170,0.000000
2026-04-14T23:00:00+00:00,9679.895170,9679.895170,0.000000
2026-04-15T00:00:00+00:00,9679.895170,9679.895170,0.000000
2026-04-15T01:00:00+00:00,9679.895170,9679.895170,0.000000
2026-04-15T02:00:00+00:00,9679.895170,9679.895170,0.000000
2026-04-15T03:00:00+00:00,9679.895170,9679.895170,0.000000
2026-04-15T04:00:00+00:00,9679.895170,9679.895170,0.000000
2026-04-15T05:00:00+00:00,9679.895170,9679.895170,0.000000
2026-04-15T06:00:00+00:00,9679.895170,9679.895170,0.000000
2026-04-15T07:00:00+00:00,9679.895170,9679.895170,0.000000
2026-04-15T08:00:00+00:00,9679.895170,9679.895170,0.000000
2026-04-15T09:00:00+00:00,9679.895170,9679.895170,0.000000
2026-04-15T10:00:00+00:00,9679.895170,9679.895170,0.000000
2026-04-15T11:00:00+00:00,9679.895170,9679.895170,0.000000
2026-04-15T12:00:00+00:00,9679.895170,9679.895170,0.000000
2026-04-15T13:00:00+00:00,9679.895170,9679.895170,0.000000
2026-04-15T14:00:00+00:00,9673.118276,-6.776895,9679.895170
2026-04-15T15:00:00+00:00,9638.225153,9638.225153,0.000000
2026-04-15T16:00:00+00:00,9638.225153,9638.225153,0.000000
2026-04-15T17:00:00+00:00,9638.225153,9638.225153,0.000000
2026-04-15T18:00:00+00:00,9638.225153,9638.225153,0.000000
2026-04-15T19:00:00+00:00,9638.225153,9638.225153,0.000000
2026-04-15T20:00:00+00:00,9638.225153,9638.225153,0.000000
2026-04-15T21:00:00+00:00,9638.225153,9638.225153,0.000000
2026-04-15T22:00:00+00:00,9638.225153,9638.225153,0.000000
2026-04-15T23:00:00+00:00,9638.225153,9638.225153,0.000000
2026-04-16T00:00:00+00:00,9638.225153,9638.225153,0.000000
2026-04-16T01:00:00+00:00,9638.225153,9638.225153,0.000000
2026-04-16T02:00:00+00:00,9638.225153,9638.225153,0.000000
2026-04-16T03:00:00+00:00,9638.225153,9638.225153,0.000000
2026-04-16T04:00:00+00:00,9638.225153,9638.225153,0.000000
2026-04-16T05:00:00+00:00,9638.225153,9638.225153,0.000000
2026-04-16T06:00:00+00:00,9638.225153,9638.225153,0.000000
2026-04-16T07:00:00+00:00,9638.225153,9638.225153,0.000000
2026-04-16T08:00:00+00:00,9638.225153,9638.225153,0.000000
2026-04-16T09:00:00+00:00,9631.479359,-2.890504,9638.225153
2026-04-16T10:00:00+00:00,9656.013548,-2.890504,9613.690964
2026-04-16T11:00:00+00:00,9641.787842,-2.890504,9627.916671
2026-04-16T12:00:00+00:00,9588.956792,9588.956792,0.000000
2026-04-16T13:00:00+00:00,9588.956792,9588.956792,0.000000
2026-04-16T14:00:00+00:00,9588.956792,9588.956792,0.000000
2026-04-16T15:00:00+00:00,9588.956792,9588.956792,0.000000
2026-04-16T16:00:00+00:00,9588.956792,9588.956792,0.000000
2026-04-16T17:00:00+00:00,9588.956792,9588.956792,0.000000
2026-04-16T18:00:00+00:00,9588.956792,9588.956792,0.000000
2026-04-16T19:00:00+00:00,9588.956792,9588.956792,0.000000
2026-04-16T20:00:00+00:00,9588.956792,9588.956792,0.000000
2026-04-16T21:00:00+00:00,9582.243563,-6.713229,9588.956792
2026-04-16T22:00:00+00:00,9587.774472,-6.713229,9594.487700
2026-04-16T23:00:00+00:00,9610.307803,-6.713229,9617.021032
2026-04-17T00:00:00+00:00,9595.353865,-6.713229,9602.067094
2026-04-17T01:00:00+00:00,9555.733175,9555.733175,0.000000
2026-04-17T02:00:00+00:00,9549.045118,-2.865764,9555.733175
2026-04-17T03:00:00+00:00,9575.482366,-2.865764,9529.295927
2026-04-17T04:00:00+00:00,9563.595851,-2.865764,9541.182442
2026-04-17T05:00:00+00:00,9602.739374,-2.865764,9502.038919
2026-04-17T06:00:00+00:00,9554.578495,-2.865764,9550.199798
2026-04-17T07:00:00+00:00,9530.767117,9530.767117,0.000000
2026-04-17T08:00:00+00:00,9530.767117,9530.767117,0.000000
2026-04-17T09:00:00+00:00,9524.094627,-6.672490,9530.767117
2026-04-17T10:00:00+00:00,9449.445794,9449.445794,0.000000
2026-04-17T11:00:00+00:00,9449.445794,9449.445794,0.000000
2026-04-17T12:00:00+00:00,9449.445794,9449.445794,0.000000
2026-04-17T13:00:00+00:00,9449.445794,9449.445794,0.000000
2026-04-17T14:00:00+00:00,9449.445794,9449.445794,0.000000
2026-04-17T15:00:00+00:00,9449.445794,9449.445794,0.000000
2026-04-17T16:00:00+00:00,9449.445794,9449.445794,0.000000
2026-04-17T17:00:00+00:00,9449.445794,9449.445794,0.000000
2026-04-17T18:00:00+00:00,9449.445794,9449.445794,0.000000
2026-04-17T19:00:00+00:00,9449.445794,9449.445794,0.000000
2026-04-17T20:00:00+00:00,9449.445794,9449.445794,0.000000
2026-04-17T21:00:00+00:00,9449.445794,9449.445794,0.000000
2026-04-17T22:00:00+00:00,9449.445794,9449.445794,0.000000
2026-04-17T23:00:00+00:00,9449.445794,9449.445794,0.000000
2026-04-18T00:00:00+00:00,9449.445794,9449.445794,0.000000
2026-04-18T01:00:00+00:00,9449.445794,9449.445794,0.000000
2026-04-18T02:00:00+00:00,9449.445794,9449.445794,0.000000
2026-04-18T03:00:00+00:00,9449.445794,9449.445794,0.000000
2026-04-18T04:00:00+00:00,9449.445794,9449.445794,0.000000
2026-04-18T05:00:00+00:00,9449.445794,9449.445794,0.000000
2026-04-18T06:00:00+00:00,9449.445794,9449.445794,0.000000
2026-04-18T07:00:00+00:00,9449.445794,9449.445794,0.000000
2026-04-18T08:00:00+00:00,9449.445794,9449.445794,0.000000
2026-04-18T09:00:00+00:00,9442.832127,-2.833889,9449.445794
2026-04-18T10:00:00+00:00,9448.477134,9448.477134,0.000000
2026-04-18T11:00:00+00:00,9448.477134,9448.477134,0.000000
2026-04-18T12:00:00+00:00,9448.477134,9448.477134,0.000000
2026-04-18T13:00:00+00:00,9448.477134,9448.477134,0.000000
2026-04-18T14:00:00+00:00,9448.477134,9448.477134,0.000000
2026-04-18T15:00:00+00:00,9448.477134,9448.477134,0.000000
2026-04-18T16:00:00+00:00,9448.477134,9448.477134,0.000000
2026-04-18T17:00:00+00:00,9448.477134,9448.477134,0.000000
2026-04-18T18:00:00+00:00,9448.477134,9448.477134,0.000000
2026-04-18T19:00:00+00:00,9448.477134,9448.477134,0.000000
2026-04-18T20:00:00+00:00,9448.477134,9448.477134,0.000000
2026-04-18T21:00:00+00:00,9448.477134,9448.477134,0.000000
2026-04-18T22:00:00+00:00,9448.477134,9448.477134,0.000000
2026-04-18T23:00:00+00:00,9448.477134,9448.477134,0.000000
2026-04-19T00:00:00+00:00,9448.477134,9448.477134,0.000000
2026-04-19T01:00:00+00:00,9448.477134,9448.477134,0.000000
2026-04-19T02:00:00+00:00,9448.477134,9448.477134,0.000000
2026-04-19T03:00:00+00:00,9448.477134,9448.477134,0.000000
2026-04-19T04:00:00+00:00,9448.477134,9448.477134,0.000000
2026-04-19T05:00:00+00:00,9448.477134,9448.477134,0.000000
2026-04-19T06:00:00+00:00,9448.477134,9448.477134,0.000000
2026-04-19T07:00:00+00:00,9448.477134,9448.477134,0.000000
2026-04-19T08:00:00+00:00,9448.477134,9448.477134,0.000000
2026-04-19T09:00:00+00:00,9448.477134,9448.477134,0.000000
2026-04-19T10:00:00+00:00,9448.477134,9448.477134,0.000000
2026-04-19T11:00:00+00:00,9448.477134,9448.477134,0.000000
2026-04-19T12:00:00+00:00,9448.477134,9448.477134,0.000000
2026-04-19T13:00:00+00:00,9448.477134,9448.477134,0.000000
2026-04-19T14:00:00+00:00,9448.477134,9448.477134,0.000000
2026-04-19T15:00:00+00:00,9448.477134,9448.477134,0.000000
2026-04-19T16:00:00+00:00,9448.477134,9448.477134,0.000000
2026-04-19T17:00:00+00:00,9448.477134,9448.477134,0.000000
2026-04-19T18:00:00+00:00,9448.477134,9448.477134,0.000000
2026-04-19T19:00:00+00:00,9448.477134,9448.477134,0.000000
2026-04-19T20:00:00+00:00,9448.477134,9448.477134,0.000000
2026-04-19T21:00:00+00:00,9448.477134,9448.477134,0.000000
2026-04-19T22:00:00+00:00,9448.477134,9448.477134,0.000000
2026-04-19T23:00:00+00:00,9448.477134,9448.477134,0.000000
2026-04-20T00:00:00+00:00,9448.477134,9448.477134,0.000000
2026-04-20T01:00:00+00:00,9448.477134,9448.477134,0.000000
2026-04-20T02:00:00+00:00,9448.477134,9448.477134,0.000000
2026-04-20T03:00:00+00:00,9448.477134,9448.477134,0.000000
2026-04-20T04:00:00+00:00,9448.477134,9448.477134,0.000000
2026-04-20T05:00:00+00:00,9448.477134,9448.477134,0.000000
2026-04-20T06:00:00+00:00,9448.477134,9448.477134,0.000000
2026-04-20T07:00:00+00:00,9448.477134,9448.477134,0.000000
2026-04-20T08:00:00+00:00,9448.477134,9448.477134,0.000000
2026-04-20T09:00:00+00:00,9448.477134,9448.477134,0.000000
2026-04-20T10:00:00+00:00,9448.477134,9448.477134,0.000000
2026-04-20T11:00:00+00:00,9448.477134,9448.477134,0.000000
2026-04-20T12:00:00+00:00,9441.862255,-6.614879,9448.477134
2026-04-20T13:00:00+00:00,9391.641346,9391.641346,0.000000
2026-04-20T14:00:00+00:00,9391.641346,9391.641346,0.000000
2026-04-20T15:00:00+00:00,9391.641346,9391.641346,0.000000
2026-04-20T16:00:00+00:00,9391.641346,9391.641346,0.000000
2026-04-20T17:00:00+00:00,9391.641346,9391.641346,0.000000
2026-04-20T18:00:00+00:00,9391.641346,9391.641346,0.000000
2026-04-20T19:00:00+00:00,9391.641346,9391.641346,0.000000
2026-04-20T20:00:00+00:00,9391.641346,9391.641346,0.000000
2026-04-20T21:00:00+00:00,9391.641346,9391.641346,0.000000
2026-04-20T22:00:00+00:00,9391.641346,9391.641346,0.000000
2026-04-20T23:00:00+00:00,9391.641346,9391.641346,0.000000
2026-04-21T00:00:00+00:00,9391.641346,9391.641346,0.000000
2026-04-21T01:00:00+00:00,9391.641346,9391.641346,0.000000
2026-04-21T02:00:00+00:00,9391.641346,9391.641346,0.000000
2026-04-21T03:00:00+00:00,9391.641346,9391.641346,0.000000
2026-04-21T04:00:00+00:00,9391.641346,9391.641346,0.000000
2026-04-21T05:00:00+00:00,9391.641346,9391.641346,0.000000
2026-04-21T06:00:00+00:00,9391.641346,9391.641346,0.000000
2026-04-21T07:00:00+00:00,9391.641346,9391.641346,0.000000
2026-04-21T08:00:00+00:00,9391.641346,9391.641346,0.000000
2026-04-21T09:00:00+00:00,9391.641346,9391.641346,0.000000
2026-04-21T10:00:00+00:00,9391.641346,9391.641346,0.000000
2026-04-21T11:00:00+00:00,9391.641346,9391.641346,0.000000
2026-04-21T12:00:00+00:00,9391.641346,9391.641346,0.000000
2026-04-21T13:00:00+00:00,9391.641346,9391.641346,0.000000
2026-04-21T14:00:00+00:00,9385.068137,-2.816553,9391.641346
2026-04-21T15:00:00+00:00,9339.173458,9339.173458,0.000000
2026-04-21T16:00:00+00:00,9339.173458,9339.173458,0.000000
2026-04-21T17:00:00+00:00,9339.173458,9339.173458,0.000000
2026-04-21T18:00:00+00:00,9339.173458,9339.173458,0.000000
2026-04-21T19:00:00+00:00,9339.173458,9339.173458,0.000000
2026-04-21T20:00:00+00:00,9339.173458,9339.173458,0.000000
2026-04-21T21:00:00+00:00,9339.173458,9339.173458,0.000000
2026-04-21T22:00:00+00:00,9339.173458,9339.173458,0.000000
2026-04-21T23:00:00+00:00,9332.635103,-6.538355,9339.173458
2026-04-22T00:00:00+00:00,9325.608942,-6.538355,9332.147297
2026-04-22T01:00:00+00:00,9313.764841,-6.538355,9320.303197
2026-04-22T02:00:00+00:00,9445.862575,9445.862575,0.000000
2026-04-22T03:00:00+00:00,9445.862575,9445.862575,0.000000
2026-04-22T04:00:00+00:00,9445.862575,9445.862575,0.000000
2026-04-22T05:00:00+00:00,9445.862575,9445.862575,0.000000
2026-04-22T06:00:00+00:00,9445.862575,9445.862575,0.000000
2026-04-22T07:00:00+00:00,9445.862575,9445.862575,0.000000
2026-04-22T08:00:00+00:00,9445.862575,9445.862575,0.000000
2026-04-22T09:00:00+00:00,9445.862575,9445.862575,0.000000
2026-04-22T10:00:00+00:00,9445.862575,9445.862575,0.000000
2026-04-22T11:00:00+00:00,9445.862575,9445.862575,0.000000
2026-04-22T12:00:00+00:00,9445.862575,9445.862575,0.000000
2026-04-22T13:00:00+00:00,9445.862575,9445.862575,0.000000
2026-04-22T14:00:00+00:00,9445.862575,9445.862575,0.000000
2026-04-22T15:00:00+00:00,9445.862575,9445.862575,0.000000
2026-04-22T16:00:00+00:00,9445.862575,9445.862575,0.000000
2026-04-22T17:00:00+00:00,9445.862575,9445.862575,0.000000
2026-04-22T18:00:00+00:00,9445.862575,9445.862575,0.000000
2026-04-22T19:00:00+00:00,9445.862575,9445.862575,0.000000
2026-04-22T20:00:00+00:00,9445.862575,9445.862575,0.000000
2026-04-22T21:00:00+00:00,9445.862575,9445.862575,0.000000
2026-04-22T22:00:00+00:00,9445.862575,9445.862575,0.000000
2026-04-22T23:00:00+00:00,9445.862575,9445.862575,0.000000
2026-04-23T00:00:00+00:00,9445.862575,9445.862575,0.000000
2026-04-23T01:00:00+00:00,9445.862575,9445.862575,0.000000
2026-04-23T02:00:00+00:00,9439.251416,-2.832814,9445.862575
2026-04-23T03:00:00+00:00,9440.916546,9440.916546,0.000000
2026-04-23T04:00:00+00:00,9440.916546,9440.916546,0.000000
2026-04-23T05:00:00+00:00,9440.916546,9440.916546,0.000000
2026-04-23T06:00:00+00:00,9440.916546,9440.916546,0.000000
2026-04-23T07:00:00+00:00,9440.916546,9440.916546,0.000000
2026-04-23T08:00:00+00:00,9440.916546,9440.916546,0.000000
2026-04-23T09:00:00+00:00,9440.916546,9440.916546,0.000000
2026-04-23T10:00:00+00:00,9440.916546,9440.916546,0.000000
2026-04-23T11:00:00+00:00,9440.916546,9440.916546,0.000000
2026-04-23T12:00:00+00:00,9440.916546,9440.916546,0.000000
2026-04-23T13:00:00+00:00,9440.916546,9440.916546,0.000000
2026-04-23T14:00:00+00:00,9440.916546,9440.916546,0.000000
2026-04-23T15:00:00+00:00,9440.916546,9440.916546,0.000000
2026-04-23T16:00:00+00:00,9440.916546,9440.916546,0.000000
2026-04-23T17:00:00+00:00,9440.916546,9440.916546,0.000000
2026-04-23T18:00:00+00:00,9440.916546,9440.916546,0.000000
2026-04-23T19:00:00+00:00,9440.916546,9440.916546,0.000000
2026-04-23T20:00:00+00:00,9440.916546,9440.916546,0.000000
2026-04-23T21:00:00+00:00,9440.916546,9440.916546,0.000000
2026-04-23T22:00:00+00:00,9440.916546,9440.916546,0.000000
2026-04-23T23:00:00+00:00,9440.916546,9440.916546,0.000000
2026-04-24T00:00:00+00:00,9440.916546,9440.916546,0.000000
2026-04-24T01:00:00+00:00,9440.916546,9440.916546,0.000000
2026-04-24T02:00:00+00:00,9440.916546,9440.916546,0.000000
2026-04-24T03:00:00+00:00,9440.916546,9440.916546,0.000000
2026-04-24T04:00:00+00:00,9440.916546,9440.916546,0.000000
2026-04-24T05:00:00+00:00,9440.916546,9440.916546,0.000000
2026-04-24T06:00:00+00:00,9440.916546,9440.916546,0.000000
2026-04-24T07:00:00+00:00,9440.916546,9440.916546,0.000000
2026-04-24T08:00:00+00:00,9440.916546,9440.916546,0.000000
2026-04-24T09:00:00+00:00,9440.916546,9440.916546,0.000000
2026-04-24T10:00:00+00:00,9440.916546,9440.916546,0.000000
2026-04-24T11:00:00+00:00,9440.916546,9440.916546,0.000000
2026-04-24T12:00:00+00:00,9440.916546,9440.916546,0.000000
2026-04-24T13:00:00+00:00,9440.916546,9440.916546,0.000000
2026-04-24T14:00:00+00:00,9440.916546,9440.916546,0.000000
2026-04-24T15:00:00+00:00,9440.916546,9440.916546,0.000000
2026-04-24T16:00:00+00:00,9440.916546,9440.916546,0.000000
2026-04-24T17:00:00+00:00,9440.916546,9440.916546,0.000000
2026-04-24T18:00:00+00:00,9440.916546,9440.916546,0.000000
2026-04-24T19:00:00+00:00,9440.916546,9440.916546,0.000000
2026-04-24T20:00:00+00:00,9440.916546,9440.916546,0.000000
2026-04-24T21:00:00+00:00,9440.916546,9440.916546,0.000000
2026-04-24T22:00:00+00:00,9440.916546,9440.916546,0.000000
2026-04-24T23:00:00+00:00,9440.916546,9440.916546,0.000000
2026-04-25T00:00:00+00:00,9440.916546,9440.916546,0.000000
2026-04-25T01:00:00+00:00,9440.916546,9440.916546,0.000000
2026-04-25T02:00:00+00:00,9440.916546,9440.916546,0.000000
2026-04-25T03:00:00+00:00,9440.916546,9440.916546,0.000000
2026-04-25T04:00:00+00:00,9440.916546,9440.916546,0.000000
2026-04-25T05:00:00+00:00,9440.916546,9440.916546,0.000000
2026-04-25T06:00:00+00:00,9440.916546,9440.916546,0.000000
2026-04-25T07:00:00+00:00,9440.916546,9440.916546,0.000000
2026-04-25T08:00:00+00:00,9440.916546,9440.916546,0.000000
2026-04-25T09:00:00+00:00,9440.916546,9440.916546,0.000000
2026-04-25T10:00:00+00:00,9440.916546,9440.916546,0.000000
2026-04-25T11:00:00+00:00,9440.916546,9440.916546,0.000000
2026-04-25T12:00:00+00:00,9440.916546,9440.916546,0.000000
2026-04-25T13:00:00+00:00,9440.916546,9440.916546,0.000000
2026-04-25T14:00:00+00:00,9440.916546,9440.916546,0.000000
2026-04-25T15:00:00+00:00,9440.916546,9440.916546,0.000000
2026-04-25T16:00:00+00:00,9440.916546,9440.916546,0.000000
2026-04-25T17:00:00+00:00,9440.916546,9440.916546,0.000000
2026-04-25T18:00:00+00:00,9440.916546,9440.916546,0.000000
2026-04-25T19:00:00+00:00,9440.916546,9440.916546,0.000000
2026-04-25T20:00:00+00:00,9440.916546,9440.916546,0.000000
2026-04-25T21:00:00+00:00,9440.916546,9440.916546,0.000000
2026-04-25T22:00:00+00:00,9440.916546,9440.916546,0.000000
2026-04-25T23:00:00+00:00,9440.916546,9440.916546,0.000000
2026-04-26T00:00:00+00:00,9440.916546,9440.916546,0.000000
2026-04-26T01:00:00+00:00,9440.916546,9440.916546,0.000000
2026-04-26T02:00:00+00:00,9440.916546,9440.916546,0.000000
2026-04-26T03:00:00+00:00,9440.916546,9440.916546,0.000000
2026-04-26T04:00:00+00:00,9440.916546,9440.916546,0.000000
2026-04-26T05:00:00+00:00,9434.306961,-6.609586,9440.916546
2026-04-26T06:00:00+00:00,9442.827643,-6.609586,9449.437229
2026-04-26T07:00:00+00:00,9448.305225,-6.609586,9454.914811
2026-04-26T08:00:00+00:00,9452.362693,-6.609586,9458.972279
2026-04-26T09:00:00+00:00,9460.883376,-6.609586,9467.492962
2026-04-26T10:00:00+00:00,9454.188554,-6.609586,9460.798139
2026-04-26T11:00:00+00:00,9466.766705,-6.609586,9473.376290
2026-04-26T12:00:00+00:00,9437.958682,-6.609586,9444.568267
2026-04-26T13:00:00+00:00,9463.114983,-6.609586,9469.724569
2026-04-26T14:00:00+00:00,9451.774023,9451.774023,0.000000
2026-04-26T15:00:00+00:00,9451.774023,9451.774023,0.000000
2026-04-26T16:00:00+00:00,9451.774023,9451.774023,0.000000
2026-04-26T17:00:00+00:00,9451.774023,9451.774023,0.000000
2026-04-26T18:00:00+00:00,9451.774023,9451.774023,0.000000
2026-04-26T19:00:00+00:00,9451.774023,9451.774023,0.000000
2026-04-26T20:00:00+00:00,9451.774023,9451.774023,0.000000
2026-04-26T21:00:00+00:00,9451.774023,9451.774023,0.000000
2026-04-26T22:00:00+00:00,9451.774023,9451.774023,0.000000
2026-04-26T23:00:00+00:00,9451.774023,9451.774023,0.000000
2026-04-27T00:00:00+00:00,9451.774023,9451.774023,0.000000
2026-04-27T01:00:00+00:00,9451.774023,9451.774023,0.000000
2026-04-27T02:00:00+00:00,9451.774023,9451.774023,0.000000
2026-04-27T03:00:00+00:00,9451.774023,9451.774023,0.000000
2026-04-27T04:00:00+00:00,9451.774023,9451.774023,0.000000
2026-04-27T05:00:00+00:00,9451.774023,9451.774023,0.000000
2026-04-27T06:00:00+00:00,9451.774023,9451.774023,0.000000
2026-04-27T07:00:00+00:00,9445.158727,-2.834587,9451.774023
2026-04-27T08:00:00+00:00,9430.049283,-2.834587,9466.883467
2026-04-27T09:00:00+00:00,9420.452744,-2.834587,9476.480006
2026-04-27T10:00:00+00:00,9428.620011,-2.834587,9468.312739
2026-04-27T11:00:00+00:00,9428.007466,-2.834587,9468.925284
2026-04-27T12:00:00+00:00,9451.896722,-2.834587,9445.036028
2026-04-27T13:00:00+00:00,9459.451444,-2.834587,9437.481306
2026-04-27T14:00:00+00:00,9414.776134,9414.776134,0.000000
2026-04-27T15:00:00+00:00,9414.776134,9414.776134,0.000000
2026-04-27T16:00:00+00:00,9414.776134,9414.776134,0.000000
2026-04-27T17:00:00+00:00,9414.776134,9414.776134,0.000000
2026-04-27T18:00:00+00:00,9414.776134,9414.776134,0.000000
2026-04-27T19:00:00+00:00,9414.776134,9414.776134,0.000000
2026-04-27T20:00:00+00:00,9414.776134,9414.776134,0.000000
2026-04-27T21:00:00+00:00,9414.776134,9414.776134,0.000000
2026-04-27T22:00:00+00:00,9414.776134,9414.776134,0.000000
2026-04-27T23:00:00+00:00,9414.776134,9414.776134,0.000000
2026-04-28T00:00:00+00:00,9414.776134,9414.776134,0.000000
2026-04-28T01:00:00+00:00,9414.776134,9414.776134,0.000000
2026-04-28T02:00:00+00:00,9414.776134,9414.776134,0.000000
2026-04-28T03:00:00+00:00,9414.776134,9414.776134,0.000000
2026-04-28T04:00:00+00:00,9414.776134,9414.776134,0.000000
2026-04-28T05:00:00+00:00,9414.776134,9414.776134,0.000000
2026-04-28T06:00:00+00:00,9414.776134,9414.776134,0.000000
2026-04-28T07:00:00+00:00,9414.776134,9414.776134,0.000000
2026-04-28T08:00:00+00:00,9414.776134,9414.776134,0.000000
2026-04-28T09:00:00+00:00,9414.776134,9414.776134,0.000000
2026-04-28T10:00:00+00:00,9414.776134,9414.776134,0.000000
2026-04-28T11:00:00+00:00,9414.776134,9414.776134,0.000000
2026-04-28T12:00:00+00:00,9414.776134,9414.776134,0.000000
2026-04-28T13:00:00+00:00,9414.776134,9414.776134,0.000000
2026-04-28T14:00:00+00:00,9414.776134,9414.776134,0.000000
2026-04-28T15:00:00+00:00,9414.776134,9414.776134,0.000000
2026-04-28T16:00:00+00:00,9414.776134,9414.776134,0.000000
2026-04-28T17:00:00+00:00,9414.776134,9414.776134,0.000000
2026-04-28T18:00:00+00:00,9414.776134,9414.776134,0.000000
2026-04-28T19:00:00+00:00,9414.776134,9414.776134,0.000000
2026-04-28T20:00:00+00:00,9414.776134,9414.776134,0.000000
2026-04-28T21:00:00+00:00,9414.776134,9414.776134,0.000000
2026-04-28T22:00:00+00:00,9414.776134,9414.776134,0.000000
2026-04-28T23:00:00+00:00,9414.776134,9414.776134,0.000000
2026-04-29T00:00:00+00:00,9414.776134,9414.776134,0.000000
2026-04-29T01:00:00+00:00,9408.184849,-6.591285,9414.776134
2026-04-29T02:00:00+00:00,9380.040974,-2.815045,9386.610663
2026-04-29T03:00:00+00:00,9256.167618,-6.484783,9262.652401
2026-04-29T04:00:00+00:00,9300.617556,9300.617556,0.000000
2026-04-29T05:00:00+00:00,9300.617556,9300.617556,0.000000
2026-04-29T06:00:00+00:00,9300.617556,9300.617556,0.000000
2026-04-29T07:00:00+00:00,9300.617556,9300.617556,0.000000
2026-04-29T08:00:00+00:00,9300.617556,9300.617556,0.000000
2026-04-29T09:00:00+00:00,9300.617556,9300.617556,0.000000
2026-04-29T10:00:00+00:00,9300.617556,9300.617556,0.000000
2026-04-29T11:00:00+00:00,9300.617556,9300.617556,0.000000
2026-04-29T12:00:00+00:00,9300.617556,9300.617556,0.000000
2026-04-29T13:00:00+00:00,9300.617556,9300.617556,0.000000
2026-04-29T14:00:00+00:00,9300.617556,9300.617556,0.000000
2026-04-29T15:00:00+00:00,9294.108054,-2.789255,9300.617556
2026-04-29T16:00:00+00:00,9316.829432,-2.789255,9277.896178
2026-04-29T17:00:00+00:00,9254.022529,9254.022529,0.000000
2026-04-29T18:00:00+00:00,9254.022529,9254.022529,0.000000
2026-04-29T19:00:00+00:00,9254.022529,9254.022529,0.000000
2026-04-29T20:00:00+00:00,9254.022529,9254.022529,0.000000
2026-04-29T21:00:00+00:00,9254.022529,9254.022529,0.000000
2026-04-29T22:00:00+00:00,9254.022529,9254.022529,0.000000
2026-04-29T23:00:00+00:00,9254.022529,9254.022529,0.000000
2026-04-30T00:00:00+00:00,9254.022529,9254.022529,0.000000
2026-04-30T01:00:00+00:00,9254.022529,9254.022529,0.000000
2026-04-30T02:00:00+00:00,9254.022529,9254.022529,0.000000
2026-04-30T03:00:00+00:00,9254.022529,9254.022529,0.000000
2026-04-30T04:00:00+00:00,9254.022529,9254.022529,0.000000
2026-04-30T05:00:00+00:00,9254.022529,9254.022529,0.000000
2026-04-30T06:00:00+00:00,9254.022529,9254.022529,0.000000
2026-04-30T07:00:00+00:00,9254.022529,9254.022529,0.000000
2026-04-30T08:00:00+00:00,9254.022529,9254.022529,0.000000
2026-04-30T09:00:00+00:00,9254.022529,9254.022529,0.000000
2026-04-30T10:00:00+00:00,9254.022529,9254.022529,0.000000
2026-04-30T11:00:00+00:00,9254.022529,9254.022529,0.000000
2026-04-30T12:00:00+00:00,9254.022529,9254.022529,0.000000
2026-04-30T13:00:00+00:00,9254.022529,9254.022529,0.000000
2026-04-30T14:00:00+00:00,9254.022529,9254.022529,0.000000
2026-04-30T15:00:00+00:00,9254.022529,9254.022529,0.000000
2026-04-30T16:00:00+00:00,9254.022529,9254.022529,0.000000
2026-04-30T17:00:00+00:00,9254.022529,9254.022529,0.000000
2026-04-30T18:00:00+00:00,9254.022529,9254.022529,0.000000
2026-04-30T19:00:00+00:00,9254.022529,9254.022529,0.000000
2026-04-30T20:00:00+00:00,9254.022529,9254.022529,0.000000
2026-04-30T21:00:00+00:00,9254.022529,9254.022529,0.000000
2026-04-30T22:00:00+00:00,9254.022529,9254.022529,0.000000
2026-04-30T23:00:00+00:00,9254.022529,9254.022529,0.000000
2026-05-01T00:00:00+00:00,9254.022529,9254.022529,0.000000
2026-05-01T01:00:00+00:00,9254.022529,9254.022529,0.000000
2026-05-01T02:00:00+00:00,9247.543788,-6.478741,9254.022529
2026-05-01T03:00:00+00:00,9284.301836,9284.301836,0.000000
2026-05-01T04:00:00+00:00,9284.301836,9284.301836,0.000000
2026-05-01T05:00:00+00:00,9284.301836,9284.301836,0.000000
2026-05-01T06:00:00+00:00,9284.301836,9284.301836,0.000000
2026-05-01T07:00:00+00:00,9284.301836,9284.301836,0.000000
2026-05-01T08:00:00+00:00,9284.301836,9284.301836,0.000000
2026-05-01T09:00:00+00:00,9284.301836,9284.301836,0.000000
2026-05-01T10:00:00+00:00,9284.301836,9284.301836,0.000000
2026-05-01T11:00:00+00:00,9284.301836,9284.301836,0.000000
2026-05-01T12:00:00+00:00,9284.301836,9284.301836,0.000000
2026-05-01T13:00:00+00:00,9284.301836,9284.301836,0.000000
2026-05-01T14:00:00+00:00,9284.301836,9284.301836,0.000000
2026-05-01T15:00:00+00:00,9284.301836,9284.301836,0.000000
2026-05-01T16:00:00+00:00,9284.301836,9284.301836,0.000000
2026-05-01T17:00:00+00:00,9284.301836,9284.301836,0.000000
2026-05-01T18:00:00+00:00,9284.301836,9284.301836,0.000000
2026-05-01T19:00:00+00:00,9284.301836,9284.301836,0.000000
2026-05-01T20:00:00+00:00,9284.301836,9284.301836,0.000000
2026-05-01T21:00:00+00:00,9284.301836,9284.301836,0.000000
2026-05-01T22:00:00+00:00,9284.301836,9284.301836,0.000000
2026-05-01T23:00:00+00:00,9284.301836,9284.301836,0.000000
2026-05-02T00:00:00+00:00,9284.301836,9284.301836,0.000000
2026-05-02T01:00:00+00:00,9284.301836,9284.301836,0.000000
2026-05-02T02:00:00+00:00,9284.301836,9284.301836,0.000000
2026-05-02T03:00:00+00:00,9284.301836,9284.301836,0.000000
2026-05-02T04:00:00+00:00,9284.301836,9284.301836,0.000000
2026-05-02T05:00:00+00:00,9284.301836,9284.301836,0.000000
2026-05-02T06:00:00+00:00,9284.301836,9284.301836,0.000000
2026-05-02T07:00:00+00:00,9284.301836,9284.301836,0.000000
2026-05-02T08:00:00+00:00,9284.301836,9284.301836,0.000000
2026-05-02T09:00:00+00:00,9284.301836,9284.301836,0.000000
2026-05-02T10:00:00+00:00,9284.301836,9284.301836,0.000000
2026-05-02T11:00:00+00:00,9284.301836,9284.301836,0.000000
2026-05-02T12:00:00+00:00,9284.301836,9284.301836,0.000000
2026-05-02T13:00:00+00:00,9284.301836,9284.301836,0.000000
2026-05-02T14:00:00+00:00,9284.301836,9284.301836,0.000000
2026-05-02T15:00:00+00:00,9284.301836,9284.301836,0.000000
2026-05-02T16:00:00+00:00,9284.301836,9284.301836,0.000000
2026-05-02T17:00:00+00:00,9284.301836,9284.301836,0.000000
2026-05-02T18:00:00+00:00,9284.301836,9284.301836,0.000000
2026-05-02T19:00:00+00:00,9284.301836,9284.301836,0.000000
2026-05-02T20:00:00+00:00,9284.301836,9284.301836,0.000000
2026-05-02T21:00:00+00:00,9284.301836,9284.301836,0.000000
2026-05-02T22:00:00+00:00,9284.301836,9284.301836,0.000000
2026-05-02T23:00:00+00:00,9284.301836,9284.301836,0.000000
2026-05-03T00:00:00+00:00,9284.301836,9284.301836,0.000000
2026-05-03T01:00:00+00:00,9284.301836,9284.301836,0.000000
2026-05-03T02:00:00+00:00,9284.301836,9284.301836,0.000000
2026-05-03T03:00:00+00:00,9284.301836,9284.301836,0.000000
2026-05-03T04:00:00+00:00,9284.301836,9284.301836,0.000000
2026-05-03T05:00:00+00:00,9277.803753,-2.784362,9284.301836
2026-05-03T06:00:00+00:00,9275.787969,-2.784362,9286.317621
2026-05-03T07:00:00+00:00,9256.436434,-2.784362,9305.669156
2026-05-03T08:00:00+00:00,9247.678811,-6.478836,9254.157647
2026-05-03T09:00:00+00:00,9281.371863,-6.478836,9287.850699
2026-05-03T10:00:00+00:00,9261.115921,-6.478836,9267.594757
2026-05-03T11:00:00+00:00,9294.808973,-6.478836,9301.287808
2026-05-03T12:00:00+00:00,9317.672115,-6.478836,9324.150951
2026-05-03T13:00:00+00:00,9303.031682,-6.478836,9309.510518
2026-05-03T14:00:00+00:00,9328.502024,-6.478836,9334.980860
2026-05-03T15:00:00+00:00,9328.100917,-6.478836,9334.579752
2026-05-03T16:00:00+00:00,9328.301471,-6.478836,9334.780306
2026-05-03T17:00:00+00:00,9341.939134,-6.478836,9348.417970
2026-05-03T18:00:00+00:00,9338.329164,-6.478836,9344.808000
2026-05-03T19:00:00+00:00,9357.983445,-6.478836,9364.462280
2026-05-03T20:00:00+00:00,9332.914210,-6.478836,9339.393046
2026-05-03T21:00:00+00:00,9313.544691,9313.544691,0.000000
2026-05-03T22:00:00+00:00,9313.544691,9313.544691,0.000000
2026-05-03T23:00:00+00:00,9313.544691,9313.544691,0.000000
2026-05-04T00:00:00+00:00,9313.544691,9313.544691,0.000000
2026-05-04T01:00:00+00:00,9313.544691,9313.544691,0.000000
2026-05-04T02:00:00+00:00,9313.544691,9313.544691,0.000000
2026-05-04T03:00:00+00:00,9313.544691,9313.544691,0.000000
2026-05-04T04:00:00+00:00,9313.544691,9313.544691,0.000000
2026-05-04T05:00:00+00:00,9313.544691,9313.544691,0.000000
2026-05-04T06:00:00+00:00,9313.544691,9313.544691,0.000000
2026-05-04T07:00:00+00:00,9313.544691,9313.544691,0.000000
2026-05-04T08:00:00+00:00,9313.544691,9313.544691,0.000000
2026-05-04T09:00:00+00:00,9313.544691,9313.544691,0.000000
2026-05-04T10:00:00+00:00,9313.544691,9313.544691,0.000000
2026-05-04T11:00:00+00:00,9313.544691,9313.544691,0.000000
2026-05-04T12:00:00+00:00,9313.544691,9313.544691,0.000000
2026-05-04T13:00:00+00:00,9313.544691,9313.544691,0.000000
2026-05-04T14:00:00+00:00,9313.544691,9313.544691,0.000000
2026-05-04T15:00:00+00:00,9313.544691,9313.544691,0.000000
2026-05-04T16:00:00+00:00,9313.544691,9313.544691,0.000000
2026-05-04T17:00:00+00:00,9313.544691,9313.544691,0.000000
2026-05-04T18:00:00+00:00,9313.544691,9313.544691,0.000000
2026-05-04T19:00:00+00:00,9313.544691,9313.544691,0.000000
2026-05-04T20:00:00+00:00,9313.544691,9313.544691,0.000000
2026-05-04T21:00:00+00:00,9313.544691,9313.544691,0.000000
2026-05-04T22:00:00+00:00,9313.544691,9313.544691,0.000000
2026-05-04T23:00:00+00:00,9313.544691,9313.544691,0.000000
2026-05-05T00:00:00+00:00,9313.544691,9313.544691,0.000000
2026-05-05T01:00:00+00:00,9313.544691,9313.544691,0.000000
2026-05-05T02:00:00+00:00,9313.544691,9313.544691,0.000000
2026-05-05T03:00:00+00:00,9313.544691,9313.544691,0.000000
2026-05-05T04:00:00+00:00,9313.544691,9313.544691,0.000000
2026-05-05T05:00:00+00:00,9313.544691,9313.544691,0.000000
2026-05-05T06:00:00+00:00,9313.544691,9313.544691,0.000000
2026-05-05T07:00:00+00:00,9313.544691,9313.544691,0.000000
2026-05-05T08:00:00+00:00,9313.544691,9313.544691,0.000000
2026-05-05T09:00:00+00:00,9313.544691,9313.544691,0.000000
2026-05-05T10:00:00+00:00,9313.544691,9313.544691,0.000000
2026-05-05T11:00:00+00:00,9313.544691,9313.544691,0.000000
2026-05-05T12:00:00+00:00,9313.544691,9313.544691,0.000000
2026-05-05T13:00:00+00:00,9313.544691,9313.544691,0.000000
2026-05-05T14:00:00+00:00,9313.544691,9313.544691,0.000000
2026-05-05T15:00:00+00:00,9313.544691,9313.544691,0.000000
2026-05-05T16:00:00+00:00,9313.544691,9313.544691,0.000000
2026-05-05T17:00:00+00:00,9313.544691,9313.544691,0.000000
2026-05-05T18:00:00+00:00,9313.544691,9313.544691,0.000000
2026-05-05T19:00:00+00:00,9313.544691,9313.544691,0.000000
2026-05-05T20:00:00+00:00,9313.544691,9313.544691,0.000000
2026-05-05T21:00:00+00:00,9313.544691,9313.544691,0.000000
2026-05-05T22:00:00+00:00,9313.544691,9313.544691,0.000000
2026-05-05T23:00:00+00:00,9307.026141,-2.793132,9313.544691
2026-05-06T00:00:00+00:00,9293.210753,-2.793132,9327.360078
2026-05-06T01:00:00+00:00,9253.020204,9253.020204,0.000000
2026-05-06T02:00:00+00:00,9253.020204,9253.020204,0.000000
2026-05-06T03:00:00+00:00,9246.542164,-6.478039,9253.020204
2026-05-06T04:00:00+00:00,9192.364160,-2.758721,9198.802402
2026-05-06T05:00:00+00:00,9196.254210,-2.758721,9194.912351
2026-05-06T06:00:00+00:00,9174.275425,-2.758721,9216.891137
2026-05-06T07:00:00+00:00,9159.172936,9159.172936,0.000000
2026-05-06T08:00:00+00:00,9152.760599,-6.412337,9159.172936
2026-05-06T09:00:00+00:00,9163.794416,9163.794416,0.000000
2026-05-06T10:00:00+00:00,9163.794416,9163.794416,0.000000
2026-05-06T11:00:00+00:00,9163.794416,9163.794416,0.000000
2026-05-06T12:00:00+00:00,9163.794416,9163.794416,0.000000
2026-05-06T13:00:00+00:00,9163.794416,9163.794416,0.000000
2026-05-06T14:00:00+00:00,9163.794416,9163.794416,0.000000
2026-05-06T15:00:00+00:00,9157.380677,-2.748222,9163.794416
2026-05-06T16:00:00+00:00,9161.267428,-2.748222,9159.907665
2026-05-06T17:00:00+00:00,9193.721805,-2.748222,9127.453288
2026-05-06T18:00:00+00:00,9211.212187,-2.748222,9109.962906
2026-05-06T19:00:00+00:00,9198.580244,-2.748222,9122.594849
2026-05-06T20:00:00+00:00,9164.052402,9164.052402,0.000000
2026-05-06T21:00:00+00:00,9164.052402,9164.052402,0.000000
2026-05-06T22:00:00+00:00,9164.052402,9164.052402,0.000000
2026-05-06T23:00:00+00:00,9164.052402,9164.052402,0.000000
2026-05-07T00:00:00+00:00,9164.052402,9164.052402,0.000000
2026-05-07T01:00:00+00:00,9164.052402,9164.052402,0.000000
2026-05-07T02:00:00+00:00,9164.052402,9164.052402,0.000000
2026-05-07T03:00:00+00:00,9164.052402,9164.052402,0.000000
2026-05-07T04:00:00+00:00,9164.052402,9164.052402,0.000000
2026-05-07T05:00:00+00:00,9164.052402,9164.052402,0.000000
2026-05-07T06:00:00+00:00,9164.052402,9164.052402,0.000000
2026-05-07T07:00:00+00:00,9164.052402,9164.052402,0.000000
2026-05-07T08:00:00+00:00,9164.052402,9164.052402,0.000000
2026-05-07T09:00:00+00:00,9164.052402,9164.052402,0.000000
2026-05-07T10:00:00+00:00,9164.052402,9164.052402,0.000000
2026-05-07T11:00:00+00:00,9164.052402,9164.052402,0.000000
2026-05-07T12:00:00+00:00,9164.052402,9164.052402,0.000000
2026-05-07T13:00:00+00:00,9164.052402,9164.052402,0.000000
2026-05-07T14:00:00+00:00,9164.052402,9164.052402,0.000000
2026-05-07T15:00:00+00:00,9164.052402,9164.052402,0.000000
2026-05-07T16:00:00+00:00,9164.052402,9164.052402,0.000000
2026-05-07T17:00:00+00:00,9164.052402,9164.052402,0.000000
2026-05-07T18:00:00+00:00,9164.052402,9164.052402,0.000000
2026-05-07T19:00:00+00:00,9164.052402,9164.052402,0.000000
2026-05-07T20:00:00+00:00,9164.052402,9164.052402,0.000000
2026-05-07T21:00:00+00:00,9164.052402,9164.052402,0.000000
2026-05-07T22:00:00+00:00,9164.052402,9164.052402,0.000000
2026-05-07T23:00:00+00:00,9164.052402,9164.052402,0.000000
2026-05-08T00:00:00+00:00,9164.052402,9164.052402,0.000000
2026-05-08T01:00:00+00:00,9164.052402,9164.052402,0.000000
2026-05-08T02:00:00+00:00,9164.052402,9164.052402,0.000000
2026-05-08T03:00:00+00:00,9164.052402,9164.052402,0.000000
2026-05-08T04:00:00+00:00,9164.052402,9164.052402,0.000000
2026-05-08T05:00:00+00:00,9164.052402,9164.052402,0.000000
2026-05-08T06:00:00+00:00,9164.052402,9164.052402,0.000000
2026-05-08T07:00:00+00:00,9164.052402,9164.052402,0.000000
2026-05-08T08:00:00+00:00,9164.052402,9164.052402,0.000000
2026-05-08T09:00:00+00:00,9164.052402,9164.052402,0.000000
2026-05-08T10:00:00+00:00,9164.052402,9164.052402,0.000000
2026-05-08T11:00:00+00:00,9164.052402,9164.052402,0.000000
2026-05-08T12:00:00+00:00,9164.052402,9164.052402,0.000000
2026-05-08T13:00:00+00:00,9164.052402,9164.052402,0.000000
2026-05-08T14:00:00+00:00,9164.052402,9164.052402,0.000000
2026-05-08T15:00:00+00:00,9164.052402,9164.052402,0.000000
2026-05-08T16:00:00+00:00,9164.052402,9164.052402,0.000000
2026-05-08T17:00:00+00:00,9164.052402,9164.052402,0.000000
2026-05-08T18:00:00+00:00,9157.636649,-6.415753,9164.052402
2026-05-08T19:00:00+00:00,9167.939125,-6.415753,9174.354878
2026-05-08T20:00:00+00:00,9130.889836,-6.415753,9137.305589
2026-05-08T21:00:00+00:00,9161.004766,-6.415753,9167.420519
2026-05-08T22:00:00+00:00,9147.730422,-6.415753,9154.146175
2026-05-08T23:00:00+00:00,9132.078584,-6.415753,9138.494337
2026-05-09T00:00:00+00:00,9137.626071,-6.415753,9144.041824
2026-05-09T01:00:00+00:00,9160.212268,-6.415753,9166.628021
2026-05-09T02:00:00+00:00,9171.109118,-6.415753,9177.524871
2026-05-09T03:00:00+00:00,9163.580385,-6.415753,9169.996138
2026-05-09T04:00:00+00:00,9153.079785,-6.415753,9159.495538
2026-05-09T05:00:00+00:00,9161.401015,-6.415753,9167.816768
2026-05-09T06:00:00+00:00,9160.410393,-6.415753,9166.826146
2026-05-09T07:00:00+00:00,9160.806642,-6.415753,9167.222395
2026-05-09T08:00:00+00:00,9171.307242,-6.415753,9177.722995
2026-05-09T09:00:00+00:00,9157.042275,-6.415753,9163.458028
2026-05-09T10:00:00+00:00,9154.070407,-6.415753,9160.486160
2026-05-09T11:00:00+00:00,9161.797264,-6.415753,9168.213017
2026-05-09T12:00:00+00:00,9169.524121,-6.415753,9175.939874
2026-05-09T13:00:00+00:00,9161.202891,-6.415753,9167.618644
2026-05-09T14:00:00+00:00,9125.098097,9125.098097,0.000000
2026-05-09T15:00:00+00:00,9125.098097,9125.098097,0.000000
2026-05-09T16:00:00+00:00,9125.098097,9125.098097,0.000000
2026-05-09T17:00:00+00:00,9125.098097,9125.098097,0.000000
2026-05-09T18:00:00+00:00,9125.098097,9125.098097,0.000000
2026-05-09T19:00:00+00:00,9125.098097,9125.098097,0.000000
2026-05-09T20:00:00+00:00,9125.098097,9125.098097,0.000000
2026-05-09T21:00:00+00:00,9125.098097,9125.098097,0.000000
2026-05-09T22:00:00+00:00,9125.098097,9125.098097,0.000000
2026-05-09T23:00:00+00:00,9125.098097,9125.098097,0.000000
2026-05-10T00:00:00+00:00,9125.098097,9125.098097,0.000000
2026-05-10T01:00:00+00:00,9125.098097,9125.098097,0.000000
2026-05-10T02:00:00+00:00,9125.098097,9125.098097,0.000000
2026-05-10T03:00:00+00:00,9125.098097,9125.098097,0.000000
2026-05-10T04:00:00+00:00,9125.098097,9125.098097,0.000000
2026-05-10T05:00:00+00:00,9125.098097,9125.098097,0.000000
2026-05-10T06:00:00+00:00,9125.098097,9125.098097,0.000000
2026-05-10T07:00:00+00:00,9125.098097,9125.098097,0.000000
2026-05-10T08:00:00+00:00,9125.098097,9125.098097,0.000000
2026-05-10T09:00:00+00:00,9125.098097,9125.098097,0.000000
2026-05-10T10:00:00+00:00,9125.098097,9125.098097,0.000000
2026-05-10T11:00:00+00:00,9125.098097,9125.098097,0.000000
2026-05-10T12:00:00+00:00,9125.098097,9125.098097,0.000000
2026-05-10T13:00:00+00:00,9125.098097,9125.098097,0.000000
2026-05-10T14:00:00+00:00,9125.098097,9125.098097,0.000000
2026-05-10T15:00:00+00:00,9125.098097,9125.098097,0.000000
2026-05-10T16:00:00+00:00,9125.098097,9125.098097,0.000000
2026-05-10T17:00:00+00:00,9125.098097,9125.098097,0.000000
2026-05-10T18:00:00+00:00,9125.098097,9125.098097,0.000000
2026-05-10T19:00:00+00:00,9125.098097,9125.098097,0.000000
2026-05-10T20:00:00+00:00,9125.098097,9125.098097,0.000000
2026-05-10T21:00:00+00:00,9125.098097,9125.098097,0.000000
2026-05-10T22:00:00+00:00,9125.098097,9125.098097,0.000000
2026-05-10T23:00:00+00:00,9125.098097,9125.098097,0.000000
2026-05-11T00:00:00+00:00,9125.098097,9125.098097,0.000000
2026-05-11T01:00:00+00:00,9125.098097,9125.098097,0.000000
2026-05-11T02:00:00+00:00,9125.098097,9125.098097,0.000000
2026-05-11T03:00:00+00:00,9125.098097,9125.098097,0.000000
2026-05-11T04:00:00+00:00,9125.098097,9125.098097,0.000000
2026-05-11T05:00:00+00:00,9125.098097,9125.098097,0.000000
2026-05-11T06:00:00+00:00,9118.711441,-2.736617,9125.098097
2026-05-11T07:00:00+00:00,9130.056686,-2.736617,9113.752852
2026-05-11T08:00:00+00:00,9130.056686,-2.736617,9113.752852
2026-05-11T09:00:00+00:00,9108.539842,-2.736617,9135.269696
2026-05-11T10:00:00+00:00,9133.382017,-2.736617,9110.427521
2026-05-11T11:00:00+00:00,9110.104703,-2.736617,9133.704835
2026-05-11T12:00:00+00:00,9133.968840,-2.736617,9109.840698
2026-05-11T13:00:00+00:00,9114.643708,9114.643708,0.000000
2026-05-11T14:00:00+00:00,9114.643708,9114.643708,0.000000
2026-05-11T15:00:00+00:00,9114.643708,9114.643708,0.000000
2026-05-11T16:00:00+00:00,9114.643708,9114.643708,0.000000
2026-05-11T17:00:00+00:00,9114.643708,9114.643708,0.000000
2026-05-11T18:00:00+00:00,9114.643708,9114.643708,0.000000
2026-05-11T19:00:00+00:00,9114.643708,9114.643708,0.000000
2026-05-11T20:00:00+00:00,9114.643708,9114.643708,0.000000
2026-05-11T21:00:00+00:00,9108.262546,-6.381162,9114.643708
2026-05-11T22:00:00+00:00,9110.794878,-6.381162,9117.176040
2026-05-11T23:00:00+00:00,9104.951034,-6.381162,9111.332196
2026-05-12T00:00:00+00:00,9080.796478,-6.381162,9087.177641
2026-05-12T01:00:00+00:00,8988.088658,-2.697416,8994.383827
2026-05-12T02:00:00+00:00,8971.346953,-2.697416,9011.125533
2026-05-12T03:00:00+00:00,8995.486156,-2.697416,8986.986330
2026-05-12T04:00:00+00:00,8989.256684,-2.697416,8993.215801
2026-05-12T05:00:00+00:00,8992.566091,-2.697416,8989.906395
2026-05-12T06:00:00+00:00,9016.705294,-2.697416,8965.767192
2026-05-12T07:00:00+00:00,9050.578046,-2.697416,8931.894439
2026-05-12T08:00:00+00:00,9078.026656,-2.697416,8904.445829
2026-05-12T09:00:00+00:00,9059.727583,-2.697416,8922.744902
2026-05-12T10:00:00+00:00,9084.645470,-2.697416,8897.827016
2026-05-12T11:00:00+00:00,9082.504089,-2.697416,8899.968396
2026-05-12T12:00:00+00:00,9074.327907,-2.697416,8908.144578
2026-05-12T13:00:00+00:00,9076.893488,9076.893488,0.000000
2026-05-12T14:00:00+00:00,9076.893488,9076.893488,0.000000
2026-05-12T15:00:00+00:00,9076.893488,9076.893488,0.000000
2026-05-12T16:00:00+00:00,9076.893488,9076.893488,0.000000
2026-05-12T17:00:00+00:00,9076.893488,9076.893488,0.000000
2026-05-12T18:00:00+00:00,9076.893488,9076.893488,0.000000
2026-05-12T19:00:00+00:00,9076.893488,9076.893488,0.000000
2026-05-12T20:00:00+00:00,9076.893488,9076.893488,0.000000
2026-05-12T21:00:00+00:00,9076.893488,9076.893488,0.000000
2026-05-12T22:00:00+00:00,9076.893488,9076.893488,0.000000
2026-05-12T23:00:00+00:00,9076.893488,9076.893488,0.000000
2026-05-13T00:00:00+00:00,9076.893488,9076.893488,0.000000
2026-05-13T01:00:00+00:00,9076.893488,9076.893488,0.000000
2026-05-13T02:00:00+00:00,9076.893488,9076.893488,0.000000
2026-05-13T03:00:00+00:00,9076.893488,9076.893488,0.000000
2026-05-13T04:00:00+00:00,9070.538754,-6.354733,9076.893488
2026-05-13T05:00:00+00:00,9033.929647,-6.354733,9040.284381
2026-05-13T06:00:00+00:00,9050.856439,-6.354733,9057.211172
2026-05-13T07:00:00+00:00,9047.904092,-6.354733,9054.258825
2026-05-13T08:00:00+00:00,9109.116093,-6.354733,9115.470826
2026-05-13T09:00:00+00:00,9127.223823,-6.354733,9133.578557
2026-05-13T10:00:00+00:00,9076.640272,-6.354733,9082.995005
2026-05-13T11:00:00+00:00,9057.179116,9057.179116,0.000000
2026-05-13T12:00:00+00:00,9057.179116,9057.179116,0.000000
2026-05-13T13:00:00+00:00,9050.839996,-2.716248,9057.179116
2026-05-13T14:00:00+00:00,9020.475045,9020.475045,0.000000
2026-05-13T15:00:00+00:00,9020.475045,9020.475045,0.000000
2026-05-13T16:00:00+00:00,9020.475045,9020.475045,0.000000
2026-05-13T17:00:00+00:00,9020.475045,9020.475045,0.000000
2026-05-13T18:00:00+00:00,9020.475045,9020.475045,0.000000
2026-05-13T19:00:00+00:00,9020.475045,9020.475045,0.000000
2026-05-13T20:00:00+00:00,9020.475045,9020.475045,0.000000
2026-05-13T21:00:00+00:00,9020.475045,9020.475045,0.000000
2026-05-13T22:00:00+00:00,9020.475045,9020.475045,0.000000
2026-05-13T23:00:00+00:00,9020.475045,9020.475045,0.000000
2026-05-14T00:00:00+00:00,9020.475045,9020.475045,0.000000
2026-05-14T01:00:00+00:00,9020.475045,9020.475045,0.000000
2026-05-14T02:00:00+00:00,9020.475045,9020.475045,0.000000
2026-05-14T03:00:00+00:00,9020.475045,9020.475045,0.000000
2026-05-14T04:00:00+00:00,9020.475045,9020.475045,0.000000
2026-05-14T05:00:00+00:00,9020.475045,9020.475045,0.000000
2026-05-14T06:00:00+00:00,9020.475045,9020.475045,0.000000
2026-05-14T07:00:00+00:00,9020.475045,9020.475045,0.000000
2026-05-14T08:00:00+00:00,9020.475045,9020.475045,0.000000
2026-05-14T09:00:00+00:00,9020.475045,9020.475045,0.000000
2026-05-14T10:00:00+00:00,9020.475045,9020.475045,0.000000
2026-05-14T11:00:00+00:00,9020.475045,9020.475045,0.000000
2026-05-14T12:00:00+00:00,9020.475045,9020.475045,0.000000
2026-05-14T13:00:00+00:00,9020.475045,9020.475045,0.000000
2026-05-14T14:00:00+00:00,9020.475045,9020.475045,0.000000
2026-05-14T15:00:00+00:00,9014.159811,-6.315235,9020.475045
2026-05-14T16:00:00+00:00,9015.915121,9015.915121,0.000000
2026-05-14T17:00:00+00:00,9015.915121,9015.915121,0.000000
2026-05-14T18:00:00+00:00,9015.915121,9015.915121,0.000000
2026-05-14T19:00:00+00:00,9015.915121,9015.915121,0.000000
2026-05-14T20:00:00+00:00,9015.915121,9015.915121,0.000000
2026-05-14T21:00:00+00:00,9015.915121,9015.915121,0.000000
2026-05-14T22:00:00+00:00,9015.915121,9015.915121,0.000000
2026-05-14T23:00:00+00:00,9015.915121,9015.915121,0.000000
2026-05-15T00:00:00+00:00,9015.915121,9015.915121,0.000000
2026-05-15T01:00:00+00:00,9015.915121,9015.915121,0.000000
2026-05-15T02:00:00+00:00,9015.915121,9015.915121,0.000000
2026-05-15T03:00:00+00:00,9015.915121,9015.915121,0.000000
2026-05-15T04:00:00+00:00,9009.604882,-2.703873,9015.915121
2026-05-15T05:00:00+00:00,9035.040742,9035.040742,0.000000
2026-05-15T06:00:00+00:00,9035.040742,9035.040742,0.000000
2026-05-15T07:00:00+00:00,9035.040742,9035.040742,0.000000
2026-05-15T08:00:00+00:00,9035.040742,9035.040742,0.000000
2026-05-15T09:00:00+00:00,9035.040742,9035.040742,0.000000
2026-05-15T10:00:00+00:00,9035.040742,9035.040742,0.000000
2026-05-15T11:00:00+00:00,9035.040742,9035.040742,0.000000
2026-05-15T12:00:00+00:00,9035.040742,9035.040742,0.000000
2026-05-15T13:00:00+00:00,9035.040742,9035.040742,0.000000
2026-05-15T14:00:00+00:00,9035.040742,9035.040742,0.000000
2026-05-15T15:00:00+00:00,9035.040742,9035.040742,0.000000
2026-05-15T16:00:00+00:00,9035.040742,9035.040742,0.000000
2026-05-15T17:00:00+00:00,9035.040742,9035.040742,0.000000
2026-05-15T18:00:00+00:00,9035.040742,9035.040742,0.000000
2026-05-15T19:00:00+00:00,9035.040742,9035.040742,0.000000
2026-05-15T20:00:00+00:00,9035.040742,9035.040742,0.000000
2026-05-15T21:00:00+00:00,9035.040742,9035.040742,0.000000
2026-05-15T22:00:00+00:00,9035.040742,9035.040742,0.000000
2026-05-15T23:00:00+00:00,9035.040742,9035.040742,0.000000
2026-05-16T00:00:00+00:00,9035.040742,9035.040742,0.000000
2026-05-16T01:00:00+00:00,9035.040742,9035.040742,0.000000
2026-05-16T02:00:00+00:00,9035.040742,9035.040742,0.000000
2026-05-16T03:00:00+00:00,9035.040742,9035.040742,0.000000
2026-05-16T04:00:00+00:00,9035.040742,9035.040742,0.000000
2026-05-16T05:00:00+00:00,9035.040742,9035.040742,0.000000
2026-05-16T06:00:00+00:00,9035.040742,9035.040742,0.000000
2026-05-16T07:00:00+00:00,9035.040742,9035.040742,0.000000
2026-05-16T08:00:00+00:00,9035.040742,9035.040742,0.000000
2026-05-16T09:00:00+00:00,9035.040742,9035.040742,0.000000
2026-05-16T10:00:00+00:00,9035.040742,9035.040742,0.000000
2026-05-16T11:00:00+00:00,9035.040742,9035.040742,0.000000
2026-05-16T12:00:00+00:00,9035.040742,9035.040742,0.000000
2026-05-16T13:00:00+00:00,9035.040742,9035.040742,0.000000
2026-05-16T14:00:00+00:00,9035.040742,9035.040742,0.000000
2026-05-16T15:00:00+00:00,9035.040742,9035.040742,0.000000
2026-05-16T16:00:00+00:00,9035.040742,9035.040742,0.000000
2026-05-16T17:00:00+00:00,9035.040742,9035.040742,0.000000
2026-05-16T18:00:00+00:00,9035.040742,9035.040742,0.000000
2026-05-16T19:00:00+00:00,9035.040742,9035.040742,0.000000
2026-05-16T20:00:00+00:00,9035.040742,9035.040742,0.000000
2026-05-16T21:00:00+00:00,9035.040742,9035.040742,0.000000
2026-05-16T22:00:00+00:00,9035.040742,9035.040742,0.000000
2026-05-16T23:00:00+00:00,9035.040742,9035.040742,0.000000
2026-05-17T00:00:00+00:00,9035.040742,9035.040742,0.000000
2026-05-17T01:00:00+00:00,9035.040742,9035.040742,0.000000
2026-05-17T02:00:00+00:00,9035.040742,9035.040742,0.000000
2026-05-17T03:00:00+00:00,9035.040742,9035.040742,0.000000
2026-05-17T04:00:00+00:00,9035.040742,9035.040742,0.000000
2026-05-17T05:00:00+00:00,9035.040742,9035.040742,0.000000
2026-05-17T06:00:00+00:00,9035.040742,9035.040742,0.000000
2026-05-17T07:00:00+00:00,9035.040742,9035.040742,0.000000
2026-05-17T08:00:00+00:00,9035.040742,9035.040742,0.000000
2026-05-17T09:00:00+00:00,9035.040742,9035.040742,0.000000
2026-05-17T10:00:00+00:00,9035.040742,9035.040742,0.000000
2026-05-17T11:00:00+00:00,9028.715310,-6.325432,9035.040742
2026-05-17T12:00:00+00:00,9037.992802,-6.325432,9044.318234
2026-05-17T13:00:00+00:00,9028.096810,-6.325432,9034.422242
2026-05-17T14:00:00+00:00,8975.708701,8975.708701,0.000000
2026-05-17T15:00:00+00:00,8975.708701,8975.708701,0.000000
2026-05-17T16:00:00+00:00,8969.426603,-2.691815,8975.708701
2026-05-17T17:00:00+00:00,8964.695183,-2.691815,8980.440121
2026-05-17T18:00:00+00:00,8944.535221,-2.691815,9000.600083
2026-05-17T19:00:00+00:00,8911.603995,-6.243385,8917.847380
2026-05-17T20:00:00+00:00,8899.599592,-6.243385,8905.842977
2026-05-17T21:00:00+00:00,8909.365886,-6.243385,8915.609271
2026-05-17T22:00:00+00:00,8838.165852,-2.652422,8844.356017
2026-05-17T23:00:00+00:00,9128.080932,9128.080932,0.000000
2026-05-18T00:00:00+00:00,9128.080932,9128.080932,0.000000
2026-05-18T01:00:00+00:00,9128.080932,9128.080932,0.000000
2026-05-18T02:00:00+00:00,9128.080932,9128.080932,0.000000
2026-05-18T03:00:00+00:00,9128.080932,9128.080932,0.000000
2026-05-18T04:00:00+00:00,9128.080932,9128.080932,0.000000
2026-05-18T05:00:00+00:00,9128.080932,9128.080932,0.000000
2026-05-18T06:00:00+00:00,9128.080932,9128.080932,0.000000
2026-05-18T07:00:00+00:00,9128.080932,9128.080932,0.000000
2026-05-18T08:00:00+00:00,9128.080932,9128.080932,0.000000
2026-05-18T09:00:00+00:00,9128.080932,9128.080932,0.000000
2026-05-18T10:00:00+00:00,9128.080932,9128.080932,0.000000
2026-05-18T11:00:00+00:00,9128.080932,9128.080932,0.000000
2026-05-18T12:00:00+00:00,9128.080932,9128.080932,0.000000
2026-05-18T13:00:00+00:00,9128.080932,9128.080932,0.000000
2026-05-18T14:00:00+00:00,9128.080932,9128.080932,0.000000
2026-05-18T15:00:00+00:00,9128.080932,9128.080932,0.000000
2026-05-18T16:00:00+00:00,9128.080932,9128.080932,0.000000
2026-05-18T17:00:00+00:00,9128.080932,9128.080932,0.000000
2026-05-18T18:00:00+00:00,9128.080932,9128.080932,0.000000
2026-05-18T19:00:00+00:00,9128.080932,9128.080932,0.000000
2026-05-18T20:00:00+00:00,9128.080932,9128.080932,0.000000
2026-05-18T21:00:00+00:00,9128.080932,9128.080932,0.000000
2026-05-18T22:00:00+00:00,9128.080932,9128.080932,0.000000
2026-05-18T23:00:00+00:00,9128.080932,9128.080932,0.000000
2026-05-19T00:00:00+00:00,9128.080932,9128.080932,0.000000
2026-05-19T01:00:00+00:00,9128.080932,9128.080932,0.000000
2026-05-19T02:00:00+00:00,9128.080932,9128.080932,0.000000
2026-05-19T03:00:00+00:00,9128.080932,9128.080932,0.000000
2026-05-19T04:00:00+00:00,9128.080932,9128.080932,0.000000
2026-05-19T05:00:00+00:00,9121.690362,-6.390569,9128.080932
2026-05-19T06:00:00+00:00,9131.099653,-6.390569,9137.490222
2026-05-19T07:00:00+00:00,9146.068978,-6.390569,9152.459548
2026-05-19T08:00:00+00:00,9114.419547,-6.390569,9120.810116
2026-05-19T09:00:00+00:00,9084.937720,9084.937720,0.000000
2026-05-19T10:00:00+00:00,9078.579172,-2.724573,9084.937720
2026-05-19T11:00:00+00:00,9111.615309,-2.724573,9051.901583
2026-05-19T12:00:00+00:00,9078.793693,-2.724573,9084.723200
2026-05-19T13:00:00+00:00,9047.093765,9047.093765,0.000000
2026-05-19T14:00:00+00:00,9047.093765,9047.093765,0.000000
2026-05-19T15:00:00+00:00,9047.093765,9047.093765,0.000000
2026-05-19T16:00:00+00:00,9047.093765,9047.093765,0.000000
2026-05-19T17:00:00+00:00,9047.093765,9047.093765,0.000000
2026-05-19T18:00:00+00:00,9047.093765,9047.093765,0.000000
2026-05-19T19:00:00+00:00,9047.093765,9047.093765,0.000000
2026-05-19T20:00:00+00:00,9047.093765,9047.093765,0.000000
2026-05-19T21:00:00+00:00,9047.093765,9047.093765,0.000000
2026-05-19T22:00:00+00:00,9047.093765,9047.093765,0.000000
2026-05-19T23:00:00+00:00,9047.093765,9047.093765,0.000000
2026-05-20T00:00:00+00:00,9047.093765,9047.093765,0.000000
2026-05-20T01:00:00+00:00,9047.093765,9047.093765,0.000000
2026-05-20T02:00:00+00:00,9047.093765,9047.093765,0.000000
2026-05-20T03:00:00+00:00,9047.093765,9047.093765,0.000000
2026-05-20T04:00:00+00:00,9047.093765,9047.093765,0.000000
2026-05-20T05:00:00+00:00,9047.093765,9047.093765,0.000000
2026-05-20T06:00:00+00:00,9040.759895,-6.333870,9047.093765
2026-05-20T07:00:00+00:00,9022.521924,-6.333870,9028.855795
2026-05-20T08:00:00+00:00,9031.640910,-6.333870,9037.974780
2026-05-20T09:00:00+00:00,9022.097786,-6.333870,9028.431656
2026-05-20T10:00:00+00:00,9026.763313,-6.333870,9033.097183
2026-05-20T11:00:00+00:00,9016.583980,-6.333870,9022.917851
2026-05-20T12:00:00+00:00,9041.184034,-6.333870,9047.517904
2026-05-20T13:00:00+00:00,8988.379944,8988.379944,0.000000
2026-05-20T14:00:00+00:00,8988.379944,8988.379944,0.000000
2026-05-20T15:00:00+00:00,8988.379944,8988.379944,0.000000
2026-05-20T16:00:00+00:00,8988.379944,8988.379944,0.000000
2026-05-20T17:00:00+00:00,8988.379944,8988.379944,0.000000
2026-05-20T18:00:00+00:00,8988.379944,8988.379944,0.000000
2026-05-20T19:00:00+00:00,8988.379944,8988.379944,0.000000
2026-05-20T20:00:00+00:00,8988.379944,8988.379944,0.000000
2026-05-20T21:00:00+00:00,8988.379944,8988.379944,0.000000
2026-05-20T22:00:00+00:00,8988.379944,8988.379944,0.000000
2026-05-20T23:00:00+00:00,8988.379944,8988.379944,0.000000
2026-05-21T00:00:00+00:00,8988.379944,8988.379944,0.000000
2026-05-21T01:00:00+00:00,8988.379944,8988.379944,0.000000
2026-05-21T02:00:00+00:00,8988.379944,8988.379944,0.000000
2026-05-21T03:00:00+00:00,8988.379944,8988.379944,0.000000
2026-05-21T04:00:00+00:00,8988.379944,8988.379944,0.000000
2026-05-21T05:00:00+00:00,8988.379944,8988.379944,0.000000
2026-05-21T06:00:00+00:00,8988.379944,8988.379944,0.000000
2026-05-21T07:00:00+00:00,8988.379944,8988.379944,0.000000
2026-05-21T08:00:00+00:00,8988.379944,8988.379944,0.000000
2026-05-21T09:00:00+00:00,8988.379944,8988.379944,0.000000
2026-05-21T10:00:00+00:00,8982.088977,-2.695615,8988.379944
2026-05-21T11:00:00+00:00,8978.686463,-2.695615,8991.782459
2026-05-21T12:00:00+00:00,8970.180176,-2.695615,9000.288745
2026-05-21T13:00:00+00:00,8943.308392,8943.308392,0.000000
2026-05-21T14:00:00+00:00,8943.308392,8943.308392,0.000000
2026-05-21T15:00:00+00:00,8943.308392,8943.308392,0.000000
2026-05-21T16:00:00+00:00,8943.308392,8943.308392,0.000000
2026-05-21T17:00:00+00:00,8937.047181,-6.261210,8943.308392
2026-05-21T18:00:00+00:00,8859.903251,-2.658946,8866.108640
2026-05-21T19:00:00+00:00,8778.356188,-6.150033,8784.506221
2026-05-21T20:00:00+00:00,8760.721970,-6.150033,8766.872003
2026-05-21T21:00:00+00:00,8747.188733,-6.150033,8753.338766
2026-05-21T22:00:00+00:00,8733.040348,-6.150033,8739.190381
2026-05-21T23:00:00+00:00,8740.217065,-6.150033,8746.367098
2026-05-22T00:00:00+00:00,8721.352553,-6.150033,8727.502586
2026-05-22T01:00:00+00:00,8704.216978,8704.216978,0.000000
2026-05-22T02:00:00+00:00,8704.216978,8704.216978,0.000000
2026-05-22T03:00:00+00:00,8704.216978,8704.216978,0.000000
2026-05-22T04:00:00+00:00,8704.216978,8704.216978,0.000000
2026-05-22T05:00:00+00:00,8704.216978,8704.216978,0.000000
2026-05-22T06:00:00+00:00,8698.124896,-2.610395,8704.216978
2026-05-22T07:00:00+00:00,8687.474279,-2.610395,8714.867595
2026-05-22T08:00:00+00:00,8712.052626,-2.610395,8690.289247
2026-05-22T09:00:00+00:00,8705.703220,-2.610395,8696.638654
2026-05-22T10:00:00+00:00,8709.389972,-2.610395,8692.951902
2026-05-22T11:00:00+00:00,8678.257398,-2.610395,8724.084475
2026-05-22T12:00:00+00:00,8650.446549,8650.446549,0.000000
2026-05-22T13:00:00+00:00,8650.446549,8650.446549,0.000000
2026-05-22T14:00:00+00:00,8650.446549,8650.446549,0.000000
2026-05-22T15:00:00+00:00,8650.446549,8650.446549,0.000000
2026-05-22T16:00:00+00:00,8650.446549,8650.446549,0.000000
2026-05-22T17:00:00+00:00,8650.446549,8650.446549,0.000000
2026-05-22T18:00:00+00:00,8650.446549,8650.446549,0.000000
2026-05-22T19:00:00+00:00,8650.446549,8650.446549,0.000000
2026-05-22T20:00:00+00:00,8650.446549,8650.446549,0.000000
2026-05-22T21:00:00+00:00,8650.446549,8650.446549,0.000000
2026-05-22T22:00:00+00:00,8650.446549,8650.446549,0.000000
2026-05-22T23:00:00+00:00,8650.446549,8650.446549,0.000000
2026-05-23T00:00:00+00:00,8650.446549,8650.446549,0.000000
2026-05-23T01:00:00+00:00,8650.446549,8650.446549,0.000000
2026-05-23T02:00:00+00:00,8650.446549,8650.446549,0.000000
2026-05-23T03:00:00+00:00,8650.446549,8650.446549,0.000000
2026-05-23T04:00:00+00:00,8650.446549,8650.446549,0.000000
2026-05-23T05:00:00+00:00,8650.446549,8650.446549,0.000000
2026-05-23T06:00:00+00:00,8650.446549,8650.446549,0.000000
2026-05-23T07:00:00+00:00,8650.446549,8650.446549,0.000000
2026-05-23T08:00:00+00:00,8650.446549,8650.446549,0.000000
2026-05-23T09:00:00+00:00,8650.446549,8650.446549,0.000000
2026-05-23T10:00:00+00:00,8650.446549,8650.446549,0.000000
2026-05-23T11:00:00+00:00,8650.446549,8650.446549,0.000000
2026-05-23T12:00:00+00:00,8650.446549,8650.446549,0.000000
2026-05-23T13:00:00+00:00,8650.446549,8650.446549,0.000000
2026-05-23T14:00:00+00:00,8650.446549,8650.446549,0.000000
2026-05-23T15:00:00+00:00,8650.446549,8650.446549,0.000000
2026-05-23T16:00:00+00:00,8650.446549,8650.446549,0.000000
2026-05-23T17:00:00+00:00,8650.446549,8650.446549,0.000000
2026-05-23T18:00:00+00:00,8650.446549,8650.446549,0.000000
2026-05-23T19:00:00+00:00,8650.446549,8650.446549,0.000000
2026-05-23T20:00:00+00:00,8644.390372,-6.056178,8650.446549
2026-05-23T21:00:00+00:00,8536.311351,8536.311351,0.000000
2026-05-23T22:00:00+00:00,8536.311351,8536.311351,0.000000
2026-05-23T23:00:00+00:00,8536.311351,8536.311351,0.000000
2026-05-24T00:00:00+00:00,8536.311351,8536.311351,0.000000
2026-05-24T01:00:00+00:00,8536.311351,8536.311351,0.000000
2026-05-24T02:00:00+00:00,8536.311351,8536.311351,0.000000
2026-05-24T03:00:00+00:00,8536.311351,8536.311351,0.000000
2026-05-24T04:00:00+00:00,8536.311351,8536.311351,0.000000
2026-05-24T05:00:00+00:00,8536.311351,8536.311351,0.000000
2026-05-24T06:00:00+00:00,8536.311351,8536.311351,0.000000
2026-05-24T07:00:00+00:00,8536.311351,8536.311351,0.000000
2026-05-24T08:00:00+00:00,8536.311351,8536.311351,0.000000
2026-05-24T09:00:00+00:00,8536.311351,8536.311351,0.000000
2026-05-24T10:00:00+00:00,8536.311351,8536.311351,0.000000
2026-05-24T11:00:00+00:00,8536.311351,8536.311351,0.000000
2026-05-24T12:00:00+00:00,8536.311351,8536.311351,0.000000
2026-05-24T13:00:00+00:00,8536.311351,8536.311351,0.000000
2026-05-24T14:00:00+00:00,8536.311351,8536.311351,0.000000
2026-05-24T15:00:00+00:00,8536.311351,8536.311351,0.000000
2026-05-24T16:00:00+00:00,8536.311351,8536.311351,0.000000
2026-05-24T17:00:00+00:00,8536.311351,8536.311351,0.000000
2026-05-24T18:00:00+00:00,8530.336787,-2.560040,8536.311351
2026-05-24T19:00:00+00:00,8526.880131,-2.560040,8539.768006
2026-05-24T20:00:00+00:00,8559.820021,-2.560040,8506.828116
2026-05-24T21:00:00+00:00,8611.490139,8611.490139,0.000000
2026-05-24T22:00:00+00:00,8611.490139,8611.490139,0.000000
2026-05-24T23:00:00+00:00,8611.490139,8611.490139,0.000000
2026-05-25T00:00:00+00:00,8611.490139,8611.490139,0.000000
2026-05-25T01:00:00+00:00,8611.490139,8611.490139,0.000000
2026-05-25T02:00:00+00:00,8611.490139,8611.490139,0.000000
2026-05-25T03:00:00+00:00,8611.490139,8611.490139,0.000000
2026-05-25T04:00:00+00:00,8611.490139,8611.490139,0.000000
2026-05-25T05:00:00+00:00,8611.490139,8611.490139,0.000000
2026-05-25T06:00:00+00:00,8605.461235,-6.028904,8611.490139
2026-05-25T07:00:00+00:00,8635.692041,-6.028904,8641.720945
2026-05-25T08:00:00+00:00,8637.326139,-6.028904,8643.355043
2026-05-25T09:00:00+00:00,8637.530401,-6.028904,8643.559305
2026-05-25T10:00:00+00:00,8638.960236,-6.028904,8644.989140
2026-05-25T11:00:00+00:00,8629.972699,-6.028904,8636.001604
2026-05-25T12:00:00+00:00,8638.755974,-6.028904,8644.784878
2026-05-25T13:00:00+00:00,8635.692041,-6.028904,8641.720945
2026-05-25T14:00:00+00:00,8685.736280,-6.028904,8691.765185
2026-05-25T15:00:00+00:00,8679.199890,-6.028904,8685.228794
2026-05-25T16:00:00+00:00,8666.458646,8666.458646,0.000000
2026-05-25T17:00:00+00:00,8666.458646,8666.458646,0.000000
2026-05-25T18:00:00+00:00,8666.458646,8666.458646,0.000000
2026-05-25T19:00:00+00:00,8666.458646,8666.458646,0.000000
2026-05-25T20:00:00+00:00,8666.458646,8666.458646,0.000000
2026-05-25T21:00:00+00:00,8666.458646,8666.458646,0.000000
2026-05-25T22:00:00+00:00,8666.458646,8666.458646,0.000000
2026-05-25T23:00:00+00:00,8666.458646,8666.458646,0.000000
2026-05-26T00:00:00+00:00,8660.392992,-2.599071,8666.458646
2026-05-26T01:00:00+00:00,8673.620125,-2.599071,8653.231514
2026-05-26T02:00:00+00:00,8695.734237,-2.599071,8631.117401
2026-05-26T03:00:00+00:00,8678.166951,-2.599071,8648.684687
2026-05-26T04:00:00+00:00,8676.720234,-2.599071,8650.131404
2026-05-26T05:00:00+00:00,8640.190791,8640.190791,0.000000
2026-05-26T06:00:00+00:00,8640.190791,8640.190791,0.000000
2026-05-26T07:00:00+00:00,8640.190791,8640.190791,0.000000
2026-05-26T08:00:00+00:00,8640.190791,8640.190791,0.000000
2026-05-26T09:00:00+00:00,8640.190791,8640.190791,0.000000
2026-05-26T10:00:00+00:00,8640.190791,8640.190791,0.000000
2026-05-26T11:00:00+00:00,8634.141793,-6.048998,8640.190791
2026-05-26T12:00:00+00:00,8656.149308,-6.048998,8662.198305
2026-05-26T13:00:00+00:00,8602.855726,8602.855726,0.000000
2026-05-26T14:00:00+00:00,8602.855726,8602.855726,0.000000
2026-05-26T15:00:00+00:00,8596.834587,-2.579996,8602.855726
2026-05-26T16:00:00+00:00,8579.553868,8579.553868,0.000000
2026-05-26T17:00:00+00:00,8579.553868,8579.553868,0.000000
2026-05-26T18:00:00+00:00,8579.553868,8579.553868,0.000000
2026-05-26T19:00:00+00:00,8579.553868,8579.553868,0.000000
2026-05-26T20:00:00+00:00,8579.553868,8579.553868,0.000000
2026-05-26T21:00:00+00:00,8579.553868,8579.553868,0.000000
2026-05-26T22:00:00+00:00,8579.553868,8579.553868,0.000000
2026-05-26T23:00:00+00:00,8579.553868,8579.553868,0.000000
2026-05-27T00:00:00+00:00,8579.553868,8579.553868,0.000000
2026-05-27T01:00:00+00:00,8579.553868,8579.553868,0.000000
2026-05-27T02:00:00+00:00,8579.553868,8579.553868,0.000000
2026-05-27T03:00:00+00:00,8579.553868,8579.553868,0.000000
2026-05-27T04:00:00+00:00,8579.553868,8579.553868,0.000000
2026-05-27T05:00:00+00:00,8579.553868,8579.553868,0.000000
2026-05-27T06:00:00+00:00,8579.553868,8579.553868,0.000000
2026-05-27T07:00:00+00:00,8579.553868,8579.553868,0.000000
2026-05-27T08:00:00+00:00,8579.553868,8579.553868,0.000000
2026-05-27T09:00:00+00:00,8579.553868,8579.553868,0.000000
2026-05-27T10:00:00+00:00,8579.553868,8579.553868,0.000000
2026-05-27T11:00:00+00:00,8579.553868,8579.553868,0.000000
2026-05-27T12:00:00+00:00,8579.553868,8579.553868,0.000000
2026-05-27T13:00:00+00:00,8579.553868,8579.553868,0.000000
2026-05-27T14:00:00+00:00,8579.553868,8579.553868,0.000000
2026-05-27T15:00:00+00:00,8579.553868,8579.553868,0.000000
2026-05-27T16:00:00+00:00,8579.553868,8579.553868,0.000000
2026-05-27T17:00:00+00:00,8579.553868,8579.553868,0.000000
2026-05-27T18:00:00+00:00,8579.553868,8579.553868,0.000000
2026-05-27T19:00:00+00:00,8579.553868,8579.553868,0.000000
2026-05-27T20:00:00+00:00,8579.553868,8579.553868,0.000000
2026-05-27T21:00:00+00:00,8579.553868,8579.553868,0.000000
2026-05-27T22:00:00+00:00,8579.553868,8579.553868,0.000000
2026-05-27T23:00:00+00:00,8579.553868,8579.553868,0.000000
2026-05-28T00:00:00+00:00,8579.553868,8579.553868,0.000000
2026-05-28T01:00:00+00:00,8579.553868,8579.553868,0.000000
2026-05-28T02:00:00+00:00,8579.553868,8579.553868,0.000000
2026-05-28T03:00:00+00:00,8579.553868,8579.553868,0.000000
2026-05-28T04:00:00+00:00,8579.553868,8579.553868,0.000000
2026-05-28T05:00:00+00:00,8579.553868,8579.553868,0.000000
2026-05-28T06:00:00+00:00,8579.553868,8579.553868,0.000000
2026-05-28T07:00:00+00:00,8579.553868,8579.553868,0.000000
2026-05-28T08:00:00+00:00,8579.553868,8579.553868,0.000000
2026-05-28T09:00:00+00:00,8579.553868,8579.553868,0.000000
2026-05-28T10:00:00+00:00,8579.553868,8579.553868,0.000000
2026-05-28T11:00:00+00:00,8579.553868,8579.553868,0.000000
2026-05-28T12:00:00+00:00,8579.553868,8579.553868,0.000000
2026-05-28T13:00:00+00:00,8579.553868,8579.553868,0.000000
2026-05-28T14:00:00+00:00,8579.553868,8579.553868,0.000000
2026-05-28T15:00:00+00:00,8579.553868,8579.553868,0.000000
2026-05-28T16:00:00+00:00,8579.553868,8579.553868,0.000000
2026-05-28T17:00:00+00:00,8579.553868,8579.553868,0.000000
2026-05-28T18:00:00+00:00,8579.553868,8579.553868,0.000000
2026-05-28T19:00:00+00:00,8579.553868,8579.553868,0.000000
2026-05-28T20:00:00+00:00,8579.553868,8579.553868,0.000000
2026-05-28T21:00:00+00:00,8579.553868,8579.553868,0.000000
2026-05-28T22:00:00+00:00,8579.553868,8579.553868,0.000000
2026-05-28T23:00:00+00:00,8579.553868,8579.553868,0.000000
2026-05-29T00:00:00+00:00,8579.553868,8579.553868,0.000000
2026-05-29T01:00:00+00:00,8579.553868,8579.553868,0.000000
2026-05-29T02:00:00+00:00,8579.553868,8579.553868,0.000000
2026-05-29T03:00:00+00:00,8579.553868,8579.553868,0.000000
2026-05-29T04:00:00+00:00,8579.553868,8579.553868,0.000000
2026-05-29T05:00:00+00:00,8579.553868,8579.553868,0.000000
2026-05-29T06:00:00+00:00,8573.547322,-6.006546,8579.553868
2026-05-29T07:00:00+00:00,8501.010498,-2.551239,8506.964523
2026-05-29T08:00:00+00:00,8506.097889,-2.551239,8501.877133
2026-05-29T09:00:00+00:00,8458.371083,-5.925854,8464.296938
2026-05-29T10:00:00+00:00,8442.609674,-5.925854,8448.535529
2026-05-29T11:00:00+00:00,8416.521353,-2.525883,8422.416202
2026-05-29T12:00:00+00:00,8450.098534,-2.525883,8388.839021
2026-05-29T13:00:00+00:00,8426.390262,8426.390262,0.000000
2026-05-29T14:00:00+00:00,8426.390262,8426.390262,0.000000
2026-05-29T15:00:00+00:00,8420.490946,-5.899316,8426.390262
2026-05-29T16:00:00+00:00,8394.323433,8394.323433,0.000000
2026-05-29T17:00:00+00:00,8394.323433,8394.323433,0.000000
2026-05-29T18:00:00+00:00,8394.323433,8394.323433,0.000000
2026-05-29T19:00:00+00:00,8394.323433,8394.323433,0.000000
2026-05-29T20:00:00+00:00,8394.323433,8394.323433,0.000000
2026-05-29T21:00:00+00:00,8394.323433,8394.323433,0.000000
2026-05-29T22:00:00+00:00,8394.323433,8394.323433,0.000000
2026-05-29T23:00:00+00:00,8394.323433,8394.323433,0.000000
2026-05-30T00:00:00+00:00,8394.323433,8394.323433,0.000000
2026-05-30T01:00:00+00:00,8394.323433,8394.323433,0.000000
2026-05-30T02:00:00+00:00,8394.323433,8394.323433,0.000000
2026-05-30T03:00:00+00:00,8394.323433,8394.323433,0.000000
2026-05-30T04:00:00+00:00,8394.323433,8394.323433,0.000000
2026-05-30T05:00:00+00:00,8394.323433,8394.323433,0.000000
2026-05-30T06:00:00+00:00,8394.323433,8394.323433,0.000000
2026-05-30T07:00:00+00:00,8394.323433,8394.323433,0.000000
2026-05-30T08:00:00+00:00,8394.323433,8394.323433,0.000000
2026-05-30T09:00:00+00:00,8394.323433,8394.323433,0.000000
2026-05-30T10:00:00+00:00,8394.323433,8394.323433,0.000000
2026-05-30T11:00:00+00:00,8394.323433,8394.323433,0.000000
2026-05-30T12:00:00+00:00,8394.323433,8394.323433,0.000000
2026-05-30T13:00:00+00:00,8394.323433,8394.323433,0.000000
2026-05-30T14:00:00+00:00,8394.323433,8394.323433,0.000000
2026-05-30T15:00:00+00:00,8394.323433,8394.323433,0.000000
2026-05-30T16:00:00+00:00,8394.323433,8394.323433,0.000000
2026-05-30T17:00:00+00:00,8394.323433,8394.323433,0.000000
2026-05-30T18:00:00+00:00,8394.323433,8394.323433,0.000000
2026-05-30T19:00:00+00:00,8394.323433,8394.323433,0.000000
2026-05-30T20:00:00+00:00,8394.323433,8394.323433,0.000000
2026-05-30T21:00:00+00:00,8394.323433,8394.323433,0.000000
2026-05-30T22:00:00+00:00,8394.323433,8394.323433,0.000000
2026-05-30T23:00:00+00:00,8394.323433,8394.323433,0.000000
2026-05-31T00:00:00+00:00,8394.323433,8394.323433,0.000000
2026-05-31T01:00:00+00:00,8394.323433,8394.323433,0.000000
2026-05-31T02:00:00+00:00,8394.323433,8394.323433,0.000000
2026-05-31T03:00:00+00:00,8394.323433,8394.323433,0.000000
2026-05-31T04:00:00+00:00,8394.323433,8394.323433,0.000000
2026-05-31T05:00:00+00:00,8394.323433,8394.323433,0.000000
2026-05-31T06:00:00+00:00,8394.323433,8394.323433,0.000000
2026-05-31T07:00:00+00:00,8394.323433,8394.323433,0.000000
2026-05-31T08:00:00+00:00,8394.323433,8394.323433,0.000000
2026-05-31T09:00:00+00:00,8394.323433,8394.323433,0.000000
2026-05-31T10:00:00+00:00,8394.323433,8394.323433,0.000000
2026-05-31T11:00:00+00:00,8388.448246,-2.517458,8394.323433
2026-05-31T12:00:00+00:00,8391.769114,-2.517458,8391.002566
2026-05-31T13:00:00+00:00,8400.071284,-2.517458,8382.700396
2026-05-31T14:00:00+00:00,8389.483621,8389.483621,0.000000
2026-05-31T15:00:00+00:00,8389.483621,8389.483621,0.000000
2026-05-31T16:00:00+00:00,8389.483621,8389.483621,0.000000
2026-05-31T17:00:00+00:00,8389.483621,8389.483621,0.000000
2026-05-31T18:00:00+00:00,8389.483621,8389.483621,0.000000
2026-05-31T19:00:00+00:00,8389.483621,8389.483621,0.000000
2026-05-31T20:00:00+00:00,8389.483621,8389.483621,0.000000
2026-05-31T21:00:00+00:00,8389.483621,8389.483621,0.000000
2026-05-31T22:00:00+00:00,8389.483621,8389.483621,0.000000
2026-05-31T23:00:00+00:00,8389.483621,8389.483621,0.000000
2026-06-01T00:00:00+00:00,8389.483621,8389.483621,0.000000
2026-06-01T01:00:00+00:00,8389.483621,8389.483621,0.000000
2026-06-01T02:00:00+00:00,8389.483621,8389.483621,0.000000
2026-06-01T03:00:00+00:00,8389.483621,8389.483621,0.000000
2026-06-01T04:00:00+00:00,8389.483621,8389.483621,0.000000
2026-06-01T05:00:00+00:00,8389.483621,8389.483621,0.000000
2026-06-01T06:00:00+00:00,8389.483621,8389.483621,0.000000
2026-06-01T07:00:00+00:00,8389.483621,8389.483621,0.000000
2026-06-01T08:00:00+00:00,8389.483621,8389.483621,0.000000
2026-06-01T09:00:00+00:00,8389.483621,8389.483621,0.000000
2026-06-01T10:00:00+00:00,8389.483621,8389.483621,0.000000
2026-06-01T11:00:00+00:00,8389.483621,8389.483621,0.000000
2026-06-01T12:00:00+00:00,8389.483621,8389.483621,0.000000
2026-06-01T13:00:00+00:00,8389.483621,8389.483621,0.000000
2026-06-01T14:00:00+00:00,8389.483621,8389.483621,0.000000
2026-06-01T15:00:00+00:00,8389.483621,8389.483621,0.000000
2026-06-01T16:00:00+00:00,8389.483621,8389.483621,0.000000
2026-06-01T17:00:00+00:00,8389.483621,8389.483621,0.000000
2026-06-01T18:00:00+00:00,8389.483621,8389.483621,0.000000
2026-06-01T19:00:00+00:00,8389.483621,8389.483621,0.000000
2026-06-01T20:00:00+00:00,8389.483621,8389.483621,0.000000
2026-06-01T21:00:00+00:00,8389.483621,8389.483621,0.000000
2026-06-01T22:00:00+00:00,8383.610144,-5.873477,8389.483621
2026-06-01T23:00:00+00:00,8393.449339,-5.873477,8399.322816
2026-06-02T00:00:00+00:00,8350.324357,-5.873477,8356.197835
2026-06-02T01:00:00+00:00,8272.997278,-2.482810,8278.791604
2026-06-02T02:00:00+00:00,8270.859126,-5.794485,8276.653611
2026-06-02T03:00:00+00:00,8299.049081,-5.794485,8304.843566
2026-06-02T04:00:00+00:00,8268.993614,-5.794485,8274.788099
2026-06-02T05:00:00+00:00,8232.174293,-2.470558,8237.940027
2026-06-02T06:00:00+00:00,8242.969708,-2.470558,8227.144611
2026-06-02T07:00:00+00:00,8207.365424,8207.365424,0.000000
2026-06-02T08:00:00+00:00,8207.365424,8207.365424,0.000000
2026-06-02T09:00:00+00:00,8207.365424,8207.365424,0.000000
2026-06-02T10:00:00+00:00,8207.365424,8207.365424,0.000000
2026-06-02T11:00:00+00:00,8207.365424,8207.365424,0.000000
2026-06-02T12:00:00+00:00,8207.365424,8207.365424,0.000000
2026-06-02T13:00:00+00:00,8207.365424,8207.365424,0.000000
2026-06-02T14:00:00+00:00,8207.365424,8207.365424,0.000000
2026-06-02T15:00:00+00:00,8207.365424,8207.365424,0.000000
2026-06-02T16:00:00+00:00,8207.365424,8207.365424,0.000000
2026-06-02T17:00:00+00:00,8207.365424,8207.365424,0.000000
2026-06-02T18:00:00+00:00,8207.365424,8207.365424,0.000000
2026-06-02T19:00:00+00:00,8207.365424,8207.365424,0.000000
2026-06-02T20:00:00+00:00,8207.365424,8207.365424,0.000000
2026-06-02T21:00:00+00:00,8207.365424,8207.365424,0.000000
2026-06-02T22:00:00+00:00,8207.365424,8207.365424,0.000000
2026-06-02T23:00:00+00:00,8207.365424,8207.365424,0.000000
2026-06-03T00:00:00+00:00,8207.365424,8207.365424,0.000000
2026-06-03T01:00:00+00:00,8207.365424,8207.365424,0.000000
2026-06-03T02:00:00+00:00,8207.365424,8207.365424,0.000000
2026-06-03T03:00:00+00:00,8207.365424,8207.365424,0.000000
2026-06-03T04:00:00+00:00,8207.365424,8207.365424,0.000000
2026-06-03T05:00:00+00:00,8207.365424,8207.365424,0.000000
2026-06-03T06:00:00+00:00,8207.365424,8207.365424,0.000000
2026-06-03T07:00:00+00:00,8207.365424,8207.365424,0.000000
2026-06-03T08:00:00+00:00,8207.365424,8207.365424,0.000000
2026-06-03T09:00:00+00:00,8207.365424,8207.365424,0.000000
2026-06-03T10:00:00+00:00,8207.365424,8207.365424,0.000000
2026-06-03T11:00:00+00:00,8207.365424,8207.365424,0.000000
2026-06-03T12:00:00+00:00,8207.365424,8207.365424,0.000000
2026-06-03T13:00:00+00:00,8207.365424,8207.365424,0.000000
2026-06-03T14:00:00+00:00,8207.365424,8207.365424,0.000000
2026-06-03T15:00:00+00:00,8207.365424,8207.365424,0.000000
2026-06-03T16:00:00+00:00,8207.365424,8207.365424,0.000000
2026-06-03T17:00:00+00:00,8207.365424,8207.365424,0.000000
2026-06-03T18:00:00+00:00,8207.365424,8207.365424,0.000000
2026-06-03T19:00:00+00:00,8207.365424,8207.365424,0.000000
2026-06-03T20:00:00+00:00,8207.365424,8207.365424,0.000000
2026-06-03T21:00:00+00:00,8207.365424,8207.365424,0.000000
2026-06-03T22:00:00+00:00,8207.365424,8207.365424,0.000000
2026-06-03T23:00:00+00:00,8207.365424,8207.365424,0.000000
2026-06-04T00:00:00+00:00,8207.365424,8207.365424,0.000000
2026-06-04T01:00:00+00:00,8207.365424,8207.365424,0.000000
2026-06-04T02:00:00+00:00,8207.365424,8207.365424,0.000000
2026-06-04T03:00:00+00:00,8207.365424,8207.365424,0.000000
2026-06-04T04:00:00+00:00,8207.365424,8207.365424,0.000000
2026-06-04T05:00:00+00:00,8207.365424,8207.365424,0.000000
2026-06-04T06:00:00+00:00,8207.365424,8207.365424,0.000000
2026-06-04T07:00:00+00:00,8207.365424,8207.365424,0.000000
2026-06-04T08:00:00+00:00,8207.365424,8207.365424,0.000000
2026-06-04T09:00:00+00:00,8207.365424,8207.365424,0.000000
2026-06-04T10:00:00+00:00,8207.365424,8207.365424,0.000000
2026-06-04T11:00:00+00:00,8207.365424,8207.365424,0.000000
2026-06-04T12:00:00+00:00,8207.365424,8207.365424,0.000000
2026-06-04T13:00:00+00:00,8207.365424,8207.365424,0.000000
2026-06-04T14:00:00+00:00,8207.365424,8207.365424,0.000000
2026-06-04T15:00:00+00:00,8207.365424,8207.365424,0.000000
2026-06-04T16:00:00+00:00,8207.365424,8207.365424,0.000000
2026-06-04T17:00:00+00:00,8207.365424,8207.365424,0.000000
2026-06-04T18:00:00+00:00,8207.365424,8207.365424,0.000000
2026-06-04T19:00:00+00:00,8207.365424,8207.365424,0.000000
2026-06-04T20:00:00+00:00,8207.365424,8207.365424,0.000000
2026-06-04T21:00:00+00:00,8207.365424,8207.365424,0.000000
2026-06-04T22:00:00+00:00,8207.365424,8207.365424,0.000000
2026-06-04T23:00:00+00:00,8207.365424,8207.365424,0.000000
2026-06-05T00:00:00+00:00,8207.365424,8207.365424,0.000000
2026-06-05T01:00:00+00:00,8207.365424,8207.365424,0.000000
2026-06-05T02:00:00+00:00,8207.365424,8207.365424,0.000000
2026-06-05T03:00:00+00:00,8207.365424,8207.365424,0.000000
2026-06-05T04:00:00+00:00,8207.365424,8207.365424,0.000000
2026-06-05T05:00:00+00:00,8207.365424,8207.365424,0.000000
2026-06-05T06:00:00+00:00,8207.365424,8207.365424,0.000000
2026-06-05T07:00:00+00:00,8207.365424,8207.365424,0.000000
2026-06-05T08:00:00+00:00,8207.365424,8207.365424,0.000000
2026-06-05T09:00:00+00:00,8207.365424,8207.365424,0.000000
2026-06-05T10:00:00+00:00,8207.365424,8207.365424,0.000000
2026-06-05T11:00:00+00:00,8207.365424,8207.365424,0.000000
2026-06-05T12:00:00+00:00,8207.365424,8207.365424,0.000000
2026-06-05T13:00:00+00:00,8207.365424,8207.365424,0.000000
2026-06-05T14:00:00+00:00,8207.365424,8207.365424,0.000000
2026-06-05T15:00:00+00:00,8207.365424,8207.365424,0.000000
2026-06-05T16:00:00+00:00,8207.365424,8207.365424,0.000000
2026-06-05T17:00:00+00:00,8207.365424,8207.365424,0.000000
2026-06-05T18:00:00+00:00,8207.365424,8207.365424,0.000000
2026-06-05T19:00:00+00:00,8207.365424,8207.365424,0.000000
2026-06-05T20:00:00+00:00,8207.365424,8207.365424,0.000000
2026-06-05T21:00:00+00:00,8207.365424,8207.365424,0.000000
2026-06-05T22:00:00+00:00,8207.365424,8207.365424,0.000000
2026-06-05T23:00:00+00:00,8207.365424,8207.365424,0.000000
2026-06-06T00:00:00+00:00,8207.365424,8207.365424,0.000000
2026-06-06T01:00:00+00:00,8207.365424,8207.365424,0.000000
2026-06-06T02:00:00+00:00,8207.365424,8207.365424,0.000000
2026-06-06T03:00:00+00:00,8207.365424,8207.365424,0.000000
2026-06-06T04:00:00+00:00,8207.365424,8207.365424,0.000000
2026-06-06T05:00:00+00:00,8207.365424,8207.365424,0.000000
2026-06-06T06:00:00+00:00,8207.365424,8207.365424,0.000000
2026-06-06T07:00:00+00:00,8207.365424,8207.365424,0.000000
2026-06-06T08:00:00+00:00,8207.365424,8207.365424,0.000000
2026-06-06T09:00:00+00:00,8207.365424,8207.365424,0.000000
2026-06-06T10:00:00+00:00,8207.365424,8207.365424,0.000000
2026-06-06T11:00:00+00:00,8207.365424,8207.365424,0.000000
2026-06-06T12:00:00+00:00,8207.365424,8207.365424,0.000000
2026-06-06T13:00:00+00:00,8207.365424,8207.365424,0.000000
2026-06-06T14:00:00+00:00,8207.365424,8207.365424,0.000000
2026-06-06T15:00:00+00:00,8207.365424,8207.365424,0.000000
2026-06-06T16:00:00+00:00,8207.365424,8207.365424,0.000000
2026-06-06T17:00:00+00:00,8207.365424,8207.365424,0.000000
2026-06-06T18:00:00+00:00,8207.365424,8207.365424,0.000000
2026-06-06T19:00:00+00:00,8207.365424,8207.365424,0.000000
2026-06-06T20:00:00+00:00,8207.365424,8207.365424,0.000000
2026-06-06T21:00:00+00:00,8207.365424,8207.365424,0.000000
2026-06-06T22:00:00+00:00,8207.365424,8207.365424,0.000000
2026-06-06T23:00:00+00:00,8207.365424,8207.365424,0.000000
2026-06-07T00:00:00+00:00,8207.365424,8207.365424,0.000000
2026-06-07T01:00:00+00:00,8207.365424,8207.365424,0.000000
2026-06-07T02:00:00+00:00,8201.619447,-5.745977,8207.365424
2026-06-07T03:00:00+00:00,8212.446086,-5.745977,8218.192062
2026-06-07T04:00:00+00:00,8170.636819,8170.636819,0.000000
2026-06-07T05:00:00+00:00,8170.636819,8170.636819,0.000000
2026-06-07T06:00:00+00:00,8170.636819,8170.636819,0.000000
2026-06-07T07:00:00+00:00,8170.636819,8170.636819,0.000000
2026-06-07T08:00:00+00:00,8170.636819,8170.636819,0.000000
2026-06-07T09:00:00+00:00,8170.636819,8170.636819,0.000000
2026-06-07T10:00:00+00:00,8170.636819,8170.636819,0.000000
2026-06-07T11:00:00+00:00,8170.636819,8170.636819,0.000000
2026-06-07T12:00:00+00:00,8170.636819,8170.636819,0.000000
2026-06-07T13:00:00+00:00,8170.636819,8170.636819,0.000000
2026-06-07T14:00:00+00:00,8170.636819,8170.636819,0.000000
2026-06-07T15:00:00+00:00,8170.636819,8170.636819,0.000000
2026-06-07T16:00:00+00:00,8170.636819,8170.636819,0.000000
2026-06-07T17:00:00+00:00,8170.636819,8170.636819,0.000000
2026-06-07T18:00:00+00:00,8170.636819,8170.636819,0.000000
2026-06-07T19:00:00+00:00,8170.636819,8170.636819,0.000000
2026-06-07T20:00:00+00:00,8170.636819,8170.636819,0.000000
2026-06-07T21:00:00+00:00,8170.636819,8170.636819,0.000000
2026-06-07T22:00:00+00:00,8170.636819,8170.636819,0.000000
2026-06-07T23:00:00+00:00,8170.636819,8170.636819,0.000000
2026-06-08T00:00:00+00:00,8170.636819,8170.636819,0.000000
2026-06-08T01:00:00+00:00,8170.636819,8170.636819,0.000000
2026-06-08T02:00:00+00:00,8170.636819,8170.636819,0.000000
2026-06-08T03:00:00+00:00,8170.636819,8170.636819,0.000000
2026-06-08T04:00:00+00:00,8170.636819,8170.636819,0.000000
2026-06-08T05:00:00+00:00,8170.636819,8170.636819,0.000000
2026-06-08T06:00:00+00:00,8170.636819,8170.636819,0.000000
2026-06-08T07:00:00+00:00,8170.636819,8170.636819,0.000000
2026-06-08T08:00:00+00:00,8170.636819,8170.636819,0.000000
2026-06-08T09:00:00+00:00,8170.636819,8170.636819,0.000000
2026-06-08T10:00:00+00:00,8170.636819,8170.636819,0.000000
2026-06-08T11:00:00+00:00,8170.636819,8170.636819,0.000000
2026-06-08T12:00:00+00:00,8170.636819,8170.636819,0.000000
2026-06-08T13:00:00+00:00,8170.636819,8170.636819,0.000000
2026-06-08T14:00:00+00:00,8170.636819,8170.636819,0.000000
2026-06-08T15:00:00+00:00,8170.636819,8170.636819,0.000000
2026-06-08T16:00:00+00:00,8170.636819,8170.636819,0.000000
2026-06-08T17:00:00+00:00,8170.636819,8170.636819,0.000000
2026-06-08T18:00:00+00:00,8170.636819,8170.636819,0.000000
2026-06-08T19:00:00+00:00,8170.636819,8170.636819,0.000000
2026-06-08T20:00:00+00:00,8170.636819,8170.636819,0.000000
2026-06-08T21:00:00+00:00,8170.636819,8170.636819,0.000000
2026-06-08T22:00:00+00:00,8170.636819,8170.636819,0.000000
2026-06-08T23:00:00+00:00,8170.636819,8170.636819,0.000000
2026-06-09T00:00:00+00:00,8170.636819,8170.636819,0.000000
2026-06-09T01:00:00+00:00,8170.636819,8170.636819,0.000000
2026-06-09T02:00:00+00:00,8170.636819,8170.636819,0.000000
2026-06-09T03:00:00+00:00,8170.636819,8170.636819,0.000000
2026-06-09T04:00:00+00:00,8170.636819,8170.636819,0.000000
2026-06-09T05:00:00+00:00,8170.636819,8170.636819,0.000000
2026-06-09T06:00:00+00:00,8170.636819,8170.636819,0.000000
2026-06-09T07:00:00+00:00,8170.636819,8170.636819,0.000000
2026-06-09T08:00:00+00:00,8170.636819,8170.636819,0.000000
2026-06-09T09:00:00+00:00,8170.636819,8170.636819,0.000000
2026-06-09T10:00:00+00:00,8164.918190,-2.450374,8170.636819
2026-06-09T11:00:00+00:00,8178.830850,-2.450374,8156.724158
2026-06-09T12:00:00+00:00,8136.380823,8136.380823,0.000000
2026-06-09T13:00:00+00:00,8136.380823,8136.380823,0.000000
2026-06-09T14:00:00+00:00,8136.380823,8136.380823,0.000000
2026-06-09T15:00:00+00:00,8136.380823,8136.380823,0.000000
2026-06-09T16:00:00+00:00,8136.380823,8136.380823,0.000000
2026-06-09T17:00:00+00:00,8136.380823,8136.380823,0.000000
2026-06-09T18:00:00+00:00,8136.380823,8136.380823,0.000000
2026-06-09T19:00:00+00:00,8136.380823,8136.380823,0.000000
2026-06-09T20:00:00+00:00,8136.380823,8136.380823,0.000000
2026-06-09T21:00:00+00:00,8136.380823,8136.380823,0.000000
2026-06-09T22:00:00+00:00,8136.380823,8136.380823,0.000000
2026-06-09T23:00:00+00:00,8136.380823,8136.380823,0.000000
2026-06-10T00:00:00+00:00,8136.380823,8136.380823,0.000000
2026-06-10T01:00:00+00:00,8136.380823,8136.380823,0.000000
2026-06-10T02:00:00+00:00,8136.380823,8136.380823,0.000000
2026-06-10T03:00:00+00:00,8136.380823,8136.380823,0.000000
2026-06-10T04:00:00+00:00,8136.380823,8136.380823,0.000000
2026-06-10T05:00:00+00:00,8136.380823,8136.380823,0.000000
2026-06-10T06:00:00+00:00,8136.380823,8136.380823,0.000000
2026-06-10T07:00:00+00:00,8136.380823,8136.380823,0.000000
2026-06-10T08:00:00+00:00,8136.380823,8136.380823,0.000000
2026-06-10T09:00:00+00:00,8136.380823,8136.380823,0.000000
2026-06-10T10:00:00+00:00,8136.380823,8136.380823,0.000000
2026-06-10T11:00:00+00:00,8136.380823,8136.380823,0.000000
2026-06-10T12:00:00+00:00,8136.380823,8136.380823,0.000000
2026-06-10T13:00:00+00:00,8136.380823,8136.380823,0.000000
2026-06-10T14:00:00+00:00,8136.380823,8136.380823,0.000000
2026-06-10T15:00:00+00:00,8136.380823,8136.380823,0.000000
2026-06-10T16:00:00+00:00,8136.380823,8136.380823,0.000000
2026-06-10T17:00:00+00:00,8136.380823,8136.380823,0.000000
2026-06-10T18:00:00+00:00,8136.380823,8136.380823,0.000000
2026-06-10T19:00:00+00:00,8136.380823,8136.380823,0.000000
2026-06-10T20:00:00+00:00,8136.380823,8136.380823,0.000000
2026-06-10T21:00:00+00:00,8136.380823,8136.380823,0.000000
2026-06-10T22:00:00+00:00,8136.380823,8136.380823,0.000000
2026-06-10T23:00:00+00:00,8136.380823,8136.380823,0.000000
2026-06-11T00:00:00+00:00,8136.380823,8136.380823,0.000000
2026-06-11T01:00:00+00:00,8136.380823,8136.380823,0.000000
2026-06-11T02:00:00+00:00,8136.380823,8136.380823,0.000000
2026-06-11T03:00:00+00:00,8130.684542,-5.696280,8136.380823
2026-06-11T04:00:00+00:00,8144.464592,-5.696280,8150.160872
2026-06-11T05:00:00+00:00,8100.171576,-5.696280,8105.867857
2026-06-11T06:00:00+00:00,8105.559849,8105.559849,0.000000
2026-06-11T07:00:00+00:00,8105.559849,8105.559849,0.000000
2026-06-11T08:00:00+00:00,8105.559849,8105.559849,0.000000
2026-06-11T09:00:00+00:00,8105.559849,8105.559849,0.000000
2026-06-11T10:00:00+00:00,8105.559849,8105.559849,0.000000
2026-06-11T11:00:00+00:00,8105.559849,8105.559849,0.000000
2026-06-11T12:00:00+00:00,8105.559849,8105.559849,0.000000
2026-06-11T13:00:00+00:00,8105.559849,8105.559849,0.000000
2026-06-11T14:00:00+00:00,8105.559849,8105.559849,0.000000
2026-06-11T15:00:00+00:00,8105.559849,8105.559849,0.000000
2026-06-11T16:00:00+00:00,8105.559849,8105.559849,0.000000
2026-06-11T17:00:00+00:00,8105.559849,8105.559849,0.000000
2026-06-11T18:00:00+00:00,8105.559849,8105.559849,0.000000
2026-06-11T19:00:00+00:00,8105.559849,8105.559849,0.000000
2026-06-11T20:00:00+00:00,8105.559849,8105.559849,0.000000
2026-06-11T21:00:00+00:00,8105.559849,8105.559849,0.000000
2026-06-11T22:00:00+00:00,8105.559849,8105.559849,0.000000
2026-06-11T23:00:00+00:00,8105.559849,8105.559849,0.000000
2026-06-12T00:00:00+00:00,8105.559849,8105.559849,0.000000
2026-06-12T01:00:00+00:00,8105.559849,8105.559849,0.000000
2026-06-12T02:00:00+00:00,8105.559849,8105.559849,0.000000
2026-06-12T03:00:00+00:00,8105.559849,8105.559849,0.000000
2026-06-12T04:00:00+00:00,8105.559849,8105.559849,0.000000
2026-06-12T05:00:00+00:00,8105.559849,8105.559849,0.000000
2026-06-12T06:00:00+00:00,8105.559849,8105.559849,0.000000
2026-06-12T07:00:00+00:00,8105.559849,8105.559849,0.000000
2026-06-12T08:00:00+00:00,8105.559849,8105.559849,0.000000
2026-06-12T09:00:00+00:00,8105.559849,8105.559849,0.000000
2026-06-12T10:00:00+00:00,8105.559849,8105.559849,0.000000
2026-06-12T11:00:00+00:00,8105.559849,8105.559849,0.000000
2026-06-12T12:00:00+00:00,8105.559849,8105.559849,0.000000
2026-06-12T13:00:00+00:00,8105.559849,8105.559849,0.000000
2026-06-12T14:00:00+00:00,8105.559849,8105.559849,0.000000
2026-06-12T15:00:00+00:00,8105.559849,8105.559849,0.000000
2026-06-12T16:00:00+00:00,8105.559849,8105.559849,0.000000
2026-06-12T17:00:00+00:00,8105.559849,8105.559849,0.000000
2026-06-12T18:00:00+00:00,8105.559849,8105.559849,0.000000
2026-06-12T19:00:00+00:00,8105.559849,8105.559849,0.000000
2026-06-12T20:00:00+00:00,8099.886767,-2.430857,8105.559849
2026-06-12T21:00:00+00:00,8104.026606,-2.430857,8101.420010
2026-06-12T22:00:00+00:00,8111.332203,-2.430857,8094.114413
2026-06-12T23:00:00+00:00,8093.555250,-2.430857,8111.891366
2026-06-13T00:00:00+00:00,8088.197812,-2.430857,8117.248804
2026-06-13T01:00:00+00:00,8053.647948,-5.642309,8059.290258
2026-06-13T02:00:00+00:00,8026.189518,-5.642309,8031.831827
2026-06-13T03:00:00+00:00,8000.763386,-2.401109,8006.367043
2026-06-13T04:00:00+00:00,8004.130741,-2.401109,8002.999688
2026-06-13T05:00:00+00:00,7999.801285,-2.401109,8007.329144
2026-06-13T06:00:00+00:00,7977.913479,-2.401109,8029.216950
2026-06-13T07:00:00+00:00,7941.026577,-5.563408,7946.589985
2026-06-13T08:00:00+00:00,7932.489506,-5.563408,7938.052914
2026-06-13T09:00:00+00:00,7929.169534,-5.563408,7934.732942
2026-06-13T10:00:00+00:00,7931.066661,-5.563408,7936.630069
2026-06-13T11:00:00+00:00,7950.986493,-5.563408,7956.549900
2026-06-13T12:00:00+00:00,7961.657831,-5.563408,7967.221239
2026-06-13T13:00:00+00:00,7949.089366,-5.563408,7954.652774
2026-06-13T14:00:00+00:00,7958.575000,-5.563408,7964.138408
2026-06-13T15:00:00+00:00,7969.009198,-5.563408,7974.572605
2026-06-13T16:00:00+00:00,7920.362824,7920.362824,0.000000
2026-06-13T17:00:00+00:00,7920.362824,7920.362824,0.000000
2026-06-13T18:00:00+00:00,7920.362824,7920.362824,0.000000
2026-06-13T19:00:00+00:00,7920.362824,7920.362824,0.000000
2026-06-13T20:00:00+00:00,7920.362824,7920.362824,0.000000
2026-06-13T21:00:00+00:00,7920.362824,7920.362824,0.000000
2026-06-13T22:00:00+00:00,7920.362824,7920.362824,0.000000
2026-06-13T23:00:00+00:00,7920.362824,7920.362824,0.000000
2026-06-14T00:00:00+00:00,7920.362824,7920.362824,0.000000
2026-06-14T01:00:00+00:00,7920.362824,7920.362824,0.000000
2026-06-14T02:00:00+00:00,7920.362824,7920.362824,0.000000
2026-06-14T03:00:00+00:00,7920.362824,7920.362824,0.000000
2026-06-14T04:00:00+00:00,7920.362824,7920.362824,0.000000
2026-06-14T05:00:00+00:00,7920.362824,7920.362824,0.000000
2026-06-14T06:00:00+00:00,7920.362824,7920.362824,0.000000
2026-06-14T07:00:00+00:00,7920.362824,7920.362824,0.000000
2026-06-14T08:00:00+00:00,7920.362824,7920.362824,0.000000
2026-06-14T09:00:00+00:00,7920.362824,7920.362824,0.000000
2026-06-14T10:00:00+00:00,7914.819362,-2.375317,7920.362824
2026-06-14T11:00:00+00:00,7912.214213,-2.375317,7922.967972
2026-06-14T12:00:00+00:00,7943.712830,-2.375317,7891.469355
2026-06-14T13:00:00+00:00,7945.844315,-2.375317,7889.337870
2026-06-14T14:00:00+00:00,7934.018752,7934.018752,0.000000
2026-06-14T15:00:00+00:00,7934.018752,7934.018752,0.000000
2026-06-14T16:00:00+00:00,7934.018752,7934.018752,0.000000
2026-06-14T17:00:00+00:00,7934.018752,7934.018752,0.000000
2026-06-14T18:00:00+00:00,7934.018752,7934.018752,0.000000
2026-06-14T19:00:00+00:00,7934.018752,7934.018752,0.000000
2026-06-14T20:00:00+00:00,7934.018752,7934.018752,0.000000
2026-06-14T21:00:00+00:00,7928.464146,-5.554607,7934.018752
2026-06-14T22:00:00+00:00,7909.166482,7909.166482,0.000000
2026-06-14T23:00:00+00:00,7909.166482,7909.166482,0.000000
2026-06-15T00:00:00+00:00,7909.166482,7909.166482,0.000000
2026-06-15T01:00:00+00:00,7909.166482,7909.166482,0.000000
2026-06-15T02:00:00+00:00,7909.166482,7909.166482,0.000000
2026-06-15T03:00:00+00:00,7909.166482,7909.166482,0.000000
2026-06-15T04:00:00+00:00,7909.166482,7909.166482,0.000000
2026-06-15T05:00:00+00:00,7909.166482,7909.166482,0.000000
2026-06-15T06:00:00+00:00,7909.166482,7909.166482,0.000000
2026-06-15T07:00:00+00:00,7909.166482,7909.166482,0.000000
2026-06-15T08:00:00+00:00,7909.166482,7909.166482,0.000000
2026-06-15T09:00:00+00:00,7909.166482,7909.166482,0.000000
2026-06-15T10:00:00+00:00,7909.166482,7909.166482,0.000000
2026-06-15T11:00:00+00:00,7909.166482,7909.166482,0.000000
2026-06-15T12:00:00+00:00,7909.166482,7909.166482,0.000000
2026-06-15T13:00:00+00:00,7909.166482,7909.166482,0.000000
2026-06-15T14:00:00+00:00,7909.166482,7909.166482,0.000000
2026-06-15T15:00:00+00:00,7909.166482,7909.166482,0.000000
2026-06-15T16:00:00+00:00,7909.166482,7909.166482,0.000000
2026-06-15T17:00:00+00:00,7909.166482,7909.166482,0.000000
2026-06-15T18:00:00+00:00,7909.166482,7909.166482,0.000000
2026-06-15T19:00:00+00:00,7909.166482,7909.166482,0.000000
2026-06-15T20:00:00+00:00,7909.166482,7909.166482,0.000000
2026-06-15T21:00:00+00:00,7909.166482,7909.166482,0.000000
2026-06-15T22:00:00+00:00,7909.166482,7909.166482,0.000000
2026-06-15T23:00:00+00:00,7909.166482,7909.166482,0.000000
2026-06-16T00:00:00+00:00,7909.166482,7909.166482,0.000000
2026-06-16T01:00:00+00:00,7909.166482,7909.166482,0.000000
2026-06-16T02:00:00+00:00,7909.166482,7909.166482,0.000000
2026-06-16T03:00:00+00:00,7909.166482,7909.166482,0.000000
2026-06-16T04:00:00+00:00,7909.166482,7909.166482,0.000000
2026-06-16T05:00:00+00:00,7909.166482,7909.166482,0.000000
2026-06-16T06:00:00+00:00,7909.166482,7909.166482,0.000000
2026-06-16T07:00:00+00:00,7909.166482,7909.166482,0.000000
2026-06-16T08:00:00+00:00,7909.166482,7909.166482,0.000000
2026-06-16T09:00:00+00:00,7909.166482,7909.166482,0.000000
2026-06-16T10:00:00+00:00,7909.166482,7909.166482,0.000000
2026-06-16T11:00:00+00:00,7909.166482,7909.166482,0.000000
2026-06-16T12:00:00+00:00,7909.166482,7909.166482,0.000000
2026-06-16T13:00:00+00:00,7909.166482,7909.166482,0.000000
2026-06-16T14:00:00+00:00,7909.166482,7909.166482,0.000000
2026-06-16T15:00:00+00:00,7909.166482,7909.166482,0.000000
2026-06-16T16:00:00+00:00,7909.166482,7909.166482,0.000000
2026-06-16T17:00:00+00:00,7909.166482,7909.166482,0.000000
2026-06-16T18:00:00+00:00,7909.166482,7909.166482,0.000000
2026-06-16T19:00:00+00:00,7909.166482,7909.166482,0.000000
2026-06-16T20:00:00+00:00,7909.166482,7909.166482,0.000000
2026-06-16T21:00:00+00:00,7909.166482,7909.166482,0.000000
2026-06-16T22:00:00+00:00,7909.166482,7909.166482,0.000000
2026-06-16T23:00:00+00:00,7909.166482,7909.166482,0.000000
2026-06-17T00:00:00+00:00,7909.166482,7909.166482,0.000000
2026-06-17T01:00:00+00:00,7909.166482,7909.166482,0.000000
2026-06-17T02:00:00+00:00,7909.166482,7909.166482,0.000000
2026-06-17T03:00:00+00:00,7909.166482,7909.166482,0.000000
2026-06-17T04:00:00+00:00,7909.166482,7909.166482,0.000000
2026-06-17T05:00:00+00:00,7909.166482,7909.166482,0.000000
2026-06-17T06:00:00+00:00,7909.166482,7909.166482,0.000000
2026-06-17T07:00:00+00:00,7909.166482,7909.166482,0.000000
2026-06-17T08:00:00+00:00,7903.630857,-2.371959,7909.166482
2026-06-17T09:00:00+00:00,7869.567635,-2.371959,7943.229705
2026-06-17T10:00:00+00:00,7890.184848,-2.371959,7922.612491
2026-06-17T11:00:00+00:00,7910.129761,-2.371959,7902.667578
2026-06-17T12:00:00+00:00,7936.725064,7936.725064,0.000000
2026-06-17T13:00:00+00:00,7936.725064,7936.725064,0.000000
2026-06-17T14:00:00+00:00,7936.725064,7936.725064,0.000000
2026-06-17T15:00:00+00:00,7936.725064,7936.725064,0.000000
2026-06-17T16:00:00+00:00,7936.725064,7936.725064,0.000000
2026-06-17T17:00:00+00:00,7936.725064,7936.725064,0.000000
2026-06-17T18:00:00+00:00,7936.725064,7936.725064,0.000000
2026-06-17T19:00:00+00:00,7936.725064,7936.725064,0.000000
2026-06-17T20:00:00+00:00,7936.725064,7936.725064,0.000000
2026-06-17T21:00:00+00:00,7936.725064,7936.725064,0.000000
2026-06-17T22:00:00+00:00,7936.725064,7936.725064,0.000000
2026-06-17T23:00:00+00:00,7936.725064,7936.725064,0.000000
2026-06-18T00:00:00+00:00,7936.725064,7936.725064,0.000000
2026-06-18T01:00:00+00:00,7936.725064,7936.725064,0.000000
2026-06-18T02:00:00+00:00,7936.725064,7936.725064,0.000000
2026-06-18T03:00:00+00:00,7936.725064,7936.725064,0.000000
2026-06-18T04:00:00+00:00,7936.725064,7936.725064,0.000000
2026-06-18T05:00:00+00:00,7936.725064,7936.725064,0.000000
2026-06-18T06:00:00+00:00,7936.725064,7936.725064,0.000000
2026-06-18T07:00:00+00:00,7936.725064,7936.725064,0.000000
2026-06-18T08:00:00+00:00,7936.725064,7936.725064,0.000000
2026-06-18T09:00:00+00:00,7936.725064,7936.725064,0.000000
2026-06-18T10:00:00+00:00,7936.725064,7936.725064,0.000000
2026-06-18T11:00:00+00:00,7936.725064,7936.725064,0.000000
2026-06-18T12:00:00+00:00,7936.725064,7936.725064,0.000000
2026-06-18T13:00:00+00:00,7936.725064,7936.725064,0.000000
2026-06-18T14:00:00+00:00,7936.725064,7936.725064,0.000000
2026-06-18T15:00:00+00:00,7936.725064,7936.725064,0.000000
2026-06-18T16:00:00+00:00,7936.725064,7936.725064,0.000000
2026-06-18T17:00:00+00:00,7936.725064,7936.725064,0.000000
2026-06-18T18:00:00+00:00,7936.725064,7936.725064,0.000000
2026-06-18T19:00:00+00:00,7936.725064,7936.725064,0.000000
2026-06-18T20:00:00+00:00,7936.725064,7936.725064,0.000000
2026-06-18T21:00:00+00:00,7936.725064,7936.725064,0.000000
2026-06-18T22:00:00+00:00,7936.725064,7936.725064,0.000000
2026-06-18T23:00:00+00:00,7936.725064,7936.725064,0.000000
2026-06-19T00:00:00+00:00,7936.725064,7936.725064,0.000000
2026-06-19T01:00:00+00:00,7936.725064,7936.725064,0.000000
2026-06-19T02:00:00+00:00,7936.725064,7936.725064,0.000000
2026-06-19T03:00:00+00:00,7936.725064,7936.725064,0.000000
2026-06-19T04:00:00+00:00,7936.725064,7936.725064,0.000000
2026-06-19T05:00:00+00:00,7936.725064,7936.725064,0.000000
2026-06-19T06:00:00+00:00,7936.725064,7936.725064,0.000000
2026-06-19T07:00:00+00:00,7936.725064,7936.725064,0.000000
2026-06-19T08:00:00+00:00,7936.725064,7936.725064,0.000000
2026-06-19T09:00:00+00:00,7936.725064,7936.725064,0.000000
2026-06-19T10:00:00+00:00,7936.725064,7936.725064,0.000000
2026-06-19T11:00:00+00:00,7936.725064,7936.725064,0.000000
2026-06-19T12:00:00+00:00,7936.725064,7936.725064,0.000000
2026-06-19T13:00:00+00:00,7936.725064,7936.725064,0.000000
2026-06-19T14:00:00+00:00,7936.725064,7936.725064,0.000000
2026-06-19T15:00:00+00:00,7936.725064,7936.725064,0.000000
2026-06-19T16:00:00+00:00,7936.725064,7936.725064,0.000000
2026-06-19T17:00:00+00:00,7936.725064,7936.725064,0.000000
2026-06-19T18:00:00+00:00,7936.725064,7936.725064,0.000000
2026-06-19T19:00:00+00:00,7936.725064,7936.725064,0.000000
2026-06-19T20:00:00+00:00,7936.725064,7936.725064,0.000000
2026-06-19T21:00:00+00:00,7936.725064,7936.725064,0.000000
2026-06-19T22:00:00+00:00,7936.725064,7936.725064,0.000000
2026-06-19T23:00:00+00:00,7931.168563,-5.556501,7936.725064
2026-06-20T00:00:00+00:00,7920.495308,-5.556501,7926.051809
2026-06-20T01:00:00+00:00,7925.831935,-5.556501,7931.388437
2026-06-20T02:00:00+00:00,7895.285722,7895.285722,0.000000
2026-06-20T03:00:00+00:00,7895.285722,7895.285722,0.000000
2026-06-20T04:00:00+00:00,7895.285722,7895.285722,0.000000
2026-06-20T05:00:00+00:00,7895.285722,7895.285722,0.000000
2026-06-20T06:00:00+00:00,7895.285722,7895.285722,0.000000
2026-06-20T07:00:00+00:00,7895.285722,7895.285722,0.000000
2026-06-20T08:00:00+00:00,7895.285722,7895.285722,0.000000
2026-06-20T09:00:00+00:00,7895.285722,7895.285722,0.000000
2026-06-20T10:00:00+00:00,7895.285722,7895.285722,0.000000
2026-06-20T11:00:00+00:00,7895.285722,7895.285722,0.000000
2026-06-20T12:00:00+00:00,7895.285722,7895.285722,0.000000
2026-06-20T13:00:00+00:00,7895.285722,7895.285722,0.000000
2026-06-20T14:00:00+00:00,7895.285722,7895.285722,0.000000
2026-06-20T15:00:00+00:00,7895.285722,7895.285722,0.000000
2026-06-20T16:00:00+00:00,7895.285722,7895.285722,0.000000
2026-06-20T17:00:00+00:00,7895.285722,7895.285722,0.000000
2026-06-20T18:00:00+00:00,7895.285722,7895.285722,0.000000
2026-06-20T19:00:00+00:00,7895.285722,7895.285722,0.000000
2026-06-20T20:00:00+00:00,7895.285722,7895.285722,0.000000
2026-06-20T21:00:00+00:00,7895.285722,7895.285722,0.000000
2026-06-20T22:00:00+00:00,7895.285722,7895.285722,0.000000
2026-06-20T23:00:00+00:00,7895.285722,7895.285722,0.000000
2026-06-21T00:00:00+00:00,7895.285722,7895.285722,0.000000
2026-06-21T01:00:00+00:00,7895.285722,7895.285722,0.000000
2026-06-21T02:00:00+00:00,7895.285722,7895.285722,0.000000
2026-06-21T03:00:00+00:00,7895.285722,7895.285722,0.000000
2026-06-21T04:00:00+00:00,7895.285722,7895.285722,0.000000
2026-06-21T05:00:00+00:00,7895.285722,7895.285722,0.000000
2026-06-21T06:00:00+00:00,7895.285722,7895.285722,0.000000
2026-06-21T07:00:00+00:00,7895.285722,7895.285722,0.000000
2026-06-21T08:00:00+00:00,7895.285722,7895.285722,0.000000
2026-06-21T09:00:00+00:00,7895.285722,7895.285722,0.000000
2026-06-21T10:00:00+00:00,7895.285722,7895.285722,0.000000
2026-06-21T11:00:00+00:00,7895.285722,7895.285722,0.000000
2026-06-21T12:00:00+00:00,7889.759812,-2.367796,7895.285722
2026-06-21T13:00:00+00:00,7893.878614,-2.367796,7891.166920
2026-06-21T14:00:00+00:00,7877.403406,-2.367796,7907.642128
2026-06-21T15:00:00+00:00,7868.250513,-2.367796,7916.795022
2026-06-21T16:00:00+00:00,7879.233985,-2.367796,7905.811550
2026-06-21T17:00:00+00:00,7884.039254,-2.367796,7901.006281
2026-06-21T18:00:00+00:00,7841.337483,7841.337483,0.000000
2026-06-21T19:00:00+00:00,7835.847763,-5.489720,7841.337483
2026-06-21T20:00:00+00:00,7767.837729,-2.331206,7773.278246
2026-06-21T21:00:00+00:00,7786.983737,7786.983737,0.000000
2026-06-21T22:00:00+00:00,7786.983737,7786.983737,0.000000
2026-06-21T23:00:00+00:00,7786.983737,7786.983737,0.000000
2026-06-22T00:00:00+00:00,7786.983737,7786.983737,0.000000
2026-06-22T01:00:00+00:00,7786.983737,7786.983737,0.000000
2026-06-22T02:00:00+00:00,7781.532070,-5.451667,7786.983737
2026-06-22T03:00:00+00:00,7733.167905,7733.167905,0.000000
2026-06-22T04:00:00+00:00,7733.167905,7733.167905,0.000000
2026-06-22T05:00:00+00:00,7733.167905,7733.167905,0.000000
2026-06-22T06:00:00+00:00,7733.167905,7733.167905,0.000000
2026-06-22T07:00:00+00:00,7733.167905,7733.167905,0.000000
2026-06-22T08:00:00+00:00,7733.167905,7733.167905,0.000000
2026-06-22T09:00:00+00:00,7733.167905,7733.167905,0.000000
2026-06-22T10:00:00+00:00,7733.167905,7733.167905,0.000000
2026-06-22T11:00:00+00:00,7733.167905,7733.167905,0.000000
2026-06-22T12:00:00+00:00,7733.167905,7733.167905,0.000000
2026-06-22T13:00:00+00:00,7733.167905,7733.167905,0.000000
2026-06-22T14:00:00+00:00,7733.167905,7733.167905,0.000000
2026-06-22T15:00:00+00:00,7733.167905,7733.167905,0.000000
2026-06-22T16:00:00+00:00,7733.167905,7733.167905,0.000000
2026-06-22T17:00:00+00:00,7733.167905,7733.167905,0.000000
2026-06-22T18:00:00+00:00,7733.167905,7733.167905,0.000000
2026-06-22T19:00:00+00:00,7733.167905,7733.167905,0.000000
2026-06-22T20:00:00+00:00,7727.755460,-2.319177,7733.167905
2026-06-22T21:00:00+00:00,7735.337435,-2.319177,7725.585930
2026-06-22T22:00:00+00:00,7740.511672,7740.511672,0.000000
2026-06-22T23:00:00+00:00,7740.511672,7740.511672,0.000000
2026-06-23T00:00:00+00:00,7740.511672,7740.511672,0.000000
2026-06-23T01:00:00+00:00,7740.511672,7740.511672,0.000000
2026-06-23T02:00:00+00:00,7740.511672,7740.511672,0.000000
2026-06-23T03:00:00+00:00,7740.511672,7740.511672,0.000000
2026-06-23T04:00:00+00:00,7740.511672,7740.511672,0.000000
2026-06-23T05:00:00+00:00,7740.511672,7740.511672,0.000000
2026-06-23T06:00:00+00:00,7740.511672,7740.511672,0.000000
2026-06-23T07:00:00+00:00,7740.511672,7740.511672,0.000000
2026-06-23T08:00:00+00:00,7740.511672,7740.511672,0.000000
2026-06-23T09:00:00+00:00,7740.511672,7740.511672,0.000000
2026-06-23T10:00:00+00:00,7740.511672,7740.511672,0.000000
2026-06-23T11:00:00+00:00,7740.511672,7740.511672,0.000000
2026-06-23T12:00:00+00:00,7740.511672,7740.511672,0.000000
2026-06-23T13:00:00+00:00,7740.511672,7740.511672,0.000000
2026-06-23T14:00:00+00:00,7740.511672,7740.511672,0.000000
2026-06-23T15:00:00+00:00,7740.511672,7740.511672,0.000000
2026-06-23T16:00:00+00:00,7740.511672,7740.511672,0.000000
2026-06-23T17:00:00+00:00,7740.511672,7740.511672,0.000000
2026-06-23T18:00:00+00:00,7740.511672,7740.511672,0.000000
2026-06-23T19:00:00+00:00,7740.511672,7740.511672,0.000000
2026-06-23T20:00:00+00:00,7740.511672,7740.511672,0.000000
2026-06-23T21:00:00+00:00,7740.511672,7740.511672,0.000000
2026-06-23T22:00:00+00:00,7740.511672,7740.511672,0.000000
2026-06-23T23:00:00+00:00,7740.511672,7740.511672,0.000000
2026-06-24T00:00:00+00:00,7740.511672,7740.511672,0.000000
2026-06-24T01:00:00+00:00,7740.511672,7740.511672,0.000000
2026-06-24T02:00:00+00:00,7740.511672,7740.511672,0.000000
2026-06-24T03:00:00+00:00,7740.511672,7740.511672,0.000000
2026-06-24T04:00:00+00:00,7740.511672,7740.511672,0.000000
2026-06-24T05:00:00+00:00,7740.511672,7740.511672,0.000000
2026-06-24T06:00:00+00:00,7740.511672,7740.511672,0.000000
2026-06-24T07:00:00+00:00,7740.511672,7740.511672,0.000000
2026-06-24T08:00:00+00:00,7740.511672,7740.511672,0.000000
2026-06-24T09:00:00+00:00,7740.511672,7740.511672,0.000000
2026-06-24T10:00:00+00:00,7740.511672,7740.511672,0.000000
2026-06-24T11:00:00+00:00,7740.511672,7740.511672,0.000000
2026-06-24T12:00:00+00:00,7740.511672,7740.511672,0.000000
2026-06-24T13:00:00+00:00,7740.511672,7740.511672,0.000000
2026-06-24T14:00:00+00:00,7740.511672,7740.511672,0.000000
2026-06-24T15:00:00+00:00,7740.511672,7740.511672,0.000000
2026-06-24T16:00:00+00:00,7740.511672,7740.511672,0.000000
2026-06-24T17:00:00+00:00,7740.511672,7740.511672,0.000000
2026-06-24T18:00:00+00:00,7740.511672,7740.511672,0.000000
2026-06-24T19:00:00+00:00,7740.511672,7740.511672,0.000000
2026-06-24T20:00:00+00:00,7740.511672,7740.511672,0.000000
2026-06-24T21:00:00+00:00,7740.511672,7740.511672,0.000000
2026-06-24T22:00:00+00:00,7740.511672,7740.511672,0.000000
2026-06-24T23:00:00+00:00,7740.511672,7740.511672,0.000000
2026-06-25T00:00:00+00:00,7740.511672,7740.511672,0.000000
2026-06-25T01:00:00+00:00,7740.511672,7740.511672,0.000000
2026-06-25T02:00:00+00:00,7740.511672,7740.511672,0.000000
2026-06-25T03:00:00+00:00,7740.511672,7740.511672,0.000000
2026-06-25T04:00:00+00:00,7740.511672,7740.511672,0.000000
2026-06-25T05:00:00+00:00,7740.511672,7740.511672,0.000000
2026-06-25T06:00:00+00:00,7735.092540,-5.419132,7740.511672
2026-06-25T07:00:00+00:00,7749.606292,-5.419132,7755.025424
2026-06-25T08:00:00+00:00,7729.708406,-5.419132,7735.127538
2026-06-25T09:00:00+00:00,7694.480816,7694.480816,0.000000
2026-06-25T10:00:00+00:00,7694.480816,7694.480816,0.000000
2026-06-25T11:00:00+00:00,7694.480816,7694.480816,0.000000
2026-06-25T12:00:00+00:00,7694.480816,7694.480816,0.000000
2026-06-25T13:00:00+00:00,7689.095449,-2.307575,7694.480816
2026-06-25T14:00:00+00:00,7592.868583,7592.868583,0.000000
2026-06-25T15:00:00+00:00,7592.868583,7592.868583,0.000000
2026-06-25T16:00:00+00:00,7592.868583,7592.868583,0.000000
2026-06-25T17:00:00+00:00,7592.868583,7592.868583,0.000000
2026-06-25T18:00:00+00:00,7592.868583,7592.868583,0.000000
2026-06-25T19:00:00+00:00,7592.868583,7592.868583,0.000000
2026-06-25T20:00:00+00:00,7592.868583,7592.868583,0.000000
2026-06-25T21:00:00+00:00,7592.868583,7592.868583,0.000000
2026-06-25T22:00:00+00:00,7592.868583,7592.868583,0.000000
2026-06-25T23:00:00+00:00,7592.868583,7592.868583,0.000000
2026-06-26T00:00:00+00:00,7592.868583,7592.868583,0.000000
2026-06-26T01:00:00+00:00,7592.868583,7592.868583,0.000000
2026-06-26T02:00:00+00:00,7592.868583,7592.868583,0.000000
2026-06-26T03:00:00+00:00,7592.868583,7592.868583,0.000000
2026-06-26T04:00:00+00:00,7592.868583,7592.868583,0.000000
2026-06-26T05:00:00+00:00,7592.868583,7592.868583,0.000000
2026-06-26T06:00:00+00:00,7592.868583,7592.868583,0.000000
2026-06-26T07:00:00+00:00,7592.868583,7592.868583,0.000000
2026-06-26T08:00:00+00:00,7592.868583,7592.868583,0.000000
2026-06-26T09:00:00+00:00,7592.868583,7592.868583,0.000000
2026-06-26T10:00:00+00:00,7592.868583,7592.868583,0.000000
2026-06-26T11:00:00+00:00,7592.868583,7592.868583,0.000000
2026-06-26T12:00:00+00:00,7592.868583,7592.868583,0.000000
2026-06-26T13:00:00+00:00,7592.868583,7592.868583,0.000000
2026-06-26T14:00:00+00:00,7592.868583,7592.868583,0.000000
2026-06-26T15:00:00+00:00,7592.868583,7592.868583,0.000000
2026-06-26T16:00:00+00:00,7592.868583,7592.868583,0.000000
2026-06-26T17:00:00+00:00,7592.868583,7592.868583,0.000000
2026-06-26T18:00:00+00:00,7587.552816,-5.315767,7592.868583
2026-06-26T19:00:00+00:00,7574.427857,7574.427857,0.000000
2026-06-26T20:00:00+00:00,7574.427857,7574.427857,0.000000
2026-06-26T21:00:00+00:00,7574.427857,7574.427857,0.000000
2026-06-26T22:00:00+00:00,7574.427857,7574.427857,0.000000
2026-06-26T23:00:00+00:00,7574.427857,7574.427857,0.000000
2026-06-27T00:00:00+00:00,7574.427857,7574.427857,0.000000
2026-06-27T01:00:00+00:00,7574.427857,7574.427857,0.000000
2026-06-27T02:00:00+00:00,7574.427857,7574.427857,0.000000
2026-06-27T03:00:00+00:00,7574.427857,7574.427857,0.000000
2026-06-27T04:00:00+00:00,7574.427857,7574.427857,0.000000
2026-06-27T05:00:00+00:00,7574.427857,7574.427857,0.000000
2026-06-27T06:00:00+00:00,7574.427857,7574.427857,0.000000
2026-06-27T07:00:00+00:00,7574.427857,7574.427857,0.000000
2026-06-27T08:00:00+00:00,7574.427857,7574.427857,0.000000
2026-06-27T09:00:00+00:00,7574.427857,7574.427857,0.000000
2026-06-27T10:00:00+00:00,7574.427857,7574.427857,0.000000
2026-06-27T11:00:00+00:00,7574.427857,7574.427857,0.000000
2026-06-27T12:00:00+00:00,7574.427857,7574.427857,0.000000
2026-06-27T13:00:00+00:00,7574.427857,7574.427857,0.000000
2026-06-27T14:00:00+00:00,7574.427857,7574.427857,0.000000
2026-06-27T15:00:00+00:00,7574.427857,7574.427857,0.000000
2026-06-27T16:00:00+00:00,7574.427857,7574.427857,0.000000
2026-06-27T17:00:00+00:00,7574.427857,7574.427857,0.000000
2026-06-27T18:00:00+00:00,7574.427857,7574.427857,0.000000
2026-06-27T19:00:00+00:00,7574.427857,7574.427857,0.000000
2026-06-27T20:00:00+00:00,7574.427857,7574.427857,0.000000
2026-06-27T21:00:00+00:00,7574.427857,7574.427857,0.000000
2026-06-27T22:00:00+00:00,7574.427857,7574.427857,0.000000
2026-06-27T23:00:00+00:00,7569.126515,-2.271571,7574.427857
2026-06-28T00:00:00+00:00,7564.552149,-2.271571,7579.002223
2026-06-28T01:00:00+00:00,7562.866856,-2.271571,7580.687515
2026-06-28T02:00:00+00:00,7578.516003,-2.271571,7565.038369
2026-06-28T03:00:00+00:00,7563.348368,-2.271571,7580.206003
2026-06-28T04:00:00+00:00,7567.441222,-2.271571,7576.113149
2026-06-28T05:00:00+00:00,7591.998345,-2.271571,7551.556027
2026-06-28T06:00:00+00:00,7598.739516,-2.271571,7544.814856
2026-06-28T07:00:00+00:00,7558.313229,7558.313229,0.000000
2026-06-28T08:00:00+00:00,7558.313229,7558.313229,0.000000
2026-06-28T09:00:00+00:00,7558.313229,7558.313229,0.000000
2026-06-28T10:00:00+00:00,7558.313229,7558.313229,0.000000
2026-06-28T11:00:00+00:00,7558.313229,7558.313229,0.000000
2026-06-28T12:00:00+00:00,7558.313229,7558.313229,0.000000
2026-06-28T13:00:00+00:00,7553.021654,-5.291575,7558.313229
2026-06-28T14:00:00+00:00,7561.399036,-5.291575,7566.690611
2026-06-28T15:00:00+00:00,7558.287437,-5.291575,7563.579012
2026-06-28T16:00:00+00:00,7515.261975,-2.255406,7520.525590
2026-06-28T17:00:00+00:00,7495.625911,7495.625911,0.000000
2026-06-28T18:00:00+00:00,7495.625911,7495.625911,0.000000
2026-06-28T19:00:00+00:00,7495.625911,7495.625911,0.000000
2026-06-28T20:00:00+00:00,7495.625911,7495.625911,0.000000
2026-06-28T21:00:00+00:00,7495.625911,7495.625911,0.000000
2026-06-28T22:00:00+00:00,7495.625911,7495.625911,0.000000
2026-06-28T23:00:00+00:00,7495.625911,7495.625911,0.000000
2026-06-29T00:00:00+00:00,7495.625911,7495.625911,0.000000
2026-06-29T01:00:00+00:00,7495.625911,7495.625911,0.000000
2026-06-29T02:00:00+00:00,7495.625911,7495.625911,0.000000
2026-06-29T03:00:00+00:00,7495.625911,7495.625911,0.000000
2026-06-29T04:00:00+00:00,7495.625911,7495.625911,0.000000
2026-06-29T05:00:00+00:00,7490.378224,-5.247688,7495.625911
2026-06-29T06:00:00+00:00,7490.378224,-5.247688,7495.625911
2026-06-29T07:00:00+00:00,7476.167159,-5.247688,7481.414847
2026-06-29T08:00:00+00:00,7453.149224,7453.149224,0.000000
2026-06-29T09:00:00+00:00,7453.149224,7453.149224,0.000000
2026-06-29T10:00:00+00:00,7453.149224,7453.149224,0.000000
2026-06-29T11:00:00+00:00,7453.149224,7453.149224,0.000000
2026-06-29T12:00:00+00:00,7453.149224,7453.149224,0.000000
2026-06-29T13:00:00+00:00,7453.149224,7453.149224,0.000000
2026-06-29T14:00:00+00:00,7447.932765,-2.235199,7453.149224
2026-06-29T15:00:00+00:00,7433.306176,-5.207704,7438.513880
2026-06-29T16:00:00+00:00,7403.881529,7403.881529,0.000000
2026-06-29T17:00:00+00:00,7403.881529,7403.881529,0.000000
2026-06-29T18:00:00+00:00,7403.881529,7403.881529,0.000000
2026-06-29T19:00:00+00:00,7403.881529,7403.881529,0.000000
2026-06-29T20:00:00+00:00,7403.881529,7403.881529,0.000000
2026-06-29T21:00:00+00:00,7403.881529,7403.881529,0.000000
2026-06-29T22:00:00+00:00,7403.881529,7403.881529,0.000000
2026-06-29T23:00:00+00:00,7403.881529,7403.881529,0.000000
2026-06-30T00:00:00+00:00,7403.881529,7403.881529,0.000000
2026-06-30T01:00:00+00:00,7403.881529,7403.881529,0.000000
2026-06-30T02:00:00+00:00,7403.881529,7403.881529,0.000000
2026-06-30T03:00:00+00:00,7403.881529,7403.881529,0.000000
2026-06-30T04:00:00+00:00,7403.881529,7403.881529,0.000000
2026-06-30T05:00:00+00:00,7403.881529,7403.881529,0.000000
2026-06-30T06:00:00+00:00,7403.881529,7403.881529,0.000000
2026-06-30T07:00:00+00:00,7403.881529,7403.881529,0.000000
2026-06-30T08:00:00+00:00,7398.699553,-2.220424,7403.881529
2026-06-30T09:00:00+00:00,7392.153031,-2.220424,7410.428050
2026-06-30T10:00:00+00:00,7396.595314,-2.220424,7405.985768
2026-06-30T11:00:00+00:00,7423.950420,-2.220424,7378.630662
2026-06-30T12:00:00+00:00,7488.718614,7488.718614,0.000000
2026-06-30T13:00:00+00:00,7488.718614,7488.718614,0.000000
2026-06-30T14:00:00+00:00,7488.718614,7488.718614,0.000000
2026-06-30T15:00:00+00:00,7488.718614,7488.718614,0.000000
2026-06-30T16:00:00+00:00,7488.718614,7488.718614,0.000000
2026-06-30T17:00:00+00:00,7488.718614,7488.718614,0.000000
2026-06-30T18:00:00+00:00,7488.718614,7488.718614,0.000000
2026-06-30T19:00:00+00:00,7488.718614,7488.718614,0.000000
2026-06-30T20:00:00+00:00,7488.718614,7488.718614,0.000000
2026-06-30T21:00:00+00:00,7488.718614,7488.718614,0.000000
2026-06-30T22:00:00+00:00,7488.718614,7488.718614,0.000000
2026-06-30T23:00:00+00:00,7488.718614,7488.718614,0.000000
2026-07-01T00:00:00+00:00,7488.718614,7488.718614,0.000000
2026-07-01T01:00:00+00:00,7488.718614,7488.718614,0.000000
2026-07-01T02:00:00+00:00,7488.718614,7488.718614,0.000000
2026-07-01T03:00:00+00:00,7483.475762,-5.242852,7488.718614
2026-07-01T04:00:00+00:00,7463.771641,7463.771641,0.000000
2026-07-01T05:00:00+00:00,7463.771641,7463.771641,0.000000
2026-07-01T06:00:00+00:00,7463.771641,7463.771641,0.000000
2026-07-01T07:00:00+00:00,7463.771641,7463.771641,0.000000
2026-07-01T08:00:00+00:00,7463.771641,7463.771641,0.000000
2026-07-01T09:00:00+00:00,7463.771641,7463.771641,0.000000
2026-07-01T10:00:00+00:00,7458.547748,-2.238385,7463.771641
2026-07-01T11:00:00+00:00,7476.344056,-2.238385,7445.975333
2026-07-01T12:00:00+00:00,7474.683067,-2.238385,7447.636322
2026-07-01T13:00:00+00:00,7360.049741,-5.156381,7365.206122
2026-07-01T14:00:00+00:00,7384.955501,7384.955501,0.000000
2026-07-01T15:00:00+00:00,7384.955501,7384.955501,0.000000
2026-07-01T16:00:00+00:00,7384.955501,7384.955501,0.000000
2026-07-01T17:00:00+00:00,7384.955501,7384.955501,0.000000
2026-07-01T18:00:00+00:00,7384.955501,7384.955501,0.000000
2026-07-01T19:00:00+00:00,7384.955501,7384.955501,0.000000
2026-07-01T20:00:00+00:00,7384.955501,7384.955501,0.000000
2026-07-01T21:00:00+00:00,7384.955501,7384.955501,0.000000
2026-07-01T22:00:00+00:00,7384.955501,7384.955501,0.000000
2026-07-01T23:00:00+00:00,7384.955501,7384.955501,0.000000
2026-07-02T00:00:00+00:00,7384.955501,7384.955501,0.000000
2026-07-02T01:00:00+00:00,7384.955501,7384.955501,0.000000
2026-07-02T02:00:00+00:00,7384.955501,7384.955501,0.000000
2026-07-02T03:00:00+00:00,7384.955501,7384.955501,0.000000
2026-07-02T04:00:00+00:00,7384.955501,7384.955501,0.000000
2026-07-02T05:00:00+00:00,7384.955501,7384.955501,0.000000
2026-07-02T06:00:00+00:00,7384.955501,7384.955501,0.000000
2026-07-02T07:00:00+00:00,7384.955501,7384.955501,0.000000
2026-07-02T08:00:00+00:00,7384.955501,7384.955501,0.000000
2026-07-02T09:00:00+00:00,7384.955501,7384.955501,0.000000
2026-07-02T10:00:00+00:00,7384.955501,7384.955501,0.000000
2026-07-02T11:00:00+00:00,7384.955501,7384.955501,0.000000
2026-07-02T12:00:00+00:00,7384.955501,7384.955501,0.000000
2026-07-02T13:00:00+00:00,7384.955501,7384.955501,0.000000
2026-07-02T14:00:00+00:00,7384.955501,7384.955501,0.000000
2026-07-02T15:00:00+00:00,7384.955501,7384.955501,0.000000
2026-07-02T16:00:00+00:00,7384.955501,7384.955501,0.000000
2026-07-02T17:00:00+00:00,7384.955501,7384.955501,0.000000
2026-07-02T18:00:00+00:00,7384.955501,7384.955501,0.000000
2026-07-02T19:00:00+00:00,7384.955501,7384.955501,0.000000
2026-07-02T20:00:00+00:00,7384.955501,7384.955501,0.000000
2026-07-02T21:00:00+00:00,7384.955501,7384.955501,0.000000
2026-07-02T22:00:00+00:00,7384.955501,7384.955501,0.000000
2026-07-02T23:00:00+00:00,7384.955501,7384.955501,0.000000
2026-07-03T00:00:00+00:00,7384.955501,7384.955501,0.000000
2026-07-03T01:00:00+00:00,7384.955501,7384.955501,0.000000
2026-07-03T02:00:00+00:00,7384.955501,7384.955501,0.000000
2026-07-03T03:00:00+00:00,7384.955501,7384.955501,0.000000
2026-07-03T04:00:00+00:00,7384.955501,7384.955501,0.000000
2026-07-03T05:00:00+00:00,7384.955501,7384.955501,0.000000
2026-07-03T06:00:00+00:00,7384.955501,7384.955501,0.000000
2026-07-03T07:00:00+00:00,7384.955501,7384.955501,0.000000
2026-07-03T08:00:00+00:00,7384.955501,7384.955501,0.000000
2026-07-03T09:00:00+00:00,7384.955501,7384.955501,0.000000
2026-07-03T10:00:00+00:00,7384.955501,7384.955501,0.000000
2026-07-03T11:00:00+00:00,7384.955501,7384.955501,0.000000
2026-07-03T12:00:00+00:00,7384.955501,7384.955501,0.000000
2026-07-03T13:00:00+00:00,7384.955501,7384.955501,0.000000
2026-07-03T14:00:00+00:00,7384.955501,7384.955501,0.000000
2026-07-03T15:00:00+00:00,7384.955501,7384.955501,0.000000
2026-07-03T16:00:00+00:00,7384.955501,7384.955501,0.000000
2026-07-03T17:00:00+00:00,7384.955501,7384.955501,0.000000
2026-07-03T18:00:00+00:00,7384.955501,7384.955501,0.000000
2026-07-03T19:00:00+00:00,7384.955501,7384.955501,0.000000
2026-07-03T20:00:00+00:00,7384.955501,7384.955501,0.000000
2026-07-03T21:00:00+00:00,7384.955501,7384.955501,0.000000
2026-07-03T22:00:00+00:00,7384.955501,7384.955501,0.000000
2026-07-03T23:00:00+00:00,7384.955501,7384.955501,0.000000
2026-07-04T00:00:00+00:00,7384.955501,7384.955501,0.000000
2026-07-04T01:00:00+00:00,7384.955501,7384.955501,0.000000
2026-07-04T02:00:00+00:00,7384.955501,7384.955501,0.000000
2026-07-04T03:00:00+00:00,7384.955501,7384.955501,0.000000
2026-07-04T04:00:00+00:00,7384.955501,7384.955501,0.000000
2026-07-04T05:00:00+00:00,7384.955501,7384.955501,0.000000
2026-07-04T06:00:00+00:00,7384.955501,7384.955501,0.000000
2026-07-04T07:00:00+00:00,7384.955501,7384.955501,0.000000
2026-07-04T08:00:00+00:00,7384.955501,7384.955501,0.000000
2026-07-04T09:00:00+00:00,7384.955501,7384.955501,0.000000
2026-07-04T10:00:00+00:00,7384.955501,7384.955501,0.000000
2026-07-04T11:00:00+00:00,7384.955501,7384.955501,0.000000
2026-07-04T12:00:00+00:00,7384.955501,7384.955501,0.000000
2026-07-04T13:00:00+00:00,7384.955501,7384.955501,0.000000
2026-07-04T14:00:00+00:00,7384.955501,7384.955501,0.000000
2026-07-04T15:00:00+00:00,7384.955501,7384.955501,0.000000
2026-07-04T16:00:00+00:00,7384.955501,7384.955501,0.000000
2026-07-04T17:00:00+00:00,7384.955501,7384.955501,0.000000
2026-07-04T18:00:00+00:00,7384.955501,7384.955501,0.000000
2026-07-04T19:00:00+00:00,7384.955501,7384.955501,0.000000
2026-07-04T20:00:00+00:00,7384.955501,7384.955501,0.000000
2026-07-04T21:00:00+00:00,7384.955501,7384.955501,0.000000
2026-07-04T22:00:00+00:00,7384.955501,7384.955501,0.000000
2026-07-04T23:00:00+00:00,7384.955501,7384.955501,0.000000
2026-07-05T00:00:00+00:00,7384.955501,7384.955501,0.000000
2026-07-05T01:00:00+00:00,7384.955501,7384.955501,0.000000
2026-07-05T02:00:00+00:00,7384.955501,7384.955501,0.000000
2026-07-05T03:00:00+00:00,7384.955501,7384.955501,0.000000
2026-07-05T04:00:00+00:00,7384.955501,7384.955501,0.000000
2026-07-05T05:00:00+00:00,7379.786771,-2.214748,7384.955501
2026-07-05T06:00:00+00:00,7383.970882,-2.214748,7380.771391
2026-07-05T07:00:00+00:00,7362.422711,-2.214748,7402.319561
2026-07-05T08:00:00+00:00,7371.836961,-2.214748,7392.905312
2026-07-05T09:00:00+00:00,7385.556462,7385.556462,0.000000
2026-07-05T10:00:00+00:00,7385.556462,7385.556462,0.000000
2026-07-05T11:00:00+00:00,7385.556462,7385.556462,0.000000
2026-07-05T12:00:00+00:00,7385.556462,7385.556462,0.000000
2026-07-05T13:00:00+00:00,7385.556462,7385.556462,0.000000
2026-07-05T14:00:00+00:00,7385.556462,7385.556462,0.000000
2026-07-05T15:00:00+00:00,7385.556462,7385.556462,0.000000
2026-07-05T16:00:00+00:00,7380.385834,-5.170628,7385.556462
2026-07-05T17:00:00+00:00,7407.057520,-5.170628,7412.228148
2026-07-05T18:00:00+00:00,7414.142186,-5.170628,7419.312814
2026-07-05T19:00:00+00:00,7416.017539,-5.170628,7421.188167
2026-07-05T20:00:00+00:00,7398.305873,-5.170628,7403.476501
2026-07-05T21:00:00+00:00,7398.797941,7398.797941,0.000000
2026-07-05T22:00:00+00:00,7398.797941,7398.797941,0.000000
2026-07-05T23:00:00+00:00,7398.797941,7398.797941,0.000000
2026-07-06T00:00:00+00:00,7398.797941,7398.797941,0.000000
2026-07-06T01:00:00+00:00,7398.797941,7398.797941,0.000000
2026-07-06T02:00:00+00:00,7398.797941,7398.797941,0.000000
2026-07-06T03:00:00+00:00,7398.797941,7398.797941,0.000000
2026-07-06T04:00:00+00:00,7398.797941,7398.797941,0.000000
2026-07-06T05:00:00+00:00,7398.797941,7398.797941,0.000000
2026-07-06T06:00:00+00:00,7398.797941,7398.797941,0.000000
2026-07-06T07:00:00+00:00,7398.797941,7398.797941,0.000000
2026-07-06T08:00:00+00:00,7393.619522,-2.218900,7398.797941
2026-07-06T09:00:00+00:00,7423.171957,-2.218900,7369.245506
2026-07-06T10:00:00+00:00,7371.279661,7371.279661,0.000000
2026-07-06T11:00:00+00:00,7371.279661,7371.279661,0.000000
2026-07-06T12:00:00+00:00,7371.279661,7371.279661,0.000000
2026-07-06T13:00:00+00:00,7371.279661,7371.279661,0.000000
2026-07-06T14:00:00+00:00,7371.279661,7371.279661,0.000000
2026-07-06T15:00:00+00:00,7371.279661,7371.279661,0.000000
2026-07-06T16:00:00+00:00,7371.279661,7371.279661,0.000000
2026-07-06T17:00:00+00:00,7366.119028,-5.160633,7371.279661
2026-07-06T18:00:00+00:00,7384.058028,-5.160633,7389.218661
2026-07-06T19:00:00+00:00,7384.882810,-5.160633,7390.043443
2026-07-06T20:00:00+00:00,7385.089005,-5.160633,7390.249638
2026-07-06T21:00:00+00:00,7488.446153,7488.446153,0.000000
2026-07-06T22:00:00+00:00,7488.446153,7488.446153,0.000000
2026-07-06T23:00:00+00:00,7488.446153,7488.446153,0.000000
2026-07-07T00:00:00+00:00,7488.446153,7488.446153,0.000000
2026-07-07T01:00:00+00:00,7488.446153,7488.446153,0.000000
2026-07-07T02:00:00+00:00,7488.446153,7488.446153,0.000000
2026-07-07T03:00:00+00:00,7488.446153,7488.446153,0.000000
2026-07-07T04:00:00+00:00,7488.446153,7488.446153,0.000000
2026-07-07T05:00:00+00:00,7483.204989,-2.245785,7488.446153
2026-07-07T06:00:00+00:00,7442.768349,7442.768349,0.000000
2026-07-07T07:00:00+00:00,7442.768349,7442.768349,0.000000
2026-07-07T08:00:00+00:00,7442.768349,7442.768349,0.000000
2026-07-07T09:00:00+00:00,7442.768349,7442.768349,0.000000
2026-07-07T10:00:00+00:00,7442.768349,7442.768349,0.000000
2026-07-07T11:00:00+00:00,7442.768349,7442.768349,0.000000
2026-07-07T12:00:00+00:00,7442.768349,7442.768349,0.000000
2026-07-07T13:00:00+00:00,7442.768349,7442.768349,0.000000
2026-07-07T14:00:00+00:00,7442.768349,7442.768349,0.000000
2026-07-07T15:00:00+00:00,7437.557667,-5.210682,7442.768349
2026-07-07T16:00:00+00:00,7436.703298,7436.703298,0.000000
2026-07-07T17:00:00+00:00,7436.703298,7436.703298,0.000000
2026-07-07T18:00:00+00:00,7436.703298,7436.703298,0.000000
2026-07-07T19:00:00+00:00,7436.703298,7436.703298,0.000000
2026-07-07T20:00:00+00:00,7436.703298,7436.703298,0.000000
2026-07-07T21:00:00+00:00,7436.703298,7436.703298,0.000000
2026-07-07T22:00:00+00:00,7431.498349,-2.230267,7436.703298
2026-07-07T23:00:00+00:00,7448.052295,-2.230267,7420.149351
2026-07-08T00:00:00+00:00,7396.559502,7396.559502,0.000000
2026-07-08T01:00:00+00:00,7396.559502,7396.559502,0.000000
2026-07-08T02:00:00+00:00,7396.559502,7396.559502,0.000000
2026-07-08T03:00:00+00:00,7396.559502,7396.559502,0.000000
2026-07-08T04:00:00+00:00,7396.559502,7396.559502,0.000000
2026-07-08T05:00:00+00:00,7396.559502,7396.559502,0.000000
2026-07-08T06:00:00+00:00,7396.559502,7396.559502,0.000000
2026-07-08T07:00:00+00:00,7396.559502,7396.559502,0.000000
2026-07-08T07:00:00+00:00,7396.559502,7396.559502,0.000000
