ts,equity,cash,position_value
2026-04-09T08:00:00+00:00,10000.000000,10000.000000,0.000000
2026-04-09T09:00:00+00:00,9992.999000,-7.001000,10000.000000
2026-04-09T10:00:00+00:00,9978.180808,-7.001000,9985.181808
2026-04-09T11:00:00+00:00,9908.607686,-2.973673,9915.547577
2026-04-09T12:00:00+00:00,9894.049414,-2.973673,9930.105849
2026-04-09T13:00:00+00:00,9921.868628,9921.868628,0.000000
2026-04-09T14:00:00+00:00,9921.868628,9921.868628,0.000000
2026-04-09T15:00:00+00:00,9914.922327,-6.946300,9921.868628
2026-04-09T16:00:00+00:00,9878.114972,9878.114972,0.000000
2026-04-09T17:00:00+00:00,9878.114972,9878.114972,0.000000
2026-04-09T18:00:00+00:00,9878.114972,9878.114972,0.000000
2026-04-09T19:00:00+00:00,9878.114972,9878.114972,0.000000
2026-04-09T20:00:00+00:00,9878.114972,9878.114972,0.000000
2026-04-09T21:00:00+00:00,9878.114972,9878.114972,0.000000
2026-04-09T22:00:00+00:00,9878.114972,9878.114972,0.000000
2026-04-09T23:00:00+00:00,9871.201280,-2.962447,9878.114972
2026-04-10T00:00:00+00:00,9847.964495,-2.962447,9901.351757
2026-04-10T01:00:00+00:00,9846.647607,9846.647607,0.000000
2026-04-10T02:00:00+00:00,9846.647607,9846.647607,0.000000
2026-04-10T03:00:00+00:00,9846.647607,9846.647607,0.000000
2026-04-10T04:00:00+00:00,9839.753969,-6.893638,9846.647607
2026-04-10T05:00:00+00:00,9846.034004,-6.893638,9852.927642
2026-04-10T06:00:00+00:00,9781.533257,-2.935536,9788.384147
2026-04-10T07:00:00+00:00,9811.313769,-2.935536,9758.603634
2026-04-10T08:00:00+00:00,9784.220220,-2.935536,9785.697183
2026-04-10T09:00:00+00:00,9735.122495,-6.820334,9741.942829
2026-04-10T10:00:00+00:00,9738.672038,-6.820334,9745.492372
2026-04-10T11:00:00+00:00,9773.796911,9773.796911,0.000000
2026-04-10T12:00:00+00:00,9773.796911,9773.796911,0.000000
2026-04-10T13:00:00+00:00,9773.796911,9773.796911,0.000000
2026-04-10T14:00:00+00:00,9773.796911,9773.796911,0.000000
2026-04-10T15:00:00+00:00,9773.796911,9773.796911,0.000000
2026-04-10T16:00:00+00:00,9773.796911,9773.796911,0.000000
2026-04-10T17:00:00+00:00,9773.796911,9773.796911,0.000000
2026-04-10T18:00:00+00:00,9773.796911,9773.796911,0.000000
2026-04-10T19:00:00+00:00,9773.796911,9773.796911,0.000000
2026-04-10T20:00:00+00:00,9773.796911,9773.796911,0.000000
2026-04-10T21:00:00+00:00,9773.796911,9773.796911,0.000000
2026-04-10T22:00:00+00:00,9773.796911,9773.796911,0.000000
2026-04-10T23:00:00+00:00,9773.796911,9773.796911,0.000000
2026-04-11T00:00:00+00:00,9773.796911,9773.796911,0.000000
2026-04-11T01:00:00+00:00,9773.796911,9773.796911,0.000000
2026-04-11T02:00:00+00:00,9773.796911,9773.796911,0.000000
2026-04-11T03:00:00+00:00,9766.956231,-2.931162,9773.796911
2026-04-11T04:00:00+00:00,9750.348249,-2.931162,9790.404892
2026-04-11T05:00:00+00:00,9786.623577,-2.931162,9754.129565
2026-04-11T06:00:00+00:00,9771.763804,-2.931162,9768.989337
2026-04-11T07:00:00+00:00,9785.093894,-2.931162,9755.659247
2026-04-11T08:00:00+00:00,9785.967998,-2.931162,9754.785143
2026-04-11T09:00:00+00:00,9713.417908,-6.805128,9720.223036
2026-04-11T10:00:00+00:00,9698.900087,-6.805128,9705.705215
2026-04-11T11:00:00+00:00,9591.973058,9591.973058,0.000000
2026-04-11T12:00:00+00:00,9591.973058,9591.973058,0.000000
2026-04-11T13:00:00+00:00,9591.973058,9591.973058,0.000000
2026-04-11T14:00:00+00:00,9591.973058,9591.973058,0.000000
2026-04-11T15:00:00+00:00,9591.973058,9591.973058,0.000000
2026-04-11T16:00:00+00:00,9591.973058,9591.973058,0.000000
2026-04-11T17:00:00+00:00,9591.973058,9591.973058,0.000000
2026-04-11T18:00:00+00:00,9591.973058,9591.973058,0.000000
2026-04-11T19:00:00+00:00,9591.973058,9591.973058,0.000000
2026-04-11T20:00:00+00:00,9591.973058,9591.973058,0.000000
2026-04-11T21:00:00+00:00,9591.973058,9591.973058,0.000000
2026-04-11T22:00:00+00:00,9591.973058,9591.973058,0.000000
2026-04-11T23:00:00+00:00,9591.973058,9591.973058,0.000000
2026-04-12T00:00:00+00:00,9591.973058,9591.973058,0.000000
2026-04-12T01:00:00+00:00,9585.259636,-2.876633,9591.973058
2026-04-12T02:00:00+00:00,9555.618903,9555.618903,0.000000
2026-04-12T03:00:00+00:00,9555.618903,9555.618903,0.000000
2026-04-12T04:00:00+00:00,9555.618903,9555.618903,0.000000
2026-04-12T05:00:00+00:00,9555.618903,9555.618903,0.000000
2026-04-12T06:00:00+00:00,9555.618903,9555.618903,0.000000
2026-04-12T07:00:00+00:00,9555.618903,9555.618903,0.000000
2026-04-12T08:00:00+00:00,9555.618903,9555.618903,0.000000
2026-04-12T09:00:00+00:00,9555.618903,9555.618903,0.000000
2026-04-12T10:00:00+00:00,9555.618903,9555.618903,0.000000
2026-04-12T11:00:00+00:00,9555.618903,9555.618903,0.000000
2026-04-12T12:00:00+00:00,9555.618903,9555.618903,0.000000
2026-04-12T13:00:00+00:00,9555.618903,9555.618903,0.000000
2026-04-12T14:00:00+00:00,9555.618903,9555.618903,0.000000
2026-04-12T15:00:00+00:00,9555.618903,9555.618903,0.000000
2026-04-12T16:00:00+00:00,9555.618903,9555.618903,0.000000
2026-04-12T17:00:00+00:00,9555.618903,9555.618903,0.000000
2026-04-12T18:00:00+00:00,9555.618903,9555.618903,0.000000
2026-04-12T19:00:00+00:00,9555.618903,9555.618903,0.000000
2026-04-12T20:00:00+00:00,9548.929014,-6.689889,9555.618903
2026-04-12T21:00:00+00:00,9540.723986,-6.689889,9547.413875
2026-04-12T22:00:00+00:00,9422.940998,-2.827919,9429.540734
2026-04-12T23:00:00+00:00,9456.604911,-2.827919,9395.876821
2026-04-13T00:00:00+00:00,9392.234910,-6.580110,9398.815021
2026-04-13T01:00:00+00:00,9385.200029,-6.580110,9391.780139
2026-04-13T02:00:00+00:00,9333.105594,-2.800959,9339.642410
2026-04-13T03:00:00+00:00,9332.679836,-2.800959,9340.068168
2026-04-13T04:00:00+00:00,9350.348797,-2.800959,9322.399207
2026-04-13T05:00:00+00:00,9344.388183,-2.800959,9328.359820
2026-04-13T06:00:00+00:00,9303.977412,9303.977412,0.000000
2026-04-13T07:00:00+00:00,9303.977412,9303.977412,0.000000
2026-04-13T08:00:00+00:00,9303.977412,9303.977412,0.000000
2026-04-13T09:00:00+00:00,9303.977412,9303.977412,0.000000
2026-04-13T10:00:00+00:00,9303.977412,9303.977412,0.000000
2026-04-13T11:00:00+00:00,9303.977412,9303.977412,0.000000
2026-04-13T12:00:00+00:00,9303.977412,9303.977412,0.000000
2026-04-13T13:00:00+00:00,9297.463698,-6.513715,9303.977412
2026-04-13T14:00:00+00:00,9299.865589,9299.865589,0.000000
2026-04-13T15:00:00+00:00,9299.865589,9299.865589,0.000000
2026-04-13T16:00:00+00:00,9299.865589,9299.865589,0.000000
2026-04-13T17:00:00+00:00,9299.865589,9299.865589,0.000000
2026-04-13T18:00:00+00:00,9299.865589,9299.865589,0.000000
2026-04-13T19:00:00+00:00,9299.865589,9299.865589,0.000000
2026-04-13T20:00:00+00:00,9299.865589,9299.865589,0.000000
2026-04-13T21:00:00+00:00,9299.865589,9299.865589,0.000000
2026-04-13T22:00:00+00:00,9299.865589,9299.865589,0.000000
2026-04-13T23:00:00+00:00,9299.865589,9299.865589,0.000000
2026-04-14T00:00:00+00:00,9299.865589,9299.865589,0.000000
2026-04-14T01:00:00+00:00,9299.865589,9299.865589,0.000000
2026-04-14T02:00:00+00:00,9299.865589,9299.865589,0.000000
2026-04-14T03:00:00+00:00,9299.865589,9299.865589,0.000000
2026-04-14T04:00:00+00:00,9299.865589,9299.865589,0.000000
2026-04-14T05:00:00+00:00,9293.356613,-2.789030,9299.865589
2026-04-14T06:00:00+00:00,9207.820020,-6.450911,9214.270931
2026-04-14T07:00:00+00:00,9191.617270,9191.617270,0.000000
2026-04-14T08:00:00+00:00,9191.617270,9191.617270,0.000000
2026-04-14T09:00:00+00:00,9191.617270,9191.617270,0.000000
2026-04-14T10:00:00+00:00,9191.617270,9191.617270,0.000000
2026-04-14T11:00:00+00:00,9191.617270,9191.617270,0.000000
2026-04-14T12:00:00+00:00,9191.617270,9191.617270,0.000000
2026-04-14T13:00:00+00:00,9191.617270,9191.617270,0.000000
2026-04-14T14:00:00+00:00,9185.184057,-2.756566,9191.617270
2026-04-14T15:00:00+00:00,9184.970182,9184.970182,0.000000
2026-04-14T16:00:00+00:00,9184.970182,9184.970182,0.000000
2026-04-14T17:00:00+00:00,9184.970182,9184.970182,0.000000
2026-04-14T18:00:00+00:00,9184.970182,9184.970182,0.000000
2026-04-14T19:00:00+00:00,9184.970182,9184.970182,0.000000
2026-04-14T20:00:00+00:00,9184.970182,9184.970182,0.000000
2026-04-14T21:00:00+00:00,9184.970182,9184.970182,0.000000
2026-04-14T22:00:00+00:00,9184.970182,9184.970182,0.000000
2026-04-14T23:00:00+00:00,9184.970182,9184.970182,0.000000
2026-04-15T00:00:00+00:00,9184.970182,9184.970182,0.000000
2026-04-15T01:00:00+00:00,9184.970182,9184.970182,0.000000
2026-04-15T02:00:00+00:00,9184.970182,9184.970182,0.000000
2026-04-15T03:00:00+00:00,9184.970182,9184.970182,0.000000
2026-04-15T04:00:00+00:00,9184.970182,9184.970182,0.000000
2026-04-15T05:00:00+00:00,9184.970182,9184.970182,0.000000
2026-04-15T06:00:00+00:00,9184.970182,9184.970182,0.000000
2026-04-15T07:00:00+00:00,9184.970182,9184.970182,0.000000
2026-04-15T08:00:00+00:00,9184.970182,9184.970182,0.000000
2026-04-15T09:00:00+00:00,9184.970182,9184.970182,0.000000
2026-04-15T10:00:00+00:00,9184.970182,9184.970182,0.000000
2026-04-15T11:00:00+00:00,9178.539785,-6.430398,9184.970182
2026-04-15T12:00:00+00:00,9160.065682,-6.430398,9166.496080
2026-04-15T13:00:00+00:00,9109.398227,9109.398227,0.000000
2026-04-15T14:00:00+00:00,9109.398227,9109.398227,0.000000
2026-04-15T15:00:00+00:00,9109.398227,9109.398227,0.000000
2026-04-15T16:00:00+00:00,9109.398227,9109.398227,0.000000
2026-04-15T17:00:00+00:00,9109.398227,9109.398227,0.000000
2026-04-15T18:00:00+00:00,9109.398227,9109.398227,0.000000
2026-04-15T19:00:00+00:00,9109.398227,9109.398227,0.000000
2026-04-15T20:00:00+00:00,9109.398227,9109.398227,0.000000
2026-04-15T21:00:00+00:00,9109.398227,9109.398227,0.000000
2026-04-15T22:00:00+00:00,9109.398227,9109.398227,0.000000
2026-04-15T23:00:00+00:00,9109.398227,9109.398227,0.000000
2026-04-16T00:00:00+00:00,9109.398227,9109.398227,0.000000
2026-04-16T01:00:00+00:00,9109.398227,9109.398227,0.000000
2026-04-16T02:00:00+00:00,9109.398227,9109.398227,0.000000
2026-04-16T03:00:00+00:00,9109.398227,9109.398227,0.000000
2026-04-16T04:00:00+00:00,9109.398227,9109.398227,0.000000
2026-04-16T05:00:00+00:00,9109.398227,9109.398227,0.000000
2026-04-16T06:00:00+00:00,9109.398227,9109.398227,0.000000
2026-04-16T07:00:00+00:00,9103.022560,-2.731909,9109.398227
2026-04-16T08:00:00+00:00,9112.945651,-2.731909,9099.475136
2026-04-16T09:00:00+00:00,9116.447919,-2.731909,9095.972868
2026-04-16T10:00:00+00:00,9139.601800,-2.731909,9072.818987
2026-04-16T11:00:00+00:00,9126.176440,-2.731909,9086.244347
2026-04-16T12:00:00+00:00,9076.317696,9076.317696,0.000000
2026-04-16T13:00:00+00:00,9076.317696,9076.317696,0.000000
2026-04-16T14:00:00+00:00,9076.317696,9076.317696,0.000000
2026-04-16T15:00:00+00:00,9069.963366,-6.354330,9076.317696
2026-04-16T16:00:00+00:00,8950.294795,-2.686073,8956.563494
2026-04-16T17:00:00+00:00,8896.900099,8896.900099,0.000000
2026-04-16T18:00:00+00:00,8890.671379,-6.228720,8896.900099
2026-04-16T19:00:00+00:00,8883.535085,8883.535085,0.000000
2026-04-16T20:00:00+00:00,8883.535085,8883.535085,0.000000
2026-04-16T21:00:00+00:00,8883.535085,8883.535085,0.000000
2026-04-16T22:00:00+00:00,8883.535085,8883.535085,0.000000
2026-04-16T23:00:00+00:00,8883.535085,8883.535085,0.000000
2026-04-17T00:00:00+00:00,8883.535085,8883.535085,0.000000
2026-04-17T01:00:00+00:00,8883.535085,8883.535085,0.000000
2026-04-17T02:00:00+00:00,8877.317499,-2.664172,8883.535085
2026-04-17T03:00:00+00:00,8901.895019,-2.664172,8858.957565
2026-04-17T04:00:00+00:00,8890.844661,-2.664172,8870.007923
2026-04-17T05:00:00+00:00,8927.234633,-2.664172,8833.617952
2026-04-17T06:00:00+00:00,8882.461631,-2.664172,8878.390953
2026-04-17T07:00:00+00:00,8860.325265,8860.325265,0.000000
2026-04-17T08:00:00+00:00,8854.122151,-6.203114,8860.325265
2026-04-17T09:00:00+00:00,8861.793700,8861.793700,0.000000
2026-04-17T10:00:00+00:00,8861.793700,8861.793700,0.000000
2026-04-17T11:00:00+00:00,8861.793700,8861.793700,0.000000
2026-04-17T12:00:00+00:00,8861.793700,8861.793700,0.000000
2026-04-17T13:00:00+00:00,8861.793700,8861.793700,0.000000
2026-04-17T14:00:00+00:00,8861.793700,8861.793700,0.000000
2026-04-17T15:00:00+00:00,8861.793700,8861.793700,0.000000
2026-04-17T16:00:00+00:00,8861.793700,8861.793700,0.000000
2026-04-17T17:00:00+00:00,8861.793700,8861.793700,0.000000
2026-04-17T18:00:00+00:00,8861.793700,8861.793700,0.000000
2026-04-17T19:00:00+00:00,8861.793700,8861.793700,0.000000
2026-04-17T20:00:00+00:00,8861.793700,8861.793700,0.000000
2026-04-17T21:00:00+00:00,8861.793700,8861.793700,0.000000
2026-04-17T22:00:00+00:00,8861.793700,8861.793700,0.000000
2026-04-17T23:00:00+00:00,8861.793700,8861.793700,0.000000
2026-04-18T00:00:00+00:00,8861.793700,8861.793700,0.000000
2026-04-18T01:00:00+00:00,8861.793700,8861.793700,0.000000
2026-04-18T02:00:00+00:00,8861.793700,8861.793700,0.000000
2026-04-18T03:00:00+00:00,8855.591330,-2.657652,8861.793700
2026-04-18T04:00:00+00:00,8847.297222,-2.657652,8870.087808
2026-04-18T05:00:00+00:00,8842.320757,-2.657652,8875.064272
2026-04-18T06:00:00+00:00,8838.634487,-2.657652,8878.750543
2026-04-18T07:00:00+00:00,8861.489363,-2.657652,8855.895667
2026-04-18T08:00:00+00:00,8918.253610,8918.253610,0.000000
2026-04-18T09:00:00+00:00,8918.253610,8918.253610,0.000000
2026-04-18T10:00:00+00:00,8918.253610,8918.253610,0.000000
2026-04-18T11:00:00+00:00,8918.253610,8918.253610,0.000000
2026-04-18T12:00:00+00:00,8918.253610,8918.253610,0.000000
2026-04-18T13:00:00+00:00,8918.253610,8918.253610,0.000000
2026-04-18T14:00:00+00:00,8918.253610,8918.253610,0.000000
2026-04-18T15:00:00+00:00,8918.253610,8918.253610,0.000000
2026-04-18T16:00:00+00:00,8918.253610,8918.253610,0.000000
2026-04-18T17:00:00+00:00,8918.253610,8918.253610,0.000000
2026-04-18T18:00:00+00:00,8918.253610,8918.253610,0.000000
2026-04-18T19:00:00+00:00,8918.253610,8918.253610,0.000000
2026-04-18T20:00:00+00:00,8918.253610,8918.253610,0.000000
2026-04-18T21:00:00+00:00,8918.253610,8918.253610,0.000000
2026-04-18T22:00:00+00:00,8918.253610,8918.253610,0.000000
2026-04-18T23:00:00+00:00,8918.253610,8918.253610,0.000000
2026-04-19T00:00:00+00:00,8918.253610,8918.253610,0.000000
2026-04-19T01:00:00+00:00,8918.253610,8918.253610,0.000000
2026-04-19T02:00:00+00:00,8918.253610,8918.253610,0.000000
2026-04-19T03:00:00+00:00,8918.253610,8918.253610,0.000000
2026-04-19T04:00:00+00:00,8918.253610,8918.253610,0.000000
2026-04-19T05:00:00+00:00,8918.253610,8918.253610,0.000000
2026-04-19T06:00:00+00:00,8918.253610,8918.253610,0.000000
2026-04-19T07:00:00+00:00,8918.253610,8918.253610,0.000000
2026-04-19T08:00:00+00:00,8918.253610,8918.253610,0.000000
2026-04-19T09:00:00+00:00,8918.253610,8918.253610,0.000000
2026-04-19T10:00:00+00:00,8918.253610,8918.253610,0.000000
2026-04-19T11:00:00+00:00,8918.253610,8918.253610,0.000000
2026-04-19T12:00:00+00:00,8912.009941,-6.243669,8918.253610
2026-04-19T13:00:00+00:00,8908.671197,8908.671197,0.000000
2026-04-19T14:00:00+00:00,8908.671197,8908.671197,0.000000
2026-04-19T15:00:00+00:00,8908.671197,8908.671197,0.000000
2026-04-19T16:00:00+00:00,8902.436018,-2.671710,8908.671197
2026-04-19T17:00:00+00:00,8894.308303,8894.308303,0.000000
2026-04-19T18:00:00+00:00,8894.308303,8894.308303,0.000000
2026-04-19T19:00:00+00:00,8894.308303,8894.308303,0.000000
2026-04-19T20:00:00+00:00,8894.308303,8894.308303,0.000000
2026-04-19T21:00:00+00:00,8894.308303,8894.308303,0.000000
2026-04-19T22:00:00+00:00,8894.308303,8894.308303,0.000000
2026-04-19T23:00:00+00:00,8894.308303,8894.308303,0.000000
2026-04-20T00:00:00+00:00,8888.081398,-6.226905,8894.308303
2026-04-20T01:00:00+00:00,8912.479312,-6.226905,8918.706217
2026-04-20T02:00:00+00:00,8867.056128,8867.056128,0.000000
2026-04-20T03:00:00+00:00,8867.056128,8867.056128,0.000000
2026-04-20T04:00:00+00:00,8867.056128,8867.056128,0.000000
2026-04-20T05:00:00+00:00,8860.850075,-2.659230,8867.056128
2026-04-20T06:00:00+00:00,8783.021545,-6.153301,8789.174846
2026-04-20T07:00:00+00:00,8884.868573,8884.868573,0.000000
2026-04-20T08:00:00+00:00,8884.868573,8884.868573,0.000000
2026-04-20T09:00:00+00:00,8884.868573,8884.868573,0.000000
2026-04-20T10:00:00+00:00,8884.868573,8884.868573,0.000000
2026-04-20T11:00:00+00:00,8884.868573,8884.868573,0.000000
2026-04-20T12:00:00+00:00,8884.868573,8884.868573,0.000000
2026-04-20T13:00:00+00:00,8884.868573,8884.868573,0.000000
2026-04-20T14:00:00+00:00,8878.650053,-2.664572,8884.868573
2026-04-20T15:00:00+00:00,8761.398095,-6.138152,8767.536247
2026-04-20T16:00:00+00:00,8709.272433,-6.138152,8715.410585
2026-04-20T17:00:00+00:00,8718.616675,8718.616675,0.000000
2026-04-20T18:00:00+00:00,8718.616675,8718.616675,0.000000
2026-04-20T19:00:00+00:00,8718.616675,8718.616675,0.000000
2026-04-20T20:00:00+00:00,8718.616675,8718.616675,0.000000
2026-04-20T21:00:00+00:00,8718.616675,8718.616675,0.000000
2026-04-20T22:00:00+00:00,8718.616675,8718.616675,0.000000
2026-04-20T23:00:00+00:00,8718.616675,8718.616675,0.000000
2026-04-21T00:00:00+00:00,8718.616675,8718.616675,0.000000
2026-04-21T01:00:00+00:00,8718.616675,8718.616675,0.000000
2026-04-21T02:00:00+00:00,8712.514515,-2.614713,8718.616675
2026-04-21T03:00:00+00:00,8700.610032,-2.614713,8730.521158
2026-04-21T04:00:00+00:00,8689.461389,-2.614713,8741.669801
2026-04-21T05:00:00+00:00,8668.443895,8668.443895,0.000000
2026-04-21T06:00:00+00:00,8668.443895,8668.443895,0.000000
2026-04-21T07:00:00+00:00,8668.443895,8668.443895,0.000000
2026-04-21T08:00:00+00:00,8662.375117,-6.068778,8668.443895
2026-04-21T09:00:00+00:00,8670.774592,-6.068778,8676.843369
2026-04-21T10:00:00+00:00,8690.933329,-6.068778,8697.002107
2026-04-21T11:00:00+00:00,8638.818059,8638.818059,0.000000
2026-04-21T12:00:00+00:00,8632.771751,-2.590782,8638.818059
2026-04-21T13:00:00+00:00,8615.546539,-2.590782,8656.043271
2026-04-21T14:00:00+00:00,8609.312571,8609.312571,0.000000
2026-04-21T15:00:00+00:00,8609.312571,8609.312571,0.000000
2026-04-21T16:00:00+00:00,8609.312571,8609.312571,0.000000
2026-04-21T17:00:00+00:00,8609.312571,8609.312571,0.000000
2026-04-21T18:00:00+00:00,8609.312571,8609.312571,0.000000
2026-04-21T19:00:00+00:00,8609.312571,8609.312571,0.000000
2026-04-21T20:00:00+00:00,8603.285192,-6.027380,8609.312571
2026-04-21T21:00:00+00:00,8590.083006,-6.027380,8596.110386
2026-04-21T22:00:00+00:00,8585.806242,-6.027380,8591.833622
2026-04-21T23:00:00+00:00,8578.755220,8578.755220,0.000000
2026-04-22T00:00:00+00:00,8578.755220,8578.755220,0.000000
2026-04-22T01:00:00+00:00,8578.755220,8578.755220,0.000000
2026-04-22T02:00:00+00:00,8578.755220,8578.755220,0.000000
2026-04-22T03:00:00+00:00,8578.755220,8578.755220,0.000000
2026-04-22T04:00:00+00:00,8578.755220,8578.755220,0.000000
2026-04-22T05:00:00+00:00,8578.755220,8578.755220,0.000000
2026-04-22T06:00:00+00:00,8578.755220,8578.755220,0.000000
2026-04-22T07:00:00+00:00,8578.755220,8578.755220,0.000000
2026-04-22T08:00:00+00:00,8578.755220,8578.755220,0.000000
2026-04-22T09:00:00+00:00,8578.755220,8578.755220,0.000000
2026-04-22T10:00:00+00:00,8578.755220,8578.755220,0.000000
2026-04-22T11:00:00+00:00,8578.755220,8578.755220,0.000000
2026-04-22T12:00:00+00:00,8578.755220,8578.755220,0.000000
2026-04-22T13:00:00+00:00,8578.755220,8578.755220,0.000000
2026-04-22T14:00:00+00:00,8578.755220,8578.755220,0.000000
2026-04-22T15:00:00+00:00,8578.755220,8578.755220,0.000000
2026-04-22T16:00:00+00:00,8578.755220,8578.755220,0.000000
2026-04-22T17:00:00+00:00,8578.755220,8578.755220,0.000000
2026-04-22T18:00:00+00:00,8578.755220,8578.755220,0.000000
2026-04-22T19:00:00+00:00,8578.755220,8578.755220,0.000000
2026-04-22T20:00:00+00:00,8578.755220,8578.755220,0.000000
2026-04-22T21:00:00+00:00,8578.755220,8578.755220,0.000000
2026-04-22T22:00:00+00:00,8578.755220,8578.755220,0.000000
2026-04-22T23:00:00+00:00,8572.750949,-2.572769,8578.755220
2026-04-23T00:00:00+00:00,8602.897142,-6.027108,8608.924250
2026-04-23T01:00:00+00:00,8580.757834,-6.027108,8586.784942
2026-04-23T02:00:00+00:00,8489.391016,-2.547752,8495.336902
2026-04-23T03:00:00+00:00,8490.888586,8490.888586,0.000000
2026-04-23T04:00:00+00:00,8490.888586,8490.888586,0.000000
2026-04-23T05:00:00+00:00,8490.888586,8490.888586,0.000000
2026-04-23T06:00:00+00:00,8490.888586,8490.888586,0.000000
2026-04-23T07:00:00+00:00,8490.888586,8490.888586,0.000000
2026-04-23T08:00:00+00:00,8490.888586,8490.888586,0.000000
2026-04-23T09:00:00+00:00,8490.888586,8490.888586,0.000000
2026-04-23T10:00:00+00:00,8490.888586,8490.888586,0.000000
2026-04-23T11:00:00+00:00,8490.888586,8490.888586,0.000000
2026-04-23T12:00:00+00:00,8490.888586,8490.888586,0.000000
2026-04-23T13:00:00+00:00,8490.888586,8490.888586,0.000000
2026-04-23T14:00:00+00:00,8490.888586,8490.888586,0.000000
2026-04-23T15:00:00+00:00,8490.888586,8490.888586,0.000000
2026-04-23T16:00:00+00:00,8490.888586,8490.888586,0.000000
2026-04-23T17:00:00+00:00,8490.888586,8490.888586,0.000000
2026-04-23T18:00:00+00:00,8490.888586,8490.888586,0.000000
2026-04-23T19:00:00+00:00,8490.888586,8490.888586,0.000000
2026-04-23T20:00:00+00:00,8490.888586,8490.888586,0.000000
2026-04-23T21:00:00+00:00,8490.888586,8490.888586,0.000000
2026-04-23T22:00:00+00:00,8490.888586,8490.888586,0.000000
2026-04-23T23:00:00+00:00,8490.888586,8490.888586,0.000000
2026-04-24T00:00:00+00:00,8490.888586,8490.888586,0.000000
2026-04-24T01:00:00+00:00,8490.888586,8490.888586,0.000000
2026-04-24T02:00:00+00:00,8490.888586,8490.888586,0.000000
2026-04-24T03:00:00+00:00,8490.888586,8490.888586,0.000000
2026-04-24T04:00:00+00:00,8490.888586,8490.888586,0.000000
2026-04-24T05:00:00+00:00,8490.888586,8490.888586,0.000000
2026-04-24T06:00:00+00:00,8490.888586,8490.888586,0.000000
2026-04-24T07:00:00+00:00,8490.888586,8490.888586,0.000000
2026-04-24T08:00:00+00:00,8490.888586,8490.888586,0.000000
2026-04-24T09:00:00+00:00,8490.888586,8490.888586,0.000000
2026-04-24T10:00:00+00:00,8490.888586,8490.888586,0.000000
2026-04-24T11:00:00+00:00,8484.944115,-5.944471,8490.888586
2026-04-24T12:00:00+00:00,8474.361295,-5.944471,8480.305766
2026-04-24T13:00:00+00:00,8423.963974,8423.963974,0.000000
2026-04-24T14:00:00+00:00,8423.963974,8423.963974,0.000000
2026-04-24T15:00:00+00:00,8423.963974,8423.963974,0.000000
2026-04-24T16:00:00+00:00,8423.963974,8423.963974,0.000000
2026-04-24T17:00:00+00:00,8423.963974,8423.963974,0.000000
2026-04-24T18:00:00+00:00,8423.963974,8423.963974,0.000000
2026-04-24T19:00:00+00:00,8423.963974,8423.963974,0.000000
2026-04-24T20:00:00+00:00,8423.963974,8423.963974,0.000000
2026-04-24T21:00:00+00:00,8423.963974,8423.963974,0.000000
2026-04-24T22:00:00+00:00,8418.068042,-2.526347,8423.963974
2026-04-24T23:00:00+00:00,8405.854115,-2.526347,8436.177902
2026-04-25T00:00:00+00:00,8402.755058,-2.526347,8439.276958
2026-04-25T01:00:00+00:00,8395.098566,-2.526347,8446.933450
2026-04-25T02:00:00+00:00,8396.192351,-2.526347,8445.839665
2026-04-25T03:00:00+00:00,8392.364105,-2.526347,8449.667911
2026-04-25T04:00:00+00:00,8399.838300,-2.526347,8442.193717
2026-04-25T05:00:00+00:00,8402.025869,-2.526347,8440.006148
2026-04-25T06:00:00+00:00,8401.661274,-2.526347,8440.370743
2026-04-25T07:00:00+00:00,8400.202894,-2.526347,8441.829122
2026-04-25T08:00:00+00:00,8389.811941,-2.526347,8452.220075
2026-04-25T09:00:00+00:00,8391.270321,-2.526347,8450.761696
2026-04-25T10:00:00+00:00,8386.348290,-2.526347,8455.683726
2026-04-25T11:00:00+00:00,8410.958442,-2.526347,8431.073574
2026-04-25T12:00:00+00:00,8412.234524,-2.526347,8429.797492
2026-04-25T13:00:00+00:00,8401.478976,-2.526347,8440.553040
2026-04-25T14:00:00+00:00,8402.390463,-2.526347,8439.641553
2026-04-25T15:00:00+00:00,8432.287241,-2.526347,8409.744775
2026-04-25T16:00:00+00:00,8424.813047,-2.526347,8417.218970
2026-04-25T17:00:00+00:00,8427.547508,-2.526347,8414.484508
2026-04-25T18:00:00+00:00,8418.797232,-2.526347,8423.234785
2026-04-25T19:00:00+00:00,8424.083857,-2.526347,8417.948159
2026-04-25T20:00:00+00:00,8412.781417,-2.526347,8429.250600
2026-04-25T21:00:00+00:00,8403.119653,-2.526347,8438.912363
2026-04-25T22:00:00+00:00,8385.002227,8385.002227,0.000000
2026-04-25T23:00:00+00:00,8379.131887,-5.870340,8385.002227
2026-04-26T00:00:00+00:00,8363.940682,-5.870340,8369.811023
2026-04-26T01:00:00+00:00,8359.238643,-5.870340,8365.108983
2026-04-26T02:00:00+00:00,8363.578987,-5.870340,8369.449327
2026-04-26T03:00:00+00:00,8344.228286,-5.870340,8350.098626
2026-04-26T04:00:00+00:00,8371.897980,-5.870340,8377.768320
2026-04-26T05:00:00+00:00,8366.466665,8366.466665,0.000000
2026-04-26T06:00:00+00:00,8366.466665,8366.466665,0.000000
2026-04-26T07:00:00+00:00,8366.466665,8366.466665,0.000000
2026-04-26T08:00:00+00:00,8366.466665,8366.466665,0.000000
2026-04-26T09:00:00+00:00,8366.466665,8366.466665,0.000000
2026-04-26T10:00:00+00:00,8366.466665,8366.466665,0.000000
2026-04-26T11:00:00+00:00,8366.466665,8366.466665,0.000000
2026-04-26T12:00:00+00:00,8366.466665,8366.466665,0.000000
2026-04-26T13:00:00+00:00,8366.466665,8366.466665,0.000000
2026-04-26T14:00:00+00:00,8366.466665,8366.466665,0.000000
2026-04-26T15:00:00+00:00,8366.466665,8366.466665,0.000000
2026-04-26T16:00:00+00:00,8366.466665,8366.466665,0.000000
2026-04-26T17:00:00+00:00,8366.466665,8366.466665,0.000000
2026-04-26T18:00:00+00:00,8366.466665,8366.466665,0.000000
2026-04-26T19:00:00+00:00,8366.466665,8366.466665,0.000000
2026-04-26T20:00:00+00:00,8366.466665,8366.466665,0.000000
2026-04-26T21:00:00+00:00,8366.466665,8366.466665,0.000000
2026-04-26T22:00:00+00:00,8366.466665,8366.466665,0.000000
2026-04-26T23:00:00+00:00,8366.466665,8366.466665,0.000000
2026-04-27T00:00:00+00:00,8366.466665,8366.466665,0.000000
2026-04-27T01:00:00+00:00,8366.466665,8366.466665,0.000000
2026-04-27T02:00:00+00:00,8366.466665,8366.466665,0.000000
2026-04-27T03:00:00+00:00,8366.466665,8366.466665,0.000000
2026-04-27T04:00:00+00:00,8360.610975,-2.509103,8366.466665
2026-04-27T05:00:00+00:00,8517.190547,8517.190547,0.000000
2026-04-27T06:00:00+00:00,8517.190547,8517.190547,0.000000
2026-04-27T07:00:00+00:00,8517.190547,8517.190547,0.000000
2026-04-27T08:00:00+00:00,8517.190547,8517.190547,0.000000
2026-04-27T09:00:00+00:00,8517.190547,8517.190547,0.000000
2026-04-27T10:00:00+00:00,8517.190547,8517.190547,0.000000
2026-04-27T11:00:00+00:00,8517.190547,8517.190547,0.000000
2026-04-27T12:00:00+00:00,8517.190547,8517.190547,0.000000
2026-04-27T13:00:00+00:00,8517.190547,8517.190547,0.000000
2026-04-27T14:00:00+00:00,8517.190547,8517.190547,0.000000
2026-04-27T15:00:00+00:00,8517.190547,8517.190547,0.000000
2026-04-27T16:00:00+00:00,8517.190547,8517.190547,0.000000
2026-04-27T17:00:00+00:00,8517.190547,8517.190547,0.000000
2026-04-27T18:00:00+00:00,8517.190547,8517.190547,0.000000
2026-04-27T19:00:00+00:00,8517.190547,8517.190547,0.000000
2026-04-27T20:00:00+00:00,8517.190547,8517.190547,0.000000
2026-04-27T21:00:00+00:00,8517.190547,8517.190547,0.000000
2026-04-27T22:00:00+00:00,8517.190547,8517.190547,0.000000
2026-04-27T23:00:00+00:00,8517.190547,8517.190547,0.000000
2026-04-28T00:00:00+00:00,8517.190547,8517.190547,0.000000
2026-04-28T01:00:00+00:00,8517.190547,8517.190547,0.000000
2026-04-28T02:00:00+00:00,8517.190547,8517.190547,0.000000
2026-04-28T03:00:00+00:00,8517.190547,8517.190547,0.000000
2026-04-28T04:00:00+00:00,8517.190547,8517.190547,0.000000
2026-04-28T05:00:00+00:00,8517.190547,8517.190547,0.000000
2026-04-28T06:00:00+00:00,8517.190547,8517.190547,0.000000
2026-04-28T07:00:00+00:00,8517.190547,8517.190547,0.000000
2026-04-28T08:00:00+00:00,8517.190547,8517.190547,0.000000
2026-04-28T09:00:00+00:00,8517.190547,8517.190547,0.000000
2026-04-28T10:00:00+00:00,8517.190547,8517.190547,0.000000
2026-04-28T11:00:00+00:00,8517.190547,8517.190547,0.000000
2026-04-28T12:00:00+00:00,8517.190547,8517.190547,0.000000
2026-04-28T13:00:00+00:00,8517.190547,8517.190547,0.000000
2026-04-28T14:00:00+00:00,8517.190547,8517.190547,0.000000
2026-04-28T15:00:00+00:00,8517.190547,8517.190547,0.000000
2026-04-28T16:00:00+00:00,8511.227661,-5.962885,8517.190547
2026-04-28T17:00:00+00:00,8528.002223,-5.962885,8533.965108
2026-04-28T18:00:00+00:00,8552.604914,-5.962885,8558.567799
2026-04-28T19:00:00+00:00,8571.243316,-5.962885,8577.206201
2026-04-28T20:00:00+00:00,8546.267857,-5.962885,8552.230742
2026-04-28T21:00:00+00:00,8511.451588,8511.451588,0.000000
2026-04-28T22:00:00+00:00,8511.451588,8511.451588,0.000000
2026-04-28T23:00:00+00:00,8511.451588,8511.451588,0.000000
2026-04-29T00:00:00+00:00,8511.451588,8511.451588,0.000000
2026-04-29T01:00:00+00:00,8511.451588,8511.451588,0.000000
2026-04-29T02:00:00+00:00,8511.451588,8511.451588,0.000000
2026-04-29T03:00:00+00:00,8511.451588,8511.451588,0.000000
2026-04-29T04:00:00+00:00,8511.451588,8511.451588,0.000000
2026-04-29T05:00:00+00:00,8511.451588,8511.451588,0.000000
2026-04-29T06:00:00+00:00,8511.451588,8511.451588,0.000000
2026-04-29T07:00:00+00:00,8511.451588,8511.451588,0.000000
2026-04-29T08:00:00+00:00,8511.451588,8511.451588,0.000000
2026-04-29T09:00:00+00:00,8511.451588,8511.451588,0.000000
2026-04-29T10:00:00+00:00,8511.451588,8511.451588,0.000000
2026-04-29T11:00:00+00:00,8511.451588,8511.451588,0.000000
2026-04-29T12:00:00+00:00,8505.494423,-2.552584,8511.451588
2026-04-29T13:00:00+00:00,8531.340364,8531.340364,0.000000
2026-04-29T14:00:00+00:00,8531.340364,8531.340364,0.000000
2026-04-29T15:00:00+00:00,8531.340364,8531.340364,0.000000
2026-04-29T16:00:00+00:00,8531.340364,8531.340364,0.000000
2026-04-29T17:00:00+00:00,8531.340364,8531.340364,0.000000
2026-04-29T18:00:00+00:00,8531.340364,8531.340364,0.000000
2026-04-29T19:00:00+00:00,8531.340364,8531.340364,0.000000
2026-04-29T20:00:00+00:00,8531.340364,8531.340364,0.000000
2026-04-29T21:00:00+00:00,8531.340364,8531.340364,0.000000
2026-04-29T22:00:00+00:00,8531.340364,8531.340364,0.000000
2026-04-29T23:00:00+00:00,8531.340364,8531.340364,0.000000
2026-04-30T00:00:00+00:00,8525.367572,-5.972791,8531.340364
2026-04-30T01:00:00+00:00,8513.347897,-5.972791,8519.320688
2026-04-30T02:00:00+00:00,8412.884367,-2.524791,8418.776669
2026-04-30T03:00:00+00:00,8384.185910,-2.524791,8447.475125
2026-04-30T04:00:00+00:00,8435.955675,-2.524791,8395.705360
2026-04-30T05:00:00+00:00,8421.887804,-2.524791,8409.773231
2026-04-30T06:00:00+00:00,8392.570291,8392.570291,0.000000
2026-04-30T07:00:00+00:00,8386.694653,-5.875638,8392.570291
2026-04-30T08:00:00+00:00,8372.948218,-5.875638,8378.823856
2026-04-30T09:00:00+00:00,8392.639057,-5.875638,8398.514696
2026-04-30T10:00:00+00:00,8392.081770,-5.875638,8397.957408
2026-04-30T11:00:00+00:00,8363.999407,8363.999407,0.000000
2026-04-30T12:00:00+00:00,8363.999407,8363.999407,0.000000
2026-04-30T13:00:00+00:00,8363.999407,8363.999407,0.000000
2026-04-30T14:00:00+00:00,8363.999407,8363.999407,0.000000
2026-04-30T15:00:00+00:00,8363.999407,8363.999407,0.000000
2026-04-30T16:00:00+00:00,8363.999407,8363.999407,0.000000
2026-04-30T17:00:00+00:00,8363.999407,8363.999407,0.000000
2026-04-30T18:00:00+00:00,8363.999407,8363.999407,0.000000
2026-04-30T19:00:00+00:00,8363.999407,8363.999407,0.000000
2026-04-30T20:00:00+00:00,8363.999407,8363.999407,0.000000
2026-04-30T21:00:00+00:00,8363.999407,8363.999407,0.000000
2026-04-30T22:00:00+00:00,8363.999407,8363.999407,0.000000
2026-04-30T23:00:00+00:00,8363.999407,8363.999407,0.000000
2026-05-01T00:00:00+00:00,8363.999407,8363.999407,0.000000
2026-05-01T01:00:00+00:00,8363.999407,8363.999407,0.000000
2026-05-01T02:00:00+00:00,8363.999407,8363.999407,0.000000
2026-05-01T03:00:00+00:00,8363.999407,8363.999407,0.000000
2026-05-01T04:00:00+00:00,8363.999407,8363.999407,0.000000
2026-05-01T05:00:00+00:00,8363.999407,8363.999407,0.000000
2026-05-01T06:00:00+00:00,8363.999407,8363.999407,0.000000
2026-05-01T07:00:00+00:00,8363.999407,8363.999407,0.000000
2026-05-01T08:00:00+00:00,8363.999407,8363.999407,0.000000
2026-05-01T09:00:00+00:00,8363.999407,8363.999407,0.000000
2026-05-01T10:00:00+00:00,8363.999407,8363.999407,0.000000
2026-05-01T11:00:00+00:00,8363.999407,8363.999407,0.000000
2026-05-01T12:00:00+00:00,8363.999407,8363.999407,0.000000
2026-05-01T13:00:00+00:00,8363.999407,8363.999407,0.000000
2026-05-01T14:00:00+00:00,8363.999407,8363.999407,0.000000
2026-05-01T15:00:00+00:00,8363.999407,8363.999407,0.000000
2026-05-01T16:00:00+00:00,8363.999407,8363.999407,0.000000
2026-05-01T17:00:00+00:00,8363.999407,8363.999407,0.000000
2026-05-01T18:00:00+00:00,8363.999407,8363.999407,0.000000
2026-05-01T19:00:00+00:00,8363.999407,8363.999407,0.000000
2026-05-01T20:00:00+00:00,8358.145444,-2.508363,8363.999407
2026-05-01T21:00:00+00:00,8330.312445,-2.508363,8391.832407
2026-05-01T22:00:00+00:00,8327.931991,-2.508363,8394.212860
2026-05-01T23:00:00+00:00,8319.875070,-2.508363,8402.269781
2026-05-02T00:00:00+00:00,8312.184373,-2.508363,8409.960478
2026-05-02T01:00:00+00:00,8308.155912,-2.508363,8413.988939
2026-05-02T02:00:00+00:00,8290.687440,8290.687440,0.000000
2026-05-02T03:00:00+00:00,8290.687440,8290.687440,0.000000
2026-05-02T04:00:00+00:00,8290.687440,8290.687440,0.000000
2026-05-02T05:00:00+00:00,8290.687440,8290.687440,0.000000
2026-05-02T06:00:00+00:00,8290.687440,8290.687440,0.000000
2026-05-02T07:00:00+00:00,8290.687440,8290.687440,0.000000
2026-05-02T08:00:00+00:00,8290.687440,8290.687440,0.000000
2026-05-02T09:00:00+00:00,8290.687440,8290.687440,0.000000
2026-05-02T10:00:00+00:00,8290.687440,8290.687440,0.000000
2026-05-02T11:00:00+00:00,8290.687440,8290.687440,0.000000
2026-05-02T12:00:00+00:00,8290.687440,8290.687440,0.000000
2026-05-02T13:00:00+00:00,8284.883130,-5.804310,8290.687440
2026-05-02T14:00:00+00:00,8278.055526,-5.804310,8283.859837
2026-05-02T15:00:00+00:00,8287.578237,-5.804310,8293.382547
2026-05-02T16:00:00+00:00,8288.476606,-5.804310,8294.280916
2026-05-02T17:00:00+00:00,8276.258788,-5.804310,8282.063099
2026-05-02T18:00:00+00:00,8291.171713,-5.804310,8296.976023
2026-05-02T19:00:00+00:00,8295.663557,-5.804310,8301.467867
2026-05-02T20:00:00+00:00,8296.382252,-5.804310,8302.186563
2026-05-02T21:00:00+00:00,8336.945217,8336.945217,0.000000
2026-05-02T22:00:00+00:00,8336.945217,8336.945217,0.000000
2026-05-02T23:00:00+00:00,8336.945217,8336.945217,0.000000
2026-05-03T00:00:00+00:00,8336.945217,8336.945217,0.000000
2026-05-03T01:00:00+00:00,8331.110189,-2.500250,8336.945217
2026-05-03T02:00:00+00:00,8332.920444,-2.500250,8335.134963
2026-05-03T03:00:00+00:00,8338.351207,-2.500250,8329.704200
2026-05-03T04:00:00+00:00,8339.618385,-2.500250,8328.437022
2026-05-03T05:00:00+00:00,8330.386088,-2.500250,8337.669319
2026-05-03T06:00:00+00:00,8328.575833,-2.500250,8339.479573
2026-05-03T07:00:00+00:00,8311.197392,-2.500250,8356.858015
2026-05-03T08:00:00+00:00,8314.998926,-2.500250,8353.056481
2026-05-03T09:00:00+00:00,8277.565843,-5.799184,8283.365027
2026-05-03T10:00:00+00:00,8259.500592,-5.799184,8265.299775
2026-05-03T11:00:00+00:00,8289.549723,-5.799184,8295.348907
2026-05-03T12:00:00+00:00,8309.940205,-5.799184,8315.739389
2026-05-03T13:00:00+00:00,8296.883142,-5.799184,8302.682326
2026-05-03T14:00:00+00:00,8319.598854,-5.799184,8325.398038
2026-05-03T15:00:00+00:00,8319.241127,-5.799184,8325.040310
2026-05-03T16:00:00+00:00,8319.419990,-5.799184,8325.219174
2026-05-03T17:00:00+00:00,8331.582734,-5.799184,8337.381918
2026-05-03T18:00:00+00:00,8328.363184,-5.799184,8334.162368
2026-05-03T19:00:00+00:00,8345.891844,-5.799184,8351.691028
2026-05-03T20:00:00+00:00,8323.533860,-5.799184,8329.333044
2026-05-03T21:00:00+00:00,8306.259164,8306.259164,0.000000
2026-05-03T22:00:00+00:00,8306.259164,8306.259164,0.000000
2026-05-03T23:00:00+00:00,8306.259164,8306.259164,0.000000
2026-05-04T00:00:00+00:00,8306.259164,8306.259164,0.000000
2026-05-04T01:00:00+00:00,8306.259164,8306.259164,0.000000
2026-05-04T02:00:00+00:00,8306.259164,8306.259164,0.000000
2026-05-04T03:00:00+00:00,8306.259164,8306.259164,0.000000
2026-05-04T04:00:00+00:00,8306.259164,8306.259164,0.000000
2026-05-04T05:00:00+00:00,8306.259164,8306.259164,0.000000
2026-05-04T06:00:00+00:00,8306.259164,8306.259164,0.000000
2026-05-04T07:00:00+00:00,8306.259164,8306.259164,0.000000
2026-05-04T08:00:00+00:00,8300.445613,-2.491047,8306.259164
2026-05-04T09:00:00+00:00,8270.869056,-2.491047,8335.835721
2026-05-04T10:00:00+00:00,8391.510701,8391.510701,0.000000
2026-05-04T11:00:00+00:00,8391.510701,8391.510701,0.000000
2026-05-04T12:00:00+00:00,8391.510701,8391.510701,0.000000
2026-05-04T13:00:00+00:00,8391.510701,8391.510701,0.000000
2026-05-04T14:00:00+00:00,8385.635804,-5.874897,8391.510701
2026-05-04T15:00:00+00:00,8274.996212,-2.483410,8280.791938
2026-05-04T16:00:00+00:00,8250.920382,8250.920382,0.000000
2026-05-04T17:00:00+00:00,8245.143913,-5.776469,8250.920382
2026-05-04T18:00:00+00:00,8215.189962,-5.776469,8220.966431
2026-05-04T19:00:00+00:00,8191.534789,8191.534789,0.000000
2026-05-04T20:00:00+00:00,8185.801534,-2.456641,8191.534789
2026-05-04T21:00:00+00:00,8148.483263,-2.456641,8228.853060
2026-05-04T22:00:00+00:00,8169.758165,-2.456641,8207.578158
2026-05-04T23:00:00+00:00,8194.695140,-2.456641,8182.641182
2026-05-05T00:00:00+00:00,8154.586719,-2.456641,8222.749604
2026-05-05T01:00:00+00:00,8132.782351,8132.782351,0.000000
2026-05-05T02:00:00+00:00,8132.782351,8132.782351,0.000000
2026-05-05T03:00:00+00:00,8127.088590,-5.693761,8132.782351
2026-05-05T04:00:00+00:00,8122.989664,-5.693761,8128.683425
2026-05-05T05:00:00+00:00,8120.257046,-5.693761,8125.950807
2026-05-05T06:00:00+00:00,8086.346491,8086.346491,0.000000
2026-05-05T07:00:00+00:00,8086.346491,8086.346491,0.000000
2026-05-05T08:00:00+00:00,8086.346491,8086.346491,0.000000
2026-05-05T09:00:00+00:00,8080.686857,-2.425095,8086.346491
2026-05-05T10:00:00+00:00,8051.497968,-2.425095,8115.535381
2026-05-05T11:00:00+00:00,8046.547806,-2.425095,8120.485543
2026-05-05T12:00:00+00:00,8013.456638,-5.614151,8019.070790
2026-05-05T13:00:00+00:00,8013.624605,-5.614151,8019.238756
2026-05-05T14:00:00+00:00,7982.199413,7982.199413,0.000000
2026-05-05T15:00:00+00:00,7982.199413,7982.199413,0.000000
2026-05-05T16:00:00+00:00,7976.612671,-2.393862,7982.199413
2026-05-05T17:00:00+00:00,7985.559055,-2.393862,7973.253030
2026-05-05T18:00:00+00:00,7954.668713,-2.393862,8004.143372
2026-05-05T19:00:00+00:00,7955.850310,-2.393862,8002.961774
2026-05-05T20:00:00+00:00,7923.365455,-5.551034,7928.916490
2026-05-05T21:00:00+00:00,7876.048265,7876.048265,0.000000
2026-05-05T22:00:00+00:00,7870.535819,-2.362027,7876.048265
2026-05-05T23:00:00+00:00,7894.164629,-2.362027,7852.419455
2026-05-06T00:00:00+00:00,7882.516624,-2.362027,7864.067460
2026-05-06T01:00:00+00:00,7843.136412,-5.494827,7848.631238
2026-05-06T02:00:00+00:00,7831.388450,-5.494827,7836.883277
2026-05-06T03:00:00+00:00,7855.049838,-5.494827,7860.544664
2026-05-06T04:00:00+00:00,7801.798258,7801.798258,0.000000
2026-05-06T05:00:00+00:00,7801.798258,7801.798258,0.000000
2026-05-06T06:00:00+00:00,7801.798258,7801.798258,0.000000
2026-05-06T07:00:00+00:00,7801.798258,7801.798258,0.000000
2026-05-06T08:00:00+00:00,7801.798258,7801.798258,0.000000
2026-05-06T09:00:00+00:00,7801.798258,7801.798258,0.000000
2026-05-06T10:00:00+00:00,7801.798258,7801.798258,0.000000
2026-05-06T11:00:00+00:00,7801.798258,7801.798258,0.000000
2026-05-06T12:00:00+00:00,7801.798258,7801.798258,0.000000
2026-05-06T13:00:00+00:00,7796.337779,-2.339759,7801.798258
2026-05-06T14:00:00+00:00,7805.208371,7805.208371,0.000000
2026-05-06T15:00:00+00:00,7805.208371,7805.208371,0.000000
2026-05-06T16:00:00+00:00,7805.208371,7805.208371,0.000000
2026-05-06T17:00:00+00:00,7805.208371,7805.208371,0.000000
2026-05-06T18:00:00+00:00,7805.208371,7805.208371,0.000000
2026-05-06T19:00:00+00:00,7805.208371,7805.208371,0.000000
2026-05-06T20:00:00+00:00,7805.208371,7805.208371,0.000000
2026-05-06T21:00:00+00:00,7805.208371,7805.208371,0.000000
2026-05-06T22:00:00+00:00,7805.208371,7805.208371,0.000000
2026-05-06T23:00:00+00:00,7805.208371,7805.208371,0.000000
2026-05-07T00:00:00+00:00,7805.208371,7805.208371,0.000000
2026-05-07T01:00:00+00:00,7805.208371,7805.208371,0.000000
2026-05-07T02:00:00+00:00,7805.208371,7805.208371,0.000000
2026-05-07T03:00:00+00:00,7805.208371,7805.208371,0.000000
2026-05-07T04:00:00+00:00,7805.208371,7805.208371,0.000000
2026-05-07T05:00:00+00:00,7799.743945,-5.464426,7805.208371
2026-05-07T06:00:00+00:00,7754.130231,7754.130231,0.000000
2026-05-07T07:00:00+00:00,7754.130231,7754.130231,0.000000
2026-05-07T08:00:00+00:00,7754.130231,7754.130231,0.000000
2026-05-07T09:00:00+00:00,7754.130231,7754.130231,0.000000
2026-05-07T10:00:00+00:00,7754.130231,7754.130231,0.000000
2026-05-07T11:00:00+00:00,7754.130231,7754.130231,0.000000
2026-05-07T12:00:00+00:00,7754.130231,7754.130231,0.000000
2026-05-07T13:00:00+00:00,7748.703115,-2.325464,7754.130231
2026-05-07T14:00:00+00:00,7769.110014,7769.110014,0.000000
2026-05-07T15:00:00+00:00,7769.110014,7769.110014,0.000000
2026-05-07T16:00:00+00:00,7769.110014,7769.110014,0.000000
2026-05-07T17:00:00+00:00,7769.110014,7769.110014,0.000000
2026-05-07T18:00:00+00:00,7769.110014,7769.110014,0.000000
2026-05-07T19:00:00+00:00,7769.110014,7769.110014,0.000000
2026-05-07T20:00:00+00:00,7769.110014,7769.110014,0.000000
2026-05-07T21:00:00+00:00,7769.110014,7769.110014,0.000000
2026-05-07T22:00:00+00:00,7769.110014,7769.110014,0.000000
2026-05-07T23:00:00+00:00,7769.110014,7769.110014,0.000000
2026-05-08T00:00:00+00:00,7769.110014,7769.110014,0.000000
2026-05-08T01:00:00+00:00,7769.110014,7769.110014,0.000000
2026-05-08T02:00:00+00:00,7769.110014,7769.110014,0.000000
2026-05-08T03:00:00+00:00,7769.110014,7769.110014,0.000000
2026-05-08T04:00:00+00:00,7769.110014,7769.110014,0.000000
2026-05-08T05:00:00+00:00,7769.110014,7769.110014,0.000000
2026-05-08T06:00:00+00:00,7769.110014,7769.110014,0.000000
2026-05-08T07:00:00+00:00,7769.110014,7769.110014,0.000000
2026-05-08T08:00:00+00:00,7763.670861,-5.439154,7769.110014
2026-05-08T09:00:00+00:00,7766.393998,-5.439154,7771.833151
2026-05-08T10:00:00+00:00,7778.477918,-5.439154,7783.917072
2026-05-08T11:00:00+00:00,7802.986152,-5.439154,7808.425306
2026-05-08T12:00:00+00:00,7759.055072,7759.055072,0.000000
2026-05-08T13:00:00+00:00,7753.624510,-2.326941,7759.055072
2026-05-08T14:00:00+00:00,7697.428125,7697.428125,0.000000
2026-05-08T15:00:00+00:00,7692.039156,-5.388969,7697.428125
2026-05-08T16:00:00+00:00,7680.286588,-5.388969,7685.675557
2026-05-08T17:00:00+00:00,7700.177181,7700.177181,0.000000
2026-05-08T18:00:00+00:00,7700.177181,7700.177181,0.000000
2026-05-08T19:00:00+00:00,7700.177181,7700.177181,0.000000
2026-05-08T20:00:00+00:00,7700.177181,7700.177181,0.000000
2026-05-08T21:00:00+00:00,7700.177181,7700.177181,0.000000
2026-05-08T22:00:00+00:00,7700.177181,7700.177181,0.000000
2026-05-08T23:00:00+00:00,7700.177181,7700.177181,0.000000
2026-05-09T00:00:00+00:00,7700.177181,7700.177181,0.000000
2026-05-09T01:00:00+00:00,7700.177181,7700.177181,0.000000
2026-05-09T02:00:00+00:00,7700.177181,7700.177181,0.000000
2026-05-09T03:00:00+00:00,7700.177181,7700.177181,0.000000
2026-05-09T04:00:00+00:00,7700.177181,7700.177181,0.000000
2026-05-09T05:00:00+00:00,7700.177181,7700.177181,0.000000
2026-05-09T06:00:00+00:00,7700.177181,7700.177181,0.000000
2026-05-09T07:00:00+00:00,7700.177181,7700.177181,0.000000
2026-05-09T08:00:00+00:00,7700.177181,7700.177181,0.000000
2026-05-09T09:00:00+00:00,7700.177181,7700.177181,0.000000
2026-05-09T10:00:00+00:00,7700.177181,7700.177181,0.000000
2026-05-09T11:00:00+00:00,7700.177181,7700.177181,0.000000
2026-05-09T12:00:00+00:00,7700.177181,7700.177181,0.000000
2026-05-09T13:00:00+00:00,7700.177181,7700.177181,0.000000
2026-05-09T14:00:00+00:00,7694.787827,-2.309283,7700.177181
2026-05-09T15:00:00+00:00,7658.050325,7658.050325,0.000000
2026-05-09T16:00:00+00:00,7652.688924,-5.361401,7658.050325
2026-05-09T17:00:00+00:00,7685.383174,-5.361401,7690.744575
2026-05-09T18:00:00+00:00,7687.034399,-5.361401,7692.395800
2026-05-09T19:00:00+00:00,7692.978808,-5.361401,7698.340210
2026-05-09T20:00:00+00:00,7683.731950,-5.361401,7689.093351
2026-05-09T21:00:00+00:00,7689.346114,-5.361401,7694.707515
2026-05-09T22:00:00+00:00,7684.227317,-5.361401,7689.588718
2026-05-09T23:00:00+00:00,7673.494356,-5.361401,7678.855757
2026-05-10T00:00:00+00:00,7666.559212,-5.361401,7671.920613
2026-05-10T01:00:00+00:00,7648.144848,7648.144848,0.000000
2026-05-10T02:00:00+00:00,7648.144848,7648.144848,0.000000
2026-05-10T03:00:00+00:00,7648.144848,7648.144848,0.000000
2026-05-10T04:00:00+00:00,7648.144848,7648.144848,0.000000
2026-05-10T05:00:00+00:00,7648.144848,7648.144848,0.000000
2026-05-10T06:00:00+00:00,7648.144848,7648.144848,0.000000
2026-05-10T07:00:00+00:00,7648.144848,7648.144848,0.000000
2026-05-10T08:00:00+00:00,7648.144848,7648.144848,0.000000
2026-05-10T09:00:00+00:00,7648.144848,7648.144848,0.000000
2026-05-10T10:00:00+00:00,7648.144848,7648.144848,0.000000
2026-05-10T11:00:00+00:00,7648.144848,7648.144848,0.000000
2026-05-10T12:00:00+00:00,7648.144848,7648.144848,0.000000
2026-05-10T13:00:00+00:00,7648.144848,7648.144848,0.000000
2026-05-10T14:00:00+00:00,7648.144848,7648.144848,0.000000
2026-05-10T15:00:00+00:00,7648.144848,7648.144848,0.000000
2026-05-10T16:00:00+00:00,7648.144848,7648.144848,0.000000
2026-05-10T17:00:00+00:00,7648.144848,7648.144848,0.000000
2026-05-10T18:00:00+00:00,7648.144848,7648.144848,0.000000
2026-05-10T19:00:00+00:00,7648.144848,7648.144848,0.000000
2026-05-10T20:00:00+00:00,7642.791912,-2.293679,7648.144848
2026-05-10T21:00:00+00:00,7633.097613,-2.293679,7657.839148
2026-05-10T22:00:00+00:00,7541.860766,-5.283756,7547.144522
2026-05-10T23:00:00+00:00,7533.750003,-5.283756,7539.033759
2026-05-11T00:00:00+00:00,7442.353893,-2.233525,7447.566444
2026-05-11T01:00:00+00:00,7400.520627,7400.520627,0.000000
2026-05-11T02:00:00+00:00,7400.520627,7400.520627,0.000000
2026-05-11T03:00:00+00:00,7400.520627,7400.520627,0.000000
2026-05-11T04:00:00+00:00,7400.520627,7400.520627,0.000000
2026-05-11T05:00:00+00:00,7400.520627,7400.520627,0.000000
2026-05-11T06:00:00+00:00,7400.520627,7400.520627,0.000000
2026-05-11T07:00:00+00:00,7400.520627,7400.520627,0.000000
2026-05-11T08:00:00+00:00,7400.520627,7400.520627,0.000000
2026-05-11T09:00:00+00:00,7400.520627,7400.520627,0.000000
2026-05-11T10:00:00+00:00,7400.520627,7400.520627,0.000000
2026-05-11T11:00:00+00:00,7400.520627,7400.520627,0.000000
2026-05-11T12:00:00+00:00,7400.520627,7400.520627,0.000000
2026-05-11T13:00:00+00:00,7400.520627,7400.520627,0.000000
2026-05-11T14:00:00+00:00,7400.520627,7400.520627,0.000000
2026-05-11T15:00:00+00:00,7400.520627,7400.520627,0.000000
2026-05-11T16:00:00+00:00,7400.520627,7400.520627,0.000000
2026-05-11T17:00:00+00:00,7400.520627,7400.520627,0.000000
2026-05-11T18:00:00+00:00,7400.520627,7400.520627,0.000000
2026-05-11T19:00:00+00:00,7395.339522,-5.181104,7400.520627
2026-05-11T20:00:00+00:00,7387.431124,-5.181104,7392.612229
2026-05-11T21:00:00+00:00,7395.655858,-5.181104,7400.836963
2026-05-11T22:00:00+00:00,7397.712042,-5.181104,7402.893146
2026-05-11T23:00:00+00:00,7392.967003,-5.181104,7398.148107
2026-05-12T00:00:00+00:00,7373.354176,-5.181104,7378.535281
2026-05-12T01:00:00+00:00,7297.765842,-2.190133,7302.877125
2026-05-12T02:00:00+00:00,7284.172624,-2.190133,7316.470343
2026-05-12T03:00:00+00:00,7303.772147,-2.190133,7296.870820
2026-05-12T04:00:00+00:00,7298.714206,-2.190133,7301.928761
2026-05-12T05:00:00+00:00,7301.401237,-2.190133,7299.241730
2026-05-12T06:00:00+00:00,7321.000760,-2.190133,7279.642207
2026-05-12T07:00:00+00:00,7348.503317,-2.190133,7252.139650
2026-05-12T08:00:00+00:00,7370.789871,-2.190133,7229.853096
2026-05-12T09:00:00+00:00,7355.932168,-2.190133,7244.710799
2026-05-12T10:00:00+00:00,7376.163934,-2.190133,7224.479033
2026-05-12T11:00:00+00:00,7374.425266,-2.190133,7226.217700
2026-05-12T12:00:00+00:00,7367.786718,-2.190133,7232.856249
2026-05-12T13:00:00+00:00,7369.869809,7369.869809,0.000000
2026-05-12T14:00:00+00:00,7369.869809,7369.869809,0.000000
2026-05-12T15:00:00+00:00,7369.869809,7369.869809,0.000000
2026-05-12T16:00:00+00:00,7369.869809,7369.869809,0.000000
2026-05-12T17:00:00+00:00,7369.869809,7369.869809,0.000000
2026-05-12T18:00:00+00:00,7369.869809,7369.869809,0.000000
2026-05-12T19:00:00+00:00,7369.869809,7369.869809,0.000000
2026-05-12T20:00:00+00:00,7369.869809,7369.869809,0.000000
2026-05-12T21:00:00+00:00,7369.869809,7369.869809,0.000000
2026-05-12T22:00:00+00:00,7369.869809,7369.869809,0.000000
2026-05-12T23:00:00+00:00,7369.869809,7369.869809,0.000000
2026-05-13T00:00:00+00:00,7369.869809,7369.869809,0.000000
2026-05-13T01:00:00+00:00,7369.869809,7369.869809,0.000000
2026-05-13T02:00:00+00:00,7364.710163,-5.159646,7369.869809
2026-05-13T03:00:00+00:00,7388.171363,-5.159646,7393.331008
2026-05-13T04:00:00+00:00,7405.526222,-5.159646,7410.685868
2026-05-13T05:00:00+00:00,7375.637297,-5.159646,7380.796943
2026-05-13T06:00:00+00:00,7389.456908,-5.159646,7394.616554
2026-05-13T07:00:00+00:00,7387.046511,-5.159646,7392.206156
2026-05-13T08:00:00+00:00,7437.022079,-5.159646,7442.181725
2026-05-13T09:00:00+00:00,7451.805849,-5.159646,7456.965495
2026-05-13T10:00:00+00:00,7410.507710,-5.159646,7415.667356
2026-05-13T11:00:00+00:00,7394.618957,7394.618957,0.000000
2026-05-13T12:00:00+00:00,7389.443464,-2.217646,7394.618957
2026-05-13T13:00:00+00:00,7409.190891,7409.190891,0.000000
2026-05-13T14:00:00+00:00,7409.190891,7409.190891,0.000000
2026-05-13T15:00:00+00:00,7409.190891,7409.190891,0.000000
2026-05-13T16:00:00+00:00,7409.190891,7409.190891,0.000000
2026-05-13T17:00:00+00:00,7409.190891,7409.190891,0.000000
2026-05-13T18:00:00+00:00,7409.190891,7409.190891,0.000000
2026-05-13T19:00:00+00:00,7409.190891,7409.190891,0.000000
2026-05-13T20:00:00+00:00,7409.190891,7409.190891,0.000000
2026-05-13T21:00:00+00:00,7409.190891,7409.190891,0.000000
2026-05-13T22:00:00+00:00,7409.190891,7409.190891,0.000000
2026-05-13T23:00:00+00:00,7409.190891,7409.190891,0.000000
2026-05-14T00:00:00+00:00,7409.190891,7409.190891,0.000000
2026-05-14T01:00:00+00:00,7409.190891,7409.190891,0.000000
2026-05-14T02:00:00+00:00,7409.190891,7409.190891,0.000000
2026-05-14T03:00:00+00:00,7409.190891,7409.190891,0.000000
2026-05-14T04:00:00+00:00,7409.190891,7409.190891,0.000000
2026-05-14T05:00:00+00:00,7404.003717,-5.187175,7409.190891
2026-05-14T06:00:00+00:00,7401.879616,-5.187175,7407.066790
2026-05-14T07:00:00+00:00,7393.873389,-5.187175,7399.060563
2026-05-14T08:00:00+00:00,7396.977844,-5.187175,7402.165019
2026-05-14T09:00:00+00:00,7362.747949,7362.747949,0.000000
2026-05-14T10:00:00+00:00,7362.747949,7362.747949,0.000000
2026-05-14T11:00:00+00:00,7357.594762,-2.208088,7362.747949
2026-05-14T12:00:00+00:00,7332.592533,-2.208088,7387.750179
2026-05-14T13:00:00+00:00,7371.975129,-2.208088,7348.367582
2026-05-14T14:00:00+00:00,7260.429946,-5.086588,7265.516534
2026-05-14T15:00:00+00:00,7238.219594,7238.219594,0.000000
2026-05-14T16:00:00+00:00,7238.219594,7238.219594,0.000000
2026-05-14T17:00:00+00:00,7238.219594,7238.219594,0.000000
2026-05-14T18:00:00+00:00,7238.219594,7238.219594,0.000000
2026-05-14T19:00:00+00:00,7238.219594,7238.219594,0.000000
2026-05-14T20:00:00+00:00,7238.219594,7238.219594,0.000000
2026-05-14T21:00:00+00:00,7238.219594,7238.219594,0.000000
2026-05-14T22:00:00+00:00,7238.219594,7238.219594,0.000000
2026-05-14T23:00:00+00:00,7238.219594,7238.219594,0.000000
2026-05-15T00:00:00+00:00,7238.219594,7238.219594,0.000000
2026-05-15T01:00:00+00:00,7233.153564,-2.170742,7238.219594
2026-05-15T02:00:00+00:00,7217.969369,7217.969369,0.000000
2026-05-15T03:00:00+00:00,7217.969369,7217.969369,0.000000
2026-05-15T04:00:00+00:00,7217.969369,7217.969369,0.000000
2026-05-15T05:00:00+00:00,7217.969369,7217.969369,0.000000
2026-05-15T06:00:00+00:00,7217.969369,7217.969369,0.000000
2026-05-15T07:00:00+00:00,7217.969369,7217.969369,0.000000
2026-05-15T08:00:00+00:00,7217.969369,7217.969369,0.000000
2026-05-15T09:00:00+00:00,7217.969369,7217.969369,0.000000
2026-05-15T10:00:00+00:00,7217.969369,7217.969369,0.000000
2026-05-15T11:00:00+00:00,7217.969369,7217.969369,0.000000
2026-05-15T12:00:00+00:00,7217.969369,7217.969369,0.000000
2026-05-15T13:00:00+00:00,7217.969369,7217.969369,0.000000
2026-05-15T14:00:00+00:00,7217.969369,7217.969369,0.000000
2026-05-15T15:00:00+00:00,7217.969369,7217.969369,0.000000
2026-05-15T16:00:00+00:00,7217.969369,7217.969369,0.000000
2026-05-15T17:00:00+00:00,7217.969369,7217.969369,0.000000
2026-05-15T18:00:00+00:00,7217.969369,7217.969369,0.000000
2026-05-15T19:00:00+00:00,7217.969369,7217.969369,0.000000
2026-05-15T20:00:00+00:00,7217.969369,7217.969369,0.000000
2026-05-15T21:00:00+00:00,7217.969369,7217.969369,0.000000
2026-05-15T22:00:00+00:00,7217.969369,7217.969369,0.000000
2026-05-15T23:00:00+00:00,7217.969369,7217.969369,0.000000
2026-05-16T00:00:00+00:00,7217.969369,7217.969369,0.000000
2026-05-16T01:00:00+00:00,7217.969369,7217.969369,0.000000
2026-05-16T02:00:00+00:00,7217.969369,7217.969369,0.000000
2026-05-16T03:00:00+00:00,7217.969369,7217.969369,0.000000
2026-05-16T04:00:00+00:00,7217.969369,7217.969369,0.000000
2026-05-16T05:00:00+00:00,7217.969369,7217.969369,0.000000
2026-05-16T06:00:00+00:00,7217.969369,7217.969369,0.000000
2026-05-16T07:00:00+00:00,7217.969369,7217.969369,0.000000
2026-05-16T08:00:00+00:00,7217.969369,7217.969369,0.000000
2026-05-16T09:00:00+00:00,7217.969369,7217.969369,0.000000
2026-05-16T10:00:00+00:00,7217.969369,7217.969369,0.000000
2026-05-16T11:00:00+00:00,7217.969369,7217.969369,0.000000
2026-05-16T12:00:00+00:00,7217.969369,7217.969369,0.000000
2026-05-16T13:00:00+00:00,7217.969369,7217.969369,0.000000
2026-05-16T14:00:00+00:00,7217.969369,7217.969369,0.000000
2026-05-16T15:00:00+00:00,7217.969369,7217.969369,0.000000
2026-05-16T16:00:00+00:00,7217.969369,7217.969369,0.000000
2026-05-16T17:00:00+00:00,7217.969369,7217.969369,0.000000
2026-05-16T18:00:00+00:00,7217.969369,7217.969369,0.000000
2026-05-16T19:00:00+00:00,7217.969369,7217.969369,0.000000
2026-05-16T20:00:00+00:00,7217.969369,7217.969369,0.000000
2026-05-16T21:00:00+00:00,7217.969369,7217.969369,0.000000
2026-05-16T22:00:00+00:00,7217.969369,7217.969369,0.000000
2026-05-16T23:00:00+00:00,7217.969369,7217.969369,0.000000
2026-05-17T00:00:00+00:00,7217.969369,7217.969369,0.000000
2026-05-17T01:00:00+00:00,7217.969369,7217.969369,0.000000
2026-05-17T02:00:00+00:00,7217.969369,7217.969369,0.000000
2026-05-17T03:00:00+00:00,7212.916069,-5.053300,7217.969369
2026-05-17T04:00:00+00:00,7231.617615,-5.053300,7236.670915
2026-05-17T05:00:00+00:00,7226.818103,-5.053300,7231.871404
2026-05-17T06:00:00+00:00,7224.170097,-5.053300,7229.223397
2026-05-17T07:00:00+00:00,7228.142106,-5.053300,7233.195407
2026-05-17T08:00:00+00:00,7228.142106,-5.053300,7233.195407
2026-05-17T09:00:00+00:00,7241.051138,-5.053300,7246.104439
2026-05-17T10:00:00+00:00,7254.953173,-5.053300,7260.006473
2026-05-17T11:00:00+00:00,7247.836655,-5.053300,7252.889956
2026-05-17T12:00:00+00:00,7255.284174,-5.053300,7260.337474
2026-05-17T13:00:00+00:00,7247.340154,-5.053300,7252.393454
2026-05-17T14:00:00+00:00,7205.449597,7205.449597,0.000000
2026-05-17T15:00:00+00:00,7205.449597,7205.449597,0.000000
2026-05-17T16:00:00+00:00,7205.449597,7205.449597,0.000000
2026-05-17T17:00:00+00:00,7205.449597,7205.449597,0.000000
2026-05-17T18:00:00+00:00,7205.449597,7205.449597,0.000000
2026-05-17T19:00:00+00:00,7205.449597,7205.449597,0.000000
2026-05-17T20:00:00+00:00,7205.449597,7205.449597,0.000000
2026-05-17T21:00:00+00:00,7205.449597,7205.449597,0.000000
2026-05-17T22:00:00+00:00,7200.406503,-2.160914,7205.449597
2026-05-17T23:00:00+00:00,7436.598770,7436.598770,0.000000
2026-05-18T00:00:00+00:00,7436.598770,7436.598770,0.000000
2026-05-18T01:00:00+00:00,7436.598770,7436.598770,0.000000
2026-05-18T02:00:00+00:00,7436.598770,7436.598770,0.000000
2026-05-18T03:00:00+00:00,7436.598770,7436.598770,0.000000
2026-05-18T04:00:00+00:00,7431.392407,-5.206363,7436.598770
2026-05-18T05:00:00+00:00,7409.331063,-5.206363,7414.537426
2026-05-18T06:00:00+00:00,7411.607234,-5.206363,7416.813596
2026-05-18T07:00:00+00:00,7416.684844,-5.206363,7421.891207
2026-05-18T08:00:00+00:00,7419.486285,-5.206363,7424.692648
2026-05-18T09:00:00+00:00,7403.553092,-5.206363,7408.759455
2026-05-18T10:00:00+00:00,7395.849131,-5.206363,7401.055494
2026-05-18T11:00:00+00:00,7420.889516,7420.889516,0.000000
2026-05-18T12:00:00+00:00,7420.889516,7420.889516,0.000000
2026-05-18T13:00:00+00:00,7420.889516,7420.889516,0.000000
2026-05-18T14:00:00+00:00,7415.695635,-2.225525,7420.889516
2026-05-18T15:00:00+00:00,7411.236701,7411.236701,0.000000
2026-05-18T16:00:00+00:00,7411.236701,7411.236701,0.000000
2026-05-18T17:00:00+00:00,7411.236701,7411.236701,0.000000
2026-05-18T18:00:00+00:00,7411.236701,7411.236701,0.000000
2026-05-18T19:00:00+00:00,7406.048094,-5.188607,7411.236701
2026-05-18T20:00:00+00:00,7379.185043,-5.188607,7384.373650
2026-05-18T21:00:00+00:00,7402.307073,7402.307073,0.000000
2026-05-18T22:00:00+00:00,7402.307073,7402.307073,0.000000
2026-05-18T23:00:00+00:00,7402.307073,7402.307073,0.000000
2026-05-19T00:00:00+00:00,7402.307073,7402.307073,0.000000
2026-05-19T01:00:00+00:00,7397.126198,-2.219952,7402.307073
2026-05-19T02:00:00+00:00,7401.482957,-2.219952,7397.950314
2026-05-19T03:00:00+00:00,7373.948243,-2.219952,7425.485028
2026-05-19T04:00:00+00:00,7351.668976,7351.668976,0.000000
2026-05-19T05:00:00+00:00,7346.522073,-5.146903,7351.668976
2026-05-19T06:00:00+00:00,7354.100225,-5.146903,7359.247129
2026-05-19T07:00:00+00:00,7366.156377,-5.146903,7371.303280
2026-05-19T08:00:00+00:00,7340.666228,-5.146903,7345.813131
2026-05-19T09:00:00+00:00,7311.800733,-2.194345,7316.921847
2026-05-19T10:00:00+00:00,7297.779330,-2.194345,7330.943249
2026-05-19T11:00:00+00:00,7324.437306,-2.194345,7304.285274
2026-05-19T12:00:00+00:00,7297.952434,-2.194345,7330.770146
2026-05-19T13:00:00+00:00,7275.166463,7275.166463,0.000000
2026-05-19T14:00:00+00:00,7275.166463,7275.166463,0.000000
2026-05-19T15:00:00+00:00,7275.166463,7275.166463,0.000000
2026-05-19T16:00:00+00:00,7275.166463,7275.166463,0.000000
2026-05-19T17:00:00+00:00,7275.166463,7275.166463,0.000000
2026-05-19T18:00:00+00:00,7275.166463,7275.166463,0.000000
2026-05-19T19:00:00+00:00,7275.166463,7275.166463,0.000000
2026-05-19T20:00:00+00:00,7275.166463,7275.166463,0.000000
2026-05-19T21:00:00+00:00,7275.166463,7275.166463,0.000000
2026-05-19T22:00:00+00:00,7275.166463,7275.166463,0.000000
2026-05-19T23:00:00+00:00,7275.166463,7275.166463,0.000000
2026-05-20T00:00:00+00:00,7275.166463,7275.166463,0.000000
2026-05-20T01:00:00+00:00,7275.166463,7275.166463,0.000000
2026-05-20T02:00:00+00:00,7275.166463,7275.166463,0.000000
2026-05-20T03:00:00+00:00,7275.166463,7275.166463,0.000000
2026-05-20T04:00:00+00:00,7275.166463,7275.166463,0.000000
2026-05-20T05:00:00+00:00,7270.073119,-5.093344,7275.166463
2026-05-20T06:00:00+00:00,7299.179949,-5.093344,7304.273293
2026-05-20T07:00:00+00:00,7284.455317,-5.093344,7289.548661
2026-05-20T08:00:00+00:00,7291.817633,-5.093344,7296.910977
2026-05-20T09:00:00+00:00,7284.112884,-5.093344,7289.206228
2026-05-20T10:00:00+00:00,7287.879650,-5.093344,7292.972994
2026-05-20T11:00:00+00:00,7279.661251,-5.093344,7284.754595
2026-05-20T12:00:00+00:00,7299.522382,-5.093344,7304.615726
2026-05-20T13:00:00+00:00,7251.811307,-2.176341,7256.890404
2026-05-20T14:00:00+00:00,7207.930154,-5.049807,7212.979961
2026-05-20T15:00:00+00:00,7192.460163,7192.460163,0.000000
2026-05-20T16:00:00+00:00,7192.460163,7192.460163,0.000000
2026-05-20T17:00:00+00:00,7192.460163,7192.460163,0.000000
2026-05-20T18:00:00+00:00,7192.460163,7192.460163,0.000000
2026-05-20T19:00:00+00:00,7192.460163,7192.460163,0.000000
2026-05-20T20:00:00+00:00,7192.460163,7192.460163,0.000000
2026-05-20T21:00:00+00:00,7192.460163,7192.460163,0.000000
2026-05-20T22:00:00+00:00,7192.460163,7192.460163,0.000000
2026-05-20T23:00:00+00:00,7192.460163,7192.460163,0.000000
2026-05-21T00:00:00+00:00,7192.460163,7192.460163,0.000000
2026-05-21T01:00:00+00:00,7192.460163,7192.460163,0.000000
2026-05-21T02:00:00+00:00,7192.460163,7192.460163,0.000000
2026-05-21T03:00:00+00:00,7192.460163,7192.460163,0.000000
2026-05-21T04:00:00+00:00,7192.460163,7192.460163,0.000000
2026-05-21T05:00:00+00:00,7187.426160,-2.157019,7192.460163
2026-05-21T06:00:00+00:00,7213.698141,-2.157019,7166.188181
2026-05-21T07:00:00+00:00,7191.973234,-2.157019,7187.913089
2026-05-21T08:00:00+00:00,7166.260563,7166.260563,0.000000
2026-05-21T09:00:00+00:00,7166.260563,7166.260563,0.000000
2026-05-21T10:00:00+00:00,7166.260563,7166.260563,0.000000
2026-05-21T11:00:00+00:00,7166.260563,7166.260563,0.000000
2026-05-21T12:00:00+00:00,7166.260563,7166.260563,0.000000
2026-05-21T13:00:00+00:00,7166.260563,7166.260563,0.000000
2026-05-21T14:00:00+00:00,7166.260563,7166.260563,0.000000
2026-05-21T15:00:00+00:00,7166.260563,7166.260563,0.000000
2026-05-21T16:00:00+00:00,7166.260563,7166.260563,0.000000
2026-05-21T17:00:00+00:00,7161.243464,-5.017099,7166.260563
2026-05-21T18:00:00+00:00,7104.400509,7104.400509,0.000000
2026-05-21T19:00:00+00:00,7104.400509,7104.400509,0.000000
2026-05-21T20:00:00+00:00,7104.400509,7104.400509,0.000000
2026-05-21T21:00:00+00:00,7104.400509,7104.400509,0.000000
2026-05-21T22:00:00+00:00,7104.400509,7104.400509,0.000000
2026-05-21T23:00:00+00:00,7104.400509,7104.400509,0.000000
2026-05-22T00:00:00+00:00,7104.400509,7104.400509,0.000000
2026-05-22T01:00:00+00:00,7104.400509,7104.400509,0.000000
2026-05-22T02:00:00+00:00,7104.400509,7104.400509,0.000000
2026-05-22T03:00:00+00:00,7104.400509,7104.400509,0.000000
2026-05-22T04:00:00+00:00,7104.400509,7104.400509,0.000000
2026-05-22T05:00:00+00:00,7099.428139,-2.130610,7104.400509
2026-05-22T06:00:00+00:00,7111.277708,-2.130610,7092.550941
2026-05-22T07:00:00+00:00,7102.599151,-2.130610,7101.229498
2026-05-22T08:00:00+00:00,7122.626591,-2.130610,7081.202058
2026-05-22T09:00:00+00:00,7117.452835,-2.130610,7086.375813
2026-05-22T10:00:00+00:00,7120.456951,-2.130610,7083.371697
2026-05-22T11:00:00+00:00,7095.088861,-2.130610,7108.739788
2026-05-22T12:00:00+00:00,7067.476040,-4.951406,7072.427447
2026-05-22T13:00:00+00:00,7051.403848,-4.951406,7056.355254
2026-05-22T14:00:00+00:00,7003.380659,-2.101785,7008.285758
2026-05-22T15:00:00+00:00,6994.768937,-2.101785,7016.897481
2026-05-22T16:00:00+00:00,6983.010624,-2.101785,7028.655794
2026-05-22T17:00:00+00:00,6957.737385,6957.737385,0.000000
2026-05-22T18:00:00+00:00,6957.737385,6957.737385,0.000000
2026-05-22T19:00:00+00:00,6957.737385,6957.737385,0.000000
2026-05-22T20:00:00+00:00,6957.737385,6957.737385,0.000000
2026-05-22T21:00:00+00:00,6957.737385,6957.737385,0.000000
2026-05-22T22:00:00+00:00,6957.737385,6957.737385,0.000000
2026-05-22T23:00:00+00:00,6957.737385,6957.737385,0.000000
2026-05-23T00:00:00+00:00,6957.737385,6957.737385,0.000000
2026-05-23T01:00:00+00:00,6952.866273,-4.871112,6957.737385
2026-05-23T02:00:00+00:00,6950.679469,-4.871112,6955.550581
2026-05-23T03:00:00+00:00,6959.090254,-4.871112,6963.961366
2026-05-23T04:00:00+00:00,6947.146940,-4.871112,6952.018052
2026-05-23T05:00:00+00:00,6939.409018,-4.871112,6944.280130
2026-05-23T06:00:00+00:00,6928.979645,-4.871112,6933.850757
2026-05-23T07:00:00+00:00,6861.130559,-2.059094,6865.936028
2026-05-23T08:00:00+00:00,6854.865555,-2.059094,6872.201031
2026-05-23T09:00:00+00:00,6864.517047,-2.059094,6862.549539
2026-05-23T10:00:00+00:00,6850.632445,-2.059094,6876.434142
2026-05-23T11:00:00+00:00,6850.971094,-2.059094,6876.095493
2026-05-23T12:00:00+00:00,6851.987040,-2.059094,6875.079546
2026-05-23T13:00:00+00:00,6827.148349,6827.148349,0.000000
2026-05-23T14:00:00+00:00,6822.368663,-4.779687,6827.148349
2026-05-23T15:00:00+00:00,6818.724160,-4.779687,6823.503846
2026-05-23T16:00:00+00:00,6823.196959,-4.779687,6827.976646
2026-05-23T17:00:00+00:00,6830.651625,-4.779687,6835.431311
2026-05-23T18:00:00+00:00,6835.760373,6835.760373,0.000000
2026-05-23T19:00:00+00:00,6835.760373,6835.760373,0.000000
2026-05-23T20:00:00+00:00,6835.760373,6835.760373,0.000000
2026-05-23T21:00:00+00:00,6835.760373,6835.760373,0.000000
2026-05-23T22:00:00+00:00,6835.760373,6835.760373,0.000000
2026-05-23T23:00:00+00:00,6835.760373,6835.760373,0.000000
2026-05-24T00:00:00+00:00,6835.760373,6835.760373,0.000000
2026-05-24T01:00:00+00:00,6835.760373,6835.760373,0.000000
2026-05-24T02:00:00+00:00,6835.760373,6835.760373,0.000000
2026-05-24T03:00:00+00:00,6835.760373,6835.760373,0.000000
2026-05-24T04:00:00+00:00,6835.760373,6835.760373,0.000000
2026-05-24T05:00:00+00:00,6835.760373,6835.760373,0.000000
2026-05-24T06:00:00+00:00,6835.760373,6835.760373,0.000000
2026-05-24T07:00:00+00:00,6835.760373,6835.760373,0.000000
2026-05-24T08:00:00+00:00,6835.760373,6835.760373,0.000000
2026-05-24T09:00:00+00:00,6835.760373,6835.760373,0.000000
2026-05-24T10:00:00+00:00,6835.760373,6835.760373,0.000000
2026-05-24T11:00:00+00:00,6835.760373,6835.760373,0.000000
2026-05-24T12:00:00+00:00,6835.760373,6835.760373,0.000000
2026-05-24T13:00:00+00:00,6830.976024,-2.050045,6835.760373
2026-05-24T14:00:00+00:00,6874.104776,6874.104776,0.000000
2026-05-24T15:00:00+00:00,6874.104776,6874.104776,0.000000
2026-05-24T16:00:00+00:00,6874.104776,6874.104776,0.000000
2026-05-24T17:00:00+00:00,6874.104776,6874.104776,0.000000
2026-05-24T18:00:00+00:00,6874.104776,6874.104776,0.000000
2026-05-24T19:00:00+00:00,6874.104776,6874.104776,0.000000
2026-05-24T20:00:00+00:00,6874.104776,6874.104776,0.000000
2026-05-24T21:00:00+00:00,6874.104776,6874.104776,0.000000
2026-05-24T22:00:00+00:00,6874.104776,6874.104776,0.000000
2026-05-24T23:00:00+00:00,6874.104776,6874.104776,0.000000
2026-05-25T00:00:00+00:00,6874.104776,6874.104776,0.000000
2026-05-25T01:00:00+00:00,6874.104776,6874.104776,0.000000
2026-05-25T02:00:00+00:00,6874.104776,6874.104776,0.000000
2026-05-25T03:00:00+00:00,6874.104776,6874.104776,0.000000
2026-05-25T04:00:00+00:00,6869.292215,-4.812561,6874.104776
2026-05-25T05:00:00+00:00,6876.966941,-4.812561,6881.779501
2026-05-25T06:00:00+00:00,6879.416321,-4.812561,6884.228882
2026-05-25T07:00:00+00:00,6903.583542,-4.812561,6908.396103
2026-05-25T08:00:00+00:00,6904.889879,-4.812561,6909.702439
2026-05-25T09:00:00+00:00,6905.053171,-4.812561,6909.865731
2026-05-25T10:00:00+00:00,6906.196215,-4.812561,6911.008776
2026-05-25T11:00:00+00:00,6899.011365,-4.812561,6903.823926
2026-05-25T12:00:00+00:00,6906.032923,-4.812561,6910.845484
2026-05-25T13:00:00+00:00,6903.583542,-4.812561,6908.396103
2026-05-25T14:00:00+00:00,6943.590091,-4.812561,6948.402651
2026-05-25T15:00:00+00:00,6938.364746,-4.812561,6943.177306
2026-05-25T16:00:00+00:00,6928.179094,6928.179094,0.000000
2026-05-25T17:00:00+00:00,6928.179094,6928.179094,0.000000
2026-05-25T18:00:00+00:00,6928.179094,6928.179094,0.000000
2026-05-25T19:00:00+00:00,6928.179094,6928.179094,0.000000
2026-05-25T20:00:00+00:00,6923.330062,-2.077761,6928.179094
2026-05-25T21:00:00+00:00,6915.604507,-2.077761,6935.904649
2026-05-25T22:00:00+00:00,6939.109919,-2.077761,6912.399237
2026-05-25T23:00:00+00:00,6909.358313,-2.077761,6942.150843
2026-05-26T00:00:00+00:00,6942.601566,6942.601566,0.000000
2026-05-26T01:00:00+00:00,6942.601566,6942.601566,0.000000
2026-05-26T02:00:00+00:00,6942.601566,6942.601566,0.000000
2026-05-26T03:00:00+00:00,6942.601566,6942.601566,0.000000
2026-05-26T04:00:00+00:00,6942.601566,6942.601566,0.000000
2026-05-26T05:00:00+00:00,6937.741051,-4.860515,6942.601566
2026-05-26T06:00:00+00:00,6941.047209,-4.860515,6945.907724
2026-05-26T07:00:00+00:00,6918.895949,-4.860515,6923.756464
2026-05-26T08:00:00+00:00,6925.508265,-4.860515,6930.368781
2026-05-26T09:00:00+00:00,6923.689878,-4.860515,6928.550394
2026-05-26T10:00:00+00:00,6998.316540,6998.316540,0.000000
2026-05-26T11:00:00+00:00,6998.316540,6998.316540,0.000000
2026-05-26T12:00:00+00:00,6998.316540,6998.316540,0.000000
2026-05-26T13:00:00+00:00,6998.316540,6998.316540,0.000000
2026-05-26T14:00:00+00:00,6998.316540,6998.316540,0.000000
2026-05-26T15:00:00+00:00,6993.418419,-2.098795,6998.316540
2026-05-26T16:00:00+00:00,6979.360768,6979.360768,0.000000
2026-05-26T17:00:00+00:00,6979.360768,6979.360768,0.000000
2026-05-26T18:00:00+00:00,6979.360768,6979.360768,0.000000
2026-05-26T19:00:00+00:00,6979.360768,6979.360768,0.000000
2026-05-26T20:00:00+00:00,6979.360768,6979.360768,0.000000
2026-05-26T21:00:00+00:00,6979.360768,6979.360768,0.000000
2026-05-26T22:00:00+00:00,6979.360768,6979.360768,0.000000
2026-05-26T23:00:00+00:00,6979.360768,6979.360768,0.000000
2026-05-27T00:00:00+00:00,6979.360768,6979.360768,0.000000
2026-05-27T01:00:00+00:00,6979.360768,6979.360768,0.000000
2026-05-27T02:00:00+00:00,6979.360768,6979.360768,0.000000
2026-05-27T03:00:00+00:00,6979.360768,6979.360768,0.000000
2026-05-27T04:00:00+00:00,6979.360768,6979.360768,0.000000
2026-05-27T05:00:00+00:00,6974.474518,-4.886250,6979.360768
2026-05-27T06:00:00+00:00,6982.878121,-4.886250,6987.764372
2026-05-27T07:00:00+00:00,6995.819670,-4.886250,7000.705921
2026-05-27T08:00:00+00:00,7000.189544,-4.886250,7005.075795
2026-05-27T09:00:00+00:00,6979.105290,6979.105290,0.000000
2026-05-27T10:00:00+00:00,6979.105290,6979.105290,0.000000
2026-05-27T11:00:00+00:00,6979.105290,6979.105290,0.000000
2026-05-27T12:00:00+00:00,6979.105290,6979.105290,0.000000
2026-05-27T13:00:00+00:00,6974.220614,-2.093034,6979.105290
2026-05-27T14:00:00+00:00,6947.403225,6947.403225,0.000000
2026-05-27T15:00:00+00:00,6947.403225,6947.403225,0.000000
2026-05-27T16:00:00+00:00,6947.403225,6947.403225,0.000000
2026-05-27T17:00:00+00:00,6947.403225,6947.403225,0.000000
2026-05-27T18:00:00+00:00,6947.403225,6947.403225,0.000000
2026-05-27T19:00:00+00:00,6947.403225,6947.403225,0.000000
2026-05-27T20:00:00+00:00,6947.403225,6947.403225,0.000000
2026-05-27T21:00:00+00:00,6947.403225,6947.403225,0.000000
2026-05-27T22:00:00+00:00,6947.403225,6947.403225,0.000000
2026-05-27T23:00:00+00:00,6947.403225,6947.403225,0.000000
2026-05-28T00:00:00+00:00,6947.403225,6947.403225,0.000000
2026-05-28T01:00:00+00:00,6947.403225,6947.403225,0.000000
2026-05-28T02:00:00+00:00,6947.403225,6947.403225,0.000000
2026-05-28T03:00:00+00:00,6947.403225,6947.403225,0.000000
2026-05-28T04:00:00+00:00,6947.403225,6947.403225,0.000000
2026-05-28T05:00:00+00:00,6947.403225,6947.403225,0.000000
2026-05-28T06:00:00+00:00,6947.403225,6947.403225,0.000000
2026-05-28T07:00:00+00:00,6947.403225,6947.403225,0.000000
2026-05-28T08:00:00+00:00,6947.403225,6947.403225,0.000000
2026-05-28T09:00:00+00:00,6947.403225,6947.403225,0.000000
2026-05-28T10:00:00+00:00,6947.403225,6947.403225,0.000000
2026-05-28T11:00:00+00:00,6947.403225,6947.403225,0.000000
2026-05-28T12:00:00+00:00,6947.403225,6947.403225,0.000000
2026-05-28T13:00:00+00:00,6947.403225,6947.403225,0.000000
2026-05-28T14:00:00+00:00,6947.403225,6947.403225,0.000000
2026-05-28T15:00:00+00:00,6947.403225,6947.403225,0.000000
2026-05-28T16:00:00+00:00,6942.539348,-4.863877,6947.403225
2026-05-28T17:00:00+00:00,6930.213625,6930.213625,0.000000
2026-05-28T18:00:00+00:00,6930.213625,6930.213625,0.000000
2026-05-28T19:00:00+00:00,6930.213625,6930.213625,0.000000
2026-05-28T20:00:00+00:00,6930.213625,6930.213625,0.000000
2026-05-28T21:00:00+00:00,6930.213625,6930.213625,0.000000
2026-05-28T22:00:00+00:00,6930.213625,6930.213625,0.000000
2026-05-28T23:00:00+00:00,6930.213625,6930.213625,0.000000
2026-05-29T00:00:00+00:00,6930.213625,6930.213625,0.000000
2026-05-29T01:00:00+00:00,6930.213625,6930.213625,0.000000
2026-05-29T02:00:00+00:00,6925.363169,-2.078371,6930.213625
2026-05-29T03:00:00+00:00,6913.053423,-2.078371,6942.523371
2026-05-29T04:00:00+00:00,6893.808609,-2.078371,6961.768186
2026-05-29T05:00:00+00:00,6864.418922,-4.809147,6869.228068
2026-05-29T06:00:00+00:00,6876.699411,-4.809147,6881.508557
2026-05-29T07:00:00+00:00,6828.535986,6828.535986,0.000000
2026-05-29T08:00:00+00:00,6828.535986,6828.535986,0.000000
2026-05-29T09:00:00+00:00,6828.535986,6828.535986,0.000000
2026-05-29T10:00:00+00:00,6828.535986,6828.535986,0.000000
2026-05-29T11:00:00+00:00,6828.535986,6828.535986,0.000000
2026-05-29T12:00:00+00:00,6823.756694,-2.047878,6828.535986
2026-05-29T13:00:00+00:00,6804.458101,6804.458101,0.000000
2026-05-29T14:00:00+00:00,6804.458101,6804.458101,0.000000
2026-05-29T15:00:00+00:00,6799.694300,-4.763801,6804.458101
2026-05-29T16:00:00+00:00,6778.563574,6778.563574,0.000000
2026-05-29T17:00:00+00:00,6778.563574,6778.563574,0.000000
2026-05-29T18:00:00+00:00,6778.563574,6778.563574,0.000000
2026-05-29T19:00:00+00:00,6778.563574,6778.563574,0.000000
2026-05-29T20:00:00+00:00,6778.563574,6778.563574,0.000000
2026-05-29T21:00:00+00:00,6773.819257,-2.032891,6778.563574
2026-05-29T22:00:00+00:00,6759.137910,-2.032891,6793.244921
2026-05-29T23:00:00+00:00,6756.944146,-2.032891,6795.438685
2026-05-30T00:00:00+00:00,6755.256634,-2.032891,6797.126197
2026-05-30T01:00:00+00:00,6739.225278,-2.032891,6813.157553
2026-05-30T02:00:00+00:00,6732.475234,-2.032891,6819.907597
2026-05-30T03:00:00+00:00,6723.999002,6723.999002,0.000000
2026-05-30T04:00:00+00:00,6723.999002,6723.999002,0.000000
2026-05-30T05:00:00+00:00,6723.999002,6723.999002,0.000000
2026-05-30T06:00:00+00:00,6723.999002,6723.999002,0.000000
2026-05-30T07:00:00+00:00,6723.999002,6723.999002,0.000000
2026-05-30T08:00:00+00:00,6723.999002,6723.999002,0.000000
2026-05-30T09:00:00+00:00,6723.999002,6723.999002,0.000000
2026-05-30T10:00:00+00:00,6723.999002,6723.999002,0.000000
2026-05-30T11:00:00+00:00,6723.999002,6723.999002,0.000000
2026-05-30T12:00:00+00:00,6719.291531,-4.707472,6723.999002
2026-05-30T13:00:00+00:00,6722.288856,-4.707472,6726.996327
2026-05-30T14:00:00+00:00,6742.437540,-4.707472,6747.145012
2026-05-30T15:00:00+00:00,6742.604058,-4.707472,6747.311530
2026-05-30T16:00:00+00:00,6743.769684,-4.707472,6748.477156
2026-05-30T17:00:00+00:00,6743.936202,-4.707472,6748.643674
2026-05-30T18:00:00+00:00,6745.268347,-4.707472,6749.975819
2026-05-30T19:00:00+00:00,6749.098262,-4.707472,6753.805734
2026-05-30T20:00:00+00:00,6743.436648,-4.707472,6748.144120
2026-05-30T21:00:00+00:00,6747.599600,-4.707472,6752.307071
2026-05-30T22:00:00+00:00,6731.280830,-4.707472,6735.988302
2026-05-30T23:00:00+00:00,6727.284397,-4.707472,6731.991869
2026-05-31T00:00:00+00:00,6742.437540,-4.707472,6747.145012
2026-05-31T01:00:00+00:00,6750.763443,-4.707472,6755.470914
2026-05-31T02:00:00+00:00,6767.914802,-4.707472,6772.622274
2026-05-31T03:00:00+00:00,6764.750959,-4.707472,6769.458431
2026-05-31T04:00:00+00:00,6765.916586,-4.707472,6770.624057
2026-05-31T05:00:00+00:00,6753.427732,-4.707472,6758.135203
2026-05-31T06:00:00+00:00,6752.595141,-4.707472,6757.302613
2026-05-31T07:00:00+00:00,6723.521239,-2.017796,6728.230327
2026-05-31T08:00:00+00:00,6711.049852,-2.017796,6740.701715
2026-05-31T09:00:00+00:00,6733.165778,-2.017796,6718.585788
2026-05-31T10:00:00+00:00,6733.830919,-2.017796,6717.920647
2026-05-31T11:00:00+00:00,6726.514372,-2.017796,6725.237194
2026-05-31T12:00:00+00:00,6729.174934,-2.017796,6722.576632
2026-05-31T13:00:00+00:00,6735.826341,-2.017796,6715.925225
2026-05-31T14:00:00+00:00,6727.343878,6727.343878,0.000000
2026-05-31T15:00:00+00:00,6727.343878,6727.343878,0.000000
2026-05-31T16:00:00+00:00,6727.343878,6727.343878,0.000000
2026-05-31T17:00:00+00:00,6727.343878,6727.343878,0.000000
2026-05-31T18:00:00+00:00,6727.343878,6727.343878,0.000000
2026-05-31T19:00:00+00:00,6727.343878,6727.343878,0.000000
2026-05-31T20:00:00+00:00,6727.343878,6727.343878,0.000000
2026-05-31T21:00:00+00:00,6727.343878,6727.343878,0.000000
2026-05-31T22:00:00+00:00,6727.343878,6727.343878,0.000000
2026-05-31T23:00:00+00:00,6727.343878,6727.343878,0.000000
2026-06-01T00:00:00+00:00,6727.343878,6727.343878,0.000000
2026-06-01T01:00:00+00:00,6727.343878,6727.343878,0.000000
2026-06-01T02:00:00+00:00,6722.634064,-4.709813,6727.343878
2026-06-01T03:00:00+00:00,6714.939363,-4.709813,6719.649176
2026-06-01T04:00:00+00:00,6681.850550,-2.005290,6686.530453
2026-06-01T05:00:00+00:00,6699.245967,-2.005290,6669.135036
2026-06-01T06:00:00+00:00,6720.153919,-2.005290,6648.227084
2026-06-01T07:00:00+00:00,6719.978603,6719.978603,0.000000
2026-06-01T08:00:00+00:00,6719.978603,6719.978603,0.000000
2026-06-01T09:00:00+00:00,6719.978603,6719.978603,0.000000
2026-06-01T10:00:00+00:00,6719.978603,6719.978603,0.000000
2026-06-01T11:00:00+00:00,6719.978603,6719.978603,0.000000
2026-06-01T12:00:00+00:00,6719.978603,6719.978603,0.000000
2026-06-01T13:00:00+00:00,6719.978603,6719.978603,0.000000
2026-06-01T14:00:00+00:00,6719.978603,6719.978603,0.000000
2026-06-01T15:00:00+00:00,6719.978603,6719.978603,0.000000
2026-06-01T16:00:00+00:00,6719.978603,6719.978603,0.000000
2026-06-01T17:00:00+00:00,6715.273946,-4.704657,6719.978603
2026-06-01T18:00:00+00:00,6721.352319,-4.704657,6726.056976
2026-06-01T19:00:00+00:00,6717.773188,6717.773188,0.000000
2026-06-01T20:00:00+00:00,6717.773188,6717.773188,0.000000
2026-06-01T21:00:00+00:00,6717.773188,6717.773188,0.000000
2026-06-01T22:00:00+00:00,6717.773188,6717.773188,0.000000
2026-06-01T23:00:00+00:00,6717.773188,6717.773188,0.000000
2026-06-02T00:00:00+00:00,6717.773188,6717.773188,0.000000
2026-06-02T01:00:00+00:00,6713.071418,-2.014660,6717.773188
2026-06-02T02:00:00+00:00,6711.336428,-4.701898,6716.038327
2026-06-02T03:00:00+00:00,6734.210989,-4.701898,6738.912888
2026-06-02T04:00:00+00:00,6709.822671,-4.701898,6714.524569
2026-06-02T05:00:00+00:00,6679.945865,-2.004719,6684.624433
2026-06-02T06:00:00+00:00,6688.705736,-2.004719,6675.864562
2026-06-02T07:00:00+00:00,6659.814865,6659.814865,0.000000
2026-06-02T08:00:00+00:00,6659.814865,6659.814865,0.000000
2026-06-02T09:00:00+00:00,6659.814865,6659.814865,0.000000
2026-06-02T10:00:00+00:00,6659.814865,6659.814865,0.000000
2026-06-02T11:00:00+00:00,6659.814865,6659.814865,0.000000
2026-06-02T12:00:00+00:00,6659.814865,6659.814865,0.000000
2026-06-02T13:00:00+00:00,6659.814865,6659.814865,0.000000
2026-06-02T14:00:00+00:00,6659.814865,6659.814865,0.000000
2026-06-02T15:00:00+00:00,6659.814865,6659.814865,0.000000
2026-06-02T16:00:00+00:00,6659.814865,6659.814865,0.000000
2026-06-02T17:00:00+00:00,6659.814865,6659.814865,0.000000
2026-06-02T18:00:00+00:00,6659.814865,6659.814865,0.000000
2026-06-02T19:00:00+00:00,6659.814865,6659.814865,0.000000
2026-06-02T20:00:00+00:00,6659.814865,6659.814865,0.000000
2026-06-02T21:00:00+00:00,6659.814865,6659.814865,0.000000
2026-06-02T22:00:00+00:00,6659.814865,6659.814865,0.000000
2026-06-02T23:00:00+00:00,6659.814865,6659.814865,0.000000
2026-06-03T00:00:00+00:00,6659.814865,6659.814865,0.000000
2026-06-03T01:00:00+00:00,6659.814865,6659.814865,0.000000
2026-06-03T02:00:00+00:00,6659.814865,6659.814865,0.000000
2026-06-03T03:00:00+00:00,6659.814865,6659.814865,0.000000
2026-06-03T04:00:00+00:00,6659.814865,6659.814865,0.000000
2026-06-03T05:00:00+00:00,6655.152328,-4.662536,6659.814865
2026-06-03T06:00:00+00:00,6649.284337,-4.662536,6653.946873
2026-06-03T07:00:00+00:00,6636.205990,6636.205990,0.000000
2026-06-03T08:00:00+00:00,6636.205990,6636.205990,0.000000
2026-06-03T09:00:00+00:00,6636.205990,6636.205990,0.000000
2026-06-03T10:00:00+00:00,6636.205990,6636.205990,0.000000
2026-06-03T11:00:00+00:00,6636.205990,6636.205990,0.000000
2026-06-03T12:00:00+00:00,6636.205990,6636.205990,0.000000
2026-06-03T13:00:00+00:00,6636.205990,6636.205990,0.000000
2026-06-03T14:00:00+00:00,6631.561310,-1.990198,6636.205990
2026-06-03T15:00:00+00:00,6656.830498,6656.830498,0.000000
2026-06-03T16:00:00+00:00,6656.830498,6656.830498,0.000000
2026-06-03T17:00:00+00:00,6656.830498,6656.830498,0.000000
2026-06-03T18:00:00+00:00,6656.830498,6656.830498,0.000000
2026-06-03T19:00:00+00:00,6656.830498,6656.830498,0.000000
2026-06-03T20:00:00+00:00,6656.830498,6656.830498,0.000000
2026-06-03T21:00:00+00:00,6656.830498,6656.830498,0.000000
2026-06-03T22:00:00+00:00,6656.830498,6656.830498,0.000000
2026-06-03T23:00:00+00:00,6656.830498,6656.830498,0.000000
2026-06-04T00:00:00+00:00,6656.830498,6656.830498,0.000000
2026-06-04T01:00:00+00:00,6656.830498,6656.830498,0.000000
2026-06-04T02:00:00+00:00,6656.830498,6656.830498,0.000000
2026-06-04T03:00:00+00:00,6652.170051,-4.660447,6656.830498
2026-06-04T04:00:00+00:00,6626.769271,6626.769271,0.000000
2026-06-04T05:00:00+00:00,6626.769271,6626.769271,0.000000
2026-06-04T06:00:00+00:00,6626.769271,6626.769271,0.000000
2026-06-04T07:00:00+00:00,6622.131195,-1.987368,6626.769271
2026-06-04T08:00:00+00:00,6616.928896,6616.928896,0.000000
2026-06-04T09:00:00+00:00,6616.928896,6616.928896,0.000000
2026-06-04T10:00:00+00:00,6616.928896,6616.928896,0.000000
2026-06-04T11:00:00+00:00,6616.928896,6616.928896,0.000000
2026-06-04T12:00:00+00:00,6612.296384,-4.632512,6616.928896
2026-06-04T13:00:00+00:00,6529.624213,6529.624213,0.000000
2026-06-04T14:00:00+00:00,6529.624213,6529.624213,0.000000
2026-06-04T15:00:00+00:00,6529.624213,6529.624213,0.000000
2026-06-04T16:00:00+00:00,6529.624213,6529.624213,0.000000
2026-06-04T17:00:00+00:00,6525.054129,-1.958234,6529.624213
2026-06-04T18:00:00+00:00,6493.850579,-4.549530,6498.400109
2026-06-04T19:00:00+00:00,6477.810722,6477.810722,0.000000
2026-06-04T20:00:00+00:00,6477.810722,6477.810722,0.000000
2026-06-04T21:00:00+00:00,6473.276902,-1.942695,6477.810722
2026-06-04T22:00:00+00:00,6448.621381,6448.621381,0.000000
2026-06-04T23:00:00+00:00,6448.621381,6448.621381,0.000000
2026-06-05T00:00:00+00:00,6448.621381,6448.621381,0.000000
2026-06-05T01:00:00+00:00,6448.621381,6448.621381,0.000000
2026-06-05T02:00:00+00:00,6448.621381,6448.621381,0.000000
2026-06-05T03:00:00+00:00,6448.621381,6448.621381,0.000000
2026-06-05T04:00:00+00:00,6444.106701,-4.514680,6448.621381
2026-06-05T05:00:00+00:00,6359.083531,-1.908425,6363.537371
2026-06-05T06:00:00+00:00,6535.737877,6535.737877,0.000000
2026-06-05T07:00:00+00:00,6535.737877,6535.737877,0.000000
2026-06-05T08:00:00+00:00,6535.737877,6535.737877,0.000000
2026-06-05T09:00:00+00:00,6535.737877,6535.737877,0.000000
2026-06-05T10:00:00+00:00,6535.737877,6535.737877,0.000000
2026-06-05T11:00:00+00:00,6535.737877,6535.737877,0.000000
2026-06-05T12:00:00+00:00,6535.737877,6535.737877,0.000000
2026-06-05T13:00:00+00:00,6535.737877,6535.737877,0.000000
2026-06-05T14:00:00+00:00,6535.737877,6535.737877,0.000000
2026-06-05T15:00:00+00:00,6535.737877,6535.737877,0.000000
2026-06-05T16:00:00+00:00,6535.737877,6535.737877,0.000000
2026-06-05T17:00:00+00:00,6535.737877,6535.737877,0.000000
2026-06-05T18:00:00+00:00,6535.737877,6535.737877,0.000000
2026-06-05T19:00:00+00:00,6535.737877,6535.737877,0.000000
2026-06-05T20:00:00+00:00,6535.737877,6535.737877,0.000000
2026-06-05T21:00:00+00:00,6535.737877,6535.737877,0.000000
2026-06-05T22:00:00+00:00,6535.737877,6535.737877,0.000000
2026-06-05T23:00:00+00:00,6535.737877,6535.737877,0.000000
2026-06-06T00:00:00+00:00,6535.737877,6535.737877,0.000000
2026-06-06T01:00:00+00:00,6535.737877,6535.737877,0.000000
2026-06-06T02:00:00+00:00,6535.737877,6535.737877,0.000000
2026-06-06T03:00:00+00:00,6535.737877,6535.737877,0.000000
2026-06-06T04:00:00+00:00,6535.737877,6535.737877,0.000000
2026-06-06T05:00:00+00:00,6531.162207,-4.575670,6535.737877
2026-06-06T06:00:00+00:00,6536.186290,6536.186290,0.000000
2026-06-06T07:00:00+00:00,6536.186290,6536.186290,0.000000
2026-06-06T08:00:00+00:00,6536.186290,6536.186290,0.000000
2026-06-06T09:00:00+00:00,6536.186290,6536.186290,0.000000
2026-06-06T10:00:00+00:00,6531.611613,-1.960202,6536.186290
2026-06-06T11:00:00+00:00,6449.870332,6449.870332,0.000000
2026-06-06T12:00:00+00:00,6445.354778,-4.515554,6449.870332
2026-06-06T13:00:00+00:00,6393.959852,-1.918892,6398.438119
2026-06-06T14:00:00+00:00,6391.698993,-1.918892,6400.698979
2026-06-06T15:00:00+00:00,6391.746039,6391.746039,0.000000
2026-06-06T16:00:00+00:00,6391.746039,6391.746039,0.000000
2026-06-06T17:00:00+00:00,6391.746039,6391.746039,0.000000
2026-06-06T18:00:00+00:00,6391.746039,6391.746039,0.000000
2026-06-06T19:00:00+00:00,6391.746039,6391.746039,0.000000
2026-06-06T20:00:00+00:00,6391.746039,6391.746039,0.000000
2026-06-06T21:00:00+00:00,6391.746039,6391.746039,0.000000
2026-06-06T22:00:00+00:00,6391.746039,6391.746039,0.000000
2026-06-06T23:00:00+00:00,6387.271178,-4.474861,6391.746039
2026-06-07T00:00:00+00:00,6369.138276,-4.474861,6373.613137
2026-06-07T01:00:00+00:00,6441.368631,6441.368631,0.000000
2026-06-07T02:00:00+00:00,6441.368631,6441.368631,0.000000
2026-06-07T03:00:00+00:00,6441.368631,6441.368631,0.000000
2026-06-07T04:00:00+00:00,6441.368631,6441.368631,0.000000
2026-06-07T05:00:00+00:00,6441.368631,6441.368631,0.000000
2026-06-07T06:00:00+00:00,6441.368631,6441.368631,0.000000
2026-06-07T07:00:00+00:00,6441.368631,6441.368631,0.000000
2026-06-07T08:00:00+00:00,6441.368631,6441.368631,0.000000
2026-06-07T09:00:00+00:00,6441.368631,6441.368631,0.000000
2026-06-07T10:00:00+00:00,6441.368631,6441.368631,0.000000
2026-06-07T11:00:00+00:00,6441.368631,6441.368631,0.000000
2026-06-07T12:00:00+00:00,6441.368631,6441.368631,0.000000
2026-06-07T13:00:00+00:00,6441.368631,6441.368631,0.000000
2026-06-07T14:00:00+00:00,6441.368631,6441.368631,0.000000
2026-06-07T15:00:00+00:00,6441.368631,6441.368631,0.000000
2026-06-07T16:00:00+00:00,6441.368631,6441.368631,0.000000
2026-06-07T17:00:00+00:00,6441.368631,6441.368631,0.000000
2026-06-07T18:00:00+00:00,6441.368631,6441.368631,0.000000
2026-06-07T19:00:00+00:00,6436.860317,-1.931766,6441.368631
2026-06-07T20:00:00+00:00,6391.623287,-4.477910,6396.101197
2026-06-07T21:00:00+00:00,6417.174671,-4.477910,6421.652582
2026-06-07T22:00:00+00:00,6702.703018,6702.703018,0.000000
2026-06-07T23:00:00+00:00,6702.703018,6702.703018,0.000000
2026-06-08T00:00:00+00:00,6702.703018,6702.703018,0.000000
2026-06-08T01:00:00+00:00,6698.011797,-2.010141,6702.703018
2026-06-08T02:00:00+00:00,6710.531299,-2.010141,6690.183516
2026-06-08T03:00:00+00:00,6682.356404,6682.356404,0.000000
2026-06-08T04:00:00+00:00,6682.356404,6682.356404,0.000000
2026-06-08T05:00:00+00:00,6682.356404,6682.356404,0.000000
2026-06-08T06:00:00+00:00,6682.356404,6682.356404,0.000000
2026-06-08T07:00:00+00:00,6682.356404,6682.356404,0.000000
2026-06-08T08:00:00+00:00,6682.356404,6682.356404,0.000000
2026-06-08T09:00:00+00:00,6682.356404,6682.356404,0.000000
2026-06-08T10:00:00+00:00,6682.356404,6682.356404,0.000000
2026-06-08T11:00:00+00:00,6677.678086,-4.678318,6682.356404
2026-06-08T12:00:00+00:00,6677.438607,6677.438607,0.000000
2026-06-08T13:00:00+00:00,6677.438607,6677.438607,0.000000
2026-06-08T14:00:00+00:00,6677.438607,6677.438607,0.000000
2026-06-08T15:00:00+00:00,6677.438607,6677.438607,0.000000
2026-06-08T16:00:00+00:00,6677.438607,6677.438607,0.000000
2026-06-08T17:00:00+00:00,6677.438607,6677.438607,0.000000
2026-06-08T18:00:00+00:00,6677.438607,6677.438607,0.000000
2026-06-08T19:00:00+00:00,6677.438607,6677.438607,0.000000
2026-06-08T20:00:00+00:00,6677.438607,6677.438607,0.000000
2026-06-08T21:00:00+00:00,6677.438607,6677.438607,0.000000
2026-06-08T22:00:00+00:00,6677.438607,6677.438607,0.000000
2026-06-08T23:00:00+00:00,6677.438607,6677.438607,0.000000
2026-06-09T00:00:00+00:00,6672.765068,-2.002564,6677.438607
2026-06-09T01:00:00+00:00,6634.085026,6634.085026,0.000000
2026-06-09T02:00:00+00:00,6634.085026,6634.085026,0.000000
2026-06-09T03:00:00+00:00,6634.085026,6634.085026,0.000000
2026-06-09T04:00:00+00:00,6629.440503,-4.644523,6634.085026
2026-06-09T05:00:00+00:00,6606.484292,6606.484292,0.000000
2026-06-09T06:00:00+00:00,6606.484292,6606.484292,0.000000
2026-06-09T07:00:00+00:00,6606.484292,6606.484292,0.000000
2026-06-09T08:00:00+00:00,6606.484292,6606.484292,0.000000
2026-06-09T09:00:00+00:00,6601.860414,-1.981285,6606.484292
2026-06-09T10:00:00+00:00,6584.645722,-1.981285,6623.698984
2026-06-09T11:00:00+00:00,6595.924313,-1.981285,6612.420393
2026-06-09T12:00:00+00:00,6561.511304,6561.511304,0.000000
2026-06-09T13:00:00+00:00,6561.511304,6561.511304,0.000000
2026-06-09T14:00:00+00:00,6561.511304,6561.511304,0.000000
2026-06-09T15:00:00+00:00,6561.511304,6561.511304,0.000000
2026-06-09T16:00:00+00:00,6561.511304,6561.511304,0.000000
2026-06-09T17:00:00+00:00,6561.511304,6561.511304,0.000000
2026-06-09T18:00:00+00:00,6561.511304,6561.511304,0.000000
2026-06-09T19:00:00+00:00,6561.511304,6561.511304,0.000000
2026-06-09T20:00:00+00:00,6561.511304,6561.511304,0.000000
2026-06-09T21:00:00+00:00,6561.511304,6561.511304,0.000000
2026-06-09T22:00:00+00:00,6561.511304,6561.511304,0.000000
2026-06-09T23:00:00+00:00,6561.511304,6561.511304,0.000000
2026-06-10T00:00:00+00:00,6556.917590,-4.593714,6561.511304
2026-06-10T01:00:00+00:00,6505.208333,6505.208333,0.000000
2026-06-10T02:00:00+00:00,6500.655338,-1.950912,6505.208333
2026-06-10T03:00:00+00:00,6446.852540,6446.852540,0.000000
2026-06-10T04:00:00+00:00,6446.852540,6446.852540,0.000000
2026-06-10T05:00:00+00:00,6446.852540,6446.852540,0.000000
2026-06-10T06:00:00+00:00,6446.852540,6446.852540,0.000000
2026-06-10T07:00:00+00:00,6442.339098,-4.513441,6446.852540
2026-06-10T08:00:00+00:00,6357.339250,-1.907901,6361.791868
2026-06-10T09:00:00+00:00,6362.743228,6362.743228,0.000000
2026-06-10T10:00:00+00:00,6362.743228,6362.743228,0.000000
2026-06-10T11:00:00+00:00,6362.743228,6362.743228,0.000000
2026-06-10T12:00:00+00:00,6358.288672,-4.454557,6362.743228
2026-06-10T13:00:00+00:00,6429.163851,6429.163851,0.000000
2026-06-10T14:00:00+00:00,6429.163851,6429.163851,0.000000
2026-06-10T15:00:00+00:00,6429.163851,6429.163851,0.000000
2026-06-10T16:00:00+00:00,6429.163851,6429.163851,0.000000
2026-06-10T17:00:00+00:00,6424.664079,-1.928106,6429.163851
2026-06-10T18:00:00+00:00,6406.655657,6406.655657,0.000000
2026-06-10T19:00:00+00:00,6406.655657,6406.655657,0.000000
2026-06-10T20:00:00+00:00,6406.655657,6406.655657,0.000000
2026-06-10T21:00:00+00:00,6406.655657,6406.655657,0.000000
2026-06-10T22:00:00+00:00,6406.655657,6406.655657,0.000000
2026-06-10T23:00:00+00:00,6406.655657,6406.655657,0.000000
2026-06-11T00:00:00+00:00,6406.655657,6406.655657,0.000000
2026-06-11T01:00:00+00:00,6402.170358,-4.485300,6406.655657
2026-06-11T02:00:00+00:00,6357.491907,6357.491907,0.000000
2026-06-11T03:00:00+00:00,6357.491907,6357.491907,0.000000
2026-06-11T04:00:00+00:00,6357.491907,6357.491907,0.000000
2026-06-11T05:00:00+00:00,6357.491907,6357.491907,0.000000
2026-06-11T06:00:00+00:00,6357.491907,6357.491907,0.000000
2026-06-11T07:00:00+00:00,6357.491907,6357.491907,0.000000
2026-06-11T08:00:00+00:00,6357.491907,6357.491907,0.000000
2026-06-11T09:00:00+00:00,6357.491907,6357.491907,0.000000
2026-06-11T10:00:00+00:00,6357.491907,6357.491907,0.000000
2026-06-11T11:00:00+00:00,6357.491907,6357.491907,0.000000
2026-06-11T12:00:00+00:00,6357.491907,6357.491907,0.000000
2026-06-11T13:00:00+00:00,6357.491907,6357.491907,0.000000
2026-06-11T14:00:00+00:00,6353.042298,-1.906612,6357.491907
2026-06-11T15:00:00+00:00,6325.615132,6325.615132,0.000000
2026-06-11T16:00:00+00:00,6325.615132,6325.615132,0.000000
2026-06-11T17:00:00+00:00,6321.186569,-4.428563,6325.615132
2026-06-11T18:00:00+00:00,6278.447589,6278.447589,0.000000
2026-06-11T19:00:00+00:00,6278.447589,6278.447589,0.000000
2026-06-11T20:00:00+00:00,6278.447589,6278.447589,0.000000
2026-06-11T21:00:00+00:00,6278.447589,6278.447589,0.000000
2026-06-11T22:00:00+00:00,6278.447589,6278.447589,0.000000
2026-06-11T23:00:00+00:00,6278.447589,6278.447589,0.000000
2026-06-12T00:00:00+00:00,6278.447589,6278.447589,0.000000
2026-06-12T01:00:00+00:00,6278.447589,6278.447589,0.000000
2026-06-12T02:00:00+00:00,6278.447589,6278.447589,0.000000
2026-06-12T03:00:00+00:00,6278.447589,6278.447589,0.000000
2026-06-12T04:00:00+00:00,6278.447589,6278.447589,0.000000
2026-06-12T05:00:00+00:00,6274.053304,-1.882906,6278.447589
2026-06-12T06:00:00+00:00,6266.226533,6266.226533,0.000000
2026-06-12T07:00:00+00:00,6266.226533,6266.226533,0.000000
2026-06-12T08:00:00+00:00,6261.839548,-4.386985,6266.226533
2026-06-12T09:00:00+00:00,6253.973185,6253.973185,0.000000
2026-06-12T10:00:00+00:00,6253.973185,6253.973185,0.000000
2026-06-12T11:00:00+00:00,6253.973185,6253.973185,0.000000
2026-06-12T12:00:00+00:00,6249.596029,-1.875567,6253.973185
2026-06-12T13:00:00+00:00,6246.840534,6246.840534,0.000000
2026-06-12T14:00:00+00:00,6242.467121,-4.373413,6246.840534
2026-06-12T15:00:00+00:00,6160.104372,-1.848709,6164.418849
2026-06-12T16:00:00+00:00,6116.745728,6116.745728,0.000000
2026-06-12T17:00:00+00:00,6116.745728,6116.745728,0.000000
2026-06-12T18:00:00+00:00,6116.745728,6116.745728,0.000000
2026-06-12T19:00:00+00:00,6116.745728,6116.745728,0.000000
2026-06-12T20:00:00+00:00,6116.745728,6116.745728,0.000000
2026-06-12T21:00:00+00:00,6116.745728,6116.745728,0.000000
2026-06-12T22:00:00+00:00,6116.745728,6116.745728,0.000000
2026-06-12T23:00:00+00:00,6116.745728,6116.745728,0.000000
2026-06-13T00:00:00+00:00,6116.745728,6116.745728,0.000000
2026-06-13T01:00:00+00:00,6112.463394,-4.282334,6116.745728
2026-06-13T02:00:00+00:00,6091.623316,-4.282334,6095.905650
2026-06-13T03:00:00+00:00,6072.325689,-1.822366,6076.578686
2026-06-13T04:00:00+00:00,6074.881404,-1.822366,6074.022971
2026-06-13T05:00:00+00:00,6071.595484,-1.822366,6077.308891
2026-06-13T06:00:00+00:00,6054.983334,-1.822366,6093.921041
2026-06-13T07:00:00+00:00,6026.987345,-4.222450,6031.209795
2026-06-13T08:00:00+00:00,6020.507979,-4.222450,6024.730429
2026-06-13T09:00:00+00:00,6017.988225,-4.222450,6022.210675
2026-06-13T10:00:00+00:00,6019.428084,-4.222450,6023.650534
2026-06-13T11:00:00+00:00,6034.546605,-4.222450,6038.769055
2026-06-13T12:00:00+00:00,6042.645812,-4.222450,6046.868262
2026-06-13T13:00:00+00:00,6033.106746,-4.222450,6037.329196
2026-06-13T14:00:00+00:00,6040.306041,-4.222450,6044.528491
2026-06-13T15:00:00+00:00,6048.225266,-4.222450,6052.447716
2026-06-13T16:00:00+00:00,6011.304211,6011.304211,0.000000
2026-06-13T17:00:00+00:00,6011.304211,6011.304211,0.000000
2026-06-13T18:00:00+00:00,6011.304211,6011.304211,0.000000
2026-06-13T19:00:00+00:00,6011.304211,6011.304211,0.000000
2026-06-13T20:00:00+00:00,6011.304211,6011.304211,0.000000
2026-06-13T21:00:00+00:00,6011.304211,6011.304211,0.000000
2026-06-13T22:00:00+00:00,6011.304211,6011.304211,0.000000
2026-06-13T23:00:00+00:00,6011.304211,6011.304211,0.000000
2026-06-14T00:00:00+00:00,6011.304211,6011.304211,0.000000
2026-06-14T01:00:00+00:00,6011.304211,6011.304211,0.000000
2026-06-14T02:00:00+00:00,6011.304211,6011.304211,0.000000
2026-06-14T03:00:00+00:00,6011.304211,6011.304211,0.000000
2026-06-14T04:00:00+00:00,6007.096899,-1.802790,6011.304211
2026-06-14T05:00:00+00:00,6006.021564,-1.802790,6012.379547
2026-06-14T06:00:00+00:00,6012.473576,-1.802790,6005.927534
2026-06-14T07:00:00+00:00,6014.803470,-1.802790,6003.597641
2026-06-14T08:00:00+00:00,6015.699583,-1.802790,6002.701528
2026-06-14T09:00:00+00:00,6005.125451,-1.802790,6013.275659
2026-06-14T10:00:00+00:00,6024.660711,-1.802790,5993.740399
2026-06-14T11:00:00+00:00,6022.689263,-1.802790,5995.711848
2026-06-14T12:00:00+00:00,6046.525865,-1.802790,5971.875246
2026-06-14T13:00:00+00:00,6048.138868,-1.802790,5970.262243
2026-06-14T14:00:00+00:00,6039.189864,6039.189864,0.000000
2026-06-14T15:00:00+00:00,6039.189864,6039.189864,0.000000
2026-06-14T16:00:00+00:00,6039.189864,6039.189864,0.000000
2026-06-14T17:00:00+00:00,6039.189864,6039.189864,0.000000
2026-06-14T18:00:00+00:00,6039.189864,6039.189864,0.000000
2026-06-14T19:00:00+00:00,6039.189864,6039.189864,0.000000
2026-06-14T20:00:00+00:00,6039.189864,6039.189864,0.000000
2026-06-14T21:00:00+00:00,6034.961827,-4.228037,6039.189864
2026-06-14T22:00:00+00:00,6020.272897,6020.272897,0.000000
2026-06-14T23:00:00+00:00,6020.272897,6020.272897,0.000000
2026-06-15T00:00:00+00:00,6016.059308,-1.805480,6020.272897
2026-06-15T01:00:00+00:00,6033.559592,-1.805480,6002.772612
2026-06-15T02:00:00+00:00,6004.073151,6004.073151,0.000000
2026-06-15T03:00:00+00:00,6004.073151,6004.073151,0.000000
2026-06-15T04:00:00+00:00,6004.073151,6004.073151,0.000000
2026-06-15T05:00:00+00:00,6004.073151,6004.073151,0.000000
2026-06-15T06:00:00+00:00,6004.073151,6004.073151,0.000000
2026-06-15T07:00:00+00:00,6004.073151,6004.073151,0.000000
2026-06-15T08:00:00+00:00,6004.073151,6004.073151,0.000000
2026-06-15T09:00:00+00:00,6004.073151,6004.073151,0.000000
2026-06-15T10:00:00+00:00,5999.869700,-4.203452,6004.073151
2026-06-15T11:00:00+00:00,6055.784646,6055.784646,0.000000
2026-06-15T12:00:00+00:00,6055.784646,6055.784646,0.000000
2026-06-15T13:00:00+00:00,6055.784646,6055.784646,0.000000
2026-06-15T14:00:00+00:00,6055.784646,6055.784646,0.000000
2026-06-15T15:00:00+00:00,6055.784646,6055.784646,0.000000
2026-06-15T16:00:00+00:00,6055.784646,6055.784646,0.000000
2026-06-15T17:00:00+00:00,6055.784646,6055.784646,0.000000
2026-06-15T18:00:00+00:00,6055.784646,6055.784646,0.000000
2026-06-15T19:00:00+00:00,6055.784646,6055.784646,0.000000
2026-06-15T20:00:00+00:00,6055.784646,6055.784646,0.000000
2026-06-15T21:00:00+00:00,6055.784646,6055.784646,0.000000
2026-06-15T22:00:00+00:00,6055.784646,6055.784646,0.000000
2026-06-15T23:00:00+00:00,6055.784646,6055.784646,0.000000
2026-06-16T00:00:00+00:00,6051.546202,-1.816130,6055.784646
2026-06-16T01:00:00+00:00,6042.573917,-1.816130,6064.756931
2026-06-16T02:00:00+00:00,6075.327807,6075.327807,0.000000
2026-06-16T03:00:00+00:00,6075.327807,6075.327807,0.000000
2026-06-16T04:00:00+00:00,6075.327807,6075.327807,0.000000
2026-06-16T05:00:00+00:00,6075.327807,6075.327807,0.000000
2026-06-16T06:00:00+00:00,6075.327807,6075.327807,0.000000
2026-06-16T07:00:00+00:00,6075.327807,6075.327807,0.000000
2026-06-16T08:00:00+00:00,6071.074470,-4.253337,6075.327807
2026-06-16T09:00:00+00:00,6027.777474,6027.777474,0.000000
2026-06-16T10:00:00+00:00,6027.777474,6027.777474,0.000000
2026-06-16T11:00:00+00:00,6027.777474,6027.777474,0.000000
2026-06-16T12:00:00+00:00,6027.777474,6027.777474,0.000000
2026-06-16T13:00:00+00:00,6027.777474,6027.777474,0.000000
2026-06-16T14:00:00+00:00,6023.558632,-1.807730,6027.777474
2026-06-16T15:00:00+00:00,6017.292223,-1.807730,6034.043883
2026-06-16T16:00:00+00:00,6032.026753,-1.807730,6019.309354
2026-06-16T17:00:00+00:00,5993.534137,-4.199013,5997.733150
2026-06-16T18:00:00+00:00,5986.121600,5986.121600,0.000000
2026-06-16T19:00:00+00:00,5986.121600,5986.121600,0.000000
2026-06-16T20:00:00+00:00,5986.121600,5986.121600,0.000000
2026-06-16T21:00:00+00:00,5986.121600,5986.121600,0.000000
2026-06-16T22:00:00+00:00,5986.121600,5986.121600,0.000000
2026-06-16T23:00:00+00:00,5986.121600,5986.121600,0.000000
2026-06-17T00:00:00+00:00,5986.121600,5986.121600,0.000000
2026-06-17T01:00:00+00:00,5986.121600,5986.121600,0.000000
2026-06-17T02:00:00+00:00,5986.121600,5986.121600,0.000000
2026-06-17T03:00:00+00:00,5986.121600,5986.121600,0.000000
2026-06-17T04:00:00+00:00,5986.121600,5986.121600,0.000000
2026-06-17T05:00:00+00:00,5986.121600,5986.121600,0.000000
2026-06-17T06:00:00+00:00,5981.931914,-1.795238,5986.121600
2026-06-17T07:00:00+00:00,5999.492899,-1.795238,5968.560616
2026-06-17T08:00:00+00:00,6031.884136,6031.884136,0.000000
2026-06-17T09:00:00+00:00,6031.884136,6031.884136,0.000000
2026-06-17T10:00:00+00:00,6031.884136,6031.884136,0.000000
2026-06-17T11:00:00+00:00,6031.884136,6031.884136,0.000000
2026-06-17T12:00:00+00:00,6031.884136,6031.884136,0.000000
2026-06-17T13:00:00+00:00,6031.884136,6031.884136,0.000000
2026-06-17T14:00:00+00:00,6031.884136,6031.884136,0.000000
2026-06-17T15:00:00+00:00,6031.884136,6031.884136,0.000000
2026-06-17T16:00:00+00:00,6031.884136,6031.884136,0.000000
2026-06-17T17:00:00+00:00,6027.661214,-4.222922,6031.884136
2026-06-17T18:00:00+00:00,5952.298615,5952.298615,0.000000
2026-06-17T19:00:00+00:00,5948.132602,-1.785094,5952.298615
2026-06-17T20:00:00+00:00,5901.507993,5901.507993,0.000000
2026-06-17T21:00:00+00:00,5901.507993,5901.507993,0.000000
2026-06-17T22:00:00+00:00,5901.507993,5901.507993,0.000000
2026-06-17T23:00:00+00:00,5901.507993,5901.507993,0.000000
2026-06-18T00:00:00+00:00,5901.507993,5901.507993,0.000000
2026-06-18T01:00:00+00:00,5901.507993,5901.507993,0.000000
2026-06-18T02:00:00+00:00,5901.507993,5901.507993,0.000000
2026-06-18T03:00:00+00:00,5901.507993,5901.507993,0.000000
2026-06-18T04:00:00+00:00,5901.507993,5901.507993,0.000000
2026-06-18T05:00:00+00:00,5901.507993,5901.507993,0.000000
2026-06-18T06:00:00+00:00,5901.507993,5901.507993,0.000000
2026-06-18T07:00:00+00:00,5897.376348,-4.131646,5901.507993
2026-06-18T08:00:00+00:00,5891.470959,-4.131646,5895.602605
2026-06-18T09:00:00+00:00,5886.409197,-4.131646,5890.540843
2026-06-18T10:00:00+00:00,5858.945762,5858.945762,0.000000
2026-06-18T11:00:00+00:00,5858.945762,5858.945762,0.000000
2026-06-18T12:00:00+00:00,5858.945762,5858.945762,0.000000
2026-06-18T13:00:00+00:00,5854.845086,-1.757098,5858.945762
2026-06-18T14:00:00+00:00,5828.691329,5828.691329,0.000000
2026-06-18T15:00:00+00:00,5828.691329,5828.691329,0.000000
2026-06-18T16:00:00+00:00,5828.691329,5828.691329,0.000000
2026-06-18T17:00:00+00:00,5828.691329,5828.691329,0.000000
2026-06-18T18:00:00+00:00,5828.691329,5828.691329,0.000000
2026-06-18T19:00:00+00:00,5828.691329,5828.691329,0.000000
2026-06-18T20:00:00+00:00,5828.691329,5828.691329,0.000000
2026-06-18T21:00:00+00:00,5828.691329,5828.691329,0.000000
2026-06-18T22:00:00+00:00,5828.691329,5828.691329,0.000000
2026-06-18T23:00:00+00:00,5828.691329,5828.691329,0.000000
2026-06-19T00:00:00+00:00,5828.691329,5828.691329,0.000000
2026-06-19T01:00:00+00:00,5828.691329,5828.691329,0.000000
2026-06-19T02:00:00+00:00,5828.691329,5828.691329,0.000000
2026-06-19T03:00:00+00:00,5828.691329,5828.691329,0.000000
2026-06-19T04:00:00+00:00,5828.691329,5828.691329,0.000000
2026-06-19T05:00:00+00:00,5828.691329,5828.691329,0.000000
2026-06-19T06:00:00+00:00,5828.691329,5828.691329,0.000000
2026-06-19T07:00:00+00:00,5828.691329,5828.691329,0.000000
2026-06-19T08:00:00+00:00,5828.691329,5828.691329,0.000000
2026-06-19T09:00:00+00:00,5828.691329,5828.691329,0.000000
2026-06-19T10:00:00+00:00,5828.691329,5828.691329,0.000000
2026-06-19T11:00:00+00:00,5828.691329,5828.691329,0.000000
2026-06-19T12:00:00+00:00,5828.691329,5828.691329,0.000000
2026-06-19T13:00:00+00:00,5824.610663,-4.080667,5828.691329
2026-06-19T14:00:00+00:00,5797.014422,5797.014422,0.000000
2026-06-19T15:00:00+00:00,5797.014422,5797.014422,0.000000
2026-06-19T16:00:00+00:00,5797.014422,5797.014422,0.000000
2026-06-19T17:00:00+00:00,5797.014422,5797.014422,0.000000
2026-06-19T18:00:00+00:00,5797.014422,5797.014422,0.000000
2026-06-19T19:00:00+00:00,5797.014422,5797.014422,0.000000
2026-06-19T20:00:00+00:00,5797.014422,5797.014422,0.000000
2026-06-19T21:00:00+00:00,5797.014422,5797.014422,0.000000
2026-06-19T22:00:00+00:00,5797.014422,5797.014422,0.000000
2026-06-19T23:00:00+00:00,5797.014422,5797.014422,0.000000
2026-06-20T00:00:00+00:00,5797.014422,5797.014422,0.000000
2026-06-20T01:00:00+00:00,5797.014422,5797.014422,0.000000
2026-06-20T02:00:00+00:00,5792.957091,-1.738525,5797.014422
2026-06-20T03:00:00+00:00,5781.049729,-1.738525,5808.921784
2026-06-20T04:00:00+00:00,5755.247507,-4.032072,5759.279579
2026-06-20T05:00:00+00:00,5772.345657,5772.345657,0.000000
2026-06-20T06:00:00+00:00,5772.345657,5772.345657,0.000000
2026-06-20T07:00:00+00:00,5772.345657,5772.345657,0.000000
2026-06-20T08:00:00+00:00,5772.345657,5772.345657,0.000000
2026-06-20T09:00:00+00:00,5772.345657,5772.345657,0.000000
2026-06-20T10:00:00+00:00,5772.345657,5772.345657,0.000000
2026-06-20T11:00:00+00:00,5772.345657,5772.345657,0.000000
2026-06-20T12:00:00+00:00,5772.345657,5772.345657,0.000000
2026-06-20T13:00:00+00:00,5768.305592,-1.731126,5772.345657
2026-06-20T14:00:00+00:00,5692.129020,-3.987851,5696.116871
2026-06-20T15:00:00+00:00,5695.882698,5695.882698,0.000000
2026-06-20T16:00:00+00:00,5695.882698,5695.882698,0.000000
2026-06-20T17:00:00+00:00,5695.882698,5695.882698,0.000000
2026-06-20T18:00:00+00:00,5695.882698,5695.882698,0.000000
2026-06-20T19:00:00+00:00,5695.882698,5695.882698,0.000000
2026-06-20T20:00:00+00:00,5695.882698,5695.882698,0.000000
2026-06-20T21:00:00+00:00,5695.882698,5695.882698,0.000000
2026-06-20T22:00:00+00:00,5695.882698,5695.882698,0.000000
2026-06-20T23:00:00+00:00,5695.882698,5695.882698,0.000000
2026-06-21T00:00:00+00:00,5695.882698,5695.882698,0.000000
2026-06-21T01:00:00+00:00,5695.882698,5695.882698,0.000000
2026-06-21T02:00:00+00:00,5695.882698,5695.882698,0.000000
2026-06-21T03:00:00+00:00,5695.882698,5695.882698,0.000000
2026-06-21T04:00:00+00:00,5691.896150,-1.708195,5695.882698
2026-06-21T05:00:00+00:00,5689.923037,-1.708195,5697.855811
2026-06-21T06:00:00+00:00,5681.208457,-1.708195,5706.570391
2026-06-21T07:00:00+00:00,5693.869262,-1.708195,5693.909585
2026-06-21T08:00:00+00:00,5704.392529,-1.708195,5683.386318
2026-06-21T09:00:00+00:00,5692.225002,-1.708195,5695.553846
2026-06-21T10:00:00+00:00,5696.500079,-1.708195,5691.278769
2026-06-21T11:00:00+00:00,5689.910599,5689.910599,0.000000
2026-06-21T12:00:00+00:00,5689.910599,5689.910599,0.000000
2026-06-21T13:00:00+00:00,5689.910599,5689.910599,0.000000
2026-06-21T14:00:00+00:00,5689.910599,5689.910599,0.000000
2026-06-21T15:00:00+00:00,5689.910599,5689.910599,0.000000
2026-06-21T16:00:00+00:00,5689.910599,5689.910599,0.000000
2026-06-21T17:00:00+00:00,5689.910599,5689.910599,0.000000
2026-06-21T18:00:00+00:00,5685.927093,-3.983506,5689.910599
2026-06-21T19:00:00+00:00,5681.990800,-3.983506,5685.974307
2026-06-21T20:00:00+00:00,5645.185190,-1.694177,5649.139023
2026-06-21T21:00:00+00:00,5659.099328,5659.099328,0.000000
2026-06-21T22:00:00+00:00,5659.099328,5659.099328,0.000000
2026-06-21T23:00:00+00:00,5659.099328,5659.099328,0.000000
2026-06-22T00:00:00+00:00,5655.137393,-3.961935,5659.099328
2026-06-22T01:00:00+00:00,5713.680614,5713.680614,0.000000
2026-06-22T02:00:00+00:00,5713.680614,5713.680614,0.000000
2026-06-22T03:00:00+00:00,5709.681609,-1.713533,5713.680614
2026-06-22T04:00:00+00:00,5692.997159,-1.713533,5730.365063
2026-06-22T05:00:00+00:00,5687.710997,-1.713533,5735.651226
2026-06-22T06:00:00+00:00,5694.153507,-1.713533,5729.208715
2026-06-22T07:00:00+00:00,5634.279228,-3.947322,5638.226550
2026-06-22T08:00:00+00:00,5637.993368,-3.947322,5641.940691
2026-06-22T09:00:00+00:00,5632.825869,-3.947322,5636.773191
2026-06-22T10:00:00+00:00,5641.868993,-3.947322,5645.816315
2026-06-22T11:00:00+00:00,5676.184440,5676.184440,0.000000
2026-06-22T12:00:00+00:00,5676.184440,5676.184440,0.000000
2026-06-22T13:00:00+00:00,5676.184440,5676.184440,0.000000
2026-06-22T14:00:00+00:00,5676.184440,5676.184440,0.000000
2026-06-22T15:00:00+00:00,5672.211679,-1.702288,5676.184440
2026-06-22T16:00:00+00:00,5687.670584,-1.702288,5660.725535
2026-06-22T17:00:00+00:00,5684.416077,-1.702288,5663.980042
2026-06-22T18:00:00+00:00,5674.008805,5674.008805,0.000000
2026-06-22T19:00:00+00:00,5674.008805,5674.008805,0.000000
2026-06-22T20:00:00+00:00,5674.008805,5674.008805,0.000000
2026-06-22T21:00:00+00:00,5674.008805,5674.008805,0.000000
2026-06-22T22:00:00+00:00,5674.008805,5674.008805,0.000000
2026-06-22T23:00:00+00:00,5674.008805,5674.008805,0.000000
2026-06-23T00:00:00+00:00,5670.036431,-3.972374,5674.008805
2026-06-23T01:00:00+00:00,5637.445003,5637.445003,0.000000
2026-06-23T02:00:00+00:00,5637.445003,5637.445003,0.000000
2026-06-23T03:00:00+00:00,5637.445003,5637.445003,0.000000
2026-06-23T04:00:00+00:00,5633.499355,-1.690670,5637.445003
2026-06-23T05:00:00+00:00,5651.378822,-1.690670,5619.565536
2026-06-23T06:00:00+00:00,5711.329123,5711.329123,0.000000
2026-06-23T07:00:00+00:00,5711.329123,5711.329123,0.000000
2026-06-23T08:00:00+00:00,5711.329123,5711.329123,0.000000
2026-06-23T09:00:00+00:00,5711.329123,5711.329123,0.000000
2026-06-23T10:00:00+00:00,5711.329123,5711.329123,0.000000
2026-06-23T11:00:00+00:00,5711.329123,5711.329123,0.000000
2026-06-23T12:00:00+00:00,5711.329123,5711.329123,0.000000
2026-06-23T13:00:00+00:00,5711.329123,5711.329123,0.000000
2026-06-23T14:00:00+00:00,5711.329123,5711.329123,0.000000
2026-06-23T15:00:00+00:00,5711.329123,5711.329123,0.000000
2026-06-23T16:00:00+00:00,5711.329123,5711.329123,0.000000
2026-06-23T17:00:00+00:00,5711.329123,5711.329123,0.000000
2026-06-23T18:00:00+00:00,5711.329123,5711.329123,0.000000
2026-06-23T19:00:00+00:00,5711.329123,5711.329123,0.000000
2026-06-23T20:00:00+00:00,5711.329123,5711.329123,0.000000
2026-06-23T21:00:00+00:00,5711.329123,5711.329123,0.000000
2026-06-23T22:00:00+00:00,5711.329123,5711.329123,0.000000
2026-06-23T23:00:00+00:00,5711.329123,5711.329123,0.000000
2026-06-24T00:00:00+00:00,5711.329123,5711.329123,0.000000
2026-06-24T01:00:00+00:00,5711.329123,5711.329123,0.000000
2026-06-24T02:00:00+00:00,5711.329123,5711.329123,0.000000
2026-06-24T03:00:00+00:00,5711.329123,5711.329123,0.000000
2026-06-24T04:00:00+00:00,5711.329123,5711.329123,0.000000
2026-06-24T05:00:00+00:00,5707.330622,-3.998502,5711.329123
2026-06-24T06:00:00+00:00,5708.866155,-3.998502,5712.864656
2026-06-24T07:00:00+00:00,5701.870950,-3.998502,5705.869451
2026-06-24T08:00:00+00:00,5703.406482,-3.998502,5707.404984
2026-06-24T09:00:00+00:00,5671.712514,5671.712514,0.000000
2026-06-24T10:00:00+00:00,5667.742882,-1.700947,5671.712514
2026-06-24T11:00:00+00:00,5592.894346,-3.918329,5596.812675
2026-06-24T12:00:00+00:00,5566.887472,-3.918329,5570.805801
2026-06-24T13:00:00+00:00,5519.102023,-1.656338,5522.967548
2026-06-24T14:00:00+00:00,5495.242671,5495.242671,0.000000
2026-06-24T15:00:00+00:00,5495.242671,5495.242671,0.000000
2026-06-24T16:00:00+00:00,5495.242671,5495.242671,0.000000
2026-06-24T17:00:00+00:00,5495.242671,5495.242671,0.000000
2026-06-24T18:00:00+00:00,5495.242671,5495.242671,0.000000
2026-06-24T19:00:00+00:00,5495.242671,5495.242671,0.000000
2026-06-24T20:00:00+00:00,5495.242671,5495.242671,0.000000
2026-06-24T21:00:00+00:00,5495.242671,5495.242671,0.000000
2026-06-24T22:00:00+00:00,5495.242671,5495.242671,0.000000
2026-06-24T23:00:00+00:00,5495.242671,5495.242671,0.000000
2026-06-25T00:00:00+00:00,5495.242671,5495.242671,0.000000
2026-06-25T01:00:00+00:00,5495.242671,5495.242671,0.000000
2026-06-25T02:00:00+00:00,5495.242671,5495.242671,0.000000
2026-06-25T03:00:00+00:00,5495.242671,5495.242671,0.000000
2026-06-25T04:00:00+00:00,5491.395452,-3.847219,5495.242671
2026-06-25T05:00:00+00:00,5501.451125,5501.451125,0.000000
2026-06-25T06:00:00+00:00,5501.451125,5501.451125,0.000000
2026-06-25T07:00:00+00:00,5501.451125,5501.451125,0.000000
2026-06-25T08:00:00+00:00,5501.451125,5501.451125,0.000000
2026-06-25T09:00:00+00:00,5501.451125,5501.451125,0.000000
2026-06-25T10:00:00+00:00,5497.600659,-1.649885,5501.451125
2026-06-25T11:00:00+00:00,5509.371347,-1.649885,5489.680438
2026-06-25T12:00:00+00:00,5490.584264,5490.584264,0.000000
2026-06-25T13:00:00+00:00,5490.584264,5490.584264,0.000000
2026-06-25T14:00:00+00:00,5490.584264,5490.584264,0.000000
2026-06-25T15:00:00+00:00,5490.584264,5490.584264,0.000000
2026-06-25T16:00:00+00:00,5490.584264,5490.584264,0.000000
2026-06-25T17:00:00+00:00,5490.584264,5490.584264,0.000000
2026-06-25T18:00:00+00:00,5490.584264,5490.584264,0.000000
2026-06-25T19:00:00+00:00,5490.584264,5490.584264,0.000000
2026-06-25T20:00:00+00:00,5490.584264,5490.584264,0.000000
2026-06-25T21:00:00+00:00,5490.584264,5490.584264,0.000000
2026-06-25T22:00:00+00:00,5490.584264,5490.584264,0.000000
2026-06-25T23:00:00+00:00,5490.584264,5490.584264,0.000000
2026-06-26T00:00:00+00:00,5490.584264,5490.584264,0.000000
2026-06-26T01:00:00+00:00,5490.584264,5490.584264,0.000000
2026-06-26T02:00:00+00:00,5490.584264,5490.584264,0.000000
2026-06-26T03:00:00+00:00,5486.740306,-3.843958,5490.584264
2026-06-26T04:00:00+00:00,5448.965378,5448.965378,0.000000
2026-06-26T05:00:00+00:00,5448.965378,5448.965378,0.000000
2026-06-26T06:00:00+00:00,5448.965378,5448.965378,0.000000
2026-06-26T07:00:00+00:00,5448.965378,5448.965378,0.000000
2026-06-26T08:00:00+00:00,5448.965378,5448.965378,0.000000
2026-06-26T09:00:00+00:00,5445.151647,-1.634145,5448.965378
2026-06-26T10:00:00+00:00,5461.125355,-1.634145,5432.991669
2026-06-26T11:00:00+00:00,5440.032740,5440.032740,0.000000
2026-06-26T12:00:00+00:00,5440.032740,5440.032740,0.000000
2026-06-26T13:00:00+00:00,5436.224173,-3.808567,5440.032740
2026-06-26T14:00:00+00:00,5410.584464,5410.584464,0.000000
2026-06-26T15:00:00+00:00,5410.584464,5410.584464,0.000000
2026-06-26T16:00:00+00:00,5410.584464,5410.584464,0.000000
2026-06-26T17:00:00+00:00,5410.584464,5410.584464,0.000000
2026-06-26T18:00:00+00:00,5410.584464,5410.584464,0.000000
2026-06-26T19:00:00+00:00,5410.584464,5410.584464,0.000000
2026-06-26T20:00:00+00:00,5410.584464,5410.584464,0.000000
2026-06-26T21:00:00+00:00,5410.584464,5410.584464,0.000000
2026-06-26T22:00:00+00:00,5410.584464,5410.584464,0.000000
2026-06-26T23:00:00+00:00,5410.584464,5410.584464,0.000000
2026-06-27T00:00:00+00:00,5410.584464,5410.584464,0.000000
2026-06-27T01:00:00+00:00,5410.584464,5410.584464,0.000000
2026-06-27T02:00:00+00:00,5410.584464,5410.584464,0.000000
2026-06-27T03:00:00+00:00,5410.584464,5410.584464,0.000000
2026-06-27T04:00:00+00:00,5410.584464,5410.584464,0.000000
2026-06-27T05:00:00+00:00,5410.584464,5410.584464,0.000000
2026-06-27T06:00:00+00:00,5410.584464,5410.584464,0.000000
2026-06-27T07:00:00+00:00,5410.584464,5410.584464,0.000000
2026-06-27T08:00:00+00:00,5410.584464,5410.584464,0.000000
2026-06-27T09:00:00+00:00,5410.584464,5410.584464,0.000000
2026-06-27T10:00:00+00:00,5410.584464,5410.584464,0.000000
2026-06-27T11:00:00+00:00,5410.584464,5410.584464,0.000000
2026-06-27T12:00:00+00:00,5410.584464,5410.584464,0.000000
2026-06-27T13:00:00+00:00,5410.584464,5410.584464,0.000000
2026-06-27T14:00:00+00:00,5410.584464,5410.584464,0.000000
2026-06-27T15:00:00+00:00,5410.584464,5410.584464,0.000000
2026-06-27T16:00:00+00:00,5410.584464,5410.584464,0.000000
2026-06-27T17:00:00+00:00,5410.584464,5410.584464,0.000000
2026-06-27T18:00:00+00:00,5410.584464,5410.584464,0.000000
2026-06-27T19:00:00+00:00,5406.797596,-1.622634,5410.584464
2026-06-27T20:00:00+00:00,5396.851669,-1.622634,5420.530392
2026-06-27T21:00:00+00:00,5417.429450,-1.622634,5399.952611
2026-06-27T22:00:00+00:00,5414.354568,5414.354568,0.000000
2026-06-27T23:00:00+00:00,5414.354568,5414.354568,0.000000
2026-06-28T00:00:00+00:00,5414.354568,5414.354568,0.000000
2026-06-28T01:00:00+00:00,5414.354568,5414.354568,0.000000
2026-06-28T02:00:00+00:00,5414.354568,5414.354568,0.000000
2026-06-28T03:00:00+00:00,5414.354568,5414.354568,0.000000
2026-06-28T04:00:00+00:00,5414.354568,5414.354568,0.000000
2026-06-28T05:00:00+00:00,5414.354568,5414.354568,0.000000
2026-06-28T06:00:00+00:00,5414.354568,5414.354568,0.000000
2026-06-28T07:00:00+00:00,5410.563979,-3.790590,5414.354568
2026-06-28T08:00:00+00:00,5428.608963,-3.790590,5432.399553
2026-06-28T09:00:00+00:00,5420.359827,-3.790590,5424.150417
2026-06-28T10:00:00+00:00,5398.755054,5398.755054,0.000000
2026-06-28T11:00:00+00:00,5398.755054,5398.755054,0.000000
2026-06-28T12:00:00+00:00,5398.755054,5398.755054,0.000000
2026-06-28T13:00:00+00:00,5398.755054,5398.755054,0.000000
2026-06-28T14:00:00+00:00,5398.755054,5398.755054,0.000000
2026-06-28T15:00:00+00:00,5398.755054,5398.755054,0.000000
2026-06-28T16:00:00+00:00,5394.976466,-1.619087,5398.755054
2026-06-28T17:00:00+00:00,5380.880337,5380.880337,0.000000
2026-06-28T18:00:00+00:00,5380.880337,5380.880337,0.000000
2026-06-28T19:00:00+00:00,5380.880337,5380.880337,0.000000
2026-06-28T20:00:00+00:00,5380.880337,5380.880337,0.000000
2026-06-28T21:00:00+00:00,5380.880337,5380.880337,0.000000
2026-06-28T22:00:00+00:00,5380.880337,5380.880337,0.000000
2026-06-28T23:00:00+00:00,5380.880337,5380.880337,0.000000
2026-06-29T00:00:00+00:00,5377.113183,-3.767154,5380.880337
2026-06-29T01:00:00+00:00,5333.043536,5333.043536,0.000000
2026-06-29T02:00:00+00:00,5333.043536,5333.043536,0.000000
2026-06-29T03:00:00+00:00,5333.043536,5333.043536,0.000000
2026-06-29T04:00:00+00:00,5333.043536,5333.043536,0.000000
2026-06-29T05:00:00+00:00,5333.043536,5333.043536,0.000000
2026-06-29T06:00:00+00:00,5333.043536,5333.043536,0.000000
2026-06-29T07:00:00+00:00,5333.043536,5333.043536,0.000000
2026-06-29T08:00:00+00:00,5333.043536,5333.043536,0.000000
2026-06-29T09:00:00+00:00,5333.043536,5333.043536,0.000000
2026-06-29T10:00:00+00:00,5333.043536,5333.043536,0.000000
2026-06-29T11:00:00+00:00,5333.043536,5333.043536,0.000000
2026-06-29T12:00:00+00:00,5333.043536,5333.043536,0.000000
2026-06-29T13:00:00+00:00,5329.310939,-1.599380,5333.043536
2026-06-29T14:00:00+00:00,5336.092637,5336.092637,0.000000
2026-06-29T15:00:00+00:00,5332.356839,-3.735798,5336.092637
2026-06-29T16:00:00+00:00,5311.248773,5311.248773,0.000000
2026-06-29T17:00:00+00:00,5311.248773,5311.248773,0.000000
2026-06-29T18:00:00+00:00,5311.248773,5311.248773,0.000000
2026-06-29T19:00:00+00:00,5311.248773,5311.248773,0.000000
2026-06-29T20:00:00+00:00,5311.248773,5311.248773,0.000000
2026-06-29T21:00:00+00:00,5311.248773,5311.248773,0.000000
2026-06-29T22:00:00+00:00,5311.248773,5311.248773,0.000000
2026-06-29T23:00:00+00:00,5311.248773,5311.248773,0.000000
2026-06-30T00:00:00+00:00,5307.531430,-1.592844,5311.248773
2026-06-30T01:00:00+00:00,5309.364331,-1.592844,5309.415871
2026-06-30T02:00:00+00:00,5321.028250,-1.592844,5297.751952
2026-06-30T03:00:00+00:00,5332.192287,-1.592844,5286.587916
2026-06-30T04:00:00+00:00,5328.859738,-1.592844,5289.920464
2026-06-30T05:00:00+00:00,5316.695937,-1.592844,5302.084265
2026-06-30T06:00:00+00:00,5311.548615,5311.548615,0.000000
2026-06-30T07:00:00+00:00,5311.548615,5311.548615,0.000000
2026-06-30T08:00:00+00:00,5311.548615,5311.548615,0.000000
2026-06-30T09:00:00+00:00,5311.548615,5311.548615,0.000000
2026-06-30T10:00:00+00:00,5311.548615,5311.548615,0.000000
2026-06-30T11:00:00+00:00,5311.548615,5311.548615,0.000000
2026-06-30T12:00:00+00:00,5311.548615,5311.548615,0.000000
2026-06-30T13:00:00+00:00,5311.548615,5311.548615,0.000000
2026-06-30T14:00:00+00:00,5311.548615,5311.548615,0.000000
2026-06-30T15:00:00+00:00,5311.548615,5311.548615,0.000000
2026-06-30T16:00:00+00:00,5311.548615,5311.548615,0.000000
2026-06-30T17:00:00+00:00,5311.548615,5311.548615,0.000000
2026-06-30T18:00:00+00:00,5307.830000,-3.718615,5311.548615
2026-06-30T19:00:00+00:00,5312.540908,-3.718615,5316.259523
2026-06-30T20:00:00+00:00,5296.893964,-3.718615,5300.612579
2026-06-30T21:00:00+00:00,5271.300545,-1.581970,5274.992512
2026-06-30T22:00:00+00:00,5286.241013,-1.581970,5260.052044
2026-06-30T23:00:00+00:00,5270.293323,-1.581970,5275.999735
2026-07-01T00:00:00+00:00,5260.556838,-1.581970,5285.736220
2026-07-01T01:00:00+00:00,5286.190023,-3.703454,5289.893477
2026-07-01T02:00:00+00:00,5279.262222,5279.262222,0.000000
2026-07-01T03:00:00+00:00,5279.262222,5279.262222,0.000000
2026-07-01T04:00:00+00:00,5279.262222,5279.262222,0.000000
2026-07-01T05:00:00+00:00,5279.262222,5279.262222,0.000000
2026-07-01T06:00:00+00:00,5275.567266,-1.583251,5279.262222
2026-07-01T07:00:00+00:00,5267.692522,-1.583251,5287.136966
2026-07-01T08:00:00+00:00,5255.465564,5255.465564,0.000000
2026-07-01T09:00:00+00:00,5255.465564,5255.465564,0.000000
2026-07-01T10:00:00+00:00,5255.465564,5255.465564,0.000000
2026-07-01T11:00:00+00:00,5255.465564,5255.465564,0.000000
2026-07-01T12:00:00+00:00,5255.465564,5255.465564,0.000000
2026-07-01T13:00:00+00:00,5251.786213,-3.679351,5255.465564
2026-07-01T14:00:00+00:00,5269.557795,5269.557795,0.000000
2026-07-01T15:00:00+00:00,5269.557795,5269.557795,0.000000
2026-07-01T16:00:00+00:00,5269.557795,5269.557795,0.000000
2026-07-01T17:00:00+00:00,5269.557795,5269.557795,0.000000
2026-07-01T18:00:00+00:00,5269.557795,5269.557795,0.000000
2026-07-01T19:00:00+00:00,5269.557795,5269.557795,0.000000
2026-07-01T20:00:00+00:00,5269.557795,5269.557795,0.000000
2026-07-01T21:00:00+00:00,5269.557795,5269.557795,0.000000
2026-07-01T22:00:00+00:00,5269.557795,5269.557795,0.000000
2026-07-01T23:00:00+00:00,5269.557795,5269.557795,0.000000
2026-07-02T00:00:00+00:00,5269.557795,5269.557795,0.000000
2026-07-02T01:00:00+00:00,5269.557795,5269.557795,0.000000
2026-07-02T02:00:00+00:00,5269.557795,5269.557795,0.000000
2026-07-02T03:00:00+00:00,5269.557795,5269.557795,0.000000
2026-07-02T04:00:00+00:00,5269.557795,5269.557795,0.000000
2026-07-02T05:00:00+00:00,5269.557795,5269.557795,0.000000
2026-07-02T06:00:00+00:00,5265.869632,-1.580340,5269.557795
2026-07-02T07:00:00+00:00,5274.987077,-1.580340,5260.440350
2026-07-02T08:00:00+00:00,5246.332249,-1.580340,5289.095178
2026-07-02T09:00:00+00:00,5196.328257,-3.640498,5199.968755
2026-07-02T10:00:00+00:00,5205.192200,-3.640498,5208.832698
2026-07-02T11:00:00+00:00,5218.171545,-3.640498,5221.812043
2026-07-02T12:00:00+00:00,5234.436588,5234.436588,0.000000
2026-07-02T13:00:00+00:00,5234.436588,5234.436588,0.000000
2026-07-02T14:00:00+00:00,5234.436588,5234.436588,0.000000
2026-07-02T15:00:00+00:00,5234.436588,5234.436588,0.000000
2026-07-02T16:00:00+00:00,5234.436588,5234.436588,0.000000
2026-07-02T17:00:00+00:00,5234.436588,5234.436588,0.000000
2026-07-02T18:00:00+00:00,5234.436588,5234.436588,0.000000
2026-07-02T19:00:00+00:00,5234.436588,5234.436588,0.000000
2026-07-02T20:00:00+00:00,5234.436588,5234.436588,0.000000
2026-07-02T21:00:00+00:00,5234.436588,5234.436588,0.000000
2026-07-02T22:00:00+00:00,5234.436588,5234.436588,0.000000
2026-07-02T23:00:00+00:00,5234.436588,5234.436588,0.000000
2026-07-03T00:00:00+00:00,5234.436588,5234.436588,0.000000
2026-07-03T01:00:00+00:00,5234.436588,5234.436588,0.000000
2026-07-03T02:00:00+00:00,5234.436588,5234.436588,0.000000
2026-07-03T03:00:00+00:00,5234.436588,5234.436588,0.000000
2026-07-03T04:00:00+00:00,5234.436588,5234.436588,0.000000
2026-07-03T05:00:00+00:00,5234.436588,5234.436588,0.000000
2026-07-03T06:00:00+00:00,5234.436588,5234.436588,0.000000
2026-07-03T07:00:00+00:00,5234.436588,5234.436588,0.000000
2026-07-03T08:00:00+00:00,5234.436588,5234.436588,0.000000
2026-07-03T09:00:00+00:00,5234.436588,5234.436588,0.000000
2026-07-03T10:00:00+00:00,5234.436588,5234.436588,0.000000
2026-07-03T11:00:00+00:00,5234.436588,5234.436588,0.000000
2026-07-03T12:00:00+00:00,5234.436588,5234.436588,0.000000
2026-07-03T13:00:00+00:00,5234.436588,5234.436588,0.000000
2026-07-03T14:00:00+00:00,5234.436588,5234.436588,0.000000
2026-07-03T15:00:00+00:00,5234.436588,5234.436588,0.000000
2026-07-03T16:00:00+00:00,5234.436588,5234.436588,0.000000
2026-07-03T17:00:00+00:00,5234.436588,5234.436588,0.000000
2026-07-03T18:00:00+00:00,5234.436588,5234.436588,0.000000
2026-07-03T19:00:00+00:00,5234.436588,5234.436588,0.000000
2026-07-03T20:00:00+00:00,5234.436588,5234.436588,0.000000
2026-07-03T21:00:00+00:00,5234.436588,5234.436588,0.000000
2026-07-03T22:00:00+00:00,5234.436588,5234.436588,0.000000
2026-07-03T23:00:00+00:00,5234.436588,5234.436588,0.000000
2026-07-04T00:00:00+00:00,5234.436588,5234.436588,0.000000
2026-07-04T01:00:00+00:00,5230.773006,-1.569808,5234.436588
2026-07-04T02:00:00+00:00,5226.279156,-1.569808,5238.930438
2026-07-04T03:00:00+00:00,5212.797606,-1.569808,5252.411989
2026-07-04T04:00:00+00:00,5193.501876,-3.638518,5197.140394
2026-07-04T05:00:00+00:00,5177.121077,-3.638518,5180.759595
2026-07-04T06:00:00+00:00,5173.431708,-3.638518,5177.070226
2026-07-04T07:00:00+00:00,5183.319217,-3.638518,5186.957735
2026-07-04T08:00:00+00:00,5196.010647,-3.638518,5199.649165
2026-07-04T09:00:00+00:00,5183.319217,-3.638518,5186.957735
2026-07-04T10:00:00+00:00,5186.270713,-3.638518,5189.909231
2026-07-04T11:00:00+00:00,5183.024068,-3.638518,5186.662586
2026-07-04T12:00:00+00:00,5201.766063,-3.638518,5205.404581
2026-07-04T13:00:00+00:00,5196.446344,5196.446344,0.000000
2026-07-04T14:00:00+00:00,5196.446344,5196.446344,0.000000
2026-07-04T15:00:00+00:00,5196.446344,5196.446344,0.000000
2026-07-04T16:00:00+00:00,5196.446344,5196.446344,0.000000
2026-07-04T17:00:00+00:00,5196.446344,5196.446344,0.000000
2026-07-04T18:00:00+00:00,5196.446344,5196.446344,0.000000
2026-07-04T19:00:00+00:00,5196.446344,5196.446344,0.000000
2026-07-04T20:00:00+00:00,5196.446344,5196.446344,0.000000
2026-07-04T21:00:00+00:00,5196.446344,5196.446344,0.000000
2026-07-04T22:00:00+00:00,5196.446344,5196.446344,0.000000
2026-07-04T23:00:00+00:00,5196.446344,5196.446344,0.000000
2026-07-05T00:00:00+00:00,5196.446344,5196.446344,0.000000
2026-07-05T01:00:00+00:00,5192.809352,-1.558414,5196.446344
2026-07-05T02:00:00+00:00,5209.730615,-1.558414,5179.525081
2026-07-05T03:00:00+00:00,5207.964918,-1.558414,5181.290778
2026-07-05T04:00:00+00:00,5176.364588,5176.364588,0.000000
2026-07-05T05:00:00+00:00,5176.364588,5176.364588,0.000000
2026-07-05T06:00:00+00:00,5176.364588,5176.364588,0.000000
2026-07-05T07:00:00+00:00,5172.740615,-3.623973,5176.364588
2026-07-05T08:00:00+00:00,5166.157329,-3.623973,5169.781302
2026-07-05T09:00:00+00:00,5133.566759,-1.540635,5137.162259
2026-07-05T10:00:00+00:00,5123.920604,-1.540635,5146.808414
2026-07-05T11:00:00+00:00,5128.012912,-1.540635,5142.716106
2026-07-05T12:00:00+00:00,5098.574293,5098.574293,0.000000
2026-07-05T13:00:00+00:00,5098.574293,5098.574293,0.000000
2026-07-05T14:00:00+00:00,5095.004782,-3.569512,5098.574293
2026-07-05T15:00:00+00:00,5101.191673,-3.569512,5104.761185
2026-07-05T16:00:00+00:00,5096.155831,-3.569512,5099.725343
2026-07-05T17:00:00+00:00,5114.572625,-3.569512,5118.142137
2026-07-05T18:00:00+00:00,5119.464586,-3.569512,5123.034098
2026-07-05T19:00:00+00:00,5120.759517,-3.569512,5124.329029
2026-07-05T20:00:00+00:00,5108.529615,-3.569512,5112.099126
2026-07-05T21:00:00+00:00,5108.869387,5108.869387,0.000000
2026-07-05T22:00:00+00:00,5108.869387,5108.869387,0.000000
2026-07-05T23:00:00+00:00,5108.869387,5108.869387,0.000000
2026-07-06T00:00:00+00:00,5108.869387,5108.869387,0.000000
2026-07-06T01:00:00+00:00,5108.869387,5108.869387,0.000000
2026-07-06T02:00:00+00:00,5105.293690,-1.532150,5108.869387
2026-07-06T03:00:00+00:00,5116.612030,-1.532150,5097.551048
2026-07-06T04:00:00+00:00,5122.056294,-1.532150,5092.106783
2026-07-06T05:00:00+00:00,5132.658284,-1.532150,5081.504794
2026-07-06T06:00:00+00:00,5146.125675,-1.532150,5068.037402
2026-07-06T07:00:00+00:00,5138.389089,-1.532150,5075.773989
2026-07-06T08:00:00+00:00,5120.792119,5120.792119,0.000000
2026-07-06T09:00:00+00:00,5120.792119,5120.792119,0.000000
2026-07-06T10:00:00+00:00,5120.792119,5120.792119,0.000000
2026-07-06T11:00:00+00:00,5120.792119,5120.792119,0.000000
2026-07-06T12:00:00+00:00,5120.792119,5120.792119,0.000000
2026-07-06T13:00:00+00:00,5120.792119,5120.792119,0.000000
2026-07-06T14:00:00+00:00,5120.792119,5120.792119,0.000000
2026-07-06T15:00:00+00:00,5117.207053,-3.585067,5120.792119
2026-07-06T16:00:00+00:00,5121.248508,5121.248508,0.000000
2026-07-06T17:00:00+00:00,5121.248508,5121.248508,0.000000
2026-07-06T18:00:00+00:00,5121.248508,5121.248508,0.000000
2026-07-06T19:00:00+00:00,5121.248508,5121.248508,0.000000
2026-07-06T20:00:00+00:00,5121.248508,5121.248508,0.000000
2026-07-06T21:00:00+00:00,5121.248508,5121.248508,0.000000
2026-07-06T22:00:00+00:00,5121.248508,5121.248508,0.000000
2026-07-06T23:00:00+00:00,5121.248508,5121.248508,0.000000
2026-07-07T00:00:00+00:00,5121.248508,5121.248508,0.000000
2026-07-07T01:00:00+00:00,5117.664146,-1.535862,5121.248508
2026-07-07T02:00:00+00:00,5118.773736,5118.773736,0.000000
2026-07-07T03:00:00+00:00,5118.773736,5118.773736,0.000000
2026-07-07T04:00:00+00:00,5118.773736,5118.773736,0.000000
2026-07-07T05:00:00+00:00,5118.773736,5118.773736,0.000000
2026-07-07T06:00:00+00:00,5118.773736,5118.773736,0.000000
2026-07-07T07:00:00+00:00,5118.773736,5118.773736,0.000000
2026-07-07T08:00:00+00:00,5118.773736,5118.773736,0.000000
2026-07-07T09:00:00+00:00,5118.773736,5118.773736,0.000000
2026-07-07T10:00:00+00:00,5118.773736,5118.773736,0.000000
2026-07-07T11:00:00+00:00,5118.773736,5118.773736,0.000000
2026-07-07T12:00:00+00:00,5118.773736,5118.773736,0.000000
2026-07-07T13:00:00+00:00,5118.773736,5118.773736,0.000000
2026-07-07T14:00:00+00:00,5115.190082,-3.583653,5118.773736
2026-07-07T15:00:00+00:00,5109.689309,5109.689309,0.000000
2026-07-07T16:00:00+00:00,5109.689309,5109.689309,0.000000
2026-07-07T17:00:00+00:00,5109.689309,5109.689309,0.000000
2026-07-07T18:00:00+00:00,5109.689309,5109.689309,0.000000
2026-07-07T19:00:00+00:00,5109.689309,5109.689309,0.000000
2026-07-07T20:00:00+00:00,5109.689309,5109.689309,0.000000
2026-07-07T21:00:00+00:00,5106.113038,-1.532396,5109.689309
2026-07-07T22:00:00+00:00,5101.213178,-1.532396,5114.589169
2026-07-07T23:00:00+00:00,5085.906091,5085.906091,0.000000
2026-07-08T00:00:00+00:00,5085.906091,5085.906091,0.000000
2026-07-08T01:00:00+00:00,5085.906091,5085.906091,0.000000
2026-07-08T02:00:00+00:00,5085.906091,5085.906091,0.000000
2026-07-08T03:00:00+00:00,5085.906091,5085.906091,0.000000
2026-07-08T04:00:00+00:00,5085.906091,5085.906091,0.000000
2026-07-08T05:00:00+00:00,5085.906091,5085.906091,0.000000
2026-07-08T06:00:00+00:00,5085.906091,5085.906091,0.000000
2026-07-08T07:00:00+00:00,5085.906091,5085.906091,0.000000
2026-07-08T07:00:00+00:00,5085.906091,5085.906091,0.000000
