ts,equity,cash,position_value
2026-04-09T08:00:00+00:00,10000.000000,10000.000000,0.000000
2026-04-09T09:00:00+00:00,10000.000000,10000.000000,0.000000
2026-04-09T10:00:00+00:00,10000.000000,10000.000000,0.000000
2026-04-09T11:00:00+00:00,10000.000000,10000.000000,0.000000
2026-04-09T12:00:00+00:00,10000.000000,10000.000000,0.000000
2026-04-09T13:00:00+00:00,10000.000000,10000.000000,0.000000
2026-04-09T14:00:00+00:00,10000.000000,10000.000000,0.000000
2026-04-09T15:00:00+00:00,10000.000000,10000.000000,0.000000
2026-04-09T16:00:00+00:00,10000.000000,10000.000000,0.000000
2026-04-09T17:00:00+00:00,10000.000000,10000.000000,0.000000
2026-04-09T18:00:00+00:00,10000.000000,10000.000000,0.000000
2026-04-09T19:00:00+00:00,10000.000000,10000.000000,0.000000
2026-04-09T20:00:00+00:00,10000.000000,10000.000000,0.000000
2026-04-09T21:00:00+00:00,10000.000000,10000.000000,0.000000
2026-04-09T22:00:00+00:00,10000.000000,10000.000000,0.000000
2026-04-09T23:00:00+00:00,10000.000000,10000.000000,0.000000
2026-04-10T00:00:00+00:00,10000.000000,10000.000000,0.000000
2026-04-10T01:00:00+00:00,10000.000000,10000.000000,0.000000
2026-04-10T02:00:00+00:00,10000.000000,10000.000000,0.000000
2026-04-10T03:00:00+00:00,10000.000000,10000.000000,0.000000
2026-04-10T04:00:00+00:00,10000.000000,10000.000000,0.000000
2026-04-10T05:00:00+00:00,10000.000000,10000.000000,0.000000
2026-04-10T06:00:00+00:00,10000.000000,10000.000000,0.000000
2026-04-10T07:00:00+00:00,10000.000000,10000.000000,0.000000
2026-04-10T08:00:00+00:00,10000.000000,10000.000000,0.000000
2026-04-10T09:00:00+00:00,10000.000000,10000.000000,0.000000
2026-04-10T10:00:00+00:00,10000.000000,10000.000000,0.000000
2026-04-10T11:00:00+00:00,10000.000000,10000.000000,0.000000
2026-04-10T12:00:00+00:00,10000.000000,10000.000000,0.000000
2026-04-10T13:00:00+00:00,10000.000000,10000.000000,0.000000
2026-04-10T14:00:00+00:00,10000.000000,10000.000000,0.000000
2026-04-10T15:00:00+00:00,10000.000000,10000.000000,0.000000
2026-04-10T16:00:00+00:00,10000.000000,10000.000000,0.000000
2026-04-10T17:00:00+00:00,10000.000000,10000.000000,0.000000
2026-04-10T18:00:00+00:00,10000.000000,10000.000000,0.000000
2026-04-10T19:00:00+00:00,10000.000000,10000.000000,0.000000
2026-04-10T20:00:00+00:00,10000.000000,10000.000000,0.000000
2026-04-10T21:00:00+00:00,10000.000000,10000.000000,0.000000
2026-04-10T22:00:00+00:00,10000.000000,10000.000000,0.000000
2026-04-10T23:00:00+00:00,10000.000000,10000.000000,0.000000
2026-04-11T00:00:00+00:00,10000.000000,10000.000000,0.000000
2026-04-11T01:00:00+00:00,10000.000000,10000.000000,0.000000
2026-04-11T02:00:00+00:00,9993.001000,-2.999000,10000.000000
2026-04-11T03:00:00+00:00,10042.612782,-2.999000,9950.388218
2026-04-11T04:00:00+00:00,10025.704731,-2.999000,9967.296269
2026-04-11T05:00:00+00:00,10062.635475,-2.999000,9930.365525
2026-04-11T06:00:00+00:00,10047.507218,-2.999000,9945.493782
2026-04-11T07:00:00+00:00,10061.078154,-2.999000,9931.922846
2026-04-11T08:00:00+00:00,10061.968052,-2.999000,9931.032948
2026-04-11T09:00:00+00:00,9995.035221,9995.035221,0.000000
2026-04-11T10:00:00+00:00,9995.035221,9995.035221,0.000000
2026-04-11T11:00:00+00:00,9995.035221,9995.035221,0.000000
2026-04-11T12:00:00+00:00,9995.035221,9995.035221,0.000000
2026-04-11T13:00:00+00:00,9995.035221,9995.035221,0.000000
2026-04-11T14:00:00+00:00,9995.035221,9995.035221,0.000000
2026-04-11T15:00:00+00:00,9995.035221,9995.035221,0.000000
2026-04-11T16:00:00+00:00,9988.037696,-6.997524,9995.035221
2026-04-11T17:00:00+00:00,9991.357497,-6.997524,9998.355021
2026-04-11T18:00:00+00:00,10136.330191,10136.330191,0.000000
2026-04-11T19:00:00+00:00,10136.330191,10136.330191,0.000000
2026-04-11T20:00:00+00:00,10136.330191,10136.330191,0.000000
2026-04-11T21:00:00+00:00,10136.330191,10136.330191,0.000000
2026-04-11T22:00:00+00:00,10136.330191,10136.330191,0.000000
2026-04-11T23:00:00+00:00,10136.330191,10136.330191,0.000000
2026-04-12T00:00:00+00:00,10136.330191,10136.330191,0.000000
2026-04-12T01:00:00+00:00,10129.235773,-3.039885,10136.330191
2026-04-12T02:00:00+00:00,10097.912890,10097.912890,0.000000
2026-04-12T03:00:00+00:00,10097.912890,10097.912890,0.000000
2026-04-12T04:00:00+00:00,10097.912890,10097.912890,0.000000
2026-04-12T05:00:00+00:00,10097.912890,10097.912890,0.000000
2026-04-12T06:00:00+00:00,10097.912890,10097.912890,0.000000
2026-04-12T07:00:00+00:00,10097.912890,10097.912890,0.000000
2026-04-12T08:00:00+00:00,10097.912890,10097.912890,0.000000
2026-04-12T09:00:00+00:00,10097.912890,10097.912890,0.000000
2026-04-12T10:00:00+00:00,10097.912890,10097.912890,0.000000
2026-04-12T11:00:00+00:00,10097.912890,10097.912890,0.000000
2026-04-12T12:00:00+00:00,10097.912890,10097.912890,0.000000
2026-04-12T13:00:00+00:00,10097.912890,10097.912890,0.000000
2026-04-12T14:00:00+00:00,10097.912890,10097.912890,0.000000
2026-04-12T15:00:00+00:00,10097.912890,10097.912890,0.000000
2026-04-12T16:00:00+00:00,10097.912890,10097.912890,0.000000
2026-04-12T17:00:00+00:00,10097.912890,10097.912890,0.000000
2026-04-12T18:00:00+00:00,10097.912890,10097.912890,0.000000
2026-04-12T19:00:00+00:00,10097.912890,10097.912890,0.000000
2026-04-12T20:00:00+00:00,10090.843341,-7.069549,10097.912890
2026-04-12T21:00:00+00:00,10082.172666,-7.069549,10089.242215
2026-04-12T22:00:00+00:00,9964.679618,9964.679618,0.000000
2026-04-12T23:00:00+00:00,9964.679618,9964.679618,0.000000
2026-04-13T00:00:00+00:00,9964.679618,9964.679618,0.000000
2026-04-13T01:00:00+00:00,9964.679618,9964.679618,0.000000
2026-04-13T02:00:00+00:00,9964.679618,9964.679618,0.000000
2026-04-13T03:00:00+00:00,9964.679618,9964.679618,0.000000
2026-04-13T04:00:00+00:00,9964.679618,9964.679618,0.000000
2026-04-13T05:00:00+00:00,9964.679618,9964.679618,0.000000
2026-04-13T06:00:00+00:00,9964.679618,9964.679618,0.000000
2026-04-13T07:00:00+00:00,9964.679618,9964.679618,0.000000
2026-04-13T08:00:00+00:00,9964.679618,9964.679618,0.000000
2026-04-13T09:00:00+00:00,9964.679618,9964.679618,0.000000
2026-04-13T10:00:00+00:00,9964.679618,9964.679618,0.000000
2026-04-13T11:00:00+00:00,9964.679618,9964.679618,0.000000
2026-04-13T12:00:00+00:00,9964.679618,9964.679618,0.000000
2026-04-13T13:00:00+00:00,9964.679618,9964.679618,0.000000
2026-04-13T14:00:00+00:00,9964.679618,9964.679618,0.000000
2026-04-13T15:00:00+00:00,9964.679618,9964.679618,0.000000
2026-04-13T16:00:00+00:00,9964.679618,9964.679618,0.000000
2026-04-13T17:00:00+00:00,9964.679618,9964.679618,0.000000
2026-04-13T18:00:00+00:00,9964.679618,9964.679618,0.000000
2026-04-13T19:00:00+00:00,9964.679618,9964.679618,0.000000
2026-04-13T20:00:00+00:00,9964.679618,9964.679618,0.000000
2026-04-13T21:00:00+00:00,9964.679618,9964.679618,0.000000
2026-04-13T22:00:00+00:00,9964.679618,9964.679618,0.000000
2026-04-13T23:00:00+00:00,9964.679618,9964.679618,0.000000
2026-04-14T00:00:00+00:00,9964.679618,9964.679618,0.000000
2026-04-14T01:00:00+00:00,9964.679618,9964.679618,0.000000
2026-04-14T02:00:00+00:00,9964.679618,9964.679618,0.000000
2026-04-14T03:00:00+00:00,9964.679618,9964.679618,0.000000
2026-04-14T04:00:00+00:00,9964.679618,9964.679618,0.000000
2026-04-14T05:00:00+00:00,9964.679618,9964.679618,0.000000
2026-04-14T06:00:00+00:00,9964.679618,9964.679618,0.000000
2026-04-14T07:00:00+00:00,9964.679618,9964.679618,0.000000
2026-04-14T08:00:00+00:00,9964.679618,9964.679618,0.000000
2026-04-14T09:00:00+00:00,9964.679618,9964.679618,0.000000
2026-04-14T10:00:00+00:00,9964.679618,9964.679618,0.000000
2026-04-14T11:00:00+00:00,9964.679618,9964.679618,0.000000
2026-04-14T12:00:00+00:00,9957.705339,-2.988407,9964.679618
2026-04-14T13:00:00+00:00,9877.732016,9877.732016,0.000000
2026-04-14T14:00:00+00:00,9877.732016,9877.732016,0.000000
2026-04-14T15:00:00+00:00,9877.732016,9877.732016,0.000000
2026-04-14T16:00:00+00:00,9877.732016,9877.732016,0.000000
2026-04-14T17:00:00+00:00,9877.732016,9877.732016,0.000000
2026-04-14T18:00:00+00:00,9877.732016,9877.732016,0.000000
2026-04-14T19:00:00+00:00,9877.732016,9877.732016,0.000000
2026-04-14T20:00:00+00:00,9877.732016,9877.732016,0.000000
2026-04-14T21:00:00+00:00,9877.732016,9877.732016,0.000000
2026-04-14T22:00:00+00:00,9877.732016,9877.732016,0.000000
2026-04-14T23:00:00+00:00,9877.732016,9877.732016,0.000000
2026-04-15T00:00:00+00:00,9877.732016,9877.732016,0.000000
2026-04-15T01:00:00+00:00,9877.732016,9877.732016,0.000000
2026-04-15T02:00:00+00:00,9877.732016,9877.732016,0.000000
2026-04-15T03:00:00+00:00,9877.732016,9877.732016,0.000000
2026-04-15T04:00:00+00:00,9877.732016,9877.732016,0.000000
2026-04-15T05:00:00+00:00,9877.732016,9877.732016,0.000000
2026-04-15T06:00:00+00:00,9877.732016,9877.732016,0.000000
2026-04-15T07:00:00+00:00,9877.732016,9877.732016,0.000000
2026-04-15T08:00:00+00:00,9877.732016,9877.732016,0.000000
2026-04-15T09:00:00+00:00,9877.732016,9877.732016,0.000000
2026-04-15T10:00:00+00:00,9877.732016,9877.732016,0.000000
2026-04-15T11:00:00+00:00,9877.732016,9877.732016,0.000000
2026-04-15T12:00:00+00:00,9877.732016,9877.732016,0.000000
2026-04-15T13:00:00+00:00,9877.732016,9877.732016,0.000000
2026-04-15T14:00:00+00:00,9870.816616,-6.915400,9877.732016
2026-04-15T15:00:00+00:00,9835.210351,9835.210351,0.000000
2026-04-15T16:00:00+00:00,9835.210351,9835.210351,0.000000
2026-04-15T17:00:00+00:00,9835.210351,9835.210351,0.000000
2026-04-15T18:00:00+00:00,9835.210351,9835.210351,0.000000
2026-04-15T19:00:00+00:00,9835.210351,9835.210351,0.000000
2026-04-15T20:00:00+00:00,9835.210351,9835.210351,0.000000
2026-04-15T21:00:00+00:00,9835.210351,9835.210351,0.000000
2026-04-15T22:00:00+00:00,9835.210351,9835.210351,0.000000
2026-04-15T23:00:00+00:00,9835.210351,9835.210351,0.000000
2026-04-16T00:00:00+00:00,9835.210351,9835.210351,0.000000
2026-04-16T01:00:00+00:00,9835.210351,9835.210351,0.000000
2026-04-16T02:00:00+00:00,9835.210351,9835.210351,0.000000
2026-04-16T03:00:00+00:00,9835.210351,9835.210351,0.000000
2026-04-16T04:00:00+00:00,9828.326687,-2.949580,9835.210351
2026-04-16T05:00:00+00:00,9816.833294,-2.949580,9846.703745
2026-04-16T06:00:00+00:00,9821.012710,-2.949580,9842.524329
2026-04-16T07:00:00+00:00,9820.485810,9820.485810,0.000000
2026-04-16T08:00:00+00:00,9820.485810,9820.485810,0.000000
2026-04-16T09:00:00+00:00,9820.485810,9820.485810,0.000000
2026-04-16T10:00:00+00:00,9820.485810,9820.485810,0.000000
2026-04-16T11:00:00+00:00,9820.485810,9820.485810,0.000000
2026-04-16T12:00:00+00:00,9820.485810,9820.485810,0.000000
2026-04-16T13:00:00+00:00,9820.485810,9820.485810,0.000000
2026-04-16T14:00:00+00:00,9820.485810,9820.485810,0.000000
2026-04-16T15:00:00+00:00,9820.485810,9820.485810,0.000000
2026-04-16T16:00:00+00:00,9820.485810,9820.485810,0.000000
2026-04-16T17:00:00+00:00,9820.485810,9820.485810,0.000000
2026-04-16T18:00:00+00:00,9820.485810,9820.485810,0.000000
2026-04-16T19:00:00+00:00,9813.610488,-6.875322,9820.485810
2026-04-16T20:00:00+00:00,9749.894809,9749.894809,0.000000
2026-04-16T21:00:00+00:00,9749.894809,9749.894809,0.000000
2026-04-16T22:00:00+00:00,9749.894809,9749.894809,0.000000
2026-04-16T23:00:00+00:00,9749.894809,9749.894809,0.000000
2026-04-17T00:00:00+00:00,9749.894809,9749.894809,0.000000
2026-04-17T01:00:00+00:00,9749.894809,9749.894809,0.000000
2026-04-17T02:00:00+00:00,9749.894809,9749.894809,0.000000
2026-04-17T03:00:00+00:00,9743.070858,-2.923993,9749.894809
2026-04-17T04:00:00+00:00,9730.909176,-2.923993,9762.056491
2026-04-17T05:00:00+00:00,9770.958853,-2.923993,9722.006814
2026-04-17T06:00:00+00:00,9721.683072,-2.923993,9771.282595
2026-04-17T07:00:00+00:00,9697.320471,9697.320471,0.000000
2026-04-17T08:00:00+00:00,9690.531377,-6.789094,9697.320471
2026-04-17T09:00:00+00:00,9698.927622,9698.927622,0.000000
2026-04-17T10:00:00+00:00,9698.927622,9698.927622,0.000000
2026-04-17T11:00:00+00:00,9698.927622,9698.927622,0.000000
2026-04-17T12:00:00+00:00,9698.927622,9698.927622,0.000000
2026-04-17T13:00:00+00:00,9698.927622,9698.927622,0.000000
2026-04-17T14:00:00+00:00,9698.927622,9698.927622,0.000000
2026-04-17T15:00:00+00:00,9698.927622,9698.927622,0.000000
2026-04-17T16:00:00+00:00,9698.927622,9698.927622,0.000000
2026-04-17T17:00:00+00:00,9698.927622,9698.927622,0.000000
2026-04-17T18:00:00+00:00,9698.927622,9698.927622,0.000000
2026-04-17T19:00:00+00:00,9698.927622,9698.927622,0.000000
2026-04-17T20:00:00+00:00,9698.927622,9698.927622,0.000000
2026-04-17T21:00:00+00:00,9698.927622,9698.927622,0.000000
2026-04-17T22:00:00+00:00,9698.927622,9698.927622,0.000000
2026-04-17T23:00:00+00:00,9698.927622,9698.927622,0.000000
2026-04-18T00:00:00+00:00,9692.139343,-2.908708,9698.927622
2026-04-18T01:00:00+00:00,9691.337729,-2.908708,9699.729236
2026-04-18T02:00:00+00:00,9698.552255,-2.908708,9692.514711
2026-04-18T03:00:00+00:00,9696.042119,9696.042119,0.000000
2026-04-18T04:00:00+00:00,9696.042119,9696.042119,0.000000
2026-04-18T05:00:00+00:00,9696.042119,9696.042119,0.000000
2026-04-18T06:00:00+00:00,9696.042119,9696.042119,0.000000
2026-04-18T07:00:00+00:00,9696.042119,9696.042119,0.000000
2026-04-18T08:00:00+00:00,9696.042119,9696.042119,0.000000
2026-04-18T09:00:00+00:00,9696.042119,9696.042119,0.000000
2026-04-18T10:00:00+00:00,9696.042119,9696.042119,0.000000
2026-04-18T11:00:00+00:00,9696.042119,9696.042119,0.000000
2026-04-18T12:00:00+00:00,9696.042119,9696.042119,0.000000
2026-04-18T13:00:00+00:00,9696.042119,9696.042119,0.000000
2026-04-18T14:00:00+00:00,9696.042119,9696.042119,0.000000
2026-04-18T15:00:00+00:00,9696.042119,9696.042119,0.000000
2026-04-18T16:00:00+00:00,9696.042119,9696.042119,0.000000
2026-04-18T17:00:00+00:00,9696.042119,9696.042119,0.000000
2026-04-18T18:00:00+00:00,9696.042119,9696.042119,0.000000
2026-04-18T19:00:00+00:00,9696.042119,9696.042119,0.000000
2026-04-18T20:00:00+00:00,9696.042119,9696.042119,0.000000
2026-04-18T21:00:00+00:00,9696.042119,9696.042119,0.000000
2026-04-18T22:00:00+00:00,9696.042119,9696.042119,0.000000
2026-04-18T23:00:00+00:00,9696.042119,9696.042119,0.000000
2026-04-19T00:00:00+00:00,9696.042119,9696.042119,0.000000
2026-04-19T01:00:00+00:00,9696.042119,9696.042119,0.000000
2026-04-19T02:00:00+00:00,9696.042119,9696.042119,0.000000
2026-04-19T03:00:00+00:00,9696.042119,9696.042119,0.000000
2026-04-19T04:00:00+00:00,9696.042119,9696.042119,0.000000
2026-04-19T05:00:00+00:00,9696.042119,9696.042119,0.000000
2026-04-19T06:00:00+00:00,9696.042119,9696.042119,0.000000
2026-04-19T07:00:00+00:00,9696.042119,9696.042119,0.000000
2026-04-19T08:00:00+00:00,9696.042119,9696.042119,0.000000
2026-04-19T09:00:00+00:00,9696.042119,9696.042119,0.000000
2026-04-19T10:00:00+00:00,9696.042119,9696.042119,0.000000
2026-04-19T11:00:00+00:00,9696.042119,9696.042119,0.000000
2026-04-19T12:00:00+00:00,9689.253920,-6.788199,9696.042119
2026-04-19T13:00:00+00:00,9685.623994,9685.623994,0.000000
2026-04-19T14:00:00+00:00,9685.623994,9685.623994,0.000000
2026-04-19T15:00:00+00:00,9685.623994,9685.623994,0.000000
2026-04-19T16:00:00+00:00,9685.623994,9685.623994,0.000000
2026-04-19T17:00:00+00:00,9678.845026,-2.904719,9685.623994
2026-04-19T18:00:00+00:00,9679.689089,-2.904719,9684.779931
2026-04-19T19:00:00+00:00,9663.651890,-2.904719,9700.817130
2026-04-19T20:00:00+00:00,9693.501439,9693.501439,0.000000
2026-04-19T21:00:00+00:00,9693.501439,9693.501439,0.000000
2026-04-19T22:00:00+00:00,9693.501439,9693.501439,0.000000
2026-04-19T23:00:00+00:00,9693.501439,9693.501439,0.000000
2026-04-20T00:00:00+00:00,9693.501439,9693.501439,0.000000
2026-04-20T01:00:00+00:00,9693.501439,9693.501439,0.000000
2026-04-20T02:00:00+00:00,9693.501439,9693.501439,0.000000
2026-04-20T03:00:00+00:00,9686.715019,-6.786420,9693.501439
2026-04-20T04:00:00+00:00,9674.413083,-6.786420,9681.199503
2026-04-20T05:00:00+00:00,9604.358646,9604.358646,0.000000
2026-04-20T06:00:00+00:00,9604.358646,9604.358646,0.000000
2026-04-20T07:00:00+00:00,9604.358646,9604.358646,0.000000
2026-04-20T08:00:00+00:00,9604.358646,9604.358646,0.000000
2026-04-20T09:00:00+00:00,9604.358646,9604.358646,0.000000
2026-04-20T10:00:00+00:00,9604.358646,9604.358646,0.000000
2026-04-20T11:00:00+00:00,9604.358646,9604.358646,0.000000
2026-04-20T12:00:00+00:00,9604.358646,9604.358646,0.000000
2026-04-20T13:00:00+00:00,9604.358646,9604.358646,0.000000
2026-04-20T14:00:00+00:00,9604.358646,9604.358646,0.000000
2026-04-20T15:00:00+00:00,9604.358646,9604.358646,0.000000
2026-04-20T16:00:00+00:00,9604.358646,9604.358646,0.000000
2026-04-20T17:00:00+00:00,9604.358646,9604.358646,0.000000
2026-04-20T18:00:00+00:00,9604.358646,9604.358646,0.000000
2026-04-20T19:00:00+00:00,9604.358646,9604.358646,0.000000
2026-04-20T20:00:00+00:00,9604.358646,9604.358646,0.000000
2026-04-20T21:00:00+00:00,9604.358646,9604.358646,0.000000
2026-04-20T22:00:00+00:00,9604.358646,9604.358646,0.000000
2026-04-20T23:00:00+00:00,9604.358646,9604.358646,0.000000
2026-04-21T00:00:00+00:00,9604.358646,9604.358646,0.000000
2026-04-21T01:00:00+00:00,9604.358646,9604.358646,0.000000
2026-04-21T02:00:00+00:00,9604.358646,9604.358646,0.000000
2026-04-21T03:00:00+00:00,9597.636556,-2.880347,9604.358646
2026-04-21T04:00:00+00:00,9585.372046,-2.880347,9616.623157
2026-04-21T05:00:00+00:00,9586.203538,-2.880347,9615.791664
2026-04-21T06:00:00+00:00,9544.427879,9544.427879,0.000000
2026-04-21T07:00:00+00:00,9544.427879,9544.427879,0.000000
2026-04-21T08:00:00+00:00,9537.745825,-6.682054,9544.427879
2026-04-21T09:00:00+00:00,9546.994103,-6.682054,9553.676157
2026-04-21T10:00:00+00:00,9569.189969,-6.682054,9575.872023
2026-04-21T11:00:00+00:00,9511.808224,9511.808224,0.000000
2026-04-21T12:00:00+00:00,9505.150909,-2.852591,9511.808224
2026-04-21T13:00:00+00:00,9486.185015,-2.852591,9530.774118
2026-04-21T14:00:00+00:00,9479.321078,9479.321078,0.000000
2026-04-21T15:00:00+00:00,9479.321078,9479.321078,0.000000
2026-04-21T16:00:00+00:00,9479.321078,9479.321078,0.000000
2026-04-21T17:00:00+00:00,9479.321078,9479.321078,0.000000
2026-04-21T18:00:00+00:00,9479.321078,9479.321078,0.000000
2026-04-21T19:00:00+00:00,9479.321078,9479.321078,0.000000
2026-04-21T20:00:00+00:00,9479.321078,9479.321078,0.000000
2026-04-21T21:00:00+00:00,9479.321078,9479.321078,0.000000
2026-04-21T22:00:00+00:00,9479.321078,9479.321078,0.000000
2026-04-21T23:00:00+00:00,9472.684606,-6.636473,9479.321078
2026-04-22T00:00:00+00:00,9465.553007,-6.636473,9472.189479
2026-04-22T01:00:00+00:00,9453.531169,-6.636473,9460.167642
2026-04-22T02:00:00+00:00,9587.611217,9587.611217,0.000000
2026-04-22T03:00:00+00:00,9587.611217,9587.611217,0.000000
2026-04-22T04:00:00+00:00,9587.611217,9587.611217,0.000000
2026-04-22T05:00:00+00:00,9587.611217,9587.611217,0.000000
2026-04-22T06:00:00+00:00,9587.611217,9587.611217,0.000000
2026-04-22T07:00:00+00:00,9587.611217,9587.611217,0.000000
2026-04-22T08:00:00+00:00,9587.611217,9587.611217,0.000000
2026-04-22T09:00:00+00:00,9587.611217,9587.611217,0.000000
2026-04-22T10:00:00+00:00,9587.611217,9587.611217,0.000000
2026-04-22T11:00:00+00:00,9587.611217,9587.611217,0.000000
2026-04-22T12:00:00+00:00,9587.611217,9587.611217,0.000000
2026-04-22T13:00:00+00:00,9587.611217,9587.611217,0.000000
2026-04-22T14:00:00+00:00,9587.611217,9587.611217,0.000000
2026-04-22T15:00:00+00:00,9587.611217,9587.611217,0.000000
2026-04-22T16:00:00+00:00,9587.611217,9587.611217,0.000000
2026-04-22T17:00:00+00:00,9580.900848,-2.875325,9587.611217
2026-04-22T18:00:00+00:00,9589.695722,-2.875325,9578.816344
2026-04-22T19:00:00+00:00,9586.897353,-2.875325,9581.614713
2026-04-22T20:00:00+00:00,9611.283138,-2.875325,9557.228928
2026-04-22T21:00:00+00:00,9567.308771,-2.875325,9601.203294
2026-04-22T22:00:00+00:00,9578.302363,-2.875325,9590.209703
2026-04-22T23:00:00+00:00,9601.068509,9601.068509,0.000000
2026-04-23T00:00:00+00:00,9601.068509,9601.068509,0.000000
2026-04-23T01:00:00+00:00,9601.068509,9601.068509,0.000000
2026-04-23T02:00:00+00:00,9601.068509,9601.068509,0.000000
2026-04-23T03:00:00+00:00,9601.068509,9601.068509,0.000000
2026-04-23T04:00:00+00:00,9601.068509,9601.068509,0.000000
2026-04-23T05:00:00+00:00,9601.068509,9601.068509,0.000000
2026-04-23T06:00:00+00:00,9601.068509,9601.068509,0.000000
2026-04-23T07:00:00+00:00,9601.068509,9601.068509,0.000000
2026-04-23T08:00:00+00:00,9601.068509,9601.068509,0.000000
2026-04-23T09:00:00+00:00,9601.068509,9601.068509,0.000000
2026-04-23T10:00:00+00:00,9601.068509,9601.068509,0.000000
2026-04-23T11:00:00+00:00,9601.068509,9601.068509,0.000000
2026-04-23T12:00:00+00:00,9601.068509,9601.068509,0.000000
2026-04-23T13:00:00+00:00,9601.068509,9601.068509,0.000000
2026-04-23T14:00:00+00:00,9601.068509,9601.068509,0.000000
2026-04-23T15:00:00+00:00,9601.068509,9601.068509,0.000000
2026-04-23T16:00:00+00:00,9601.068509,9601.068509,0.000000
2026-04-23T17:00:00+00:00,9601.068509,9601.068509,0.000000
2026-04-23T18:00:00+00:00,9601.068509,9601.068509,0.000000
2026-04-23T19:00:00+00:00,9601.068509,9601.068509,0.000000
2026-04-23T20:00:00+00:00,9601.068509,9601.068509,0.000000
2026-04-23T21:00:00+00:00,9601.068509,9601.068509,0.000000
2026-04-23T22:00:00+00:00,9594.346801,-6.721708,9601.068509
2026-04-23T23:00:00+00:00,9586.726252,-6.721708,9593.447960
2026-04-24T00:00:00+00:00,9594.964684,-6.721708,9601.686392
2026-04-24T01:00:00+00:00,9533.330936,9533.330936,0.000000
2026-04-24T02:00:00+00:00,9533.330936,9533.330936,0.000000
2026-04-24T03:00:00+00:00,9533.330936,9533.330936,0.000000
2026-04-24T04:00:00+00:00,9533.330936,9533.330936,0.000000
2026-04-24T05:00:00+00:00,9533.330936,9533.330936,0.000000
2026-04-24T06:00:00+00:00,9533.330936,9533.330936,0.000000
2026-04-24T07:00:00+00:00,9533.330936,9533.330936,0.000000
2026-04-24T08:00:00+00:00,9533.330936,9533.330936,0.000000
2026-04-24T09:00:00+00:00,9533.330936,9533.330936,0.000000
2026-04-24T10:00:00+00:00,9533.330936,9533.330936,0.000000
2026-04-24T11:00:00+00:00,9533.330936,9533.330936,0.000000
2026-04-24T12:00:00+00:00,9533.330936,9533.330936,0.000000
2026-04-24T13:00:00+00:00,9533.330936,9533.330936,0.000000
2026-04-24T14:00:00+00:00,9533.330936,9533.330936,0.000000
2026-04-24T15:00:00+00:00,9533.330936,9533.330936,0.000000
2026-04-24T16:00:00+00:00,9533.330936,9533.330936,0.000000
2026-04-24T17:00:00+00:00,9533.330936,9533.330936,0.000000
2026-04-24T18:00:00+00:00,9533.330936,9533.330936,0.000000
2026-04-24T19:00:00+00:00,9533.330936,9533.330936,0.000000
2026-04-24T20:00:00+00:00,9533.330936,9533.330936,0.000000
2026-04-24T21:00:00+00:00,9533.330936,9533.330936,0.000000
2026-04-24T22:00:00+00:00,9533.330936,9533.330936,0.000000
2026-04-24T23:00:00+00:00,9533.330936,9533.330936,0.000000
2026-04-25T00:00:00+00:00,9533.330936,9533.330936,0.000000
2026-04-25T01:00:00+00:00,9533.330936,9533.330936,0.000000
2026-04-25T02:00:00+00:00,9533.330936,9533.330936,0.000000
2026-04-25T03:00:00+00:00,9533.330936,9533.330936,0.000000
2026-04-25T04:00:00+00:00,9533.330936,9533.330936,0.000000
2026-04-25T05:00:00+00:00,9533.330936,9533.330936,0.000000
2026-04-25T06:00:00+00:00,9533.330936,9533.330936,0.000000
2026-04-25T07:00:00+00:00,9533.330936,9533.330936,0.000000
2026-04-25T08:00:00+00:00,9533.330936,9533.330936,0.000000
2026-04-25T09:00:00+00:00,9533.330936,9533.330936,0.000000
2026-04-25T10:00:00+00:00,9533.330936,9533.330936,0.000000
2026-04-25T11:00:00+00:00,9533.330936,9533.330936,0.000000
2026-04-25T12:00:00+00:00,9533.330936,9533.330936,0.000000
2026-04-25T13:00:00+00:00,9533.330936,9533.330936,0.000000
2026-04-25T14:00:00+00:00,9533.330936,9533.330936,0.000000
2026-04-25T15:00:00+00:00,9526.658558,-2.859046,9533.330936
2026-04-25T16:00:00+00:00,9518.185772,-2.859046,9541.803722
2026-04-25T17:00:00+00:00,9521.285571,-2.859046,9538.703922
2026-04-25T18:00:00+00:00,9511.366212,-2.859046,9548.623282
2026-04-25T19:00:00+00:00,9517.359158,-2.859046,9542.630335
2026-04-25T20:00:00+00:00,9504.546653,-2.859046,9555.442841
2026-04-25T21:00:00+00:00,9480.254817,-6.641776,9486.896593
2026-04-25T22:00:00+00:00,9488.247320,-6.641776,9494.889097
2026-04-25T23:00:00+00:00,9495.215144,-6.641776,9501.856920
2026-04-26T00:00:00+00:00,9478.000521,-6.641776,9484.642297
2026-04-26T01:00:00+00:00,9472.672185,-6.641776,9479.313962
2026-04-26T02:00:00+00:00,9477.590649,-6.641776,9484.232425
2026-04-26T03:00:00+00:00,9455.662499,-6.641776,9462.304275
2026-04-26T04:00:00+00:00,9487.017704,-6.641776,9493.659481
2026-04-26T05:00:00+00:00,9480.862956,9480.862956,0.000000
2026-04-26T06:00:00+00:00,9480.862956,9480.862956,0.000000
2026-04-26T07:00:00+00:00,9480.862956,9480.862956,0.000000
2026-04-26T08:00:00+00:00,9480.862956,9480.862956,0.000000
2026-04-26T09:00:00+00:00,9480.862956,9480.862956,0.000000
2026-04-26T10:00:00+00:00,9480.862956,9480.862956,0.000000
2026-04-26T11:00:00+00:00,9480.862956,9480.862956,0.000000
2026-04-26T12:00:00+00:00,9480.862956,9480.862956,0.000000
2026-04-26T13:00:00+00:00,9480.862956,9480.862956,0.000000
2026-04-26T14:00:00+00:00,9480.862956,9480.862956,0.000000
2026-04-26T15:00:00+00:00,9480.862956,9480.862956,0.000000
2026-04-26T16:00:00+00:00,9480.862956,9480.862956,0.000000
2026-04-26T17:00:00+00:00,9480.862956,9480.862956,0.000000
2026-04-26T18:00:00+00:00,9480.862956,9480.862956,0.000000
2026-04-26T19:00:00+00:00,9480.862956,9480.862956,0.000000
2026-04-26T20:00:00+00:00,9480.862956,9480.862956,0.000000
2026-04-26T21:00:00+00:00,9480.862956,9480.862956,0.000000
2026-04-26T22:00:00+00:00,9480.862956,9480.862956,0.000000
2026-04-26T23:00:00+00:00,9480.862956,9480.862956,0.000000
2026-04-27T00:00:00+00:00,9480.862956,9480.862956,0.000000
2026-04-27T01:00:00+00:00,9480.862956,9480.862956,0.000000
2026-04-27T02:00:00+00:00,9480.862956,9480.862956,0.000000
2026-04-27T03:00:00+00:00,9480.862956,9480.862956,0.000000
2026-04-27T04:00:00+00:00,9480.862956,9480.862956,0.000000
2026-04-27T05:00:00+00:00,9474.227300,-2.843311,9480.862956
2026-04-27T06:00:00+00:00,9482.599374,-2.843311,9472.490882
2026-04-27T07:00:00+00:00,9502.610672,-2.843311,9452.479584
2026-04-27T08:00:00+00:00,9487.500100,-2.843311,9467.590156
2026-04-27T09:00:00+00:00,9477.902844,-2.843311,9477.187411
2026-04-27T10:00:00+00:00,9486.070721,-2.843311,9469.019535
2026-04-27T11:00:00+00:00,9485.458130,-2.843311,9469.632125
2026-04-27T12:00:00+00:00,9509.349170,-2.843311,9445.741086
2026-04-27T13:00:00+00:00,9516.904456,-2.843311,9438.185800
2026-04-27T14:00:00+00:00,9472.225811,9472.225811,0.000000
2026-04-27T15:00:00+00:00,9472.225811,9472.225811,0.000000
2026-04-27T16:00:00+00:00,9472.225811,9472.225811,0.000000
2026-04-27T17:00:00+00:00,9472.225811,9472.225811,0.000000
2026-04-27T18:00:00+00:00,9472.225811,9472.225811,0.000000
2026-04-27T19:00:00+00:00,9472.225811,9472.225811,0.000000
2026-04-27T20:00:00+00:00,9472.225811,9472.225811,0.000000
2026-04-27T21:00:00+00:00,9472.225811,9472.225811,0.000000
2026-04-27T22:00:00+00:00,9472.225811,9472.225811,0.000000
2026-04-27T23:00:00+00:00,9472.225811,9472.225811,0.000000
2026-04-28T00:00:00+00:00,9465.594306,-6.631505,9472.225811
2026-04-28T01:00:00+00:00,9432.723180,-6.631505,9439.354685
2026-04-28T02:00:00+00:00,9391.182600,9391.182600,0.000000
2026-04-28T03:00:00+00:00,9391.182600,9391.182600,0.000000
2026-04-28T04:00:00+00:00,9391.182600,9391.182600,0.000000
2026-04-28T05:00:00+00:00,9391.182600,9391.182600,0.000000
2026-04-28T06:00:00+00:00,9391.182600,9391.182600,0.000000
2026-04-28T07:00:00+00:00,9391.182600,9391.182600,0.000000
2026-04-28T08:00:00+00:00,9391.182600,9391.182600,0.000000
2026-04-28T09:00:00+00:00,9391.182600,9391.182600,0.000000
2026-04-28T10:00:00+00:00,9391.182600,9391.182600,0.000000
2026-04-28T11:00:00+00:00,9391.182600,9391.182600,0.000000
2026-04-28T12:00:00+00:00,9391.182600,9391.182600,0.000000
2026-04-28T13:00:00+00:00,9391.182600,9391.182600,0.000000
2026-04-28T14:00:00+00:00,9391.182600,9391.182600,0.000000
2026-04-28T15:00:00+00:00,9391.182600,9391.182600,0.000000
2026-04-28T16:00:00+00:00,9391.182600,9391.182600,0.000000
2026-04-28T17:00:00+00:00,9391.182600,9391.182600,0.000000
2026-04-28T18:00:00+00:00,9391.182600,9391.182600,0.000000
2026-04-28T19:00:00+00:00,9391.182600,9391.182600,0.000000
2026-04-28T20:00:00+00:00,9391.182600,9391.182600,0.000000
2026-04-28T21:00:00+00:00,9391.182600,9391.182600,0.000000
2026-04-28T22:00:00+00:00,9391.182600,9391.182600,0.000000
2026-04-28T23:00:00+00:00,9391.182600,9391.182600,0.000000
2026-04-29T00:00:00+00:00,9391.182600,9391.182600,0.000000
2026-04-29T01:00:00+00:00,9391.182600,9391.182600,0.000000
2026-04-29T02:00:00+00:00,9391.182600,9391.182600,0.000000
2026-04-29T03:00:00+00:00,9391.182600,9391.182600,0.000000
2026-04-29T04:00:00+00:00,9391.182600,9391.182600,0.000000
2026-04-29T05:00:00+00:00,9391.182600,9391.182600,0.000000
2026-04-29T06:00:00+00:00,9391.182600,9391.182600,0.000000
2026-04-29T07:00:00+00:00,9391.182600,9391.182600,0.000000
2026-04-29T08:00:00+00:00,9391.182600,9391.182600,0.000000
2026-04-29T09:00:00+00:00,9391.182600,9391.182600,0.000000
2026-04-29T10:00:00+00:00,9391.182600,9391.182600,0.000000
2026-04-29T11:00:00+00:00,9391.182600,9391.182600,0.000000
2026-04-29T12:00:00+00:00,9391.182600,9391.182600,0.000000
2026-04-29T13:00:00+00:00,9391.182600,9391.182600,0.000000
2026-04-29T14:00:00+00:00,9384.609712,-2.816416,9391.182600
2026-04-29T15:00:00+00:00,9452.065490,9452.065490,0.000000
2026-04-29T16:00:00+00:00,9452.065490,9452.065490,0.000000
2026-04-29T17:00:00+00:00,9452.065490,9452.065490,0.000000
2026-04-29T18:00:00+00:00,9452.065490,9452.065490,0.000000
2026-04-29T19:00:00+00:00,9452.065490,9452.065490,0.000000
2026-04-29T20:00:00+00:00,9452.065490,9452.065490,0.000000
2026-04-29T21:00:00+00:00,9452.065490,9452.065490,0.000000
2026-04-29T22:00:00+00:00,9452.065490,9452.065490,0.000000
2026-04-29T23:00:00+00:00,9452.065490,9452.065490,0.000000
2026-04-30T00:00:00+00:00,9452.065490,9452.065490,0.000000
2026-04-30T01:00:00+00:00,9452.065490,9452.065490,0.000000
2026-04-30T02:00:00+00:00,9452.065490,9452.065490,0.000000
2026-04-30T03:00:00+00:00,9452.065490,9452.065490,0.000000
2026-04-30T04:00:00+00:00,9452.065490,9452.065490,0.000000
2026-04-30T05:00:00+00:00,9452.065490,9452.065490,0.000000
2026-04-30T06:00:00+00:00,9452.065490,9452.065490,0.000000
2026-04-30T07:00:00+00:00,9445.448099,-6.617391,9452.065490
2026-04-30T08:00:00+00:00,9429.966286,-6.617391,9436.583677
2026-04-30T09:00:00+00:00,9452.142937,-6.617391,9458.760328
2026-04-30T10:00:00+00:00,9451.515296,-6.617391,9458.132687
2026-04-30T11:00:00+00:00,9419.887759,9419.887759,0.000000
2026-04-30T12:00:00+00:00,9419.887759,9419.887759,0.000000
2026-04-30T13:00:00+00:00,9419.887759,9419.887759,0.000000
2026-04-30T14:00:00+00:00,9419.887759,9419.887759,0.000000
2026-04-30T15:00:00+00:00,9419.887759,9419.887759,0.000000
2026-04-30T16:00:00+00:00,9419.887759,9419.887759,0.000000
2026-04-30T17:00:00+00:00,9419.887759,9419.887759,0.000000
2026-04-30T18:00:00+00:00,9419.887759,9419.887759,0.000000
2026-04-30T19:00:00+00:00,9419.887759,9419.887759,0.000000
2026-04-30T20:00:00+00:00,9419.887759,9419.887759,0.000000
2026-04-30T21:00:00+00:00,9419.887759,9419.887759,0.000000
2026-04-30T22:00:00+00:00,9419.887759,9419.887759,0.000000
2026-04-30T23:00:00+00:00,9419.887759,9419.887759,0.000000
2026-05-01T00:00:00+00:00,9419.887759,9419.887759,0.000000
2026-05-01T01:00:00+00:00,9419.887759,9419.887759,0.000000
2026-05-01T02:00:00+00:00,9419.887759,9419.887759,0.000000
2026-05-01T03:00:00+00:00,9419.887759,9419.887759,0.000000
2026-05-01T04:00:00+00:00,9419.887759,9419.887759,0.000000
2026-05-01T05:00:00+00:00,9419.887759,9419.887759,0.000000
2026-05-01T06:00:00+00:00,9419.887759,9419.887759,0.000000
2026-05-01T07:00:00+00:00,9419.887759,9419.887759,0.000000
2026-05-01T08:00:00+00:00,9419.887759,9419.887759,0.000000
2026-05-01T09:00:00+00:00,9419.887759,9419.887759,0.000000
2026-05-01T10:00:00+00:00,9419.887759,9419.887759,0.000000
2026-05-01T11:00:00+00:00,9419.887759,9419.887759,0.000000
2026-05-01T12:00:00+00:00,9419.887759,9419.887759,0.000000
2026-05-01T13:00:00+00:00,9419.887759,9419.887759,0.000000
2026-05-01T14:00:00+00:00,9419.887759,9419.887759,0.000000
2026-05-01T15:00:00+00:00,9419.887759,9419.887759,0.000000
2026-05-01T16:00:00+00:00,9419.887759,9419.887759,0.000000
2026-05-01T17:00:00+00:00,9419.887759,9419.887759,0.000000
2026-05-01T18:00:00+00:00,9419.887759,9419.887759,0.000000
2026-05-01T19:00:00+00:00,9419.887759,9419.887759,0.000000
2026-05-01T20:00:00+00:00,9413.294780,-2.825024,9419.887759
2026-05-01T21:00:00+00:00,9381.948086,-2.825024,9451.234453
2026-05-01T22:00:00+00:00,9379.267118,-2.825024,9453.915420
2026-05-01T23:00:00+00:00,9370.193075,-2.825024,9462.989463
2026-05-02T00:00:00+00:00,9361.531489,-2.825024,9471.651050
2026-05-02T01:00:00+00:00,9356.994467,-2.825024,9476.188071
2026-05-02T02:00:00+00:00,9337.320740,9337.320740,0.000000
2026-05-02T03:00:00+00:00,9337.320740,9337.320740,0.000000
2026-05-02T04:00:00+00:00,9337.320740,9337.320740,0.000000
2026-05-02T05:00:00+00:00,9337.320740,9337.320740,0.000000
2026-05-02T06:00:00+00:00,9337.320740,9337.320740,0.000000
2026-05-02T07:00:00+00:00,9337.320740,9337.320740,0.000000
2026-05-02T08:00:00+00:00,9337.320740,9337.320740,0.000000
2026-05-02T09:00:00+00:00,9337.320740,9337.320740,0.000000
2026-05-02T10:00:00+00:00,9337.320740,9337.320740,0.000000
2026-05-02T11:00:00+00:00,9337.320740,9337.320740,0.000000
2026-05-02T12:00:00+00:00,9337.320740,9337.320740,0.000000
2026-05-02T13:00:00+00:00,9337.320740,9337.320740,0.000000
2026-05-02T14:00:00+00:00,9337.320740,9337.320740,0.000000
2026-05-02T15:00:00+00:00,9337.320740,9337.320740,0.000000
2026-05-02T16:00:00+00:00,9337.320740,9337.320740,0.000000
2026-05-02T17:00:00+00:00,9337.320740,9337.320740,0.000000
2026-05-02T18:00:00+00:00,9337.320740,9337.320740,0.000000
2026-05-02T19:00:00+00:00,9337.320740,9337.320740,0.000000
2026-05-02T20:00:00+00:00,9337.320740,9337.320740,0.000000
2026-05-02T21:00:00+00:00,9330.783682,-6.537058,9337.320740
2026-05-02T22:00:00+00:00,9336.407122,-6.537058,9342.944180
2026-05-02T23:00:00+00:00,9296.038855,-6.537058,9302.575913
2026-05-03T00:00:00+00:00,9260.751303,9260.751303,0.000000
2026-05-03T01:00:00+00:00,9254.269703,-2.777299,9260.751303
2026-05-03T02:00:00+00:00,9256.280550,-2.777299,9258.740457
2026-05-03T03:00:00+00:00,9262.313088,-2.777299,9252.707918
2026-05-03T04:00:00+00:00,9263.720681,-2.777299,9251.300326
2026-05-03T05:00:00+00:00,9253.465365,-2.777299,9261.555642
2026-05-03T06:00:00+00:00,9251.454519,-2.777299,9263.566488
2026-05-03T07:00:00+00:00,9232.150395,-2.777299,9282.870612
2026-05-03T08:00:00+00:00,9236.373172,-2.777299,9278.647835
2026-05-03T09:00:00+00:00,9201.233961,9201.233961,0.000000
2026-05-03T10:00:00+00:00,9201.233961,9201.233961,0.000000
2026-05-03T11:00:00+00:00,9194.792178,-6.441784,9201.233961
2026-05-03T12:00:00+00:00,9217.409381,-6.441784,9223.851165
2026-05-03T13:00:00+00:00,9202.926435,-6.441784,9209.368219
2026-05-03T14:00:00+00:00,9228.122793,-6.441784,9234.564577
2026-05-03T15:00:00+00:00,9227.726000,-6.441784,9234.167784
2026-05-03T16:00:00+00:00,9227.924397,-6.441784,9234.366181
2026-05-03T17:00:00+00:00,9241.415361,-6.441784,9247.857144
2026-05-03T18:00:00+00:00,9237.844223,-6.441784,9244.286007
2026-05-03T19:00:00+00:00,9257.287082,-6.441784,9263.728866
2026-05-03T20:00:00+00:00,9232.487517,-6.441784,9238.929301
2026-05-03T21:00:00+00:00,9213.326356,9213.326356,0.000000
2026-05-03T22:00:00+00:00,9213.326356,9213.326356,0.000000
2026-05-03T23:00:00+00:00,9213.326356,9213.326356,0.000000
2026-05-04T00:00:00+00:00,9206.877948,-2.763077,9213.326356
2026-05-04T01:00:00+00:00,9085.291393,-6.365069,9091.656462
2026-05-04T02:00:00+00:00,9146.792214,9146.792214,0.000000
2026-05-04T03:00:00+00:00,9146.792214,9146.792214,0.000000
2026-05-04T04:00:00+00:00,9146.792214,9146.792214,0.000000
2026-05-04T05:00:00+00:00,9146.792214,9146.792214,0.000000
2026-05-04T06:00:00+00:00,9146.792214,9146.792214,0.000000
2026-05-04T07:00:00+00:00,9146.792214,9146.792214,0.000000
2026-05-04T08:00:00+00:00,9146.792214,9146.792214,0.000000
2026-05-04T09:00:00+00:00,9146.792214,9146.792214,0.000000
2026-05-04T10:00:00+00:00,9140.390374,-2.743123,9146.792214
2026-05-04T11:00:00+00:00,9144.108344,-2.743123,9143.074244
2026-05-04T12:00:00+00:00,9151.935648,-2.743123,9135.246940
2026-05-04T13:00:00+00:00,9111.094610,9111.094610,0.000000
2026-05-04T14:00:00+00:00,9111.094610,9111.094610,0.000000
2026-05-04T15:00:00+00:00,9111.094610,9111.094610,0.000000
2026-05-04T16:00:00+00:00,9111.094610,9111.094610,0.000000
2026-05-04T17:00:00+00:00,9111.094610,9111.094610,0.000000
2026-05-04T18:00:00+00:00,9111.094610,9111.094610,0.000000
2026-05-04T19:00:00+00:00,9111.094610,9111.094610,0.000000
2026-05-04T20:00:00+00:00,9111.094610,9111.094610,0.000000
2026-05-04T21:00:00+00:00,9111.094610,9111.094610,0.000000
2026-05-04T22:00:00+00:00,9111.094610,9111.094610,0.000000
2026-05-04T23:00:00+00:00,9111.094610,9111.094610,0.000000
2026-05-05T00:00:00+00:00,9111.094610,9111.094610,0.000000
2026-05-05T01:00:00+00:00,9111.094610,9111.094610,0.000000
2026-05-05T02:00:00+00:00,9111.094610,9111.094610,0.000000
2026-05-05T03:00:00+00:00,9104.715932,-6.378677,9111.094610
2026-05-05T04:00:00+00:00,9100.123936,-6.378677,9106.502613
2026-05-05T05:00:00+00:00,9097.062605,-6.378677,9103.441282
2026-05-05T06:00:00+00:00,9059.072867,9059.072867,0.000000
2026-05-05T07:00:00+00:00,9059.072867,9059.072867,0.000000
2026-05-05T08:00:00+00:00,9059.072867,9059.072867,0.000000
2026-05-05T09:00:00+00:00,9059.072867,9059.072867,0.000000
2026-05-05T10:00:00+00:00,9059.072867,9059.072867,0.000000
2026-05-05T11:00:00+00:00,9059.072867,9059.072867,0.000000
2026-05-05T12:00:00+00:00,9059.072867,9059.072867,0.000000
2026-05-05T13:00:00+00:00,9059.072867,9059.072867,0.000000
2026-05-05T14:00:00+00:00,9059.072867,9059.072867,0.000000
2026-05-05T15:00:00+00:00,9052.732422,-2.716816,9059.072867
2026-05-05T16:00:00+00:00,9055.846416,9055.846416,0.000000
2026-05-05T17:00:00+00:00,9055.846416,9055.846416,0.000000
2026-05-05T18:00:00+00:00,9055.846416,9055.846416,0.000000
2026-05-05T19:00:00+00:00,9055.846416,9055.846416,0.000000
2026-05-05T20:00:00+00:00,9055.846416,9055.846416,0.000000
2026-05-05T21:00:00+00:00,9055.846416,9055.846416,0.000000
2026-05-05T22:00:00+00:00,9055.846416,9055.846416,0.000000
2026-05-05T23:00:00+00:00,9055.846416,9055.846416,0.000000
2026-05-06T00:00:00+00:00,9055.846416,9055.846416,0.000000
2026-05-06T01:00:00+00:00,9055.846416,9055.846416,0.000000
2026-05-06T02:00:00+00:00,9055.846416,9055.846416,0.000000
2026-05-06T03:00:00+00:00,9055.846416,9055.846416,0.000000
2026-05-06T04:00:00+00:00,9055.846416,9055.846416,0.000000
2026-05-06T05:00:00+00:00,9055.846416,9055.846416,0.000000
2026-05-06T06:00:00+00:00,9055.846416,9055.846416,0.000000
2026-05-06T07:00:00+00:00,9055.846416,9055.846416,0.000000
2026-05-06T08:00:00+00:00,9049.506418,-6.339998,9055.846416
2026-05-06T09:00:00+00:00,9060.415760,9060.415760,0.000000
2026-05-06T10:00:00+00:00,9060.415760,9060.415760,0.000000
2026-05-06T11:00:00+00:00,9060.415760,9060.415760,0.000000
2026-05-06T12:00:00+00:00,9060.415760,9060.415760,0.000000
2026-05-06T13:00:00+00:00,9060.415760,9060.415760,0.000000
2026-05-06T14:00:00+00:00,9054.074375,-2.717219,9060.415760
2026-05-06T15:00:00+00:00,9055.803352,-2.717219,9058.686783
2026-05-06T16:00:00+00:00,9059.645523,-2.717219,9054.844612
2026-05-06T17:00:00+00:00,9091.727652,-2.717219,9022.762483
2026-05-06T18:00:00+00:00,9109.017422,-2.717219,9005.472714
2026-05-06T19:00:00+00:00,9096.530366,-2.717219,9017.959770
2026-05-06T20:00:00+00:00,9062.398554,9062.398554,0.000000
2026-05-06T21:00:00+00:00,9062.398554,9062.398554,0.000000
2026-05-06T22:00:00+00:00,9062.398554,9062.398554,0.000000
2026-05-06T23:00:00+00:00,9062.398554,9062.398554,0.000000
2026-05-07T00:00:00+00:00,9062.398554,9062.398554,0.000000
2026-05-07T01:00:00+00:00,9062.398554,9062.398554,0.000000
2026-05-07T02:00:00+00:00,9062.398554,9062.398554,0.000000
2026-05-07T03:00:00+00:00,9062.398554,9062.398554,0.000000
2026-05-07T04:00:00+00:00,9062.398554,9062.398554,0.000000
2026-05-07T05:00:00+00:00,9062.398554,9062.398554,0.000000
2026-05-07T06:00:00+00:00,9062.398554,9062.398554,0.000000
2026-05-07T07:00:00+00:00,9062.398554,9062.398554,0.000000
2026-05-07T08:00:00+00:00,9056.053969,-6.344585,9062.398554
2026-05-07T09:00:00+00:00,9037.018173,-6.344585,9043.362758
2026-05-07T10:00:00+00:00,8990.741530,8990.741530,0.000000
2026-05-07T11:00:00+00:00,8990.741530,8990.741530,0.000000
2026-05-07T12:00:00+00:00,8990.741530,8990.741530,0.000000
2026-05-07T13:00:00+00:00,8984.448910,-2.696323,8990.741530
2026-05-07T14:00:00+00:00,9008.110256,9008.110256,0.000000
2026-05-07T15:00:00+00:00,9008.110256,9008.110256,0.000000
2026-05-07T16:00:00+00:00,9008.110256,9008.110256,0.000000
2026-05-07T17:00:00+00:00,9008.110256,9008.110256,0.000000
2026-05-07T18:00:00+00:00,9008.110256,9008.110256,0.000000
2026-05-07T19:00:00+00:00,9008.110256,9008.110256,0.000000
2026-05-07T20:00:00+00:00,9008.110256,9008.110256,0.000000
2026-05-07T21:00:00+00:00,9008.110256,9008.110256,0.000000
2026-05-07T22:00:00+00:00,9008.110256,9008.110256,0.000000
2026-05-07T23:00:00+00:00,9008.110256,9008.110256,0.000000
2026-05-08T00:00:00+00:00,9008.110256,9008.110256,0.000000
2026-05-08T01:00:00+00:00,9008.110256,9008.110256,0.000000
2026-05-08T02:00:00+00:00,9008.110256,9008.110256,0.000000
2026-05-08T03:00:00+00:00,9008.110256,9008.110256,0.000000
2026-05-08T04:00:00+00:00,9001.803678,-6.306578,9008.110256
2026-05-08T05:00:00+00:00,8980.276799,-6.306578,8986.583377
2026-05-08T06:00:00+00:00,8977.116890,-6.306578,8983.423468
2026-05-08T07:00:00+00:00,8998.841263,-6.306578,9005.147841
2026-05-08T08:00:00+00:00,9008.913473,-6.306578,9015.220051
2026-05-08T09:00:00+00:00,9012.073382,-6.306578,9018.379960
2026-05-08T10:00:00+00:00,9026.095478,-6.306578,9032.402056
2026-05-08T11:00:00+00:00,9054.534658,-6.306578,9060.841236
2026-05-08T12:00:00+00:00,9003.557345,9003.557345,0.000000
2026-05-08T13:00:00+00:00,9003.557345,9003.557345,0.000000
2026-05-08T14:00:00+00:00,9003.557345,9003.557345,0.000000
2026-05-08T15:00:00+00:00,9003.557345,9003.557345,0.000000
2026-05-08T16:00:00+00:00,9003.557345,9003.557345,0.000000
2026-05-08T17:00:00+00:00,9003.557345,9003.557345,0.000000
2026-05-08T18:00:00+00:00,9003.557345,9003.557345,0.000000
2026-05-08T19:00:00+00:00,9003.557345,9003.557345,0.000000
2026-05-08T20:00:00+00:00,9003.557345,9003.557345,0.000000
2026-05-08T21:00:00+00:00,9003.557345,9003.557345,0.000000
2026-05-08T22:00:00+00:00,9003.557345,9003.557345,0.000000
2026-05-08T23:00:00+00:00,9003.557345,9003.557345,0.000000
2026-05-09T00:00:00+00:00,9003.557345,9003.557345,0.000000
2026-05-09T01:00:00+00:00,9003.557345,9003.557345,0.000000
2026-05-09T02:00:00+00:00,9003.557345,9003.557345,0.000000
2026-05-09T03:00:00+00:00,9003.557345,9003.557345,0.000000
2026-05-09T04:00:00+00:00,9003.557345,9003.557345,0.000000
2026-05-09T05:00:00+00:00,9003.557345,9003.557345,0.000000
2026-05-09T06:00:00+00:00,9003.557345,9003.557345,0.000000
2026-05-09T07:00:00+00:00,9003.557345,9003.557345,0.000000
2026-05-09T08:00:00+00:00,9003.557345,9003.557345,0.000000
2026-05-09T09:00:00+00:00,9003.557345,9003.557345,0.000000
2026-05-09T10:00:00+00:00,9003.557345,9003.557345,0.000000
2026-05-09T11:00:00+00:00,9003.557345,9003.557345,0.000000
2026-05-09T12:00:00+00:00,9003.557345,9003.557345,0.000000
2026-05-09T13:00:00+00:00,8997.255755,-2.700167,9003.557345
2026-05-09T14:00:00+00:00,9021.967282,-2.700167,8978.845818
2026-05-09T15:00:00+00:00,8979.129259,8979.129259,0.000000
2026-05-09T16:00:00+00:00,8979.129259,8979.129259,0.000000
2026-05-09T17:00:00+00:00,8972.842971,-6.286288,8979.129259
2026-05-09T18:00:00+00:00,8974.770815,-6.286288,8981.057104
2026-05-09T19:00:00+00:00,8981.711056,-6.286288,8987.997345
2026-05-09T20:00:00+00:00,8970.915126,-6.286288,8977.201415
2026-05-09T21:00:00+00:00,8977.469798,-6.286288,8983.756086
2026-05-09T22:00:00+00:00,8971.493480,-6.286288,8977.779768
2026-05-09T23:00:00+00:00,8958.962489,-6.286288,8965.248778
2026-05-10T00:00:00+00:00,8950.865542,-6.286288,8957.151830
2026-05-10T01:00:00+00:00,8923.116666,-2.677917,8929.366330
2026-05-10T02:00:00+00:00,8907.548224,-2.677917,8944.934771
2026-05-10T03:00:00+00:00,8907.932630,-2.677917,8944.550365
2026-05-10T04:00:00+00:00,8906.395006,-2.677917,8946.087989
2026-05-10T05:00:00+00:00,8910.046863,-2.677917,8942.436133
2026-05-10T06:00:00+00:00,8902.935352,-2.677917,8949.547643
2026-05-10T07:00:00+00:00,8910.046863,-2.677917,8942.436133
2026-05-10T08:00:00+00:00,8898.899090,-2.677917,8953.583906
2026-05-10T09:00:00+00:00,8906.395006,-2.677917,8946.087989
2026-05-10T10:00:00+00:00,8916.966170,-2.677917,8935.516825
2026-05-10T11:00:00+00:00,8928.113944,-2.677917,8924.369052
2026-05-10T12:00:00+00:00,8921.963448,-2.677917,8930.519547
2026-05-10T13:00:00+00:00,8900.052308,-2.677917,8952.430688
2026-05-10T14:00:00+00:00,8895.823842,-2.677917,8956.659154
2026-05-10T15:00:00+00:00,8805.277479,-6.168894,8811.446372
2026-05-10T16:00:00+00:00,8813.350179,-6.168894,8819.519073
2026-05-10T17:00:00+00:00,8806.273888,8806.273888,0.000000
2026-05-10T18:00:00+00:00,8806.273888,8806.273888,0.000000
2026-05-10T19:00:00+00:00,8806.273888,8806.273888,0.000000
2026-05-10T20:00:00+00:00,8806.273888,8806.273888,0.000000
2026-05-10T21:00:00+00:00,8800.110377,-2.641002,8806.273888
2026-05-10T22:00:00+00:00,8683.895618,-6.083855,8689.979472
2026-05-10T23:00:00+00:00,8674.556673,-6.083855,8680.640528
2026-05-11T00:00:00+00:00,8575.322671,8575.322671,0.000000
2026-05-11T01:00:00+00:00,8575.322671,8575.322671,0.000000
2026-05-11T02:00:00+00:00,8569.320803,-2.571739,8575.322671
2026-05-11T03:00:00+00:00,8589.307728,8589.307728,0.000000
2026-05-11T04:00:00+00:00,8589.307728,8589.307728,0.000000
2026-05-11T05:00:00+00:00,8589.307728,8589.307728,0.000000
2026-05-11T06:00:00+00:00,8589.307728,8589.307728,0.000000
2026-05-11T07:00:00+00:00,8589.307728,8589.307728,0.000000
2026-05-11T08:00:00+00:00,8589.307728,8589.307728,0.000000
2026-05-11T09:00:00+00:00,8589.307728,8589.307728,0.000000
2026-05-11T10:00:00+00:00,8589.307728,8589.307728,0.000000
2026-05-11T11:00:00+00:00,8589.307728,8589.307728,0.000000
2026-05-11T12:00:00+00:00,8589.307728,8589.307728,0.000000
2026-05-11T13:00:00+00:00,8589.307728,8589.307728,0.000000
2026-05-11T14:00:00+00:00,8589.307728,8589.307728,0.000000
2026-05-11T15:00:00+00:00,8589.307728,8589.307728,0.000000
2026-05-11T16:00:00+00:00,8589.307728,8589.307728,0.000000
2026-05-11T17:00:00+00:00,8589.307728,8589.307728,0.000000
2026-05-11T18:00:00+00:00,8589.307728,8589.307728,0.000000
2026-05-11T19:00:00+00:00,8583.294354,-6.013374,8589.307728
2026-05-11T20:00:00+00:00,8574.115585,-6.013374,8580.128960
2026-05-11T21:00:00+00:00,8583.661504,-6.013374,8589.674879
2026-05-11T22:00:00+00:00,8586.047984,-6.013374,8592.061358
2026-05-11T23:00:00+00:00,8580.540723,-6.013374,8586.554097
2026-05-12T00:00:00+00:00,8557.777378,-6.013374,8563.790752
2026-05-12T01:00:00+00:00,8470.046866,-2.541946,8475.979204
2026-05-12T02:00:00+00:00,8454.270093,-2.541946,8491.755976
2026-05-12T03:00:00+00:00,8477.017998,-2.541946,8469.008072
2026-05-12T04:00:00+00:00,8471.147571,-2.541946,8474.878498
2026-05-12T05:00:00+00:00,8474.266235,-2.541946,8471.759834
2026-05-12T06:00:00+00:00,8497.014139,-2.541946,8449.011930
2026-05-12T07:00:00+00:00,8528.934586,-2.541946,8417.091484
2026-05-12T08:00:00+00:00,8554.801154,-2.541946,8391.224915
2026-05-12T09:00:00+00:00,8537.556775,-2.541946,8408.469294
2026-05-12T10:00:00+00:00,8561.038483,-2.541946,8384.987586
2026-05-12T11:00:00+00:00,8559.020524,-2.541946,8387.005546
2026-05-12T12:00:00+00:00,8551.315588,-2.541946,8394.710481
2026-05-12T13:00:00+00:00,8553.733297,8553.733297,0.000000
2026-05-12T14:00:00+00:00,8553.733297,8553.733297,0.000000
2026-05-12T15:00:00+00:00,8553.733297,8553.733297,0.000000
2026-05-12T16:00:00+00:00,8553.733297,8553.733297,0.000000
2026-05-12T17:00:00+00:00,8553.733297,8553.733297,0.000000
2026-05-12T18:00:00+00:00,8553.733297,8553.733297,0.000000
2026-05-12T19:00:00+00:00,8547.744829,-5.988469,8553.733297
2026-05-12T20:00:00+00:00,8547.183044,-5.988469,8553.171513
2026-05-12T21:00:00+00:00,8549.430183,-5.988469,8555.418651
2026-05-12T22:00:00+00:00,8536.883659,-5.988469,8542.872127
2026-05-12T23:00:00+00:00,8509.168948,-5.988469,8515.157417
2026-05-13T00:00:00+00:00,8497.137180,8497.137180,0.000000
2026-05-13T01:00:00+00:00,8497.137180,8497.137180,0.000000
2026-05-13T02:00:00+00:00,8497.137180,8497.137180,0.000000
2026-05-13T03:00:00+00:00,8497.137180,8497.137180,0.000000
2026-05-13T04:00:00+00:00,8497.137180,8497.137180,0.000000
2026-05-13T05:00:00+00:00,8497.137180,8497.137180,0.000000
2026-05-13T06:00:00+00:00,8497.137180,8497.137180,0.000000
2026-05-13T07:00:00+00:00,8497.137180,8497.137180,0.000000
2026-05-13T08:00:00+00:00,8497.137180,8497.137180,0.000000
2026-05-13T09:00:00+00:00,8497.137180,8497.137180,0.000000
2026-05-13T10:00:00+00:00,8497.137180,8497.137180,0.000000
2026-05-13T11:00:00+00:00,8497.137180,8497.137180,0.000000
2026-05-13T12:00:00+00:00,8497.137180,8497.137180,0.000000
2026-05-13T13:00:00+00:00,8491.190033,-2.548291,8497.137180
2026-05-13T14:00:00+00:00,8462.702670,8462.702670,0.000000
2026-05-13T15:00:00+00:00,8462.702670,8462.702670,0.000000
2026-05-13T16:00:00+00:00,8462.702670,8462.702670,0.000000
2026-05-13T17:00:00+00:00,8462.702670,8462.702670,0.000000
2026-05-13T18:00:00+00:00,8462.702670,8462.702670,0.000000
2026-05-13T19:00:00+00:00,8462.702670,8462.702670,0.000000
2026-05-13T20:00:00+00:00,8462.702670,8462.702670,0.000000
2026-05-13T21:00:00+00:00,8462.702670,8462.702670,0.000000
2026-05-13T22:00:00+00:00,8462.702670,8462.702670,0.000000
2026-05-13T23:00:00+00:00,8462.702670,8462.702670,0.000000
2026-05-14T00:00:00+00:00,8462.702670,8462.702670,0.000000
2026-05-14T01:00:00+00:00,8456.777932,-5.924738,8462.702670
2026-05-14T02:00:00+00:00,8389.870154,8389.870154,0.000000
2026-05-14T03:00:00+00:00,8383.998084,-2.516122,8389.870154
2026-05-14T04:00:00+00:00,8321.532301,8321.532301,0.000000
2026-05-14T05:00:00+00:00,8315.706396,-5.825905,8321.532301
2026-05-14T06:00:00+00:00,8313.320741,-5.825905,8319.146646
2026-05-14T07:00:00+00:00,8304.328656,-5.825905,8310.154561
2026-05-14T08:00:00+00:00,8307.815383,-5.825905,8313.641288
2026-05-14T09:00:00+00:00,8269.370541,8269.370541,0.000000
2026-05-14T10:00:00+00:00,8269.370541,8269.370541,0.000000
2026-05-14T11:00:00+00:00,8269.370541,8269.370541,0.000000
2026-05-14T12:00:00+00:00,8269.370541,8269.370541,0.000000
2026-05-14T13:00:00+00:00,8269.370541,8269.370541,0.000000
2026-05-14T14:00:00+00:00,8269.370541,8269.370541,0.000000
2026-05-14T15:00:00+00:00,8269.370541,8269.370541,0.000000
2026-05-14T16:00:00+00:00,8269.370541,8269.370541,0.000000
2026-05-14T17:00:00+00:00,8269.370541,8269.370541,0.000000
2026-05-14T18:00:00+00:00,8269.370541,8269.370541,0.000000
2026-05-14T19:00:00+00:00,8269.370541,8269.370541,0.000000
2026-05-14T20:00:00+00:00,8269.370541,8269.370541,0.000000
2026-05-14T21:00:00+00:00,8269.370541,8269.370541,0.000000
2026-05-14T22:00:00+00:00,8269.370541,8269.370541,0.000000
2026-05-14T23:00:00+00:00,8269.370541,8269.370541,0.000000
2026-05-15T00:00:00+00:00,8269.370541,8269.370541,0.000000
2026-05-15T01:00:00+00:00,8263.582808,-2.479984,8269.370541
2026-05-15T02:00:00+00:00,8246.235485,8246.235485,0.000000
2026-05-15T03:00:00+00:00,8246.235485,8246.235485,0.000000
2026-05-15T04:00:00+00:00,8246.235485,8246.235485,0.000000
2026-05-15T05:00:00+00:00,8246.235485,8246.235485,0.000000
2026-05-15T06:00:00+00:00,8246.235485,8246.235485,0.000000
2026-05-15T07:00:00+00:00,8246.235485,8246.235485,0.000000
2026-05-15T08:00:00+00:00,8246.235485,8246.235485,0.000000
2026-05-15T09:00:00+00:00,8246.235485,8246.235485,0.000000
2026-05-15T10:00:00+00:00,8246.235485,8246.235485,0.000000
2026-05-15T11:00:00+00:00,8246.235485,8246.235485,0.000000
2026-05-15T12:00:00+00:00,8246.235485,8246.235485,0.000000
2026-05-15T13:00:00+00:00,8246.235485,8246.235485,0.000000
2026-05-15T14:00:00+00:00,8246.235485,8246.235485,0.000000
2026-05-15T15:00:00+00:00,8246.235485,8246.235485,0.000000
2026-05-15T16:00:00+00:00,8246.235485,8246.235485,0.000000
2026-05-15T17:00:00+00:00,8246.235485,8246.235485,0.000000
2026-05-15T18:00:00+00:00,8246.235485,8246.235485,0.000000
2026-05-15T19:00:00+00:00,8246.235485,8246.235485,0.000000
2026-05-15T20:00:00+00:00,8246.235485,8246.235485,0.000000
2026-05-15T21:00:00+00:00,8246.235485,8246.235485,0.000000
2026-05-15T22:00:00+00:00,8246.235485,8246.235485,0.000000
2026-05-15T23:00:00+00:00,8246.235485,8246.235485,0.000000
2026-05-16T00:00:00+00:00,8240.462295,-5.773189,8246.235485
2026-05-16T01:00:00+00:00,8249.722734,-5.773189,8255.495924
2026-05-16T02:00:00+00:00,8250.463569,-5.773189,8256.236759
2026-05-16T03:00:00+00:00,8243.240427,-5.773189,8249.013617
2026-05-16T04:00:00+00:00,8236.202494,-5.773189,8241.975683
2026-05-16T05:00:00+00:00,8234.165197,-5.773189,8239.938387
2026-05-16T06:00:00+00:00,8185.107311,8185.107311,0.000000
2026-05-16T07:00:00+00:00,8179.378555,-2.454714,8185.107311
2026-05-16T08:00:00+00:00,8184.602456,-2.454714,8179.883410
2026-05-16T09:00:00+00:00,8228.188028,8228.188028,0.000000
2026-05-16T10:00:00+00:00,8228.188028,8228.188028,0.000000
2026-05-16T11:00:00+00:00,8228.188028,8228.188028,0.000000
2026-05-16T12:00:00+00:00,8228.188028,8228.188028,0.000000
2026-05-16T13:00:00+00:00,8228.188028,8228.188028,0.000000
2026-05-16T14:00:00+00:00,8228.188028,8228.188028,0.000000
2026-05-16T15:00:00+00:00,8228.188028,8228.188028,0.000000
2026-05-16T16:00:00+00:00,8228.188028,8228.188028,0.000000
2026-05-16T17:00:00+00:00,8228.188028,8228.188028,0.000000
2026-05-16T18:00:00+00:00,8222.427474,-5.760554,8228.188028
2026-05-16T19:00:00+00:00,8215.069591,-5.760554,8220.830145
2026-05-16T20:00:00+00:00,8221.672819,-5.760554,8227.433373
2026-05-16T21:00:00+00:00,8225.446092,-5.760554,8231.206646
2026-05-16T22:00:00+00:00,8217.522219,-5.760554,8223.282773
2026-05-16T23:00:00+00:00,8218.088209,-5.760554,8223.848764
2026-05-17T00:00:00+00:00,8207.145717,-5.760554,8212.906272
2026-05-17T01:00:00+00:00,8167.160164,8167.160164,0.000000
2026-05-17T02:00:00+00:00,8167.160164,8167.160164,0.000000
2026-05-17T03:00:00+00:00,8167.160164,8167.160164,0.000000
2026-05-17T04:00:00+00:00,8167.160164,8167.160164,0.000000
2026-05-17T05:00:00+00:00,8167.160164,8167.160164,0.000000
2026-05-17T06:00:00+00:00,8167.160164,8167.160164,0.000000
2026-05-17T07:00:00+00:00,8167.160164,8167.160164,0.000000
2026-05-17T08:00:00+00:00,8167.160164,8167.160164,0.000000
2026-05-17T09:00:00+00:00,8167.160164,8167.160164,0.000000
2026-05-17T10:00:00+00:00,8167.160164,8167.160164,0.000000
2026-05-17T11:00:00+00:00,8167.160164,8167.160164,0.000000
2026-05-17T12:00:00+00:00,8167.160164,8167.160164,0.000000
2026-05-17T13:00:00+00:00,8167.160164,8167.160164,0.000000
2026-05-17T14:00:00+00:00,8167.160164,8167.160164,0.000000
2026-05-17T15:00:00+00:00,8167.160164,8167.160164,0.000000
2026-05-17T16:00:00+00:00,8167.160164,8167.160164,0.000000
2026-05-17T17:00:00+00:00,8167.160164,8167.160164,0.000000
2026-05-17T18:00:00+00:00,8167.160164,8167.160164,0.000000
2026-05-17T19:00:00+00:00,8167.160164,8167.160164,0.000000
2026-05-17T20:00:00+00:00,8167.160164,8167.160164,0.000000
2026-05-17T21:00:00+00:00,8167.160164,8167.160164,0.000000
2026-05-17T22:00:00+00:00,8167.160164,8167.160164,0.000000
2026-05-17T23:00:00+00:00,8161.443969,-2.449331,8167.160164
2026-05-18T00:00:00+00:00,8193.420491,8193.420491,0.000000
2026-05-18T01:00:00+00:00,8193.420491,8193.420491,0.000000
2026-05-18T02:00:00+00:00,8193.420491,8193.420491,0.000000
2026-05-18T03:00:00+00:00,8193.420491,8193.420491,0.000000
2026-05-18T04:00:00+00:00,8193.420491,8193.420491,0.000000
2026-05-18T05:00:00+00:00,8193.420491,8193.420491,0.000000
2026-05-18T06:00:00+00:00,8193.420491,8193.420491,0.000000
2026-05-18T07:00:00+00:00,8193.420491,8193.420491,0.000000
2026-05-18T08:00:00+00:00,8193.420491,8193.420491,0.000000
2026-05-18T09:00:00+00:00,8193.420491,8193.420491,0.000000
2026-05-18T10:00:00+00:00,8193.420491,8193.420491,0.000000
2026-05-18T11:00:00+00:00,8187.684278,-5.736214,8193.420491
2026-05-18T12:00:00+00:00,8205.740649,8205.740649,0.000000
2026-05-18T13:00:00+00:00,8205.740649,8205.740649,0.000000
2026-05-18T14:00:00+00:00,8205.740649,8205.740649,0.000000
2026-05-18T15:00:00+00:00,8205.740649,8205.740649,0.000000
2026-05-18T16:00:00+00:00,8199.997451,-2.460902,8205.740649
2026-05-18T17:00:00+00:00,8159.096929,-2.460902,8246.641171
2026-05-18T18:00:00+00:00,8212.060907,8212.060907,0.000000
2026-05-18T19:00:00+00:00,8206.311643,-5.749264,8212.060907
2026-05-18T20:00:00+00:00,8176.545894,-5.749264,8182.295158
2026-05-18T21:00:00+00:00,8202.166385,8202.166385,0.000000
2026-05-18T22:00:00+00:00,8202.166385,8202.166385,0.000000
2026-05-18T23:00:00+00:00,8202.166385,8202.166385,0.000000
2026-05-19T00:00:00+00:00,8202.166385,8202.166385,0.000000
2026-05-19T01:00:00+00:00,8202.166385,8202.166385,0.000000
2026-05-19T02:00:00+00:00,8202.166385,8202.166385,0.000000
2026-05-19T03:00:00+00:00,8202.166385,8202.166385,0.000000
2026-05-19T04:00:00+00:00,8202.166385,8202.166385,0.000000
2026-05-19T05:00:00+00:00,8202.166385,8202.166385,0.000000
2026-05-19T06:00:00+00:00,8202.166385,8202.166385,0.000000
2026-05-19T07:00:00+00:00,8202.166385,8202.166385,0.000000
2026-05-19T08:00:00+00:00,8202.166385,8202.166385,0.000000
2026-05-19T09:00:00+00:00,8202.166385,8202.166385,0.000000
2026-05-19T10:00:00+00:00,8202.166385,8202.166385,0.000000
2026-05-19T11:00:00+00:00,8196.425688,-2.459830,8202.166385
2026-05-19T12:00:00+00:00,8166.685157,-2.459830,8231.906916
2026-05-19T13:00:00+00:00,8137.961018,8137.961018,0.000000
2026-05-19T14:00:00+00:00,8137.961018,8137.961018,0.000000
2026-05-19T15:00:00+00:00,8137.961018,8137.961018,0.000000
2026-05-19T16:00:00+00:00,8137.961018,8137.961018,0.000000
2026-05-19T17:00:00+00:00,8137.961018,8137.961018,0.000000
2026-05-19T18:00:00+00:00,8137.961018,8137.961018,0.000000
2026-05-19T19:00:00+00:00,8137.961018,8137.961018,0.000000
2026-05-19T20:00:00+00:00,8132.263632,-5.697387,8137.961018
2026-05-19T21:00:00+00:00,8126.690870,-5.697387,8132.388257
2026-05-19T22:00:00+00:00,8065.004786,-2.420389,8070.653436
2026-05-19T23:00:00+00:00,8043.345549,-2.420389,8092.312673
2026-05-20T00:00:00+00:00,8046.220669,-2.420389,8089.437553
2026-05-20T01:00:00+00:00,8018.252372,-5.617511,8023.869883
2026-05-20T02:00:00+00:00,7994.915586,-5.617511,8000.533098
2026-05-20T03:00:00+00:00,8003.643165,-5.617511,8009.260676
2026-05-20T04:00:00+00:00,8009.904253,-5.617511,8015.521765
2026-05-20T05:00:00+00:00,8006.231114,8006.231114,0.000000
2026-05-20T06:00:00+00:00,8006.231114,8006.231114,0.000000
2026-05-20T07:00:00+00:00,8006.231114,8006.231114,0.000000
2026-05-20T08:00:00+00:00,8006.231114,8006.231114,0.000000
2026-05-20T09:00:00+00:00,8006.231114,8006.231114,0.000000
2026-05-20T10:00:00+00:00,8006.231114,8006.231114,0.000000
2026-05-20T11:00:00+00:00,8006.231114,8006.231114,0.000000
2026-05-20T12:00:00+00:00,8006.231114,8006.231114,0.000000
2026-05-20T13:00:00+00:00,8006.231114,8006.231114,0.000000
2026-05-20T14:00:00+00:00,8006.231114,8006.231114,0.000000
2026-05-20T15:00:00+00:00,8006.231114,8006.231114,0.000000
2026-05-20T16:00:00+00:00,8006.231114,8006.231114,0.000000
2026-05-20T17:00:00+00:00,8006.231114,8006.231114,0.000000
2026-05-20T18:00:00+00:00,8006.231114,8006.231114,0.000000
2026-05-20T19:00:00+00:00,8006.231114,8006.231114,0.000000
2026-05-20T20:00:00+00:00,8006.231114,8006.231114,0.000000
2026-05-20T21:00:00+00:00,8006.231114,8006.231114,0.000000
2026-05-20T22:00:00+00:00,8000.627553,-2.401069,8006.231114
2026-05-20T23:00:00+00:00,7995.735034,-2.401069,8011.123634
2026-05-21T00:00:00+00:00,7946.619318,-5.567326,7952.186644
2026-05-21T01:00:00+00:00,7931.766510,7931.766510,0.000000
2026-05-21T02:00:00+00:00,7931.766510,7931.766510,0.000000
2026-05-21T03:00:00+00:00,7931.766510,7931.766510,0.000000
2026-05-21T04:00:00+00:00,7931.766510,7931.766510,0.000000
2026-05-21T05:00:00+00:00,7931.766510,7931.766510,0.000000
2026-05-21T06:00:00+00:00,7926.215067,-2.378737,7931.766510
2026-05-21T07:00:00+00:00,7902.169243,-2.378737,7955.812333
2026-05-21T08:00:00+00:00,7873.709636,7873.709636,0.000000
2026-05-21T09:00:00+00:00,7873.709636,7873.709636,0.000000
2026-05-21T10:00:00+00:00,7873.709636,7873.709636,0.000000
2026-05-21T11:00:00+00:00,7873.709636,7873.709636,0.000000
2026-05-21T12:00:00+00:00,7873.709636,7873.709636,0.000000
2026-05-21T13:00:00+00:00,7873.709636,7873.709636,0.000000
2026-05-21T14:00:00+00:00,7873.709636,7873.709636,0.000000
2026-05-21T15:00:00+00:00,7873.709636,7873.709636,0.000000
2026-05-21T16:00:00+00:00,7873.709636,7873.709636,0.000000
2026-05-21T17:00:00+00:00,7868.197252,-5.512384,7873.709636
2026-05-21T18:00:00+00:00,7805.742794,7805.742794,0.000000
2026-05-21T19:00:00+00:00,7805.742794,7805.742794,0.000000
2026-05-21T20:00:00+00:00,7805.742794,7805.742794,0.000000
2026-05-21T21:00:00+00:00,7805.742794,7805.742794,0.000000
2026-05-21T22:00:00+00:00,7805.742794,7805.742794,0.000000
2026-05-21T23:00:00+00:00,7805.742794,7805.742794,0.000000
2026-05-22T00:00:00+00:00,7805.742794,7805.742794,0.000000
2026-05-22T01:00:00+00:00,7805.742794,7805.742794,0.000000
2026-05-22T02:00:00+00:00,7805.742794,7805.742794,0.000000
2026-05-22T03:00:00+00:00,7805.742794,7805.742794,0.000000
2026-05-22T04:00:00+00:00,7805.742794,7805.742794,0.000000
2026-05-22T05:00:00+00:00,7800.279555,-2.340942,7805.742794
2026-05-22T06:00:00+00:00,7813.298906,-2.340942,7792.723443
2026-05-22T07:00:00+00:00,7803.763606,-2.340942,7802.258742
2026-05-22T08:00:00+00:00,7825.768143,-2.340942,7780.254205
2026-05-22T09:00:00+00:00,7820.083638,-2.340942,7785.938710
2026-05-22T10:00:00+00:00,7823.384318,-2.340942,7782.638030
2026-05-22T11:00:00+00:00,7795.511905,-2.340942,7810.510444
2026-05-22T12:00:00+00:00,7770.613369,7770.613369,0.000000
2026-05-22T13:00:00+00:00,7770.613369,7770.613369,0.000000
2026-05-22T14:00:00+00:00,7770.613369,7770.613369,0.000000
2026-05-22T15:00:00+00:00,7770.613369,7770.613369,0.000000
2026-05-22T16:00:00+00:00,7770.613369,7770.613369,0.000000
2026-05-22T17:00:00+00:00,7770.613369,7770.613369,0.000000
2026-05-22T18:00:00+00:00,7770.613369,7770.613369,0.000000
2026-05-22T19:00:00+00:00,7770.613369,7770.613369,0.000000
2026-05-22T20:00:00+00:00,7770.613369,7770.613369,0.000000
2026-05-22T21:00:00+00:00,7770.613369,7770.613369,0.000000
2026-05-22T22:00:00+00:00,7770.613369,7770.613369,0.000000
2026-05-22T23:00:00+00:00,7770.613369,7770.613369,0.000000
2026-05-23T00:00:00+00:00,7770.613369,7770.613369,0.000000
2026-05-23T01:00:00+00:00,7770.613369,7770.613369,0.000000
2026-05-23T02:00:00+00:00,7770.613369,7770.613369,0.000000
2026-05-23T03:00:00+00:00,7770.613369,7770.613369,0.000000
2026-05-23T04:00:00+00:00,7770.613369,7770.613369,0.000000
2026-05-23T05:00:00+00:00,7770.613369,7770.613369,0.000000
2026-05-23T06:00:00+00:00,7770.613369,7770.613369,0.000000
2026-05-23T07:00:00+00:00,7770.613369,7770.613369,0.000000
2026-05-23T08:00:00+00:00,7770.613369,7770.613369,0.000000
2026-05-23T09:00:00+00:00,7770.613369,7770.613369,0.000000
2026-05-23T10:00:00+00:00,7770.613369,7770.613369,0.000000
2026-05-23T11:00:00+00:00,7770.613369,7770.613369,0.000000
2026-05-23T12:00:00+00:00,7770.613369,7770.613369,0.000000
2026-05-23T13:00:00+00:00,7770.613369,7770.613369,0.000000
2026-05-23T14:00:00+00:00,7765.173163,-5.440206,7770.613369
2026-05-23T15:00:00+00:00,7761.025014,-5.440206,7766.465221
2026-05-23T16:00:00+00:00,7766.115924,-5.440206,7771.556130
2026-05-23T17:00:00+00:00,7774.600773,-5.440206,7780.040979
2026-05-23T18:00:00+00:00,7780.415515,7780.415515,0.000000
2026-05-23T19:00:00+00:00,7780.415515,7780.415515,0.000000
2026-05-23T20:00:00+00:00,7780.415515,7780.415515,0.000000
2026-05-23T21:00:00+00:00,7780.415515,7780.415515,0.000000
2026-05-23T22:00:00+00:00,7780.415515,7780.415515,0.000000
2026-05-23T23:00:00+00:00,7780.415515,7780.415515,0.000000
2026-05-24T00:00:00+00:00,7780.415515,7780.415515,0.000000
2026-05-24T01:00:00+00:00,7780.415515,7780.415515,0.000000
2026-05-24T02:00:00+00:00,7780.415515,7780.415515,0.000000
2026-05-24T03:00:00+00:00,7780.415515,7780.415515,0.000000
2026-05-24T04:00:00+00:00,7780.415515,7780.415515,0.000000
2026-05-24T05:00:00+00:00,7780.415515,7780.415515,0.000000
2026-05-24T06:00:00+00:00,7780.415515,7780.415515,0.000000
2026-05-24T07:00:00+00:00,7780.415515,7780.415515,0.000000
2026-05-24T08:00:00+00:00,7780.415515,7780.415515,0.000000
2026-05-24T09:00:00+00:00,7780.415515,7780.415515,0.000000
2026-05-24T10:00:00+00:00,7780.415515,7780.415515,0.000000
2026-05-24T11:00:00+00:00,7780.415515,7780.415515,0.000000
2026-05-24T12:00:00+00:00,7774.970003,-2.333347,7780.415515
2026-05-24T13:00:00+00:00,7809.669576,-2.333347,7745.715942
2026-05-24T14:00:00+00:00,7858.539495,7858.539495,0.000000
2026-05-24T15:00:00+00:00,7858.539495,7858.539495,0.000000
2026-05-24T16:00:00+00:00,7858.539495,7858.539495,0.000000
2026-05-24T17:00:00+00:00,7858.539495,7858.539495,0.000000
2026-05-24T18:00:00+00:00,7858.539495,7858.539495,0.000000
2026-05-24T19:00:00+00:00,7858.539495,7858.539495,0.000000
2026-05-24T20:00:00+00:00,7858.539495,7858.539495,0.000000
2026-05-24T21:00:00+00:00,7858.539495,7858.539495,0.000000
2026-05-24T22:00:00+00:00,7858.539495,7858.539495,0.000000
2026-05-24T23:00:00+00:00,7858.539495,7858.539495,0.000000
2026-05-25T00:00:00+00:00,7858.539495,7858.539495,0.000000
2026-05-25T01:00:00+00:00,7858.539495,7858.539495,0.000000
2026-05-25T02:00:00+00:00,7858.539495,7858.539495,0.000000
2026-05-25T03:00:00+00:00,7858.539495,7858.539495,0.000000
2026-05-25T04:00:00+00:00,7858.539495,7858.539495,0.000000
2026-05-25T05:00:00+00:00,7853.037732,-5.501764,7858.539495
2026-05-25T06:00:00+00:00,7855.834763,-5.501764,7861.336527
2026-05-25T07:00:00+00:00,7883.432140,-5.501764,7888.933904
2026-05-25T08:00:00+00:00,7884.923890,-5.501764,7890.425654
2026-05-25T09:00:00+00:00,7885.110359,-5.501764,7890.612122
2026-05-25T10:00:00+00:00,7886.415640,-5.501764,7891.917404
2026-05-25T11:00:00+00:00,7878.211015,-5.501764,7883.712778
2026-05-25T12:00:00+00:00,7886.229172,-5.501764,7891.730935
2026-05-25T13:00:00+00:00,7883.432140,-5.501764,7888.933904
2026-05-25T14:00:00+00:00,7929.116987,-5.501764,7934.618750
2026-05-25T15:00:00+00:00,7923.149986,-5.501764,7928.651750
2026-05-25T16:00:00+00:00,7911.518642,7911.518642,0.000000
2026-05-25T17:00:00+00:00,7911.518642,7911.518642,0.000000
2026-05-25T18:00:00+00:00,7911.518642,7911.518642,0.000000
2026-05-25T19:00:00+00:00,7911.518642,7911.518642,0.000000
2026-05-25T20:00:00+00:00,7905.981371,-2.372664,7911.518642
2026-05-25T21:00:00+00:00,7897.159302,-2.372664,7920.340711
2026-05-25T22:00:00+00:00,7924.000915,-2.372664,7893.499098
2026-05-25T23:00:00+00:00,7890.026565,-2.372664,7927.473448
2026-05-26T00:00:00+00:00,7927.988144,7927.988144,0.000000
2026-05-26T01:00:00+00:00,7927.988144,7927.988144,0.000000
2026-05-26T02:00:00+00:00,7927.988144,7927.988144,0.000000
2026-05-26T03:00:00+00:00,7927.988144,7927.988144,0.000000
2026-05-26T04:00:00+00:00,7927.988144,7927.988144,0.000000
2026-05-26T05:00:00+00:00,7927.988144,7927.988144,0.000000
2026-05-26T06:00:00+00:00,7927.988144,7927.988144,0.000000
2026-05-26T07:00:00+00:00,7927.988144,7927.988144,0.000000
2026-05-26T08:00:00+00:00,7927.988144,7927.988144,0.000000
2026-05-26T09:00:00+00:00,7927.988144,7927.988144,0.000000
2026-05-26T10:00:00+00:00,7922.437759,-5.550384,7927.988144
2026-05-26T11:00:00+00:00,7897.461847,-5.550384,7903.012232
2026-05-26T12:00:00+00:00,7865.519294,7865.519294,0.000000
2026-05-26T13:00:00+00:00,7865.519294,7865.519294,0.000000
2026-05-26T14:00:00+00:00,7865.519294,7865.519294,0.000000
2026-05-26T15:00:00+00:00,7865.519294,7865.519294,0.000000
2026-05-26T16:00:00+00:00,7860.014217,-2.358869,7865.519294
2026-05-26T17:00:00+00:00,7886.591541,7886.591541,0.000000
2026-05-26T18:00:00+00:00,7886.591541,7886.591541,0.000000
2026-05-26T19:00:00+00:00,7886.591541,7886.591541,0.000000
2026-05-26T20:00:00+00:00,7886.591541,7886.591541,0.000000
2026-05-26T21:00:00+00:00,7886.591541,7886.591541,0.000000
2026-05-26T22:00:00+00:00,7886.591541,7886.591541,0.000000
2026-05-26T23:00:00+00:00,7886.591541,7886.591541,0.000000
2026-05-27T00:00:00+00:00,7886.591541,7886.591541,0.000000
2026-05-27T01:00:00+00:00,7886.591541,7886.591541,0.000000
2026-05-27T02:00:00+00:00,7886.591541,7886.591541,0.000000
2026-05-27T03:00:00+00:00,7886.591541,7886.591541,0.000000
2026-05-27T04:00:00+00:00,7886.591541,7886.591541,0.000000
2026-05-27T05:00:00+00:00,7881.070138,-5.521403,7886.591541
2026-05-27T06:00:00+00:00,7890.566106,-5.521403,7896.087509
2026-05-27T07:00:00+00:00,7905.189897,-5.521403,7910.711300
2026-05-27T08:00:00+00:00,7910.127801,-5.521403,7915.649204
2026-05-27T09:00:00+00:00,7886.302853,7886.302853,0.000000
2026-05-27T10:00:00+00:00,7886.302853,7886.302853,0.000000
2026-05-27T11:00:00+00:00,7886.302853,7886.302853,0.000000
2026-05-27T12:00:00+00:00,7886.302853,7886.302853,0.000000
2026-05-27T13:00:00+00:00,7886.302853,7886.302853,0.000000
2026-05-27T14:00:00+00:00,7880.783230,-2.365102,7886.302853
2026-05-27T15:00:00+00:00,7818.493410,7818.493410,0.000000
2026-05-27T16:00:00+00:00,7818.493410,7818.493410,0.000000
2026-05-27T17:00:00+00:00,7818.493410,7818.493410,0.000000
2026-05-27T18:00:00+00:00,7818.493410,7818.493410,0.000000
2026-05-27T19:00:00+00:00,7818.493410,7818.493410,0.000000
2026-05-27T20:00:00+00:00,7818.493410,7818.493410,0.000000
2026-05-27T21:00:00+00:00,7818.493410,7818.493410,0.000000
2026-05-27T22:00:00+00:00,7818.493410,7818.493410,0.000000
2026-05-27T23:00:00+00:00,7818.493410,7818.493410,0.000000
2026-05-28T00:00:00+00:00,7818.493410,7818.493410,0.000000
2026-05-28T01:00:00+00:00,7818.493410,7818.493410,0.000000
2026-05-28T02:00:00+00:00,7818.493410,7818.493410,0.000000
2026-05-28T03:00:00+00:00,7818.493410,7818.493410,0.000000
2026-05-28T04:00:00+00:00,7818.493410,7818.493410,0.000000
2026-05-28T05:00:00+00:00,7818.493410,7818.493410,0.000000
2026-05-28T06:00:00+00:00,7818.493410,7818.493410,0.000000
2026-05-28T07:00:00+00:00,7818.493410,7818.493410,0.000000
2026-05-28T08:00:00+00:00,7818.493410,7818.493410,0.000000
2026-05-28T09:00:00+00:00,7818.493410,7818.493410,0.000000
2026-05-28T10:00:00+00:00,7818.493410,7818.493410,0.000000
2026-05-28T11:00:00+00:00,7818.493410,7818.493410,0.000000
2026-05-28T12:00:00+00:00,7813.019683,-5.473727,7818.493410
2026-05-28T13:00:00+00:00,7757.889187,7757.889187,0.000000
2026-05-28T14:00:00+00:00,7757.889187,7757.889187,0.000000
2026-05-28T15:00:00+00:00,7757.889187,7757.889187,0.000000
2026-05-28T16:00:00+00:00,7757.889187,7757.889187,0.000000
2026-05-28T17:00:00+00:00,7757.889187,7757.889187,0.000000
2026-05-28T18:00:00+00:00,7757.889187,7757.889187,0.000000
2026-05-28T19:00:00+00:00,7757.889187,7757.889187,0.000000
2026-05-28T20:00:00+00:00,7757.889187,7757.889187,0.000000
2026-05-28T21:00:00+00:00,7757.889187,7757.889187,0.000000
2026-05-28T22:00:00+00:00,7757.889187,7757.889187,0.000000
2026-05-28T23:00:00+00:00,7757.889187,7757.889187,0.000000
2026-05-29T00:00:00+00:00,7757.889187,7757.889187,0.000000
2026-05-29T01:00:00+00:00,7757.889187,7757.889187,0.000000
2026-05-29T02:00:00+00:00,7757.889187,7757.889187,0.000000
2026-05-29T03:00:00+00:00,7757.889187,7757.889187,0.000000
2026-05-29T04:00:00+00:00,7757.889187,7757.889187,0.000000
2026-05-29T05:00:00+00:00,7757.889187,7757.889187,0.000000
2026-05-29T06:00:00+00:00,7757.889187,7757.889187,0.000000
2026-05-29T07:00:00+00:00,7757.889187,7757.889187,0.000000
2026-05-29T08:00:00+00:00,7757.889187,7757.889187,0.000000
2026-05-29T09:00:00+00:00,7757.889187,7757.889187,0.000000
2026-05-29T10:00:00+00:00,7757.889187,7757.889187,0.000000
2026-05-29T11:00:00+00:00,7757.889187,7757.889187,0.000000
2026-05-29T12:00:00+00:00,7757.889187,7757.889187,0.000000
2026-05-29T13:00:00+00:00,7752.459441,-2.326591,7757.889187
2026-05-29T14:00:00+00:00,7776.338290,7776.338290,0.000000
2026-05-29T15:00:00+00:00,7770.894075,-5.444214,7776.338290
2026-05-29T16:00:00+00:00,7746.745249,7746.745249,0.000000
2026-05-29T17:00:00+00:00,7746.745249,7746.745249,0.000000
2026-05-29T18:00:00+00:00,7746.745249,7746.745249,0.000000
2026-05-29T19:00:00+00:00,7746.745249,7746.745249,0.000000
2026-05-29T20:00:00+00:00,7746.745249,7746.745249,0.000000
2026-05-29T21:00:00+00:00,7746.745249,7746.745249,0.000000
2026-05-29T22:00:00+00:00,7746.745249,7746.745249,0.000000
2026-05-29T23:00:00+00:00,7746.745249,7746.745249,0.000000
2026-05-30T00:00:00+00:00,7741.323302,-2.323249,7746.745249
2026-05-30T01:00:00+00:00,7712.212832,-5.403103,7717.615935
2026-05-30T02:00:00+00:00,7719.858957,-5.403103,7725.262059
2026-05-30T03:00:00+00:00,7701.890564,-5.403103,7707.293667
2026-05-30T04:00:00+00:00,7655.858219,-2.297600,7661.220307
2026-05-30T05:00:00+00:00,7636.419302,-2.297600,7680.659224
2026-05-30T06:00:00+00:00,7632.607750,-2.297600,7684.470777
2026-05-30T07:00:00+00:00,7635.656992,-2.297600,7681.421535
2026-05-30T08:00:00+00:00,7642.898941,-2.297600,7674.179585
2026-05-30T09:00:00+00:00,7633.370060,-2.297600,7683.708466
2026-05-30T10:00:00+00:00,7628.415042,-2.297600,7688.663485
2026-05-30T11:00:00+00:00,7630.701973,-2.297600,7686.376553
2026-05-30T12:00:00+00:00,7610.834533,-5.332078,7616.166611
2026-05-30T13:00:00+00:00,7614.229555,-5.332078,7619.561633
2026-05-30T14:00:00+00:00,7637.051649,-5.332078,7642.383728
2026-05-30T15:00:00+00:00,7637.240262,-5.332078,7642.572340
2026-05-30T16:00:00+00:00,7638.560548,-5.332078,7643.892626
2026-05-30T17:00:00+00:00,7638.749160,-5.332078,7644.081239
2026-05-30T18:00:00+00:00,7640.258059,-5.332078,7645.590137
2026-05-30T19:00:00+00:00,7644.596143,-5.332078,7649.928221
2026-05-30T20:00:00+00:00,7638.183323,-5.332078,7643.515402
2026-05-30T21:00:00+00:00,7642.898632,-5.332078,7648.230710
2026-05-30T22:00:00+00:00,7624.414622,-5.332078,7629.746700
2026-05-30T23:00:00+00:00,7609.221610,-2.283604,7614.551034
2026-05-31T00:00:00+00:00,7592.081901,-2.283604,7631.690743
2026-05-31T01:00:00+00:00,7572.010061,-5.304878,7577.314939
2026-05-31T02:00:00+00:00,7591.247987,-5.304878,7596.552865
2026-05-31T03:00:00+00:00,7587.699243,-5.304878,7593.004122
2026-05-31T04:00:00+00:00,7589.006675,-5.304878,7594.311554
2026-05-31T05:00:00+00:00,7574.998476,-5.304878,7580.303355
2026-05-31T06:00:00+00:00,7574.064597,-5.304878,7579.369475
2026-05-31T07:00:00+00:00,7541.453695,-2.263266,7546.735655
2026-05-31T08:00:00+00:00,7527.465133,-2.263266,7560.724217
2026-05-31T09:00:00+00:00,7552.271516,-2.263266,7535.917834
2026-05-31T10:00:00+00:00,7553.017572,-2.263266,7535.171778
2026-05-31T11:00:00+00:00,7544.810950,-2.263266,7543.378400
2026-05-31T12:00:00+00:00,7547.795176,-2.263266,7540.394174
2026-05-31T13:00:00+00:00,7555.255742,-2.263266,7532.933608
2026-05-31T14:00:00+00:00,7545.741367,7545.741367,0.000000
2026-05-31T15:00:00+00:00,7545.741367,7545.741367,0.000000
2026-05-31T16:00:00+00:00,7545.741367,7545.741367,0.000000
2026-05-31T17:00:00+00:00,7545.741367,7545.741367,0.000000
2026-05-31T18:00:00+00:00,7545.741367,7545.741367,0.000000
2026-05-31T19:00:00+00:00,7545.741367,7545.741367,0.000000
2026-05-31T20:00:00+00:00,7545.741367,7545.741367,0.000000
2026-05-31T21:00:00+00:00,7545.741367,7545.741367,0.000000
2026-05-31T22:00:00+00:00,7545.741367,7545.741367,0.000000
2026-05-31T23:00:00+00:00,7545.741367,7545.741367,0.000000
2026-06-01T00:00:00+00:00,7540.458594,-5.282774,7545.741367
2026-06-01T01:00:00+00:00,7475.186993,-2.243379,7480.422541
2026-06-01T02:00:00+00:00,7423.876035,7423.876035,0.000000
2026-06-01T03:00:00+00:00,7418.678580,-5.197456,7423.876035
2026-06-01T04:00:00+00:00,7359.604179,-2.208691,7364.758773
2026-06-01T05:00:00+00:00,7378.764048,-2.208691,7345.598905
2026-06-01T06:00:00+00:00,7401.792736,-2.208691,7322.570216
2026-06-01T07:00:00+00:00,7401.599638,7401.599638,0.000000
2026-06-01T08:00:00+00:00,7401.599638,7401.599638,0.000000
2026-06-01T09:00:00+00:00,7401.599638,7401.599638,0.000000
2026-06-01T10:00:00+00:00,7401.599638,7401.599638,0.000000
2026-06-01T11:00:00+00:00,7401.599638,7401.599638,0.000000
2026-06-01T12:00:00+00:00,7401.599638,7401.599638,0.000000
2026-06-01T13:00:00+00:00,7401.599638,7401.599638,0.000000
2026-06-01T14:00:00+00:00,7401.599638,7401.599638,0.000000
2026-06-01T15:00:00+00:00,7401.599638,7401.599638,0.000000
2026-06-01T16:00:00+00:00,7401.599638,7401.599638,0.000000
2026-06-01T17:00:00+00:00,7396.417778,-5.181860,7401.599638
2026-06-01T18:00:00+00:00,7403.112692,-5.181860,7408.294552
2026-06-01T19:00:00+00:00,7399.170522,7399.170522,0.000000
2026-06-01T20:00:00+00:00,7399.170522,7399.170522,0.000000
2026-06-01T21:00:00+00:00,7399.170522,7399.170522,0.000000
2026-06-01T22:00:00+00:00,7399.170522,7399.170522,0.000000
2026-06-01T23:00:00+00:00,7399.170522,7399.170522,0.000000
2026-06-02T00:00:00+00:00,7399.170522,7399.170522,0.000000
2026-06-02T01:00:00+00:00,7399.170522,7399.170522,0.000000
2026-06-02T02:00:00+00:00,7399.170522,7399.170522,0.000000
2026-06-02T03:00:00+00:00,7399.170522,7399.170522,0.000000
2026-06-02T04:00:00+00:00,7399.170522,7399.170522,0.000000
2026-06-02T05:00:00+00:00,7399.170522,7399.170522,0.000000
2026-06-02T06:00:00+00:00,7393.991843,-2.219011,7399.170522
2026-06-02T07:00:00+00:00,7361.970749,7361.970749,0.000000
2026-06-02T08:00:00+00:00,7361.970749,7361.970749,0.000000
2026-06-02T09:00:00+00:00,7361.970749,7361.970749,0.000000
2026-06-02T10:00:00+00:00,7361.970749,7361.970749,0.000000
2026-06-02T11:00:00+00:00,7361.970749,7361.970749,0.000000
2026-06-02T12:00:00+00:00,7361.970749,7361.970749,0.000000
2026-06-02T13:00:00+00:00,7361.970749,7361.970749,0.000000
2026-06-02T14:00:00+00:00,7361.970749,7361.970749,0.000000
2026-06-02T15:00:00+00:00,7361.970749,7361.970749,0.000000
2026-06-02T16:00:00+00:00,7361.970749,7361.970749,0.000000
2026-06-02T17:00:00+00:00,7361.970749,7361.970749,0.000000
2026-06-02T18:00:00+00:00,7361.970749,7361.970749,0.000000
2026-06-02T19:00:00+00:00,7361.970749,7361.970749,0.000000
2026-06-02T20:00:00+00:00,7361.970749,7361.970749,0.000000
2026-06-02T21:00:00+00:00,7361.970749,7361.970749,0.000000
2026-06-02T22:00:00+00:00,7361.970749,7361.970749,0.000000
2026-06-02T23:00:00+00:00,7361.970749,7361.970749,0.000000
2026-06-03T00:00:00+00:00,7361.970749,7361.970749,0.000000
2026-06-03T01:00:00+00:00,7361.970749,7361.970749,0.000000
2026-06-03T02:00:00+00:00,7361.970749,7361.970749,0.000000
2026-06-03T03:00:00+00:00,7361.970749,7361.970749,0.000000
2026-06-03T04:00:00+00:00,7361.970749,7361.970749,0.000000
2026-06-03T05:00:00+00:00,7361.970749,7361.970749,0.000000
2026-06-03T06:00:00+00:00,7361.970749,7361.970749,0.000000
2026-06-03T07:00:00+00:00,7356.816633,-5.154116,7361.970749
2026-06-03T08:00:00+00:00,7363.678108,-5.154116,7368.832224
2026-06-03T09:00:00+00:00,7327.012880,7327.012880,0.000000
2026-06-03T10:00:00+00:00,7327.012880,7327.012880,0.000000
2026-06-03T11:00:00+00:00,7327.012880,7327.012880,0.000000
2026-06-03T12:00:00+00:00,7327.012880,7327.012880,0.000000
2026-06-03T13:00:00+00:00,7327.012880,7327.012880,0.000000
2026-06-03T14:00:00+00:00,7327.012880,7327.012880,0.000000
2026-06-03T15:00:00+00:00,7327.012880,7327.012880,0.000000
2026-06-03T16:00:00+00:00,7327.012880,7327.012880,0.000000
2026-06-03T17:00:00+00:00,7321.884703,-2.197371,7327.012880
2026-06-03T18:00:00+00:00,7304.443253,-2.197371,7344.454330
2026-06-03T19:00:00+00:00,7392.373148,7392.373148,0.000000
2026-06-03T20:00:00+00:00,7392.373148,7392.373148,0.000000
2026-06-03T21:00:00+00:00,7392.373148,7392.373148,0.000000
2026-06-03T22:00:00+00:00,7387.197748,-5.175400,7392.373148
2026-06-03T23:00:00+00:00,7327.014470,-2.198911,7332.146239
2026-06-04T00:00:00+00:00,7389.676231,7389.676231,0.000000
2026-06-04T01:00:00+00:00,7389.676231,7389.676231,0.000000
2026-06-04T02:00:00+00:00,7389.676231,7389.676231,0.000000
2026-06-04T03:00:00+00:00,7389.676231,7389.676231,0.000000
2026-06-04T04:00:00+00:00,7384.502719,-5.173512,7389.676231
2026-06-04T05:00:00+00:00,7292.175812,7292.175812,0.000000
2026-06-04T06:00:00+00:00,7292.175812,7292.175812,0.000000
2026-06-04T07:00:00+00:00,7292.175812,7292.175812,0.000000
2026-06-04T08:00:00+00:00,7292.175812,7292.175812,0.000000
2026-06-04T09:00:00+00:00,7287.072018,-2.186924,7292.175812
2026-06-04T10:00:00+00:00,7376.883490,7376.883490,0.000000
2026-06-04T11:00:00+00:00,7376.883490,7376.883490,0.000000
2026-06-04T12:00:00+00:00,7371.718934,-5.164556,7376.883490
2026-06-04T13:00:00+00:00,7279.551860,7279.551860,0.000000
2026-06-04T14:00:00+00:00,7279.551860,7279.551860,0.000000
2026-06-04T15:00:00+00:00,7279.551860,7279.551860,0.000000
2026-06-04T16:00:00+00:00,7279.551860,7279.551860,0.000000
2026-06-04T17:00:00+00:00,7279.551860,7279.551860,0.000000
2026-06-04T18:00:00+00:00,7279.551860,7279.551860,0.000000
2026-06-04T19:00:00+00:00,7279.551860,7279.551860,0.000000
2026-06-04T20:00:00+00:00,7279.551860,7279.551860,0.000000
2026-06-04T21:00:00+00:00,7279.551860,7279.551860,0.000000
2026-06-04T22:00:00+00:00,7279.551860,7279.551860,0.000000
2026-06-04T23:00:00+00:00,7279.551860,7279.551860,0.000000
2026-06-05T00:00:00+00:00,7279.551860,7279.551860,0.000000
2026-06-05T01:00:00+00:00,7279.551860,7279.551860,0.000000
2026-06-05T02:00:00+00:00,7274.456902,-2.183138,7279.551860
2026-06-05T03:00:00+00:00,7245.895968,7245.895968,0.000000
2026-06-05T04:00:00+00:00,7245.895968,7245.895968,0.000000
2026-06-05T05:00:00+00:00,7245.895968,7245.895968,0.000000
2026-06-05T06:00:00+00:00,7245.895968,7245.895968,0.000000
2026-06-05T07:00:00+00:00,7245.895968,7245.895968,0.000000
2026-06-05T08:00:00+00:00,7245.895968,7245.895968,0.000000
2026-06-05T09:00:00+00:00,7245.895968,7245.895968,0.000000
2026-06-05T10:00:00+00:00,7245.895968,7245.895968,0.000000
2026-06-05T11:00:00+00:00,7245.895968,7245.895968,0.000000
2026-06-05T12:00:00+00:00,7245.895968,7245.895968,0.000000
2026-06-05T13:00:00+00:00,7245.895968,7245.895968,0.000000
2026-06-05T14:00:00+00:00,7245.895968,7245.895968,0.000000
2026-06-05T15:00:00+00:00,7245.895968,7245.895968,0.000000
2026-06-05T16:00:00+00:00,7245.895968,7245.895968,0.000000
2026-06-05T17:00:00+00:00,7245.895968,7245.895968,0.000000
2026-06-05T18:00:00+00:00,7245.895968,7245.895968,0.000000
2026-06-05T19:00:00+00:00,7245.895968,7245.895968,0.000000
2026-06-05T20:00:00+00:00,7245.895968,7245.895968,0.000000
2026-06-05T21:00:00+00:00,7245.895968,7245.895968,0.000000
2026-06-05T22:00:00+00:00,7240.823116,-5.072852,7245.895968
2026-06-05T23:00:00+00:00,7150.292606,7150.292606,0.000000
2026-06-06T00:00:00+00:00,7150.292606,7150.292606,0.000000
2026-06-06T01:00:00+00:00,7150.292606,7150.292606,0.000000
2026-06-06T02:00:00+00:00,7150.292606,7150.292606,0.000000
2026-06-06T03:00:00+00:00,7150.292606,7150.292606,0.000000
2026-06-06T04:00:00+00:00,7145.288116,-2.144373,7150.292606
2026-06-06T05:00:00+00:00,7050.927034,-4.939812,7055.866847
2026-06-06T06:00:00+00:00,7056.350945,7056.350945,0.000000
2026-06-06T07:00:00+00:00,7056.350945,7056.350945,0.000000
2026-06-06T08:00:00+00:00,7056.350945,7056.350945,0.000000
2026-06-06T09:00:00+00:00,7056.350945,7056.350945,0.000000
2026-06-06T10:00:00+00:00,7056.350945,7056.350945,0.000000
2026-06-06T11:00:00+00:00,7056.350945,7056.350945,0.000000
2026-06-06T12:00:00+00:00,7056.350945,7056.350945,0.000000
2026-06-06T13:00:00+00:00,7056.350945,7056.350945,0.000000
2026-06-06T14:00:00+00:00,7056.350945,7056.350945,0.000000
2026-06-06T15:00:00+00:00,7056.350945,7056.350945,0.000000
2026-06-06T16:00:00+00:00,7056.350945,7056.350945,0.000000
2026-06-06T17:00:00+00:00,7056.350945,7056.350945,0.000000
2026-06-06T18:00:00+00:00,7056.350945,7056.350945,0.000000
2026-06-06T19:00:00+00:00,7056.350945,7056.350945,0.000000
2026-06-06T20:00:00+00:00,7056.350945,7056.350945,0.000000
2026-06-06T21:00:00+00:00,7056.350945,7056.350945,0.000000
2026-06-06T22:00:00+00:00,7056.350945,7056.350945,0.000000
2026-06-06T23:00:00+00:00,7056.350945,7056.350945,0.000000
2026-06-07T00:00:00+00:00,7056.350945,7056.350945,0.000000
2026-06-07T01:00:00+00:00,7056.350945,7056.350945,0.000000
2026-06-07T02:00:00+00:00,7056.350945,7056.350945,0.000000
2026-06-07T03:00:00+00:00,7056.350945,7056.350945,0.000000
2026-06-07T04:00:00+00:00,7056.350945,7056.350945,0.000000
2026-06-07T05:00:00+00:00,7056.350945,7056.350945,0.000000
2026-06-07T06:00:00+00:00,7056.350945,7056.350945,0.000000
2026-06-07T07:00:00+00:00,7056.350945,7056.350945,0.000000
2026-06-07T08:00:00+00:00,7056.350945,7056.350945,0.000000
2026-06-07T09:00:00+00:00,7056.350945,7056.350945,0.000000
2026-06-07T10:00:00+00:00,7056.350945,7056.350945,0.000000
2026-06-07T11:00:00+00:00,7056.350945,7056.350945,0.000000
2026-06-07T12:00:00+00:00,7056.350945,7056.350945,0.000000
2026-06-07T13:00:00+00:00,7056.350945,7056.350945,0.000000
2026-06-07T14:00:00+00:00,7056.350945,7056.350945,0.000000
2026-06-07T15:00:00+00:00,7056.350945,7056.350945,0.000000
2026-06-07T16:00:00+00:00,7056.350945,7056.350945,0.000000
2026-06-07T17:00:00+00:00,7056.350945,7056.350945,0.000000
2026-06-07T18:00:00+00:00,7056.350945,7056.350945,0.000000
2026-06-07T19:00:00+00:00,7051.412205,-2.116200,7056.350945
2026-06-07T20:00:00+00:00,7006.761655,7006.761655,0.000000
2026-06-07T21:00:00+00:00,7006.761655,7006.761655,0.000000
2026-06-07T22:00:00+00:00,7001.856221,-4.905434,7006.761655
2026-06-07T23:00:00+00:00,7018.833465,7018.833465,0.000000
2026-06-08T00:00:00+00:00,7018.833465,7018.833465,0.000000
2026-06-08T01:00:00+00:00,7018.833465,7018.833465,0.000000
2026-06-08T02:00:00+00:00,7018.833465,7018.833465,0.000000
2026-06-08T03:00:00+00:00,7018.833465,7018.833465,0.000000
2026-06-08T04:00:00+00:00,7018.833465,7018.833465,0.000000
2026-06-08T05:00:00+00:00,7013.920983,-2.104948,7018.833465
2026-06-08T06:00:00+00:00,6957.315174,6957.315174,0.000000
2026-06-08T07:00:00+00:00,6957.315174,6957.315174,0.000000
2026-06-08T08:00:00+00:00,6957.315174,6957.315174,0.000000
2026-06-08T09:00:00+00:00,6957.315174,6957.315174,0.000000
2026-06-08T10:00:00+00:00,6957.315174,6957.315174,0.000000
2026-06-08T11:00:00+00:00,6957.315174,6957.315174,0.000000
2026-06-08T12:00:00+00:00,6957.315174,6957.315174,0.000000
2026-06-08T13:00:00+00:00,6957.315174,6957.315174,0.000000
2026-06-08T14:00:00+00:00,6957.315174,6957.315174,0.000000
2026-06-08T15:00:00+00:00,6957.315174,6957.315174,0.000000
2026-06-08T16:00:00+00:00,6957.315174,6957.315174,0.000000
2026-06-08T17:00:00+00:00,6957.315174,6957.315174,0.000000
2026-06-08T18:00:00+00:00,6957.315174,6957.315174,0.000000
2026-06-08T19:00:00+00:00,6957.315174,6957.315174,0.000000
2026-06-08T20:00:00+00:00,6957.315174,6957.315174,0.000000
2026-06-08T21:00:00+00:00,6957.315174,6957.315174,0.000000
2026-06-08T22:00:00+00:00,6957.315174,6957.315174,0.000000
2026-06-08T23:00:00+00:00,6957.315174,6957.315174,0.000000
2026-06-09T00:00:00+00:00,6957.315174,6957.315174,0.000000
2026-06-09T01:00:00+00:00,6957.315174,6957.315174,0.000000
2026-06-09T02:00:00+00:00,6957.315174,6957.315174,0.000000
2026-06-09T03:00:00+00:00,6957.315174,6957.315174,0.000000
2026-06-09T04:00:00+00:00,6957.315174,6957.315174,0.000000
2026-06-09T05:00:00+00:00,6957.315174,6957.315174,0.000000
2026-06-09T06:00:00+00:00,6957.315174,6957.315174,0.000000
2026-06-09T07:00:00+00:00,6957.315174,6957.315174,0.000000
2026-06-09T08:00:00+00:00,6957.315174,6957.315174,0.000000
2026-06-09T09:00:00+00:00,6957.315174,6957.315174,0.000000
2026-06-09T10:00:00+00:00,6957.315174,6957.315174,0.000000
2026-06-09T11:00:00+00:00,6957.315174,6957.315174,0.000000
2026-06-09T12:00:00+00:00,6957.315174,6957.315174,0.000000
2026-06-09T13:00:00+00:00,6957.315174,6957.315174,0.000000
2026-06-09T14:00:00+00:00,6957.315174,6957.315174,0.000000
2026-06-09T15:00:00+00:00,6957.315174,6957.315174,0.000000
2026-06-09T16:00:00+00:00,6957.315174,6957.315174,0.000000
2026-06-09T17:00:00+00:00,6957.315174,6957.315174,0.000000
2026-06-09T18:00:00+00:00,6957.315174,6957.315174,0.000000
2026-06-09T19:00:00+00:00,6957.315174,6957.315174,0.000000
2026-06-09T20:00:00+00:00,6957.315174,6957.315174,0.000000
2026-06-09T21:00:00+00:00,6957.315174,6957.315174,0.000000
2026-06-09T22:00:00+00:00,6957.315174,6957.315174,0.000000
2026-06-09T23:00:00+00:00,6957.315174,6957.315174,0.000000
2026-06-10T00:00:00+00:00,6957.315174,6957.315174,0.000000
2026-06-10T01:00:00+00:00,6957.315174,6957.315174,0.000000
2026-06-10T02:00:00+00:00,6957.315174,6957.315174,0.000000
2026-06-10T03:00:00+00:00,6957.315174,6957.315174,0.000000
2026-06-10T04:00:00+00:00,6957.315174,6957.315174,0.000000
2026-06-10T05:00:00+00:00,6957.315174,6957.315174,0.000000
2026-06-10T06:00:00+00:00,6957.315174,6957.315174,0.000000
2026-06-10T07:00:00+00:00,6957.315174,6957.315174,0.000000
2026-06-10T08:00:00+00:00,6957.315174,6957.315174,0.000000
2026-06-10T09:00:00+00:00,6957.315174,6957.315174,0.000000
2026-06-10T10:00:00+00:00,6957.315174,6957.315174,0.000000
2026-06-10T11:00:00+00:00,6957.315174,6957.315174,0.000000
2026-06-10T12:00:00+00:00,6952.444357,-4.870816,6957.315174
2026-06-10T13:00:00+00:00,7029.942527,7029.942527,0.000000
2026-06-10T14:00:00+00:00,7029.942527,7029.942527,0.000000
2026-06-10T15:00:00+00:00,7029.942527,7029.942527,0.000000
2026-06-10T16:00:00+00:00,7029.942527,7029.942527,0.000000
2026-06-10T17:00:00+00:00,7029.942527,7029.942527,0.000000
2026-06-10T18:00:00+00:00,7029.942527,7029.942527,0.000000
2026-06-10T19:00:00+00:00,7029.942527,7029.942527,0.000000
2026-06-10T20:00:00+00:00,7029.942527,7029.942527,0.000000
2026-06-10T21:00:00+00:00,7025.022271,-2.108280,7029.942527
2026-06-10T22:00:00+00:00,6994.641266,6994.641266,0.000000
2026-06-10T23:00:00+00:00,6994.641266,6994.641266,0.000000
2026-06-11T00:00:00+00:00,6994.641266,6994.641266,0.000000
2026-06-11T01:00:00+00:00,6989.744317,-4.896948,6994.641266
2026-06-11T02:00:00+00:00,6940.965399,6940.965399,0.000000
2026-06-11T03:00:00+00:00,6940.965399,6940.965399,0.000000
2026-06-11T04:00:00+00:00,6940.965399,6940.965399,0.000000
2026-06-11T05:00:00+00:00,6940.965399,6940.965399,0.000000
2026-06-11T06:00:00+00:00,6940.965399,6940.965399,0.000000
2026-06-11T07:00:00+00:00,6940.965399,6940.965399,0.000000
2026-06-11T08:00:00+00:00,6940.965399,6940.965399,0.000000
2026-06-11T09:00:00+00:00,6940.965399,6940.965399,0.000000
2026-06-11T10:00:00+00:00,6940.965399,6940.965399,0.000000
2026-06-11T11:00:00+00:00,6940.965399,6940.965399,0.000000
2026-06-11T12:00:00+00:00,6940.965399,6940.965399,0.000000
2026-06-11T13:00:00+00:00,6940.965399,6940.965399,0.000000
2026-06-11T14:00:00+00:00,6940.965399,6940.965399,0.000000
2026-06-11T15:00:00+00:00,6936.107417,-2.081596,6940.965399
2026-06-11T16:00:00+00:00,6961.006606,-2.081596,6916.066210
2026-06-11T17:00:00+00:00,6844.508787,-4.795198,6849.303985
2026-06-11T18:00:00+00:00,6798.231507,6798.231507,0.000000
2026-06-11T19:00:00+00:00,6798.231507,6798.231507,0.000000
2026-06-11T20:00:00+00:00,6798.231507,6798.231507,0.000000
2026-06-11T21:00:00+00:00,6798.231507,6798.231507,0.000000
2026-06-11T22:00:00+00:00,6798.231507,6798.231507,0.000000
2026-06-11T23:00:00+00:00,6798.231507,6798.231507,0.000000
2026-06-12T00:00:00+00:00,6798.231507,6798.231507,0.000000
2026-06-12T01:00:00+00:00,6798.231507,6798.231507,0.000000
2026-06-12T02:00:00+00:00,6798.231507,6798.231507,0.000000
2026-06-12T03:00:00+00:00,6793.473425,-2.038790,6798.231507
2026-06-12T04:00:00+00:00,6776.400101,-2.038790,6815.304830
2026-06-12T05:00:00+00:00,6780.420301,6780.420301,0.000000
2026-06-12T06:00:00+00:00,6780.420301,6780.420301,0.000000
2026-06-12T07:00:00+00:00,6780.420301,6780.420301,0.000000
2026-06-12T08:00:00+00:00,6780.420301,6780.420301,0.000000
2026-06-12T09:00:00+00:00,6780.420301,6780.420301,0.000000
2026-06-12T10:00:00+00:00,6780.420301,6780.420301,0.000000
2026-06-12T11:00:00+00:00,6780.420301,6780.420301,0.000000
2026-06-12T12:00:00+00:00,6780.420301,6780.420301,0.000000
2026-06-12T13:00:00+00:00,6780.420301,6780.420301,0.000000
2026-06-12T14:00:00+00:00,6780.420301,6780.420301,0.000000
2026-06-12T15:00:00+00:00,6780.420301,6780.420301,0.000000
2026-06-12T16:00:00+00:00,6780.420301,6780.420301,0.000000
2026-06-12T17:00:00+00:00,6780.420301,6780.420301,0.000000
2026-06-12T18:00:00+00:00,6780.420301,6780.420301,0.000000
2026-06-12T19:00:00+00:00,6780.420301,6780.420301,0.000000
2026-06-12T20:00:00+00:00,6780.420301,6780.420301,0.000000
2026-06-12T21:00:00+00:00,6780.420301,6780.420301,0.000000
2026-06-12T22:00:00+00:00,6780.420301,6780.420301,0.000000
2026-06-12T23:00:00+00:00,6780.420301,6780.420301,0.000000
2026-06-13T00:00:00+00:00,6780.420301,6780.420301,0.000000
2026-06-13T01:00:00+00:00,6780.420301,6780.420301,0.000000
2026-06-13T02:00:00+00:00,6780.420301,6780.420301,0.000000
2026-06-13T03:00:00+00:00,6780.420301,6780.420301,0.000000
2026-06-13T04:00:00+00:00,6780.420301,6780.420301,0.000000
2026-06-13T05:00:00+00:00,6780.420301,6780.420301,0.000000
2026-06-13T06:00:00+00:00,6780.420301,6780.420301,0.000000
2026-06-13T07:00:00+00:00,6775.673329,-4.746972,6780.420301
2026-06-13T08:00:00+00:00,6768.389082,-4.746972,6773.136054
2026-06-13T09:00:00+00:00,6765.556319,-4.746972,6770.303291
2026-06-13T10:00:00+00:00,6767.175041,-4.746972,6771.922013
2026-06-13T11:00:00+00:00,6784.171618,-4.746972,6788.918590
2026-06-13T12:00:00+00:00,6793.276927,-4.746972,6798.023899
2026-06-13T13:00:00+00:00,6782.552896,-4.746972,6787.299868
2026-06-13T14:00:00+00:00,6790.646504,-4.746972,6795.393477
2026-06-13T15:00:00+00:00,6799.549474,-4.746972,6804.296446
2026-06-13T16:00:00+00:00,6758.042001,6758.042001,0.000000
2026-06-13T17:00:00+00:00,6758.042001,6758.042001,0.000000
2026-06-13T18:00:00+00:00,6758.042001,6758.042001,0.000000
2026-06-13T19:00:00+00:00,6758.042001,6758.042001,0.000000
2026-06-13T20:00:00+00:00,6753.312048,-2.026737,6758.042001
2026-06-13T21:00:00+00:00,6664.127424,-4.668824,6668.796248
2026-06-13T22:00:00+00:00,6645.333166,-4.668824,6650.001990
2026-06-13T23:00:00+00:00,6644.146160,-4.668824,6648.814984
2026-06-14T00:00:00+00:00,6647.311509,-4.668824,6651.980333
2026-06-14T01:00:00+00:00,6653.840041,-4.668824,6658.508865
2026-06-14T02:00:00+00:00,6649.092018,-4.668824,6653.760842
2026-06-14T03:00:00+00:00,6646.718006,-4.668824,6651.386830
2026-06-14T04:00:00+00:00,6618.965215,-1.986418,6623.601073
2026-06-14T05:00:00+00:00,6617.780348,-1.986418,6624.785939
2026-06-14T06:00:00+00:00,6624.889547,-1.986418,6617.676741
2026-06-14T07:00:00+00:00,6627.456758,-1.986418,6615.109530
2026-06-14T08:00:00+00:00,6628.444146,-1.986418,6614.122141
2026-06-14T09:00:00+00:00,6616.792959,-1.986418,6625.773328
2026-06-14T10:00:00+00:00,6638.318034,-1.986418,6604.248254
2026-06-14T11:00:00+00:00,6636.145778,-1.986418,6606.420509
2026-06-14T12:00:00+00:00,6662.410319,-1.986418,6580.155969
2026-06-14T13:00:00+00:00,6664.187618,-1.986418,6578.378669
2026-06-14T14:00:00+00:00,6654.327091,6654.327091,0.000000
2026-06-14T15:00:00+00:00,6654.327091,6654.327091,0.000000
2026-06-14T16:00:00+00:00,6654.327091,6654.327091,0.000000
2026-06-14T17:00:00+00:00,6654.327091,6654.327091,0.000000
2026-06-14T18:00:00+00:00,6654.327091,6654.327091,0.000000
2026-06-14T19:00:00+00:00,6654.327091,6654.327091,0.000000
2026-06-14T20:00:00+00:00,6654.327091,6654.327091,0.000000
2026-06-14T21:00:00+00:00,6649.668396,-4.658694,6654.327091
2026-06-14T22:00:00+00:00,6633.483287,6633.483287,0.000000
2026-06-14T23:00:00+00:00,6633.483287,6633.483287,0.000000
2026-06-15T00:00:00+00:00,6633.483287,6633.483287,0.000000
2026-06-15T01:00:00+00:00,6633.483287,6633.483287,0.000000
2026-06-15T02:00:00+00:00,6633.483287,6633.483287,0.000000
2026-06-15T03:00:00+00:00,6633.483287,6633.483287,0.000000
2026-06-15T04:00:00+00:00,6633.483287,6633.483287,0.000000
2026-06-15T05:00:00+00:00,6633.483287,6633.483287,0.000000
2026-06-15T06:00:00+00:00,6633.483287,6633.483287,0.000000
2026-06-15T07:00:00+00:00,6633.483287,6633.483287,0.000000
2026-06-15T08:00:00+00:00,6633.483287,6633.483287,0.000000
2026-06-15T09:00:00+00:00,6633.483287,6633.483287,0.000000
2026-06-15T10:00:00+00:00,6633.483287,6633.483287,0.000000
2026-06-15T11:00:00+00:00,6633.483287,6633.483287,0.000000
2026-06-15T12:00:00+00:00,6633.483287,6633.483287,0.000000
2026-06-15T13:00:00+00:00,6633.483287,6633.483287,0.000000
2026-06-15T14:00:00+00:00,6633.483287,6633.483287,0.000000
2026-06-15T15:00:00+00:00,6633.483287,6633.483287,0.000000
2026-06-15T16:00:00+00:00,6633.483287,6633.483287,0.000000
2026-06-15T17:00:00+00:00,6633.483287,6633.483287,0.000000
2026-06-15T18:00:00+00:00,6633.483287,6633.483287,0.000000
2026-06-15T19:00:00+00:00,6633.483287,6633.483287,0.000000
2026-06-15T20:00:00+00:00,6633.483287,6633.483287,0.000000
2026-06-15T21:00:00+00:00,6633.483287,6633.483287,0.000000
2026-06-15T22:00:00+00:00,6628.840512,-1.989382,6633.483287
2026-06-15T23:00:00+00:00,6595.780215,6595.780215,0.000000
2026-06-16T00:00:00+00:00,6595.780215,6595.780215,0.000000
2026-06-16T01:00:00+00:00,6595.780215,6595.780215,0.000000
2026-06-16T02:00:00+00:00,6595.780215,6595.780215,0.000000
2026-06-16T03:00:00+00:00,6595.780215,6595.780215,0.000000
2026-06-16T04:00:00+00:00,6595.780215,6595.780215,0.000000
2026-06-16T05:00:00+00:00,6595.780215,6595.780215,0.000000
2026-06-16T06:00:00+00:00,6595.780215,6595.780215,0.000000
2026-06-16T07:00:00+00:00,6595.780215,6595.780215,0.000000
2026-06-16T08:00:00+00:00,6595.780215,6595.780215,0.000000
2026-06-16T09:00:00+00:00,6595.780215,6595.780215,0.000000
2026-06-16T10:00:00+00:00,6595.780215,6595.780215,0.000000
2026-06-16T11:00:00+00:00,6595.780215,6595.780215,0.000000
2026-06-16T12:00:00+00:00,6595.780215,6595.780215,0.000000
2026-06-16T13:00:00+00:00,6595.780215,6595.780215,0.000000
2026-06-16T14:00:00+00:00,6595.780215,6595.780215,0.000000
2026-06-16T15:00:00+00:00,6595.780215,6595.780215,0.000000
2026-06-16T16:00:00+00:00,6595.780215,6595.780215,0.000000
2026-06-16T17:00:00+00:00,6595.780215,6595.780215,0.000000
2026-06-16T18:00:00+00:00,6595.780215,6595.780215,0.000000
2026-06-16T19:00:00+00:00,6595.780215,6595.780215,0.000000
2026-06-16T20:00:00+00:00,6595.780215,6595.780215,0.000000
2026-06-16T21:00:00+00:00,6595.780215,6595.780215,0.000000
2026-06-16T22:00:00+00:00,6595.780215,6595.780215,0.000000
2026-06-16T23:00:00+00:00,6595.780215,6595.780215,0.000000
2026-06-17T00:00:00+00:00,6595.780215,6595.780215,0.000000
2026-06-17T01:00:00+00:00,6595.780215,6595.780215,0.000000
2026-06-17T02:00:00+00:00,6595.780215,6595.780215,0.000000
2026-06-17T03:00:00+00:00,6595.780215,6595.780215,0.000000
2026-06-17T04:00:00+00:00,6595.780215,6595.780215,0.000000
2026-06-17T05:00:00+00:00,6595.780215,6595.780215,0.000000
2026-06-17T06:00:00+00:00,6595.780215,6595.780215,0.000000
2026-06-17T07:00:00+00:00,6595.780215,6595.780215,0.000000
2026-06-17T08:00:00+00:00,6595.780215,6595.780215,0.000000
2026-06-17T09:00:00+00:00,6595.780215,6595.780215,0.000000
2026-06-17T10:00:00+00:00,6595.780215,6595.780215,0.000000
2026-06-17T11:00:00+00:00,6595.780215,6595.780215,0.000000
2026-06-17T12:00:00+00:00,6595.780215,6595.780215,0.000000
2026-06-17T13:00:00+00:00,6595.780215,6595.780215,0.000000
2026-06-17T14:00:00+00:00,6595.780215,6595.780215,0.000000
2026-06-17T15:00:00+00:00,6595.780215,6595.780215,0.000000
2026-06-17T16:00:00+00:00,6595.780215,6595.780215,0.000000
2026-06-17T17:00:00+00:00,6595.780215,6595.780215,0.000000
2026-06-17T18:00:00+00:00,6595.780215,6595.780215,0.000000
2026-06-17T19:00:00+00:00,6595.780215,6595.780215,0.000000
2026-06-17T20:00:00+00:00,6595.780215,6595.780215,0.000000
2026-06-17T21:00:00+00:00,6595.780215,6595.780215,0.000000
2026-06-17T22:00:00+00:00,6595.780215,6595.780215,0.000000
2026-06-17T23:00:00+00:00,6595.780215,6595.780215,0.000000
2026-06-18T00:00:00+00:00,6595.780215,6595.780215,0.000000
2026-06-18T01:00:00+00:00,6595.780215,6595.780215,0.000000
2026-06-18T02:00:00+00:00,6595.780215,6595.780215,0.000000
2026-06-18T03:00:00+00:00,6595.780215,6595.780215,0.000000
2026-06-18T04:00:00+00:00,6595.780215,6595.780215,0.000000
2026-06-18T05:00:00+00:00,6595.780215,6595.780215,0.000000
2026-06-18T06:00:00+00:00,6595.780215,6595.780215,0.000000
2026-06-18T07:00:00+00:00,6595.780215,6595.780215,0.000000
2026-06-18T08:00:00+00:00,6591.162509,-4.617706,6595.780215
2026-06-18T09:00:00+00:00,6585.499599,-4.617706,6590.117305
2026-06-18T10:00:00+00:00,6587.198472,-4.617706,6591.816178
2026-06-18T11:00:00+00:00,6573.418724,-4.617706,6578.036430
2026-06-18T12:00:00+00:00,6599.656875,-4.617706,6604.274580
2026-06-18T13:00:00+00:00,6553.277553,6553.277553,0.000000
2026-06-18T14:00:00+00:00,6553.277553,6553.277553,0.000000
2026-06-18T15:00:00+00:00,6548.690914,-1.965328,6553.277553
2026-06-18T16:00:00+00:00,6529.981741,-1.965328,6571.986725
2026-06-18T17:00:00+00:00,6532.332896,6532.332896,0.000000
2026-06-18T18:00:00+00:00,6532.332896,6532.332896,0.000000
2026-06-18T19:00:00+00:00,6532.332896,6532.332896,0.000000
2026-06-18T20:00:00+00:00,6532.332896,6532.332896,0.000000
2026-06-18T21:00:00+00:00,6532.332896,6532.332896,0.000000
2026-06-18T22:00:00+00:00,6532.332896,6532.332896,0.000000
2026-06-18T23:00:00+00:00,6527.759610,-4.573286,6532.332896
2026-06-19T00:00:00+00:00,6538.645877,-4.573286,6543.219163
2026-06-19T01:00:00+00:00,6537.690941,-4.573286,6542.264227
2026-06-19T02:00:00+00:00,6504.287030,6504.287030,0.000000
2026-06-19T03:00:00+00:00,6504.287030,6504.287030,0.000000
2026-06-19T04:00:00+00:00,6504.287030,6504.287030,0.000000
2026-06-19T05:00:00+00:00,6504.287030,6504.287030,0.000000
2026-06-19T06:00:00+00:00,6504.287030,6504.287030,0.000000
2026-06-19T07:00:00+00:00,6504.287030,6504.287030,0.000000
2026-06-19T08:00:00+00:00,6504.287030,6504.287030,0.000000
2026-06-19T09:00:00+00:00,6504.287030,6504.287030,0.000000
2026-06-19T10:00:00+00:00,6504.287030,6504.287030,0.000000
2026-06-19T11:00:00+00:00,6504.287030,6504.287030,0.000000
2026-06-19T12:00:00+00:00,6504.287030,6504.287030,0.000000
2026-06-19T13:00:00+00:00,6504.287030,6504.287030,0.000000
2026-06-19T14:00:00+00:00,6504.287030,6504.287030,0.000000
2026-06-19T15:00:00+00:00,6504.287030,6504.287030,0.000000
2026-06-19T16:00:00+00:00,6504.287030,6504.287030,0.000000
2026-06-19T17:00:00+00:00,6504.287030,6504.287030,0.000000
2026-06-19T18:00:00+00:00,6504.287030,6504.287030,0.000000
2026-06-19T19:00:00+00:00,6504.287030,6504.287030,0.000000
2026-06-19T20:00:00+00:00,6504.287030,6504.287030,0.000000
2026-06-19T21:00:00+00:00,6504.287030,6504.287030,0.000000
2026-06-19T22:00:00+00:00,6504.287030,6504.287030,0.000000
2026-06-19T23:00:00+00:00,6504.287030,6504.287030,0.000000
2026-06-20T00:00:00+00:00,6504.287030,6504.287030,0.000000
2026-06-20T01:00:00+00:00,6504.287030,6504.287030,0.000000
2026-06-20T02:00:00+00:00,6504.287030,6504.287030,0.000000
2026-06-20T03:00:00+00:00,6504.287030,6504.287030,0.000000
2026-06-20T04:00:00+00:00,6504.287030,6504.287030,0.000000
2026-06-20T05:00:00+00:00,6504.287030,6504.287030,0.000000
2026-06-20T06:00:00+00:00,6504.287030,6504.287030,0.000000
2026-06-20T07:00:00+00:00,6504.287030,6504.287030,0.000000
2026-06-20T08:00:00+00:00,6504.287030,6504.287030,0.000000
2026-06-20T09:00:00+00:00,6504.287030,6504.287030,0.000000
2026-06-20T10:00:00+00:00,6504.287030,6504.287030,0.000000
2026-06-20T11:00:00+00:00,6504.287030,6504.287030,0.000000
2026-06-20T12:00:00+00:00,6504.287030,6504.287030,0.000000
2026-06-20T13:00:00+00:00,6504.287030,6504.287030,0.000000
2026-06-20T14:00:00+00:00,6504.287030,6504.287030,0.000000
2026-06-20T15:00:00+00:00,6504.287030,6504.287030,0.000000
2026-06-20T16:00:00+00:00,6504.287030,6504.287030,0.000000
2026-06-20T17:00:00+00:00,6504.287030,6504.287030,0.000000
2026-06-20T18:00:00+00:00,6504.287030,6504.287030,0.000000
2026-06-20T19:00:00+00:00,6504.287030,6504.287030,0.000000
2026-06-20T20:00:00+00:00,6499.734680,-1.950636,6504.287030
2026-06-20T21:00:00+00:00,6473.527110,-4.535291,6478.062401
2026-06-20T22:00:00+00:00,6503.031415,-4.535291,6507.566707
2026-06-20T23:00:00+00:00,6493.881346,-4.535291,6498.416637
2026-06-21T00:00:00+00:00,6482.303707,-4.535291,6486.838998
2026-06-21T01:00:00+00:00,6479.689401,-4.535291,6484.224693
2026-06-21T02:00:00+00:00,6476.701624,-4.535291,6481.236915
2026-06-21T03:00:00+00:00,6473.602731,-1.942793,6478.136779
2026-06-21T04:00:00+00:00,6492.063743,-1.942793,6459.675768
2026-06-21T05:00:00+00:00,6489.826044,-1.942793,6461.913466
2026-06-21T06:00:00+00:00,6479.942877,-1.942793,6471.796634
2026-06-21T07:00:00+00:00,6494.301441,-1.942793,6457.438069
2026-06-21T08:00:00+00:00,6506.235832,-1.942793,6445.503678
2026-06-21T09:00:00+00:00,6492.436692,-1.942793,6459.302818
2026-06-21T10:00:00+00:00,6497.285039,-1.942793,6454.454471
2026-06-21T11:00:00+00:00,6489.811938,6489.811938,0.000000
2026-06-21T12:00:00+00:00,6489.811938,6489.811938,0.000000
2026-06-21T13:00:00+00:00,6489.811938,6489.811938,0.000000
2026-06-21T14:00:00+00:00,6489.811938,6489.811938,0.000000
2026-06-21T15:00:00+00:00,6489.811938,6489.811938,0.000000
2026-06-21T16:00:00+00:00,6489.811938,6489.811938,0.000000
2026-06-21T17:00:00+00:00,6489.811938,6489.811938,0.000000
2026-06-21T18:00:00+00:00,6489.811938,6489.811938,0.000000
2026-06-21T19:00:00+00:00,6489.811938,6489.811938,0.000000
2026-06-21T20:00:00+00:00,6489.811938,6489.811938,0.000000
2026-06-21T21:00:00+00:00,6489.811938,6489.811938,0.000000
2026-06-21T22:00:00+00:00,6489.811938,6489.811938,0.000000
2026-06-21T23:00:00+00:00,6489.811938,6489.811938,0.000000
2026-06-22T00:00:00+00:00,6489.811938,6489.811938,0.000000
2026-06-22T01:00:00+00:00,6485.268421,-4.543517,6489.811938
2026-06-22T02:00:00+00:00,6460.694262,-4.543517,6465.237780
2026-06-22T03:00:00+00:00,6435.118719,6435.118719,0.000000
2026-06-22T04:00:00+00:00,6435.118719,6435.118719,0.000000
2026-06-22T05:00:00+00:00,6435.118719,6435.118719,0.000000
2026-06-22T06:00:00+00:00,6435.118719,6435.118719,0.000000
2026-06-22T07:00:00+00:00,6435.118719,6435.118719,0.000000
2026-06-22T08:00:00+00:00,6435.118719,6435.118719,0.000000
2026-06-22T09:00:00+00:00,6435.118719,6435.118719,0.000000
2026-06-22T10:00:00+00:00,6435.118719,6435.118719,0.000000
2026-06-22T11:00:00+00:00,6435.118719,6435.118719,0.000000
2026-06-22T12:00:00+00:00,6435.118719,6435.118719,0.000000
2026-06-22T13:00:00+00:00,6435.118719,6435.118719,0.000000
2026-06-22T14:00:00+00:00,6435.118719,6435.118719,0.000000
2026-06-22T15:00:00+00:00,6435.118719,6435.118719,0.000000
2026-06-22T16:00:00+00:00,6435.118719,6435.118719,0.000000
2026-06-22T17:00:00+00:00,6430.614780,-1.929892,6435.118719
2026-06-22T18:00:00+00:00,6418.790579,6418.790579,0.000000
2026-06-22T19:00:00+00:00,6418.790579,6418.790579,0.000000
2026-06-22T20:00:00+00:00,6418.790579,6418.790579,0.000000
2026-06-22T21:00:00+00:00,6418.790579,6418.790579,0.000000
2026-06-22T22:00:00+00:00,6418.790579,6418.790579,0.000000
2026-06-22T23:00:00+00:00,6418.790579,6418.790579,0.000000
2026-06-23T00:00:00+00:00,6418.790579,6418.790579,0.000000
2026-06-23T01:00:00+00:00,6418.790579,6418.790579,0.000000
2026-06-23T02:00:00+00:00,6418.790579,6418.790579,0.000000
2026-06-23T03:00:00+00:00,6418.790579,6418.790579,0.000000
2026-06-23T04:00:00+00:00,6418.790579,6418.790579,0.000000
2026-06-23T05:00:00+00:00,6418.790579,6418.790579,0.000000
2026-06-23T06:00:00+00:00,6418.790579,6418.790579,0.000000
2026-06-23T07:00:00+00:00,6418.790579,6418.790579,0.000000
2026-06-23T08:00:00+00:00,6418.790579,6418.790579,0.000000
2026-06-23T09:00:00+00:00,6418.790579,6418.790579,0.000000
2026-06-23T10:00:00+00:00,6418.790579,6418.790579,0.000000
2026-06-23T11:00:00+00:00,6418.790579,6418.790579,0.000000
2026-06-23T12:00:00+00:00,6418.790579,6418.790579,0.000000
2026-06-23T13:00:00+00:00,6418.790579,6418.790579,0.000000
2026-06-23T14:00:00+00:00,6418.790579,6418.790579,0.000000
2026-06-23T15:00:00+00:00,6418.790579,6418.790579,0.000000
2026-06-23T16:00:00+00:00,6418.790579,6418.790579,0.000000
2026-06-23T17:00:00+00:00,6418.790579,6418.790579,0.000000
2026-06-23T18:00:00+00:00,6418.790579,6418.790579,0.000000
2026-06-23T19:00:00+00:00,6414.296784,-4.493795,6418.790579
2026-06-23T20:00:00+00:00,6418.158059,-4.493795,6422.651854
2026-06-23T21:00:00+00:00,6428.776565,-4.493795,6433.270360
2026-06-23T22:00:00+00:00,6420.281760,-4.493795,6424.775555
2026-06-23T23:00:00+00:00,6429.934948,-4.493795,6434.428743
2026-06-24T00:00:00+00:00,6446.152303,-4.493795,6450.646098
2026-06-24T01:00:00+00:00,6424.900551,6424.900551,0.000000
2026-06-24T02:00:00+00:00,6424.900551,6424.900551,0.000000
2026-06-24T03:00:00+00:00,6424.900551,6424.900551,0.000000
2026-06-24T04:00:00+00:00,6424.900551,6424.900551,0.000000
2026-06-24T05:00:00+00:00,6424.900551,6424.900551,0.000000
2026-06-24T06:00:00+00:00,6424.900551,6424.900551,0.000000
2026-06-24T07:00:00+00:00,6424.900551,6424.900551,0.000000
2026-06-24T08:00:00+00:00,6424.900551,6424.900551,0.000000
2026-06-24T09:00:00+00:00,6424.900551,6424.900551,0.000000
2026-06-24T10:00:00+00:00,6424.900551,6424.900551,0.000000
2026-06-24T11:00:00+00:00,6424.900551,6424.900551,0.000000
2026-06-24T12:00:00+00:00,6424.900551,6424.900551,0.000000
2026-06-24T13:00:00+00:00,6424.900551,6424.900551,0.000000
2026-06-24T14:00:00+00:00,6420.403764,-1.926828,6424.900551
2026-06-24T15:00:00+00:00,6485.488045,6485.488045,0.000000
2026-06-24T16:00:00+00:00,6485.488045,6485.488045,0.000000
2026-06-24T17:00:00+00:00,6485.488045,6485.488045,0.000000
2026-06-24T18:00:00+00:00,6485.488045,6485.488045,0.000000
2026-06-24T19:00:00+00:00,6485.488045,6485.488045,0.000000
2026-06-24T20:00:00+00:00,6485.488045,6485.488045,0.000000
2026-06-24T21:00:00+00:00,6485.488045,6485.488045,0.000000
2026-06-24T22:00:00+00:00,6485.488045,6485.488045,0.000000
2026-06-24T23:00:00+00:00,6480.947555,-4.540490,6485.488045
2026-06-25T00:00:00+00:00,6467.348628,-4.540490,6471.889119
2026-06-25T01:00:00+00:00,6475.148013,-4.540490,6479.688503
2026-06-25T02:00:00+00:00,6475.747965,-4.540490,6480.288456
2026-06-25T03:00:00+00:00,6470.348392,-4.540490,6474.888882
2026-06-25T04:00:00+00:00,6480.862490,6480.862490,0.000000
2026-06-25T05:00:00+00:00,6480.862490,6480.862490,0.000000
2026-06-25T06:00:00+00:00,6480.862490,6480.862490,0.000000
2026-06-25T07:00:00+00:00,6480.862490,6480.862490,0.000000
2026-06-25T08:00:00+00:00,6480.862490,6480.862490,0.000000
2026-06-25T09:00:00+00:00,6480.862490,6480.862490,0.000000
2026-06-25T10:00:00+00:00,6480.862490,6480.862490,0.000000
2026-06-25T11:00:00+00:00,6480.862490,6480.862490,0.000000
2026-06-25T12:00:00+00:00,6480.862490,6480.862490,0.000000
2026-06-25T13:00:00+00:00,6476.326535,-1.943611,6480.862490
2026-06-25T14:00:00+00:00,6395.277131,6395.277131,0.000000
2026-06-25T15:00:00+00:00,6395.277131,6395.277131,0.000000
2026-06-25T16:00:00+00:00,6395.277131,6395.277131,0.000000
2026-06-25T17:00:00+00:00,6395.277131,6395.277131,0.000000
2026-06-25T18:00:00+00:00,6395.277131,6395.277131,0.000000
2026-06-25T19:00:00+00:00,6395.277131,6395.277131,0.000000
2026-06-25T20:00:00+00:00,6395.277131,6395.277131,0.000000
2026-06-25T21:00:00+00:00,6395.277131,6395.277131,0.000000
2026-06-25T22:00:00+00:00,6395.277131,6395.277131,0.000000
2026-06-25T23:00:00+00:00,6395.277131,6395.277131,0.000000
2026-06-26T00:00:00+00:00,6395.277131,6395.277131,0.000000
2026-06-26T01:00:00+00:00,6395.277131,6395.277131,0.000000
2026-06-26T02:00:00+00:00,6395.277131,6395.277131,0.000000
2026-06-26T03:00:00+00:00,6395.277131,6395.277131,0.000000
2026-06-26T04:00:00+00:00,6395.277131,6395.277131,0.000000
2026-06-26T05:00:00+00:00,6395.277131,6395.277131,0.000000
2026-06-26T06:00:00+00:00,6390.799797,-4.477334,6395.277131
2026-06-26T07:00:00+00:00,6397.174856,6397.174856,0.000000
2026-06-26T08:00:00+00:00,6397.174856,6397.174856,0.000000
2026-06-26T09:00:00+00:00,6397.174856,6397.174856,0.000000
2026-06-26T10:00:00+00:00,6397.174856,6397.174856,0.000000
2026-06-26T11:00:00+00:00,6397.174856,6397.174856,0.000000
2026-06-26T12:00:00+00:00,6397.174856,6397.174856,0.000000
2026-06-26T13:00:00+00:00,6397.174856,6397.174856,0.000000
2026-06-26T14:00:00+00:00,6397.174856,6397.174856,0.000000
2026-06-26T15:00:00+00:00,6397.174856,6397.174856,0.000000
2026-06-26T16:00:00+00:00,6397.174856,6397.174856,0.000000
2026-06-26T17:00:00+00:00,6397.174856,6397.174856,0.000000
2026-06-26T18:00:00+00:00,6397.174856,6397.174856,0.000000
2026-06-26T19:00:00+00:00,6397.174856,6397.174856,0.000000
2026-06-26T20:00:00+00:00,6397.174856,6397.174856,0.000000
2026-06-26T21:00:00+00:00,6397.174856,6397.174856,0.000000
2026-06-26T22:00:00+00:00,6397.174856,6397.174856,0.000000
2026-06-26T23:00:00+00:00,6397.174856,6397.174856,0.000000
2026-06-27T00:00:00+00:00,6397.174856,6397.174856,0.000000
2026-06-27T01:00:00+00:00,6397.174856,6397.174856,0.000000
2026-06-27T02:00:00+00:00,6397.174856,6397.174856,0.000000
2026-06-27T03:00:00+00:00,6397.174856,6397.174856,0.000000
2026-06-27T04:00:00+00:00,6397.174856,6397.174856,0.000000
2026-06-27T05:00:00+00:00,6397.174856,6397.174856,0.000000
2026-06-27T06:00:00+00:00,6397.174856,6397.174856,0.000000
2026-06-27T07:00:00+00:00,6397.174856,6397.174856,0.000000
2026-06-27T08:00:00+00:00,6397.174856,6397.174856,0.000000
2026-06-27T09:00:00+00:00,6397.174856,6397.174856,0.000000
2026-06-27T10:00:00+00:00,6397.174856,6397.174856,0.000000
2026-06-27T11:00:00+00:00,6397.174856,6397.174856,0.000000
2026-06-27T12:00:00+00:00,6397.174856,6397.174856,0.000000
2026-06-27T13:00:00+00:00,6397.174856,6397.174856,0.000000
2026-06-27T14:00:00+00:00,6397.174856,6397.174856,0.000000
2026-06-27T15:00:00+00:00,6397.174856,6397.174856,0.000000
2026-06-27T16:00:00+00:00,6397.174856,6397.174856,0.000000
2026-06-27T17:00:00+00:00,6397.174856,6397.174856,0.000000
2026-06-27T18:00:00+00:00,6397.174856,6397.174856,0.000000
2026-06-27T19:00:00+00:00,6392.697474,-1.918513,6397.174856
2026-06-27T20:00:00+00:00,6380.937961,-1.918513,6408.934369
2026-06-27T21:00:00+00:00,6405.267987,-1.918513,6384.604343
2026-06-27T22:00:00+00:00,6401.632418,6401.632418,0.000000
2026-06-27T23:00:00+00:00,6401.632418,6401.632418,0.000000
2026-06-28T00:00:00+00:00,6401.632418,6401.632418,0.000000
2026-06-28T01:00:00+00:00,6401.632418,6401.632418,0.000000
2026-06-28T02:00:00+00:00,6401.632418,6401.632418,0.000000
2026-06-28T03:00:00+00:00,6401.632418,6401.632418,0.000000
2026-06-28T04:00:00+00:00,6401.632418,6401.632418,0.000000
2026-06-28T05:00:00+00:00,6401.632418,6401.632418,0.000000
2026-06-28T06:00:00+00:00,6401.632418,6401.632418,0.000000
2026-06-28T07:00:00+00:00,6401.632418,6401.632418,0.000000
2026-06-28T08:00:00+00:00,6401.632418,6401.632418,0.000000
2026-06-28T09:00:00+00:00,6401.632418,6401.632418,0.000000
2026-06-28T10:00:00+00:00,6401.632418,6401.632418,0.000000
2026-06-28T11:00:00+00:00,6397.150635,-4.481783,6401.632418
2026-06-28T12:00:00+00:00,6399.375953,-4.481783,6403.857736
2026-06-28T13:00:00+00:00,6366.360218,6366.360218,0.000000
2026-06-28T14:00:00+00:00,6366.360218,6366.360218,0.000000
2026-06-28T15:00:00+00:00,6366.360218,6366.360218,0.000000
2026-06-28T16:00:00+00:00,6366.360218,6366.360218,0.000000
2026-06-28T17:00:00+00:00,6361.904403,-1.909271,6366.360218
2026-06-28T18:00:00+00:00,6371.018589,-1.909271,6357.246032
2026-06-28T19:00:00+00:00,6371.652698,6371.652698,0.000000
2026-06-28T20:00:00+00:00,6371.652698,6371.652698,0.000000
2026-06-28T21:00:00+00:00,6371.652698,6371.652698,0.000000
2026-06-28T22:00:00+00:00,6371.652698,6371.652698,0.000000
2026-06-28T23:00:00+00:00,6371.652698,6371.652698,0.000000
2026-06-29T00:00:00+00:00,6371.652698,6371.652698,0.000000
2026-06-29T01:00:00+00:00,6371.652698,6371.652698,0.000000
2026-06-29T02:00:00+00:00,6367.191904,-4.460794,6371.652698
2026-06-29T03:00:00+00:00,6364.104619,6364.104619,0.000000
2026-06-29T04:00:00+00:00,6364.104619,6364.104619,0.000000
2026-06-29T05:00:00+00:00,6364.104619,6364.104619,0.000000
2026-06-29T06:00:00+00:00,6364.104619,6364.104619,0.000000
2026-06-29T07:00:00+00:00,6364.104619,6364.104619,0.000000
2026-06-29T08:00:00+00:00,6364.104619,6364.104619,0.000000
2026-06-29T09:00:00+00:00,6364.104619,6364.104619,0.000000
2026-06-29T10:00:00+00:00,6364.104619,6364.104619,0.000000
2026-06-29T11:00:00+00:00,6364.104619,6364.104619,0.000000
2026-06-29T12:00:00+00:00,6364.104619,6364.104619,0.000000
2026-06-29T13:00:00+00:00,6359.650382,-1.908595,6364.104619
2026-06-29T14:00:00+00:00,6367.743217,6367.743217,0.000000
2026-06-29T15:00:00+00:00,6363.285160,-4.458057,6367.743217
2026-06-29T16:00:00+00:00,6338.096177,6338.096177,0.000000
2026-06-29T17:00:00+00:00,6338.096177,6338.096177,0.000000
2026-06-29T18:00:00+00:00,6338.096177,6338.096177,0.000000
2026-06-29T19:00:00+00:00,6338.096177,6338.096177,0.000000
2026-06-29T20:00:00+00:00,6338.096177,6338.096177,0.000000
2026-06-29T21:00:00+00:00,6338.096177,6338.096177,0.000000
2026-06-29T22:00:00+00:00,6338.096177,6338.096177,0.000000
2026-06-29T23:00:00+00:00,6338.096177,6338.096177,0.000000
2026-06-30T00:00:00+00:00,6338.096177,6338.096177,0.000000
2026-06-30T01:00:00+00:00,6333.660144,-1.900795,6338.096177
2026-06-30T02:00:00+00:00,6347.583905,-1.900795,6324.172416
2026-06-30T03:00:00+00:00,6360.910934,-1.900795,6310.845387
2026-06-30T04:00:00+00:00,6356.932716,-1.900795,6314.823604
2026-06-30T05:00:00+00:00,6342.412222,-1.900795,6329.344098
2026-06-30T06:00:00+00:00,6336.267625,6336.267625,0.000000
2026-06-30T07:00:00+00:00,6336.267625,6336.267625,0.000000
2026-06-30T08:00:00+00:00,6336.267625,6336.267625,0.000000
2026-06-30T09:00:00+00:00,6336.267625,6336.267625,0.000000
2026-06-30T10:00:00+00:00,6336.267625,6336.267625,0.000000
2026-06-30T11:00:00+00:00,6336.267625,6336.267625,0.000000
2026-06-30T12:00:00+00:00,6336.267625,6336.267625,0.000000
2026-06-30T13:00:00+00:00,6336.267625,6336.267625,0.000000
2026-06-30T14:00:00+00:00,6336.267625,6336.267625,0.000000
2026-06-30T15:00:00+00:00,6336.267625,6336.267625,0.000000
2026-06-30T16:00:00+00:00,6336.267625,6336.267625,0.000000
2026-06-30T17:00:00+00:00,6336.267625,6336.267625,0.000000
2026-06-30T18:00:00+00:00,6336.267625,6336.267625,0.000000
2026-06-30T19:00:00+00:00,6336.267625,6336.267625,0.000000
2026-06-30T20:00:00+00:00,6336.267625,6336.267625,0.000000
2026-06-30T21:00:00+00:00,6336.267625,6336.267625,0.000000
2026-06-30T22:00:00+00:00,6336.267625,6336.267625,0.000000
2026-06-30T23:00:00+00:00,6336.267625,6336.267625,0.000000
2026-07-01T00:00:00+00:00,6331.831604,-4.436021,6336.267625
2026-07-01T01:00:00+00:00,6252.666026,6252.666026,0.000000
2026-07-01T02:00:00+00:00,6252.666026,6252.666026,0.000000
2026-07-01T03:00:00+00:00,6252.666026,6252.666026,0.000000
2026-07-01T04:00:00+00:00,6252.666026,6252.666026,0.000000
2026-07-01T05:00:00+00:00,6252.666026,6252.666026,0.000000
2026-07-01T06:00:00+00:00,6252.666026,6252.666026,0.000000
2026-07-01T07:00:00+00:00,6252.666026,6252.666026,0.000000
2026-07-01T08:00:00+00:00,6252.666026,6252.666026,0.000000
2026-07-01T09:00:00+00:00,6252.666026,6252.666026,0.000000
2026-07-01T10:00:00+00:00,6252.666026,6252.666026,0.000000
2026-07-01T11:00:00+00:00,6248.289785,-1.875175,6252.666026
2026-07-01T12:00:00+00:00,6246.894990,-1.875175,6254.060821
2026-07-01T13:00:00+00:00,6165.774514,-4.319683,6170.094197
2026-07-01T14:00:00+00:00,6186.638952,6186.638952,0.000000
2026-07-01T15:00:00+00:00,6186.638952,6186.638952,0.000000
2026-07-01T16:00:00+00:00,6186.638952,6186.638952,0.000000
2026-07-01T17:00:00+00:00,6186.638952,6186.638952,0.000000
2026-07-01T18:00:00+00:00,6186.638952,6186.638952,0.000000
2026-07-01T19:00:00+00:00,6186.638952,6186.638952,0.000000
2026-07-01T20:00:00+00:00,6186.638952,6186.638952,0.000000
2026-07-01T21:00:00+00:00,6186.638952,6186.638952,0.000000
2026-07-01T22:00:00+00:00,6186.638952,6186.638952,0.000000
2026-07-01T23:00:00+00:00,6186.638952,6186.638952,0.000000
2026-07-02T00:00:00+00:00,6186.638952,6186.638952,0.000000
2026-07-02T01:00:00+00:00,6186.638952,6186.638952,0.000000
2026-07-02T02:00:00+00:00,6186.638952,6186.638952,0.000000
2026-07-02T03:00:00+00:00,6186.638952,6186.638952,0.000000
2026-07-02T04:00:00+00:00,6186.638952,6186.638952,0.000000
2026-07-02T05:00:00+00:00,6186.638952,6186.638952,0.000000
2026-07-02T06:00:00+00:00,6186.638952,6186.638952,0.000000
2026-07-02T07:00:00+00:00,6182.308923,-1.855373,6186.638952
2026-07-02T08:00:00+00:00,6148.608878,-1.855373,6220.338997
2026-07-02T09:00:00+00:00,6100.664999,-4.274068,6104.939067
2026-07-02T10:00:00+00:00,6111.071568,-4.274068,6115.345636
2026-07-02T11:00:00+00:00,6126.309757,-4.274068,6130.583825
2026-07-02T12:00:00+00:00,6145.405468,6145.405468,0.000000
2026-07-02T13:00:00+00:00,6145.405468,6145.405468,0.000000
2026-07-02T14:00:00+00:00,6145.405468,6145.405468,0.000000
2026-07-02T15:00:00+00:00,6145.405468,6145.405468,0.000000
2026-07-02T16:00:00+00:00,6145.405468,6145.405468,0.000000
2026-07-02T17:00:00+00:00,6145.405468,6145.405468,0.000000
2026-07-02T18:00:00+00:00,6145.405468,6145.405468,0.000000
2026-07-02T19:00:00+00:00,6145.405468,6145.405468,0.000000
2026-07-02T20:00:00+00:00,6145.405468,6145.405468,0.000000
2026-07-02T21:00:00+00:00,6145.405468,6145.405468,0.000000
2026-07-02T22:00:00+00:00,6145.405468,6145.405468,0.000000
2026-07-02T23:00:00+00:00,6145.405468,6145.405468,0.000000
2026-07-03T00:00:00+00:00,6141.104299,-1.843007,6145.405468
2026-07-03T01:00:00+00:00,6064.250107,6064.250107,0.000000
2026-07-03T02:00:00+00:00,6064.250107,6064.250107,0.000000
2026-07-03T03:00:00+00:00,6064.250107,6064.250107,0.000000
2026-07-03T04:00:00+00:00,6064.250107,6064.250107,0.000000
2026-07-03T05:00:00+00:00,6064.250107,6064.250107,0.000000
2026-07-03T06:00:00+00:00,6064.250107,6064.250107,0.000000
2026-07-03T07:00:00+00:00,6064.250107,6064.250107,0.000000
2026-07-03T08:00:00+00:00,6064.250107,6064.250107,0.000000
2026-07-03T09:00:00+00:00,6064.250107,6064.250107,0.000000
2026-07-03T10:00:00+00:00,6060.004525,-4.245581,6064.250107
2026-07-03T11:00:00+00:00,6060.526855,-4.245581,6064.772437
2026-07-03T12:00:00+00:00,6028.164251,6028.164251,0.000000
2026-07-03T13:00:00+00:00,6028.164251,6028.164251,0.000000
2026-07-03T14:00:00+00:00,6028.164251,6028.164251,0.000000
2026-07-03T15:00:00+00:00,6023.945139,-1.807846,6028.164251
2026-07-03T16:00:00+00:00,6015.584543,-1.807846,6036.524848
2026-07-03T17:00:00+00:00,5984.818598,5984.818598,0.000000
2026-07-03T18:00:00+00:00,5984.818598,5984.818598,0.000000
2026-07-03T19:00:00+00:00,5984.818598,5984.818598,0.000000
2026-07-03T20:00:00+00:00,5984.818598,5984.818598,0.000000
2026-07-03T21:00:00+00:00,5980.628627,-4.189972,5984.818598
2026-07-03T22:00:00+00:00,5960.766377,-4.189972,5964.956348
2026-07-03T23:00:00+00:00,5954.287263,-1.786941,5958.457588
2026-07-04T00:00:00+00:00,5951.913916,-1.786941,5960.830935
2026-07-04T01:00:00+00:00,5988.870322,-1.786941,5923.874529
2026-07-04T02:00:00+00:00,5983.784578,-1.786941,5928.960273
2026-07-04T03:00:00+00:00,5968.527346,-1.786941,5944.217505
2026-07-04T04:00:00+00:00,5950.807892,5950.807892,0.000000
2026-07-04T05:00:00+00:00,5950.807892,5950.807892,0.000000
2026-07-04T06:00:00+00:00,5950.807892,5950.807892,0.000000
2026-07-04T07:00:00+00:00,5950.807892,5950.807892,0.000000
2026-07-04T08:00:00+00:00,5950.807892,5950.807892,0.000000
2026-07-04T09:00:00+00:00,5950.807892,5950.807892,0.000000
2026-07-04T10:00:00+00:00,5950.807892,5950.807892,0.000000
2026-07-04T11:00:00+00:00,5950.807892,5950.807892,0.000000
2026-07-04T12:00:00+00:00,5950.807892,5950.807892,0.000000
2026-07-04T13:00:00+00:00,5950.807892,5950.807892,0.000000
2026-07-04T14:00:00+00:00,5950.807892,5950.807892,0.000000
2026-07-04T15:00:00+00:00,5946.641732,-4.166161,5950.807892
2026-07-04T16:00:00+00:00,5933.015196,-4.166161,5937.181357
2026-07-04T17:00:00+00:00,5949.265333,5949.265333,0.000000
2026-07-04T18:00:00+00:00,5949.265333,5949.265333,0.000000
2026-07-04T19:00:00+00:00,5949.265333,5949.265333,0.000000
2026-07-04T20:00:00+00:00,5949.265333,5949.265333,0.000000
2026-07-04T21:00:00+00:00,5949.265333,5949.265333,0.000000
2026-07-04T22:00:00+00:00,5945.101443,-1.784185,5949.265333
2026-07-04T23:00:00+00:00,5958.273863,-1.784185,5936.092913
2026-07-05T00:00:00+00:00,5985.285662,-1.784185,5909.081114
2026-07-05T01:00:00+00:00,6005.794620,-1.784185,5888.572156
2026-07-05T02:00:00+00:00,6024.969663,-1.784185,5869.397113
2026-07-05T03:00:00+00:00,6022.968789,-1.784185,5871.397987
2026-07-05T04:00:00+00:00,5987.159543,5987.159543,0.000000
2026-07-05T05:00:00+00:00,5987.159543,5987.159543,0.000000
2026-07-05T06:00:00+00:00,5987.159543,5987.159543,0.000000
2026-07-05T07:00:00+00:00,5987.159543,5987.159543,0.000000
2026-07-05T08:00:00+00:00,5987.159543,5987.159543,0.000000
2026-07-05T09:00:00+00:00,5987.159543,5987.159543,0.000000
2026-07-05T10:00:00+00:00,5987.159543,5987.159543,0.000000
2026-07-05T11:00:00+00:00,5987.159543,5987.159543,0.000000
2026-07-05T12:00:00+00:00,5987.159543,5987.159543,0.000000
2026-07-05T13:00:00+00:00,5987.159543,5987.159543,0.000000
2026-07-05T14:00:00+00:00,5987.159543,5987.159543,0.000000
2026-07-05T15:00:00+00:00,5987.159543,5987.159543,0.000000
2026-07-05T16:00:00+00:00,5987.159543,5987.159543,0.000000
2026-07-05T17:00:00+00:00,5982.967933,-4.191610,5987.159543
2026-07-05T18:00:00+00:00,5988.690507,-4.191610,5992.882118
2026-07-05T19:00:00+00:00,5990.205307,-4.191610,5994.396917
2026-07-05T20:00:00+00:00,5975.898870,-4.191610,5980.090480
2026-07-05T21:00:00+00:00,5976.296333,5976.296333,0.000000
2026-07-05T22:00:00+00:00,5976.296333,5976.296333,0.000000
2026-07-05T23:00:00+00:00,5976.296333,5976.296333,0.000000
2026-07-06T00:00:00+00:00,5976.296333,5976.296333,0.000000
2026-07-06T01:00:00+00:00,5976.296333,5976.296333,0.000000
2026-07-06T02:00:00+00:00,5976.296333,5976.296333,0.000000
2026-07-06T03:00:00+00:00,5976.296333,5976.296333,0.000000
2026-07-06T04:00:00+00:00,5972.113524,-1.792291,5976.296333
2026-07-06T05:00:00+00:00,5984.556434,-1.792291,5963.853423
2026-07-06T06:00:00+00:00,6000.362294,-1.792291,5948.047563
2026-07-06T07:00:00+00:00,5991.282332,-1.792291,5957.127525
2026-07-06T08:00:00+00:00,5970.629838,5970.629838,0.000000
2026-07-06T09:00:00+00:00,5970.629838,5970.629838,0.000000
2026-07-06T10:00:00+00:00,5970.629838,5970.629838,0.000000
2026-07-06T11:00:00+00:00,5970.629838,5970.629838,0.000000
2026-07-06T12:00:00+00:00,5970.629838,5970.629838,0.000000
2026-07-06T13:00:00+00:00,5970.629838,5970.629838,0.000000
2026-07-06T14:00:00+00:00,5970.629838,5970.629838,0.000000
2026-07-06T15:00:00+00:00,5970.629838,5970.629838,0.000000
2026-07-06T16:00:00+00:00,5966.449800,-4.180038,5970.629838
2026-07-06T17:00:00+00:00,5951.788544,-4.180038,5955.968582
2026-07-06T18:00:00+00:00,5966.283195,-4.180038,5970.463233
2026-07-06T19:00:00+00:00,5966.949616,-4.180038,5971.129653
2026-07-06T20:00:00+00:00,5967.116221,-4.180038,5971.296259
2026-07-06T21:00:00+00:00,6050.628440,6050.628440,0.000000
2026-07-06T22:00:00+00:00,6050.628440,6050.628440,0.000000
2026-07-06T23:00:00+00:00,6050.628440,6050.628440,0.000000
2026-07-07T00:00:00+00:00,6050.628440,6050.628440,0.000000
2026-07-07T01:00:00+00:00,6050.628440,6050.628440,0.000000
2026-07-07T02:00:00+00:00,6050.628440,6050.628440,0.000000
2026-07-07T03:00:00+00:00,6046.393605,-1.814583,6050.628440
2026-07-07T04:00:00+00:00,6063.479501,-1.814583,6033.542544
2026-07-07T05:00:00+00:00,6042.147985,6042.147985,0.000000
2026-07-07T06:00:00+00:00,6042.147985,6042.147985,0.000000
2026-07-07T07:00:00+00:00,6042.147985,6042.147985,0.000000
2026-07-07T08:00:00+00:00,6042.147985,6042.147985,0.000000
2026-07-07T09:00:00+00:00,6042.147985,6042.147985,0.000000
2026-07-07T10:00:00+00:00,6042.147985,6042.147985,0.000000
2026-07-07T11:00:00+00:00,6042.147985,6042.147985,0.000000
2026-07-07T12:00:00+00:00,6042.147985,6042.147985,0.000000
2026-07-07T13:00:00+00:00,6042.147985,6042.147985,0.000000
2026-07-07T14:00:00+00:00,6042.147985,6042.147985,0.000000
2026-07-07T15:00:00+00:00,6037.917877,-4.230108,6042.147985
2026-07-07T16:00:00+00:00,6037.224288,6037.224288,0.000000
2026-07-07T17:00:00+00:00,6037.224288,6037.224288,0.000000
2026-07-07T18:00:00+00:00,6037.224288,6037.224288,0.000000
2026-07-07T19:00:00+00:00,6037.224288,6037.224288,0.000000
2026-07-07T20:00:00+00:00,6037.224288,6037.224288,0.000000
2026-07-07T21:00:00+00:00,6032.998834,-1.810564,6037.224288
2026-07-07T22:00:00+00:00,6027.209529,-1.810564,6043.013593
2026-07-07T23:00:00+00:00,6009.123827,6009.123827,0.000000
2026-07-08T00:00:00+00:00,6009.123827,6009.123827,0.000000
2026-07-08T01:00:00+00:00,6009.123827,6009.123827,0.000000
2026-07-08T02:00:00+00:00,6009.123827,6009.123827,0.000000
2026-07-08T03:00:00+00:00,6009.123827,6009.123827,0.000000
2026-07-08T04:00:00+00:00,6009.123827,6009.123827,0.000000
2026-07-08T05:00:00+00:00,6009.123827,6009.123827,0.000000
2026-07-08T06:00:00+00:00,6009.123827,6009.123827,0.000000
2026-07-08T07:00:00+00:00,6009.123827,6009.123827,0.000000
2026-07-08T07:00:00+00:00,6009.123827,6009.123827,0.000000
