ts,equity,cash,position_value
2026-04-09T08:00:00+00:00,10000.000000,10000.000000,0.000000
2026-04-09T09:00:00+00:00,10000.000000,10000.000000,0.000000
2026-04-09T10:00:00+00:00,10000.000000,10000.000000,0.000000
2026-04-09T11:00:00+00:00,10000.000000,10000.000000,0.000000
2026-04-09T12:00:00+00:00,10000.000000,10000.000000,0.000000
2026-04-09T13:00:00+00:00,10000.000000,10000.000000,0.000000
2026-04-09T14:00:00+00:00,10000.000000,10000.000000,0.000000
2026-04-09T15:00:00+00:00,10000.000000,10000.000000,0.000000
2026-04-09T16:00:00+00:00,10000.000000,10000.000000,0.000000
2026-04-09T17:00:00+00:00,10000.000000,10000.000000,0.000000
2026-04-09T18:00:00+00:00,10000.000000,10000.000000,0.000000
2026-04-09T19:00:00+00:00,10000.000000,10000.000000,0.000000
2026-04-09T20:00:00+00:00,10000.000000,10000.000000,0.000000
2026-04-09T21:00:00+00:00,10000.000000,10000.000000,0.000000
2026-04-09T22:00:00+00:00,10000.000000,10000.000000,0.000000
2026-04-09T23:00:00+00:00,10000.000000,10000.000000,0.000000
2026-04-10T00:00:00+00:00,10000.000000,10000.000000,0.000000
2026-04-10T01:00:00+00:00,10000.000000,10000.000000,0.000000
2026-04-10T02:00:00+00:00,10000.000000,10000.000000,0.000000
2026-04-10T03:00:00+00:00,10000.000000,10000.000000,0.000000
2026-04-10T04:00:00+00:00,10000.000000,10000.000000,0.000000
2026-04-10T05:00:00+00:00,10000.000000,10000.000000,0.000000
2026-04-10T06:00:00+00:00,10000.000000,10000.000000,0.000000
2026-04-10T07:00:00+00:00,10000.000000,10000.000000,0.000000
2026-04-10T08:00:00+00:00,10000.000000,10000.000000,0.000000
2026-04-10T09:00:00+00:00,10000.000000,10000.000000,0.000000
2026-04-10T10:00:00+00:00,10000.000000,10000.000000,0.000000
2026-04-10T11:00:00+00:00,10000.000000,10000.000000,0.000000
2026-04-10T12:00:00+00:00,10000.000000,10000.000000,0.000000
2026-04-10T13:00:00+00:00,10000.000000,10000.000000,0.000000
2026-04-10T14:00:00+00:00,9993.001000,-2.999000,10000.000000
2026-04-10T15:00:00+00:00,10006.069806,10006.069806,0.000000
2026-04-10T16:00:00+00:00,10006.069806,10006.069806,0.000000
2026-04-10T17:00:00+00:00,10006.069806,10006.069806,0.000000
2026-04-10T18:00:00+00:00,10006.069806,10006.069806,0.000000
2026-04-10T19:00:00+00:00,10006.069806,10006.069806,0.000000
2026-04-10T20:00:00+00:00,10006.069806,10006.069806,0.000000
2026-04-10T21:00:00+00:00,10006.069806,10006.069806,0.000000
2026-04-10T22:00:00+00:00,10006.069806,10006.069806,0.000000
2026-04-10T23:00:00+00:00,10006.069806,10006.069806,0.000000
2026-04-11T00:00:00+00:00,10006.069806,10006.069806,0.000000
2026-04-11T01:00:00+00:00,10006.069806,10006.069806,0.000000
2026-04-11T02:00:00+00:00,10006.069806,10006.069806,0.000000
2026-04-11T03:00:00+00:00,10006.069806,10006.069806,0.000000
2026-04-11T04:00:00+00:00,10006.069806,10006.069806,0.000000
2026-04-11T05:00:00+00:00,10006.069806,10006.069806,0.000000
2026-04-11T06:00:00+00:00,10006.069806,10006.069806,0.000000
2026-04-11T07:00:00+00:00,10006.069806,10006.069806,0.000000
2026-04-11T08:00:00+00:00,10006.069806,10006.069806,0.000000
2026-04-11T09:00:00+00:00,10006.069806,10006.069806,0.000000
2026-04-11T10:00:00+00:00,10006.069806,10006.069806,0.000000
2026-04-11T11:00:00+00:00,10006.069806,10006.069806,0.000000
2026-04-11T12:00:00+00:00,10006.069806,10006.069806,0.000000
2026-04-11T13:00:00+00:00,10006.069806,10006.069806,0.000000
2026-04-11T14:00:00+00:00,10006.069806,10006.069806,0.000000
2026-04-11T15:00:00+00:00,10006.069806,10006.069806,0.000000
2026-04-11T16:00:00+00:00,9999.066558,-3.000820,10006.069806
2026-04-11T17:00:00+00:00,9995.743092,-3.000820,10009.393272
2026-04-11T18:00:00+00:00,9873.931054,9873.931054,0.000000
2026-04-11T19:00:00+00:00,9873.931054,9873.931054,0.000000
2026-04-11T20:00:00+00:00,9873.931054,9873.931054,0.000000
2026-04-11T21:00:00+00:00,9873.931054,9873.931054,0.000000
2026-04-11T22:00:00+00:00,9873.931054,9873.931054,0.000000
2026-04-11T23:00:00+00:00,9873.931054,9873.931054,0.000000
2026-04-12T00:00:00+00:00,9873.931054,9873.931054,0.000000
2026-04-12T01:00:00+00:00,9873.931054,9873.931054,0.000000
2026-04-12T02:00:00+00:00,9873.931054,9873.931054,0.000000
2026-04-12T03:00:00+00:00,9873.931054,9873.931054,0.000000
2026-04-12T04:00:00+00:00,9873.931054,9873.931054,0.000000
2026-04-12T05:00:00+00:00,9873.931054,9873.931054,0.000000
2026-04-12T06:00:00+00:00,9873.931054,9873.931054,0.000000
2026-04-12T07:00:00+00:00,9873.931054,9873.931054,0.000000
2026-04-12T08:00:00+00:00,9873.931054,9873.931054,0.000000
2026-04-12T09:00:00+00:00,9873.931054,9873.931054,0.000000
2026-04-12T10:00:00+00:00,9873.931054,9873.931054,0.000000
2026-04-12T11:00:00+00:00,9873.931054,9873.931054,0.000000
2026-04-12T12:00:00+00:00,9873.931054,9873.931054,0.000000
2026-04-12T13:00:00+00:00,9873.931054,9873.931054,0.000000
2026-04-12T14:00:00+00:00,9873.931054,9873.931054,0.000000
2026-04-12T15:00:00+00:00,9873.931054,9873.931054,0.000000
2026-04-12T16:00:00+00:00,9873.931054,9873.931054,0.000000
2026-04-12T17:00:00+00:00,9873.931054,9873.931054,0.000000
2026-04-12T18:00:00+00:00,9873.931054,9873.931054,0.000000
2026-04-12T19:00:00+00:00,9873.931054,9873.931054,0.000000
2026-04-12T20:00:00+00:00,9873.931054,9873.931054,0.000000
2026-04-12T21:00:00+00:00,9873.931054,9873.931054,0.000000
2026-04-12T22:00:00+00:00,9873.931054,9873.931054,0.000000
2026-04-12T23:00:00+00:00,9873.931054,9873.931054,0.000000
2026-04-13T00:00:00+00:00,9873.931054,9873.931054,0.000000
2026-04-13T01:00:00+00:00,9873.931054,9873.931054,0.000000
2026-04-13T02:00:00+00:00,9873.931054,9873.931054,0.000000
2026-04-13T03:00:00+00:00,9873.931054,9873.931054,0.000000
2026-04-13T04:00:00+00:00,9873.931054,9873.931054,0.000000
2026-04-13T05:00:00+00:00,9873.931054,9873.931054,0.000000
2026-04-13T06:00:00+00:00,9873.931054,9873.931054,0.000000
2026-04-13T07:00:00+00:00,9873.931054,9873.931054,0.000000
2026-04-13T08:00:00+00:00,9873.931054,9873.931054,0.000000
2026-04-13T09:00:00+00:00,9873.931054,9873.931054,0.000000
2026-04-13T10:00:00+00:00,9873.931054,9873.931054,0.000000
2026-04-13T11:00:00+00:00,9873.931054,9873.931054,0.000000
2026-04-13T12:00:00+00:00,9873.931054,9873.931054,0.000000
2026-04-13T13:00:00+00:00,9867.020290,-2.961192,9873.931054
2026-04-13T14:00:00+00:00,9835.254190,9835.254190,0.000000
2026-04-13T15:00:00+00:00,9835.254190,9835.254190,0.000000
2026-04-13T16:00:00+00:00,9835.254190,9835.254190,0.000000
2026-04-13T17:00:00+00:00,9835.254190,9835.254190,0.000000
2026-04-13T18:00:00+00:00,9835.254190,9835.254190,0.000000
2026-04-13T19:00:00+00:00,9835.254190,9835.254190,0.000000
2026-04-13T20:00:00+00:00,9835.254190,9835.254190,0.000000
2026-04-13T21:00:00+00:00,9835.254190,9835.254190,0.000000
2026-04-13T22:00:00+00:00,9835.254190,9835.254190,0.000000
2026-04-13T23:00:00+00:00,9835.254190,9835.254190,0.000000
2026-04-14T00:00:00+00:00,9835.254190,9835.254190,0.000000
2026-04-14T01:00:00+00:00,9835.254190,9835.254190,0.000000
2026-04-14T02:00:00+00:00,9835.254190,9835.254190,0.000000
2026-04-14T03:00:00+00:00,9835.254190,9835.254190,0.000000
2026-04-14T04:00:00+00:00,9835.254190,9835.254190,0.000000
2026-04-14T05:00:00+00:00,9835.254190,9835.254190,0.000000
2026-04-14T06:00:00+00:00,9835.254190,9835.254190,0.000000
2026-04-14T07:00:00+00:00,9835.254190,9835.254190,0.000000
2026-04-14T08:00:00+00:00,9835.254190,9835.254190,0.000000
2026-04-14T09:00:00+00:00,9835.254190,9835.254190,0.000000
2026-04-14T10:00:00+00:00,9835.254190,9835.254190,0.000000
2026-04-14T11:00:00+00:00,9835.254190,9835.254190,0.000000
2026-04-14T12:00:00+00:00,9835.254190,9835.254190,0.000000
2026-04-14T13:00:00+00:00,9835.254190,9835.254190,0.000000
2026-04-14T14:00:00+00:00,9835.254190,9835.254190,0.000000
2026-04-14T15:00:00+00:00,9835.254190,9835.254190,0.000000
2026-04-14T16:00:00+00:00,9835.254190,9835.254190,0.000000
2026-04-14T17:00:00+00:00,9835.254190,9835.254190,0.000000
2026-04-14T18:00:00+00:00,9828.368529,-6.885661,9835.254190
2026-04-14T19:00:00+00:00,9781.421059,9781.421059,0.000000
2026-04-14T20:00:00+00:00,9781.421059,9781.421059,0.000000
2026-04-14T21:00:00+00:00,9781.421059,9781.421059,0.000000
2026-04-14T22:00:00+00:00,9781.421059,9781.421059,0.000000
2026-04-14T23:00:00+00:00,9781.421059,9781.421059,0.000000
2026-04-15T00:00:00+00:00,9781.421059,9781.421059,0.000000
2026-04-15T01:00:00+00:00,9781.421059,9781.421059,0.000000
2026-04-15T02:00:00+00:00,9781.421059,9781.421059,0.000000
2026-04-15T03:00:00+00:00,9781.421059,9781.421059,0.000000
2026-04-15T04:00:00+00:00,9781.421059,9781.421059,0.000000
2026-04-15T05:00:00+00:00,9781.421059,9781.421059,0.000000
2026-04-15T06:00:00+00:00,9781.421059,9781.421059,0.000000
2026-04-15T07:00:00+00:00,9781.421059,9781.421059,0.000000
2026-04-15T08:00:00+00:00,9781.421059,9781.421059,0.000000
2026-04-15T09:00:00+00:00,9781.421059,9781.421059,0.000000
2026-04-15T10:00:00+00:00,9781.421059,9781.421059,0.000000
2026-04-15T11:00:00+00:00,9781.421059,9781.421059,0.000000
2026-04-15T12:00:00+00:00,9781.421059,9781.421059,0.000000
2026-04-15T13:00:00+00:00,9781.421059,9781.421059,0.000000
2026-04-15T14:00:00+00:00,9781.421059,9781.421059,0.000000
2026-04-15T15:00:00+00:00,9781.421059,9781.421059,0.000000
2026-04-15T16:00:00+00:00,9781.421059,9781.421059,0.000000
2026-04-15T17:00:00+00:00,9774.575043,-2.933448,9781.421059
2026-04-15T18:00:00+00:00,9734.792848,-2.933448,9821.203254
2026-04-15T19:00:00+00:00,9652.248987,9652.248987,0.000000
2026-04-15T20:00:00+00:00,9652.248987,9652.248987,0.000000
2026-04-15T21:00:00+00:00,9652.248987,9652.248987,0.000000
2026-04-15T22:00:00+00:00,9652.248987,9652.248987,0.000000
2026-04-15T23:00:00+00:00,9652.248987,9652.248987,0.000000
2026-04-16T00:00:00+00:00,9652.248987,9652.248987,0.000000
2026-04-16T01:00:00+00:00,9652.248987,9652.248987,0.000000
2026-04-16T02:00:00+00:00,9652.248987,9652.248987,0.000000
2026-04-16T03:00:00+00:00,9652.248987,9652.248987,0.000000
2026-04-16T04:00:00+00:00,9652.248987,9652.248987,0.000000
2026-04-16T05:00:00+00:00,9652.248987,9652.248987,0.000000
2026-04-16T06:00:00+00:00,9652.248987,9652.248987,0.000000
2026-04-16T07:00:00+00:00,9652.248987,9652.248987,0.000000
2026-04-16T08:00:00+00:00,9652.248987,9652.248987,0.000000
2026-04-16T09:00:00+00:00,9652.248987,9652.248987,0.000000
2026-04-16T10:00:00+00:00,9652.248987,9652.248987,0.000000
2026-04-16T11:00:00+00:00,9652.248987,9652.248987,0.000000
2026-04-16T12:00:00+00:00,9652.248987,9652.248987,0.000000
2026-04-16T13:00:00+00:00,9645.491447,-6.757540,9652.248987
2026-04-16T14:00:00+00:00,9593.706120,9593.706120,0.000000
2026-04-16T15:00:00+00:00,9593.706120,9593.706120,0.000000
2026-04-16T16:00:00+00:00,9593.706120,9593.706120,0.000000
2026-04-16T17:00:00+00:00,9593.706120,9593.706120,0.000000
2026-04-16T18:00:00+00:00,9593.706120,9593.706120,0.000000
2026-04-16T19:00:00+00:00,9593.706120,9593.706120,0.000000
2026-04-16T20:00:00+00:00,9593.706120,9593.706120,0.000000
2026-04-16T21:00:00+00:00,9593.706120,9593.706120,0.000000
2026-04-16T22:00:00+00:00,9593.706120,9593.706120,0.000000
2026-04-16T23:00:00+00:00,9593.706120,9593.706120,0.000000
2026-04-17T00:00:00+00:00,9593.706120,9593.706120,0.000000
2026-04-17T01:00:00+00:00,9593.706120,9593.706120,0.000000
2026-04-17T02:00:00+00:00,9593.706120,9593.706120,0.000000
2026-04-17T03:00:00+00:00,9593.706120,9593.706120,0.000000
2026-04-17T04:00:00+00:00,9593.706120,9593.706120,0.000000
2026-04-17T05:00:00+00:00,9593.706120,9593.706120,0.000000
2026-04-17T06:00:00+00:00,9593.706120,9593.706120,0.000000
2026-04-17T07:00:00+00:00,9593.706120,9593.706120,0.000000
2026-04-17T08:00:00+00:00,9593.706120,9593.706120,0.000000
2026-04-17T09:00:00+00:00,9593.706120,9593.706120,0.000000
2026-04-17T10:00:00+00:00,9593.706120,9593.706120,0.000000
2026-04-17T11:00:00+00:00,9593.706120,9593.706120,0.000000
2026-04-17T12:00:00+00:00,9586.991485,-2.877152,9593.706120
2026-04-17T13:00:00+00:00,9467.012985,9467.012985,0.000000
2026-04-17T14:00:00+00:00,9467.012985,9467.012985,0.000000
2026-04-17T15:00:00+00:00,9467.012985,9467.012985,0.000000
2026-04-17T16:00:00+00:00,9467.012985,9467.012985,0.000000
2026-04-17T17:00:00+00:00,9467.012985,9467.012985,0.000000
2026-04-17T18:00:00+00:00,9467.012985,9467.012985,0.000000
2026-04-17T19:00:00+00:00,9467.012985,9467.012985,0.000000
2026-04-17T20:00:00+00:00,9467.012985,9467.012985,0.000000
2026-04-17T21:00:00+00:00,9467.012985,9467.012985,0.000000
2026-04-17T22:00:00+00:00,9467.012985,9467.012985,0.000000
2026-04-17T23:00:00+00:00,9467.012985,9467.012985,0.000000
2026-04-18T00:00:00+00:00,9467.012985,9467.012985,0.000000
2026-04-18T01:00:00+00:00,9467.012985,9467.012985,0.000000
2026-04-18T02:00:00+00:00,9467.012985,9467.012985,0.000000
2026-04-18T03:00:00+00:00,9467.012985,9467.012985,0.000000
2026-04-18T04:00:00+00:00,9467.012985,9467.012985,0.000000
2026-04-18T05:00:00+00:00,9467.012985,9467.012985,0.000000
2026-04-18T06:00:00+00:00,9467.012985,9467.012985,0.000000
2026-04-18T07:00:00+00:00,9467.012985,9467.012985,0.000000
2026-04-18T08:00:00+00:00,9460.385129,-6.627856,9467.012985
2026-04-18T09:00:00+00:00,9441.683874,-6.627856,9448.311730
2026-04-18T10:00:00+00:00,9379.953011,9379.953011,0.000000
2026-04-18T11:00:00+00:00,9379.953011,9379.953011,0.000000
2026-04-18T12:00:00+00:00,9379.953011,9379.953011,0.000000
2026-04-18T13:00:00+00:00,9379.953011,9379.953011,0.000000
2026-04-18T14:00:00+00:00,9379.953011,9379.953011,0.000000
2026-04-18T15:00:00+00:00,9379.953011,9379.953011,0.000000
2026-04-18T16:00:00+00:00,9379.953011,9379.953011,0.000000
2026-04-18T17:00:00+00:00,9379.953011,9379.953011,0.000000
2026-04-18T18:00:00+00:00,9379.953011,9379.953011,0.000000
2026-04-18T19:00:00+00:00,9379.953011,9379.953011,0.000000
2026-04-18T20:00:00+00:00,9379.953011,9379.953011,0.000000
2026-04-18T21:00:00+00:00,9379.953011,9379.953011,0.000000
2026-04-18T22:00:00+00:00,9379.953011,9379.953011,0.000000
2026-04-18T23:00:00+00:00,9379.953011,9379.953011,0.000000
2026-04-19T00:00:00+00:00,9379.953011,9379.953011,0.000000
2026-04-19T01:00:00+00:00,9379.953011,9379.953011,0.000000
2026-04-19T02:00:00+00:00,9379.953011,9379.953011,0.000000
2026-04-19T03:00:00+00:00,9379.953011,9379.953011,0.000000
2026-04-19T04:00:00+00:00,9379.953011,9379.953011,0.000000
2026-04-19T05:00:00+00:00,9379.953011,9379.953011,0.000000
2026-04-19T06:00:00+00:00,9379.953011,9379.953011,0.000000
2026-04-19T07:00:00+00:00,9379.953011,9379.953011,0.000000
2026-04-19T08:00:00+00:00,9379.953011,9379.953011,0.000000
2026-04-19T09:00:00+00:00,9379.953011,9379.953011,0.000000
2026-04-19T10:00:00+00:00,9379.953011,9379.953011,0.000000
2026-04-19T11:00:00+00:00,9379.953011,9379.953011,0.000000
2026-04-19T12:00:00+00:00,9379.953011,9379.953011,0.000000
2026-04-19T13:00:00+00:00,9379.953011,9379.953011,0.000000
2026-04-19T14:00:00+00:00,9379.953011,9379.953011,0.000000
2026-04-19T15:00:00+00:00,9379.953011,9379.953011,0.000000
2026-04-19T16:00:00+00:00,9379.953011,9379.953011,0.000000
2026-04-19T17:00:00+00:00,9373.386106,-6.566905,9379.953011
2026-04-19T18:00:00+00:00,9372.568681,-6.566905,9379.135586
2026-04-19T19:00:00+00:00,9388.099758,-6.566905,9394.666663
2026-04-19T20:00:00+00:00,9327.690552,9327.690552,0.000000
2026-04-19T21:00:00+00:00,9327.690552,9327.690552,0.000000
2026-04-19T22:00:00+00:00,9327.690552,9327.690552,0.000000
2026-04-19T23:00:00+00:00,9327.690552,9327.690552,0.000000
2026-04-20T00:00:00+00:00,9327.690552,9327.690552,0.000000
2026-04-20T01:00:00+00:00,9327.690552,9327.690552,0.000000
2026-04-20T02:00:00+00:00,9327.690552,9327.690552,0.000000
2026-04-20T03:00:00+00:00,9327.690552,9327.690552,0.000000
2026-04-20T04:00:00+00:00,9327.690552,9327.690552,0.000000
2026-04-20T05:00:00+00:00,9327.690552,9327.690552,0.000000
2026-04-20T06:00:00+00:00,9327.690552,9327.690552,0.000000
2026-04-20T07:00:00+00:00,9327.690552,9327.690552,0.000000
2026-04-20T08:00:00+00:00,9327.690552,9327.690552,0.000000
2026-04-20T09:00:00+00:00,9327.690552,9327.690552,0.000000
2026-04-20T10:00:00+00:00,9327.690552,9327.690552,0.000000
2026-04-20T11:00:00+00:00,9327.690552,9327.690552,0.000000
2026-04-20T12:00:00+00:00,9321.162101,-2.797374,9327.690552
2026-04-20T13:00:00+00:00,9309.582864,9309.582864,0.000000
2026-04-20T14:00:00+00:00,9309.582864,9309.582864,0.000000
2026-04-20T15:00:00+00:00,9309.582864,9309.582864,0.000000
2026-04-20T16:00:00+00:00,9309.582864,9309.582864,0.000000
2026-04-20T17:00:00+00:00,9309.582864,9309.582864,0.000000
2026-04-20T18:00:00+00:00,9309.582864,9309.582864,0.000000
2026-04-20T19:00:00+00:00,9309.582864,9309.582864,0.000000
2026-04-20T20:00:00+00:00,9309.582864,9309.582864,0.000000
2026-04-20T21:00:00+00:00,9309.582864,9309.582864,0.000000
2026-04-20T22:00:00+00:00,9309.582864,9309.582864,0.000000
2026-04-20T23:00:00+00:00,9309.582864,9309.582864,0.000000
2026-04-21T00:00:00+00:00,9309.582864,9309.582864,0.000000
2026-04-21T01:00:00+00:00,9309.582864,9309.582864,0.000000
2026-04-21T02:00:00+00:00,9309.582864,9309.582864,0.000000
2026-04-21T03:00:00+00:00,9309.582864,9309.582864,0.000000
2026-04-21T04:00:00+00:00,9309.582864,9309.582864,0.000000
2026-04-21T05:00:00+00:00,9309.582864,9309.582864,0.000000
2026-04-21T06:00:00+00:00,9309.582864,9309.582864,0.000000
2026-04-21T07:00:00+00:00,9309.582864,9309.582864,0.000000
2026-04-21T08:00:00+00:00,9309.582864,9309.582864,0.000000
2026-04-21T09:00:00+00:00,9309.582864,9309.582864,0.000000
2026-04-21T10:00:00+00:00,9309.582864,9309.582864,0.000000
2026-04-21T11:00:00+00:00,9309.582864,9309.582864,0.000000
2026-04-21T12:00:00+00:00,9309.582864,9309.582864,0.000000
2026-04-21T13:00:00+00:00,9309.582864,9309.582864,0.000000
2026-04-21T14:00:00+00:00,9303.065225,-6.517639,9309.582864
2026-04-21T15:00:00+00:00,9270.518107,9270.518107,0.000000
2026-04-21T16:00:00+00:00,9270.518107,9270.518107,0.000000
2026-04-21T17:00:00+00:00,9270.518107,9270.518107,0.000000
2026-04-21T18:00:00+00:00,9270.518107,9270.518107,0.000000
2026-04-21T19:00:00+00:00,9270.518107,9270.518107,0.000000
2026-04-21T20:00:00+00:00,9270.518107,9270.518107,0.000000
2026-04-21T21:00:00+00:00,9270.518107,9270.518107,0.000000
2026-04-21T22:00:00+00:00,9270.518107,9270.518107,0.000000
2026-04-21T23:00:00+00:00,9270.518107,9270.518107,0.000000
2026-04-22T00:00:00+00:00,9270.518107,9270.518107,0.000000
2026-04-22T01:00:00+00:00,9270.518107,9270.518107,0.000000
2026-04-22T02:00:00+00:00,9264.029671,-2.780228,9270.518107
2026-04-22T03:00:00+00:00,9231.664841,9231.664841,0.000000
2026-04-22T04:00:00+00:00,9231.664841,9231.664841,0.000000
2026-04-22T05:00:00+00:00,9231.664841,9231.664841,0.000000
2026-04-22T06:00:00+00:00,9231.664841,9231.664841,0.000000
2026-04-22T07:00:00+00:00,9231.664841,9231.664841,0.000000
2026-04-22T08:00:00+00:00,9231.664841,9231.664841,0.000000
2026-04-22T09:00:00+00:00,9231.664841,9231.664841,0.000000
2026-04-22T10:00:00+00:00,9231.664841,9231.664841,0.000000
2026-04-22T11:00:00+00:00,9231.664841,9231.664841,0.000000
2026-04-22T12:00:00+00:00,9231.664841,9231.664841,0.000000
2026-04-22T13:00:00+00:00,9231.664841,9231.664841,0.000000
2026-04-22T14:00:00+00:00,9231.664841,9231.664841,0.000000
2026-04-22T15:00:00+00:00,9231.664841,9231.664841,0.000000
2026-04-22T16:00:00+00:00,9231.664841,9231.664841,0.000000
2026-04-22T17:00:00+00:00,9231.664841,9231.664841,0.000000
2026-04-22T18:00:00+00:00,9231.664841,9231.664841,0.000000
2026-04-22T19:00:00+00:00,9231.664841,9231.664841,0.000000
2026-04-22T20:00:00+00:00,9231.664841,9231.664841,0.000000
2026-04-22T21:00:00+00:00,9231.664841,9231.664841,0.000000
2026-04-22T22:00:00+00:00,9231.664841,9231.664841,0.000000
2026-04-22T23:00:00+00:00,9231.664841,9231.664841,0.000000
2026-04-23T00:00:00+00:00,9225.201753,-6.463089,9231.664841
2026-04-23T01:00:00+00:00,9201.460962,-6.463089,9207.924050
2026-04-23T02:00:00+00:00,9109.860967,9109.860967,0.000000
2026-04-23T03:00:00+00:00,9109.860967,9109.860967,0.000000
2026-04-23T04:00:00+00:00,9109.860967,9109.860967,0.000000
2026-04-23T05:00:00+00:00,9109.860967,9109.860967,0.000000
2026-04-23T06:00:00+00:00,9109.860967,9109.860967,0.000000
2026-04-23T07:00:00+00:00,9109.860967,9109.860967,0.000000
2026-04-23T08:00:00+00:00,9109.860967,9109.860967,0.000000
2026-04-23T09:00:00+00:00,9109.860967,9109.860967,0.000000
2026-04-23T10:00:00+00:00,9109.860967,9109.860967,0.000000
2026-04-23T11:00:00+00:00,9109.860967,9109.860967,0.000000
2026-04-23T12:00:00+00:00,9109.860967,9109.860967,0.000000
2026-04-23T13:00:00+00:00,9109.860967,9109.860967,0.000000
2026-04-23T14:00:00+00:00,9109.860967,9109.860967,0.000000
2026-04-23T15:00:00+00:00,9109.860967,9109.860967,0.000000
2026-04-23T16:00:00+00:00,9109.860967,9109.860967,0.000000
2026-04-23T17:00:00+00:00,9109.860967,9109.860967,0.000000
2026-04-23T18:00:00+00:00,9109.860967,9109.860967,0.000000
2026-04-23T19:00:00+00:00,9109.860967,9109.860967,0.000000
2026-04-23T20:00:00+00:00,9109.860967,9109.860967,0.000000
2026-04-23T21:00:00+00:00,9109.860967,9109.860967,0.000000
2026-04-23T22:00:00+00:00,9109.860967,9109.860967,0.000000
2026-04-23T23:00:00+00:00,9109.860967,9109.860967,0.000000
2026-04-24T00:00:00+00:00,9109.860967,9109.860967,0.000000
2026-04-24T01:00:00+00:00,9109.860967,9109.860967,0.000000
2026-04-24T02:00:00+00:00,9109.860967,9109.860967,0.000000
2026-04-24T03:00:00+00:00,9109.860967,9109.860967,0.000000
2026-04-24T04:00:00+00:00,9109.860967,9109.860967,0.000000
2026-04-24T05:00:00+00:00,9109.860967,9109.860967,0.000000
2026-04-24T06:00:00+00:00,9109.860967,9109.860967,0.000000
2026-04-24T07:00:00+00:00,9109.860967,9109.860967,0.000000
2026-04-24T08:00:00+00:00,9109.860967,9109.860967,0.000000
2026-04-24T09:00:00+00:00,9109.860967,9109.860967,0.000000
2026-04-24T10:00:00+00:00,9109.860967,9109.860967,0.000000
2026-04-24T11:00:00+00:00,9109.860967,9109.860967,0.000000
2026-04-24T12:00:00+00:00,9109.860967,9109.860967,0.000000
2026-04-24T13:00:00+00:00,9109.860967,9109.860967,0.000000
2026-04-24T14:00:00+00:00,9109.860967,9109.860967,0.000000
2026-04-24T15:00:00+00:00,9109.860967,9109.860967,0.000000
2026-04-24T16:00:00+00:00,9109.860967,9109.860967,0.000000
2026-04-24T17:00:00+00:00,9109.860967,9109.860967,0.000000
2026-04-24T18:00:00+00:00,9109.860967,9109.860967,0.000000
2026-04-24T19:00:00+00:00,9109.860967,9109.860967,0.000000
2026-04-24T20:00:00+00:00,9109.860967,9109.860967,0.000000
2026-04-24T21:00:00+00:00,9109.860967,9109.860967,0.000000
2026-04-24T22:00:00+00:00,9109.860967,9109.860967,0.000000
2026-04-24T23:00:00+00:00,9109.860967,9109.860967,0.000000
2026-04-25T00:00:00+00:00,9109.860967,9109.860967,0.000000
2026-04-25T01:00:00+00:00,9109.860967,9109.860967,0.000000
2026-04-25T02:00:00+00:00,9109.860967,9109.860967,0.000000
2026-04-25T03:00:00+00:00,9109.860967,9109.860967,0.000000
2026-04-25T04:00:00+00:00,9109.860967,9109.860967,0.000000
2026-04-25T05:00:00+00:00,9109.860967,9109.860967,0.000000
2026-04-25T06:00:00+00:00,9109.860967,9109.860967,0.000000
2026-04-25T07:00:00+00:00,9109.860967,9109.860967,0.000000
2026-04-25T08:00:00+00:00,9109.860967,9109.860967,0.000000
2026-04-25T09:00:00+00:00,9109.860967,9109.860967,0.000000
2026-04-25T10:00:00+00:00,9109.860967,9109.860967,0.000000
2026-04-25T11:00:00+00:00,9109.860967,9109.860967,0.000000
2026-04-25T12:00:00+00:00,9109.860967,9109.860967,0.000000
2026-04-25T13:00:00+00:00,9109.860967,9109.860967,0.000000
2026-04-25T14:00:00+00:00,9109.860967,9109.860967,0.000000
2026-04-25T15:00:00+00:00,9103.483154,-6.377814,9109.860967
2026-04-25T16:00:00+00:00,9111.579579,-6.377814,9117.957393
2026-04-25T17:00:00+00:00,9108.617472,-6.377814,9114.995286
2026-04-25T18:00:00+00:00,9118.096214,-6.377814,9124.474028
2026-04-25T19:00:00+00:00,9112.369474,-6.377814,9118.747288
2026-04-25T20:00:00+00:00,9124.612850,-6.377814,9130.990663
2026-04-25T21:00:00+00:00,9128.680855,9128.680855,0.000000
2026-04-25T22:00:00+00:00,9128.680855,9128.680855,0.000000
2026-04-25T23:00:00+00:00,9128.680855,9128.680855,0.000000
2026-04-26T00:00:00+00:00,9128.680855,9128.680855,0.000000
2026-04-26T01:00:00+00:00,9128.680855,9128.680855,0.000000
2026-04-26T02:00:00+00:00,9128.680855,9128.680855,0.000000
2026-04-26T03:00:00+00:00,9128.680855,9128.680855,0.000000
2026-04-26T04:00:00+00:00,9128.680855,9128.680855,0.000000
2026-04-26T05:00:00+00:00,9122.291691,-2.737691,9128.680855
2026-04-26T06:00:00+00:00,9114.052810,-2.737691,9136.919737
2026-04-26T07:00:00+00:00,9108.756386,-2.737691,9142.216160
2026-04-26T08:00:00+00:00,9104.833109,-2.737691,9146.139437
2026-04-26T09:00:00+00:00,9096.594227,-2.737691,9154.378319
2026-04-26T10:00:00+00:00,9103.067634,-2.737691,9147.904912
2026-04-26T11:00:00+00:00,9090.905475,-2.737691,9160.067071
2026-04-26T12:00:00+00:00,9118.760742,-2.737691,9132.211804
2026-04-26T13:00:00+00:00,9094.436425,-2.737691,9156.536121
2026-04-26T14:00:00+00:00,9054.494551,9054.494551,0.000000
2026-04-26T15:00:00+00:00,9054.494551,9054.494551,0.000000
2026-04-26T16:00:00+00:00,9054.494551,9054.494551,0.000000
2026-04-26T17:00:00+00:00,9054.494551,9054.494551,0.000000
2026-04-26T18:00:00+00:00,9054.494551,9054.494551,0.000000
2026-04-26T19:00:00+00:00,9054.494551,9054.494551,0.000000
2026-04-26T20:00:00+00:00,9054.494551,9054.494551,0.000000
2026-04-26T21:00:00+00:00,9054.494551,9054.494551,0.000000
2026-04-26T22:00:00+00:00,9054.494551,9054.494551,0.000000
2026-04-26T23:00:00+00:00,9054.494551,9054.494551,0.000000
2026-04-27T00:00:00+00:00,9054.494551,9054.494551,0.000000
2026-04-27T01:00:00+00:00,9054.494551,9054.494551,0.000000
2026-04-27T02:00:00+00:00,9054.494551,9054.494551,0.000000
2026-04-27T03:00:00+00:00,9054.494551,9054.494551,0.000000
2026-04-27T04:00:00+00:00,9054.494551,9054.494551,0.000000
2026-04-27T05:00:00+00:00,9054.494551,9054.494551,0.000000
2026-04-27T06:00:00+00:00,9054.494551,9054.494551,0.000000
2026-04-27T07:00:00+00:00,9054.494551,9054.494551,0.000000
2026-04-27T08:00:00+00:00,9054.494551,9054.494551,0.000000
2026-04-27T09:00:00+00:00,9054.494551,9054.494551,0.000000
2026-04-27T10:00:00+00:00,9054.494551,9054.494551,0.000000
2026-04-27T11:00:00+00:00,9054.494551,9054.494551,0.000000
2026-04-27T12:00:00+00:00,9054.494551,9054.494551,0.000000
2026-04-27T13:00:00+00:00,9054.494551,9054.494551,0.000000
2026-04-27T14:00:00+00:00,9054.494551,9054.494551,0.000000
2026-04-27T15:00:00+00:00,9054.494551,9054.494551,0.000000
2026-04-27T16:00:00+00:00,9054.494551,9054.494551,0.000000
2026-04-27T17:00:00+00:00,9054.494551,9054.494551,0.000000
2026-04-27T18:00:00+00:00,9054.494551,9054.494551,0.000000
2026-04-27T19:00:00+00:00,9054.494551,9054.494551,0.000000
2026-04-27T20:00:00+00:00,9054.494551,9054.494551,0.000000
2026-04-27T21:00:00+00:00,9054.494551,9054.494551,0.000000
2026-04-27T22:00:00+00:00,9054.494551,9054.494551,0.000000
2026-04-27T23:00:00+00:00,9054.494551,9054.494551,0.000000
2026-04-28T00:00:00+00:00,9054.494551,9054.494551,0.000000
2026-04-28T01:00:00+00:00,9054.494551,9054.494551,0.000000
2026-04-28T02:00:00+00:00,9054.494551,9054.494551,0.000000
2026-04-28T03:00:00+00:00,9054.494551,9054.494551,0.000000
2026-04-28T04:00:00+00:00,9054.494551,9054.494551,0.000000
2026-04-28T05:00:00+00:00,9054.494551,9054.494551,0.000000
2026-04-28T06:00:00+00:00,9054.494551,9054.494551,0.000000
2026-04-28T07:00:00+00:00,9054.494551,9054.494551,0.000000
2026-04-28T08:00:00+00:00,9054.494551,9054.494551,0.000000
2026-04-28T09:00:00+00:00,9054.494551,9054.494551,0.000000
2026-04-28T10:00:00+00:00,9054.494551,9054.494551,0.000000
2026-04-28T11:00:00+00:00,9054.494551,9054.494551,0.000000
2026-04-28T12:00:00+00:00,9054.494551,9054.494551,0.000000
2026-04-28T13:00:00+00:00,9054.494551,9054.494551,0.000000
2026-04-28T14:00:00+00:00,9054.494551,9054.494551,0.000000
2026-04-28T15:00:00+00:00,9054.494551,9054.494551,0.000000
2026-04-28T16:00:00+00:00,9054.494551,9054.494551,0.000000
2026-04-28T17:00:00+00:00,9054.494551,9054.494551,0.000000
2026-04-28T18:00:00+00:00,9054.494551,9054.494551,0.000000
2026-04-28T19:00:00+00:00,9054.494551,9054.494551,0.000000
2026-04-28T20:00:00+00:00,9054.494551,9054.494551,0.000000
2026-04-28T21:00:00+00:00,9054.494551,9054.494551,0.000000
2026-04-28T22:00:00+00:00,9054.494551,9054.494551,0.000000
2026-04-28T23:00:00+00:00,9054.494551,9054.494551,0.000000
2026-04-29T00:00:00+00:00,9054.494551,9054.494551,0.000000
2026-04-29T01:00:00+00:00,9054.494551,9054.494551,0.000000
2026-04-29T02:00:00+00:00,9054.494551,9054.494551,0.000000
2026-04-29T03:00:00+00:00,9048.157310,-2.715443,9054.494551
2026-04-29T04:00:00+00:00,8934.922168,8934.922168,0.000000
2026-04-29T05:00:00+00:00,8934.922168,8934.922168,0.000000
2026-04-29T06:00:00+00:00,8934.922168,8934.922168,0.000000
2026-04-29T07:00:00+00:00,8934.922168,8934.922168,0.000000
2026-04-29T08:00:00+00:00,8934.922168,8934.922168,0.000000
2026-04-29T09:00:00+00:00,8934.922168,8934.922168,0.000000
2026-04-29T10:00:00+00:00,8934.922168,8934.922168,0.000000
2026-04-29T11:00:00+00:00,8934.922168,8934.922168,0.000000
2026-04-29T12:00:00+00:00,8934.922168,8934.922168,0.000000
2026-04-29T13:00:00+00:00,8934.922168,8934.922168,0.000000
2026-04-29T14:00:00+00:00,8934.922168,8934.922168,0.000000
2026-04-29T15:00:00+00:00,8934.922168,8934.922168,0.000000
2026-04-29T16:00:00+00:00,8934.922168,8934.922168,0.000000
2026-04-29T17:00:00+00:00,8934.922168,8934.922168,0.000000
2026-04-29T18:00:00+00:00,8928.666829,-6.255339,8934.922168
2026-04-29T19:00:00+00:00,8905.713270,-6.255339,8911.968609
2026-04-29T20:00:00+00:00,8889.368926,8889.368926,0.000000
2026-04-29T21:00:00+00:00,8889.368926,8889.368926,0.000000
2026-04-29T22:00:00+00:00,8889.368926,8889.368926,0.000000
2026-04-29T23:00:00+00:00,8889.368926,8889.368926,0.000000
2026-04-30T00:00:00+00:00,8889.368926,8889.368926,0.000000
2026-04-30T01:00:00+00:00,8889.368926,8889.368926,0.000000
2026-04-30T02:00:00+00:00,8889.368926,8889.368926,0.000000
2026-04-30T03:00:00+00:00,8889.368926,8889.368926,0.000000
2026-04-30T04:00:00+00:00,8889.368926,8889.368926,0.000000
2026-04-30T05:00:00+00:00,8889.368926,8889.368926,0.000000
2026-04-30T06:00:00+00:00,8889.368926,8889.368926,0.000000
2026-04-30T07:00:00+00:00,8889.368926,8889.368926,0.000000
2026-04-30T08:00:00+00:00,8889.368926,8889.368926,0.000000
2026-04-30T09:00:00+00:00,8889.368926,8889.368926,0.000000
2026-04-30T10:00:00+00:00,8889.368926,8889.368926,0.000000
2026-04-30T11:00:00+00:00,8889.368926,8889.368926,0.000000
2026-04-30T12:00:00+00:00,8889.368926,8889.368926,0.000000
2026-04-30T13:00:00+00:00,8889.368926,8889.368926,0.000000
2026-04-30T14:00:00+00:00,8889.368926,8889.368926,0.000000
2026-04-30T15:00:00+00:00,8889.368926,8889.368926,0.000000
2026-04-30T16:00:00+00:00,8889.368926,8889.368926,0.000000
2026-04-30T17:00:00+00:00,8889.368926,8889.368926,0.000000
2026-04-30T18:00:00+00:00,8889.368926,8889.368926,0.000000
2026-04-30T19:00:00+00:00,8889.368926,8889.368926,0.000000
2026-04-30T20:00:00+00:00,8889.368926,8889.368926,0.000000
2026-04-30T21:00:00+00:00,8889.368926,8889.368926,0.000000
2026-04-30T22:00:00+00:00,8889.368926,8889.368926,0.000000
2026-04-30T23:00:00+00:00,8889.368926,8889.368926,0.000000
2026-05-01T00:00:00+00:00,8889.368926,8889.368926,0.000000
2026-05-01T01:00:00+00:00,8889.368926,8889.368926,0.000000
2026-05-01T02:00:00+00:00,8889.368926,8889.368926,0.000000
2026-05-01T03:00:00+00:00,8883.147256,-2.665922,8889.368926
2026-05-01T04:00:00+00:00,8894.056370,-2.665922,8878.459812
2026-05-01T05:00:00+00:00,8880.614784,-2.665922,8891.901398
2026-05-01T06:00:00+00:00,8904.575872,-2.665922,8867.940310
2026-05-01T07:00:00+00:00,8895.225203,-2.665922,8877.290979
2026-05-01T08:00:00+00:00,8867.368003,-2.665922,8905.148179
2026-05-01T09:00:00+00:00,8886.458951,-2.665922,8886.057231
2026-05-01T10:00:00+00:00,8884.316090,-2.665922,8888.200092
2026-05-01T11:00:00+00:00,8847.417391,8847.417391,0.000000
2026-05-01T12:00:00+00:00,8847.417391,8847.417391,0.000000
2026-05-01T13:00:00+00:00,8847.417391,8847.417391,0.000000
2026-05-01T14:00:00+00:00,8847.417391,8847.417391,0.000000
2026-05-01T15:00:00+00:00,8847.417391,8847.417391,0.000000
2026-05-01T16:00:00+00:00,8847.417391,8847.417391,0.000000
2026-05-01T17:00:00+00:00,8847.417391,8847.417391,0.000000
2026-05-01T18:00:00+00:00,8847.417391,8847.417391,0.000000
2026-05-01T19:00:00+00:00,8847.417391,8847.417391,0.000000
2026-05-01T20:00:00+00:00,8847.417391,8847.417391,0.000000
2026-05-01T21:00:00+00:00,8847.417391,8847.417391,0.000000
2026-05-01T22:00:00+00:00,8847.417391,8847.417391,0.000000
2026-05-01T23:00:00+00:00,8847.417391,8847.417391,0.000000
2026-05-02T00:00:00+00:00,8847.417391,8847.417391,0.000000
2026-05-02T01:00:00+00:00,8847.417391,8847.417391,0.000000
2026-05-02T02:00:00+00:00,8847.417391,8847.417391,0.000000
2026-05-02T03:00:00+00:00,8847.417391,8847.417391,0.000000
2026-05-02T04:00:00+00:00,8847.417391,8847.417391,0.000000
2026-05-02T05:00:00+00:00,8847.417391,8847.417391,0.000000
2026-05-02T06:00:00+00:00,8847.417391,8847.417391,0.000000
2026-05-02T07:00:00+00:00,8847.417391,8847.417391,0.000000
2026-05-02T08:00:00+00:00,8847.417391,8847.417391,0.000000
2026-05-02T09:00:00+00:00,8847.417391,8847.417391,0.000000
2026-05-02T10:00:00+00:00,8847.417391,8847.417391,0.000000
2026-05-02T11:00:00+00:00,8847.417391,8847.417391,0.000000
2026-05-02T12:00:00+00:00,8847.417391,8847.417391,0.000000
2026-05-02T13:00:00+00:00,8847.417391,8847.417391,0.000000
2026-05-02T14:00:00+00:00,8847.417391,8847.417391,0.000000
2026-05-02T15:00:00+00:00,8847.417391,8847.417391,0.000000
2026-05-02T16:00:00+00:00,8847.417391,8847.417391,0.000000
2026-05-02T17:00:00+00:00,8847.417391,8847.417391,0.000000
2026-05-02T18:00:00+00:00,8847.417391,8847.417391,0.000000
2026-05-02T19:00:00+00:00,8847.417391,8847.417391,0.000000
2026-05-02T20:00:00+00:00,8847.417391,8847.417391,0.000000
2026-05-02T21:00:00+00:00,8841.225084,-2.653340,8847.417391
2026-05-02T22:00:00+00:00,8835.896690,-2.653340,8852.745785
2026-05-02T23:00:00+00:00,8874.146946,-2.653340,8814.495529
2026-05-03T00:00:00+00:00,8885.184333,-2.653340,8803.458142
2026-05-03T01:00:00+00:00,8918.440665,8918.440665,0.000000
2026-05-03T02:00:00+00:00,8918.440665,8918.440665,0.000000
2026-05-03T03:00:00+00:00,8918.440665,8918.440665,0.000000
2026-05-03T04:00:00+00:00,8918.440665,8918.440665,0.000000
2026-05-03T05:00:00+00:00,8918.440665,8918.440665,0.000000
2026-05-03T06:00:00+00:00,8918.440665,8918.440665,0.000000
2026-05-03T07:00:00+00:00,8918.440665,8918.440665,0.000000
2026-05-03T08:00:00+00:00,8918.440665,8918.440665,0.000000
2026-05-03T09:00:00+00:00,8918.440665,8918.440665,0.000000
2026-05-03T10:00:00+00:00,8918.440665,8918.440665,0.000000
2026-05-03T11:00:00+00:00,8918.440665,8918.440665,0.000000
2026-05-03T12:00:00+00:00,8918.440665,8918.440665,0.000000
2026-05-03T13:00:00+00:00,8918.440665,8918.440665,0.000000
2026-05-03T14:00:00+00:00,8918.440665,8918.440665,0.000000
2026-05-03T15:00:00+00:00,8918.440665,8918.440665,0.000000
2026-05-03T16:00:00+00:00,8918.440665,8918.440665,0.000000
2026-05-03T17:00:00+00:00,8918.440665,8918.440665,0.000000
2026-05-03T18:00:00+00:00,8918.440665,8918.440665,0.000000
2026-05-03T19:00:00+00:00,8918.440665,8918.440665,0.000000
2026-05-03T20:00:00+00:00,8918.440665,8918.440665,0.000000
2026-05-03T21:00:00+00:00,8918.440665,8918.440665,0.000000
2026-05-03T22:00:00+00:00,8918.440665,8918.440665,0.000000
2026-05-03T23:00:00+00:00,8918.440665,8918.440665,0.000000
2026-05-04T00:00:00+00:00,8918.440665,8918.440665,0.000000
2026-05-04T01:00:00+00:00,8912.198648,-2.674640,8918.440665
2026-05-04T02:00:00+00:00,8800.664991,8800.664991,0.000000
2026-05-04T03:00:00+00:00,8800.664991,8800.664991,0.000000
2026-05-04T04:00:00+00:00,8800.664991,8800.664991,0.000000
2026-05-04T05:00:00+00:00,8800.664991,8800.664991,0.000000
2026-05-04T06:00:00+00:00,8800.664991,8800.664991,0.000000
2026-05-04T07:00:00+00:00,8800.664991,8800.664991,0.000000
2026-05-04T08:00:00+00:00,8800.664991,8800.664991,0.000000
2026-05-04T09:00:00+00:00,8800.664991,8800.664991,0.000000
2026-05-04T10:00:00+00:00,8800.664991,8800.664991,0.000000
2026-05-04T11:00:00+00:00,8800.664991,8800.664991,0.000000
2026-05-04T12:00:00+00:00,8800.664991,8800.664991,0.000000
2026-05-04T13:00:00+00:00,8800.664991,8800.664991,0.000000
2026-05-04T14:00:00+00:00,8800.664991,8800.664991,0.000000
2026-05-04T15:00:00+00:00,8800.664991,8800.664991,0.000000
2026-05-04T16:00:00+00:00,8800.664991,8800.664991,0.000000
2026-05-04T17:00:00+00:00,8800.664991,8800.664991,0.000000
2026-05-04T18:00:00+00:00,8800.664991,8800.664991,0.000000
2026-05-04T19:00:00+00:00,8800.664991,8800.664991,0.000000
2026-05-04T20:00:00+00:00,8800.664991,8800.664991,0.000000
2026-05-04T21:00:00+00:00,8800.664991,8800.664991,0.000000
2026-05-04T22:00:00+00:00,8800.664991,8800.664991,0.000000
2026-05-04T23:00:00+00:00,8800.664991,8800.664991,0.000000
2026-05-05T00:00:00+00:00,8800.664991,8800.664991,0.000000
2026-05-05T01:00:00+00:00,8800.664991,8800.664991,0.000000
2026-05-05T02:00:00+00:00,8800.664991,8800.664991,0.000000
2026-05-05T03:00:00+00:00,8794.505405,-2.639319,8800.664991
2026-05-05T04:00:00+00:00,8798.940945,-2.639319,8796.229451
2026-05-05T05:00:00+00:00,8801.897971,-2.639319,8793.272425
2026-05-05T06:00:00+00:00,8806.148697,-2.639319,8789.021699
2026-05-05T07:00:00+00:00,8774.002798,8774.002798,0.000000
2026-05-05T08:00:00+00:00,8774.002798,8774.002798,0.000000
2026-05-05T09:00:00+00:00,8774.002798,8774.002798,0.000000
2026-05-05T10:00:00+00:00,8774.002798,8774.002798,0.000000
2026-05-05T11:00:00+00:00,8774.002798,8774.002798,0.000000
2026-05-05T12:00:00+00:00,8774.002798,8774.002798,0.000000
2026-05-05T13:00:00+00:00,8774.002798,8774.002798,0.000000
2026-05-05T14:00:00+00:00,8774.002798,8774.002798,0.000000
2026-05-05T15:00:00+00:00,8774.002798,8774.002798,0.000000
2026-05-05T16:00:00+00:00,8774.002798,8774.002798,0.000000
2026-05-05T17:00:00+00:00,8774.002798,8774.002798,0.000000
2026-05-05T18:00:00+00:00,8774.002798,8774.002798,0.000000
2026-05-05T19:00:00+00:00,8774.002798,8774.002798,0.000000
2026-05-05T20:00:00+00:00,8774.002798,8774.002798,0.000000
2026-05-05T21:00:00+00:00,8774.002798,8774.002798,0.000000
2026-05-05T22:00:00+00:00,8774.002798,8774.002798,0.000000
2026-05-05T23:00:00+00:00,8767.860119,-6.142679,8774.002798
2026-05-06T00:00:00+00:00,8780.875168,-6.142679,8787.017848
2026-05-06T01:00:00+00:00,8813.226863,-6.142679,8819.369543
2026-05-06T02:00:00+00:00,8800.025884,-6.142679,8806.168564
2026-05-06T03:00:00+00:00,8820.431725,8820.431725,0.000000
2026-05-06T04:00:00+00:00,8820.431725,8820.431725,0.000000
2026-05-06T05:00:00+00:00,8820.431725,8820.431725,0.000000
2026-05-06T06:00:00+00:00,8820.431725,8820.431725,0.000000
2026-05-06T07:00:00+00:00,8820.431725,8820.431725,0.000000
2026-05-06T08:00:00+00:00,8814.258305,-2.645247,8820.431725
2026-05-06T09:00:00+00:00,8774.458373,8774.458373,0.000000
2026-05-06T10:00:00+00:00,8774.458373,8774.458373,0.000000
2026-05-06T11:00:00+00:00,8774.458373,8774.458373,0.000000
2026-05-06T12:00:00+00:00,8774.458373,8774.458373,0.000000
2026-05-06T13:00:00+00:00,8774.458373,8774.458373,0.000000
2026-05-06T14:00:00+00:00,8774.458373,8774.458373,0.000000
2026-05-06T15:00:00+00:00,8774.458373,8774.458373,0.000000
2026-05-06T16:00:00+00:00,8774.458373,8774.458373,0.000000
2026-05-06T17:00:00+00:00,8774.458373,8774.458373,0.000000
2026-05-06T18:00:00+00:00,8774.458373,8774.458373,0.000000
2026-05-06T19:00:00+00:00,8774.458373,8774.458373,0.000000
2026-05-06T20:00:00+00:00,8774.458373,8774.458373,0.000000
2026-05-06T21:00:00+00:00,8774.458373,8774.458373,0.000000
2026-05-06T22:00:00+00:00,8774.458373,8774.458373,0.000000
2026-05-06T23:00:00+00:00,8774.458373,8774.458373,0.000000
2026-05-07T00:00:00+00:00,8774.458373,8774.458373,0.000000
2026-05-07T01:00:00+00:00,8774.458373,8774.458373,0.000000
2026-05-07T02:00:00+00:00,8774.458373,8774.458373,0.000000
2026-05-07T03:00:00+00:00,8774.458373,8774.458373,0.000000
2026-05-07T04:00:00+00:00,8774.458373,8774.458373,0.000000
2026-05-07T05:00:00+00:00,8774.458373,8774.458373,0.000000
2026-05-07T06:00:00+00:00,8774.458373,8774.458373,0.000000
2026-05-07T07:00:00+00:00,8774.458373,8774.458373,0.000000
2026-05-07T08:00:00+00:00,8774.458373,8774.458373,0.000000
2026-05-07T09:00:00+00:00,8774.458373,8774.458373,0.000000
2026-05-07T10:00:00+00:00,8774.458373,8774.458373,0.000000
2026-05-07T11:00:00+00:00,8774.458373,8774.458373,0.000000
2026-05-07T12:00:00+00:00,8774.458373,8774.458373,0.000000
2026-05-07T13:00:00+00:00,8774.458373,8774.458373,0.000000
2026-05-07T14:00:00+00:00,8768.315375,-6.142998,8774.458373
2026-05-07T15:00:00+00:00,8713.982157,8713.982157,0.000000
2026-05-07T16:00:00+00:00,8713.982157,8713.982157,0.000000
2026-05-07T17:00:00+00:00,8713.982157,8713.982157,0.000000
2026-05-07T18:00:00+00:00,8713.982157,8713.982157,0.000000
2026-05-07T19:00:00+00:00,8713.982157,8713.982157,0.000000
2026-05-07T20:00:00+00:00,8713.982157,8713.982157,0.000000
2026-05-07T21:00:00+00:00,8713.982157,8713.982157,0.000000
2026-05-07T22:00:00+00:00,8713.982157,8713.982157,0.000000
2026-05-07T23:00:00+00:00,8713.982157,8713.982157,0.000000
2026-05-08T00:00:00+00:00,8713.982157,8713.982157,0.000000
2026-05-08T01:00:00+00:00,8713.982157,8713.982157,0.000000
2026-05-08T02:00:00+00:00,8713.982157,8713.982157,0.000000
2026-05-08T03:00:00+00:00,8713.982157,8713.982157,0.000000
2026-05-08T04:00:00+00:00,8713.982157,8713.982157,0.000000
2026-05-08T05:00:00+00:00,8713.982157,8713.982157,0.000000
2026-05-08T06:00:00+00:00,8713.982157,8713.982157,0.000000
2026-05-08T07:00:00+00:00,8713.982157,8713.982157,0.000000
2026-05-08T08:00:00+00:00,8713.982157,8713.982157,0.000000
2026-05-08T09:00:00+00:00,8713.982157,8713.982157,0.000000
2026-05-08T10:00:00+00:00,8713.982157,8713.982157,0.000000
2026-05-08T11:00:00+00:00,8713.982157,8713.982157,0.000000
2026-05-08T12:00:00+00:00,8713.982157,8713.982157,0.000000
2026-05-08T13:00:00+00:00,8713.982157,8713.982157,0.000000
2026-05-08T14:00:00+00:00,8713.982157,8713.982157,0.000000
2026-05-08T15:00:00+00:00,8713.982157,8713.982157,0.000000
2026-05-08T16:00:00+00:00,8713.982157,8713.982157,0.000000
2026-05-08T17:00:00+00:00,8707.883241,-2.613323,8713.982157
2026-05-08T18:00:00+00:00,8674.409385,-2.613323,8747.456013
2026-05-08T19:00:00+00:00,8664.575258,-2.613323,8757.290140
2026-05-08T20:00:00+00:00,8699.940292,-2.613323,8721.925106
2026-05-08T21:00:00+00:00,8671.194382,-2.613323,8750.671016
2026-05-08T22:00:00+00:00,8683.865277,-2.613323,8738.000121
2026-05-08T23:00:00+00:00,8698.805585,-2.613323,8723.059813
2026-05-09T00:00:00+00:00,8693.510286,-2.613323,8728.355112
2026-05-09T01:00:00+00:00,8671.950854,-2.613323,8749.914544
2026-05-09T02:00:00+00:00,8661.549373,-2.613323,8760.316025
2026-05-09T03:00:00+00:00,8668.735851,-2.613323,8753.129547
2026-05-09T04:00:00+00:00,8638.126375,8638.126375,0.000000
2026-05-09T05:00:00+00:00,8638.126375,8638.126375,0.000000
2026-05-09T06:00:00+00:00,8638.126375,8638.126375,0.000000
2026-05-09T07:00:00+00:00,8638.126375,8638.126375,0.000000
2026-05-09T08:00:00+00:00,8638.126375,8638.126375,0.000000
2026-05-09T09:00:00+00:00,8638.126375,8638.126375,0.000000
2026-05-09T10:00:00+00:00,8638.126375,8638.126375,0.000000
2026-05-09T11:00:00+00:00,8638.126375,8638.126375,0.000000
2026-05-09T12:00:00+00:00,8638.126375,8638.126375,0.000000
2026-05-09T13:00:00+00:00,8638.126375,8638.126375,0.000000
2026-05-09T14:00:00+00:00,8638.126375,8638.126375,0.000000
2026-05-09T15:00:00+00:00,8638.126375,8638.126375,0.000000
2026-05-09T16:00:00+00:00,8638.126375,8638.126375,0.000000
2026-05-09T17:00:00+00:00,8632.080550,-2.590574,8638.126375
2026-05-09T18:00:00+00:00,8630.225920,-2.590574,8639.981005
2026-05-09T19:00:00+00:00,8623.549251,-2.590574,8646.657675
2026-05-09T20:00:00+00:00,8633.935181,-2.590574,8636.271745
2026-05-09T21:00:00+00:00,8627.629437,-2.590574,8642.577488
2026-05-09T22:00:00+00:00,8633.378791,-2.590574,8636.828134
2026-05-09T23:00:00+00:00,8645.433889,-2.590574,8624.773036
2026-05-10T00:00:00+00:00,8653.223336,-2.590574,8616.983589
2026-05-10T01:00:00+00:00,8653.965188,-2.590574,8616.241737
2026-05-10T02:00:00+00:00,8638.942683,-2.590574,8631.264243
2026-05-10T03:00:00+00:00,8639.313609,-2.590574,8630.893316
2026-05-10T04:00:00+00:00,8637.829904,-2.590574,8632.377021
2026-05-10T05:00:00+00:00,8641.353702,-2.590574,8628.853223
2026-05-10T06:00:00+00:00,8634.491570,-2.590574,8635.715355
2026-05-10T07:00:00+00:00,8641.353702,-2.590574,8628.853223
2026-05-10T08:00:00+00:00,8630.596846,-2.590574,8639.610079
2026-05-10T09:00:00+00:00,8637.829904,-2.590574,8632.377021
2026-05-10T10:00:00+00:00,8641.993986,8641.993986,0.000000
2026-05-10T11:00:00+00:00,8641.993986,8641.993986,0.000000
2026-05-10T12:00:00+00:00,8641.993986,8641.993986,0.000000
2026-05-10T13:00:00+00:00,8641.993986,8641.993986,0.000000
2026-05-10T14:00:00+00:00,8641.993986,8641.993986,0.000000
2026-05-10T15:00:00+00:00,8635.945454,-2.591734,8641.993986
2026-05-10T16:00:00+00:00,8628.027999,-2.591734,8649.911440
2026-05-10T17:00:00+00:00,8589.313231,8589.313231,0.000000
2026-05-10T18:00:00+00:00,8589.313231,8589.313231,0.000000
2026-05-10T19:00:00+00:00,8589.313231,8589.313231,0.000000
2026-05-10T20:00:00+00:00,8589.313231,8589.313231,0.000000
2026-05-10T21:00:00+00:00,8589.313231,8589.313231,0.000000
2026-05-10T22:00:00+00:00,8583.301570,-2.575935,8589.313231
2026-05-10T23:00:00+00:00,8592.532331,-2.575935,8580.082470
2026-05-11T00:00:00+00:00,8616.242467,8616.242467,0.000000
2026-05-11T01:00:00+00:00,8616.242467,8616.242467,0.000000
2026-05-11T02:00:00+00:00,8616.242467,8616.242467,0.000000
2026-05-11T03:00:00+00:00,8616.242467,8616.242467,0.000000
2026-05-11T04:00:00+00:00,8616.242467,8616.242467,0.000000
2026-05-11T05:00:00+00:00,8616.242467,8616.242467,0.000000
2026-05-11T06:00:00+00:00,8616.242467,8616.242467,0.000000
2026-05-11T07:00:00+00:00,8616.242467,8616.242467,0.000000
2026-05-11T08:00:00+00:00,8616.242467,8616.242467,0.000000
2026-05-11T09:00:00+00:00,8616.242467,8616.242467,0.000000
2026-05-11T10:00:00+00:00,8616.242467,8616.242467,0.000000
2026-05-11T11:00:00+00:00,8616.242467,8616.242467,0.000000
2026-05-11T12:00:00+00:00,8616.242467,8616.242467,0.000000
2026-05-11T13:00:00+00:00,8616.242467,8616.242467,0.000000
2026-05-11T14:00:00+00:00,8616.242467,8616.242467,0.000000
2026-05-11T15:00:00+00:00,8616.242467,8616.242467,0.000000
2026-05-11T16:00:00+00:00,8616.242467,8616.242467,0.000000
2026-05-11T17:00:00+00:00,8616.242467,8616.242467,0.000000
2026-05-11T18:00:00+00:00,8616.242467,8616.242467,0.000000
2026-05-11T19:00:00+00:00,8616.242467,8616.242467,0.000000
2026-05-11T20:00:00+00:00,8616.242467,8616.242467,0.000000
2026-05-11T21:00:00+00:00,8616.242467,8616.242467,0.000000
2026-05-11T22:00:00+00:00,8616.242467,8616.242467,0.000000
2026-05-11T23:00:00+00:00,8616.242467,8616.242467,0.000000
2026-05-12T00:00:00+00:00,8616.242467,8616.242467,0.000000
2026-05-12T01:00:00+00:00,8610.210236,-6.032231,8616.242467
2026-05-12T02:00:00+00:00,8626.248087,-6.032231,8632.280319
2026-05-12T03:00:00+00:00,8603.123743,-6.032231,8609.155975
2026-05-12T04:00:00+00:00,8609.091316,-6.032231,8615.123547
2026-05-12T05:00:00+00:00,8605.921043,-6.032231,8611.953274
2026-05-12T06:00:00+00:00,8582.796699,-6.032231,8588.828930
2026-05-12T07:00:00+00:00,8559.145653,8559.145653,0.000000
2026-05-12T08:00:00+00:00,8559.145653,8559.145653,0.000000
2026-05-12T09:00:00+00:00,8559.145653,8559.145653,0.000000
2026-05-12T10:00:00+00:00,8559.145653,8559.145653,0.000000
2026-05-12T11:00:00+00:00,8559.145653,8559.145653,0.000000
2026-05-12T12:00:00+00:00,8559.145653,8559.145653,0.000000
2026-05-12T13:00:00+00:00,8559.145653,8559.145653,0.000000
2026-05-12T14:00:00+00:00,8559.145653,8559.145653,0.000000
2026-05-12T15:00:00+00:00,8559.145653,8559.145653,0.000000
2026-05-12T16:00:00+00:00,8559.145653,8559.145653,0.000000
2026-05-12T17:00:00+00:00,8559.145653,8559.145653,0.000000
2026-05-12T18:00:00+00:00,8559.145653,8559.145653,0.000000
2026-05-12T19:00:00+00:00,8559.145653,8559.145653,0.000000
2026-05-12T20:00:00+00:00,8559.145653,8559.145653,0.000000
2026-05-12T21:00:00+00:00,8559.145653,8559.145653,0.000000
2026-05-12T22:00:00+00:00,8559.145653,8559.145653,0.000000
2026-05-12T23:00:00+00:00,8559.145653,8559.145653,0.000000
2026-05-13T00:00:00+00:00,8559.145653,8559.145653,0.000000
2026-05-13T01:00:00+00:00,8559.145653,8559.145653,0.000000
2026-05-13T02:00:00+00:00,8559.145653,8559.145653,0.000000
2026-05-13T03:00:00+00:00,8559.145653,8559.145653,0.000000
2026-05-13T04:00:00+00:00,8553.155107,-2.566888,8559.145653
2026-05-13T05:00:00+00:00,8587.676023,-2.566888,8524.624736
2026-05-13T06:00:00+00:00,8571.714739,-2.566888,8540.586020
2026-05-13T07:00:00+00:00,8574.498684,-2.566888,8537.802075
2026-05-13T08:00:00+00:00,8521.513309,8521.513309,0.000000
2026-05-13T09:00:00+00:00,8521.513309,8521.513309,0.000000
2026-05-13T10:00:00+00:00,8521.513309,8521.513309,0.000000
2026-05-13T11:00:00+00:00,8521.513309,8521.513309,0.000000
2026-05-13T12:00:00+00:00,8521.513309,8521.513309,0.000000
2026-05-13T13:00:00+00:00,8515.547398,-5.965911,8521.513309
2026-05-13T14:00:00+00:00,8474.333969,8474.333969,0.000000
2026-05-13T15:00:00+00:00,8474.333969,8474.333969,0.000000
2026-05-13T16:00:00+00:00,8474.333969,8474.333969,0.000000
2026-05-13T17:00:00+00:00,8474.333969,8474.333969,0.000000
2026-05-13T18:00:00+00:00,8474.333969,8474.333969,0.000000
2026-05-13T19:00:00+00:00,8474.333969,8474.333969,0.000000
2026-05-13T20:00:00+00:00,8474.333969,8474.333969,0.000000
2026-05-13T21:00:00+00:00,8474.333969,8474.333969,0.000000
2026-05-13T22:00:00+00:00,8474.333969,8474.333969,0.000000
2026-05-13T23:00:00+00:00,8474.333969,8474.333969,0.000000
2026-05-14T00:00:00+00:00,8474.333969,8474.333969,0.000000
2026-05-14T01:00:00+00:00,8474.333969,8474.333969,0.000000
2026-05-14T02:00:00+00:00,8474.333969,8474.333969,0.000000
2026-05-14T03:00:00+00:00,8474.333969,8474.333969,0.000000
2026-05-14T04:00:00+00:00,8474.333969,8474.333969,0.000000
2026-05-14T05:00:00+00:00,8474.333969,8474.333969,0.000000
2026-05-14T06:00:00+00:00,8474.333969,8474.333969,0.000000
2026-05-14T07:00:00+00:00,8474.333969,8474.333969,0.000000
2026-05-14T08:00:00+00:00,8474.333969,8474.333969,0.000000
2026-05-14T09:00:00+00:00,8474.333969,8474.333969,0.000000
2026-05-14T10:00:00+00:00,8474.333969,8474.333969,0.000000
2026-05-14T11:00:00+00:00,8474.333969,8474.333969,0.000000
2026-05-14T12:00:00+00:00,8474.333969,8474.333969,0.000000
2026-05-14T13:00:00+00:00,8474.333969,8474.333969,0.000000
2026-05-14T14:00:00+00:00,8468.402783,-2.541453,8474.333969
2026-05-14T15:00:00+00:00,8419.681280,8419.681280,0.000000
2026-05-14T16:00:00+00:00,8419.681280,8419.681280,0.000000
2026-05-14T17:00:00+00:00,8419.681280,8419.681280,0.000000
2026-05-14T18:00:00+00:00,8419.681280,8419.681280,0.000000
2026-05-14T19:00:00+00:00,8419.681280,8419.681280,0.000000
2026-05-14T20:00:00+00:00,8419.681280,8419.681280,0.000000
2026-05-14T21:00:00+00:00,8419.681280,8419.681280,0.000000
2026-05-14T22:00:00+00:00,8419.681280,8419.681280,0.000000
2026-05-14T23:00:00+00:00,8419.681280,8419.681280,0.000000
2026-05-15T00:00:00+00:00,8419.681280,8419.681280,0.000000
2026-05-15T01:00:00+00:00,8419.681280,8419.681280,0.000000
2026-05-15T02:00:00+00:00,8419.681280,8419.681280,0.000000
2026-05-15T03:00:00+00:00,8419.681280,8419.681280,0.000000
2026-05-15T04:00:00+00:00,8419.681280,8419.681280,0.000000
2026-05-15T05:00:00+00:00,8419.681280,8419.681280,0.000000
2026-05-15T06:00:00+00:00,8419.681280,8419.681280,0.000000
2026-05-15T07:00:00+00:00,8419.681280,8419.681280,0.000000
2026-05-15T08:00:00+00:00,8419.681280,8419.681280,0.000000
2026-05-15T09:00:00+00:00,8419.681280,8419.681280,0.000000
2026-05-15T10:00:00+00:00,8419.681280,8419.681280,0.000000
2026-05-15T11:00:00+00:00,8419.681280,8419.681280,0.000000
2026-05-15T12:00:00+00:00,8419.681280,8419.681280,0.000000
2026-05-15T13:00:00+00:00,8413.786661,-5.894619,8419.681280
2026-05-15T14:00:00+00:00,8380.569258,8380.569258,0.000000
2026-05-15T15:00:00+00:00,8380.569258,8380.569258,0.000000
2026-05-15T16:00:00+00:00,8380.569258,8380.569258,0.000000
2026-05-15T17:00:00+00:00,8380.569258,8380.569258,0.000000
2026-05-15T18:00:00+00:00,8380.569258,8380.569258,0.000000
2026-05-15T19:00:00+00:00,8380.569258,8380.569258,0.000000
2026-05-15T20:00:00+00:00,8380.569258,8380.569258,0.000000
2026-05-15T21:00:00+00:00,8380.569258,8380.569258,0.000000
2026-05-15T22:00:00+00:00,8380.569258,8380.569258,0.000000
2026-05-15T23:00:00+00:00,8380.569258,8380.569258,0.000000
2026-05-16T00:00:00+00:00,8380.569258,8380.569258,0.000000
2026-05-16T01:00:00+00:00,8380.569258,8380.569258,0.000000
2026-05-16T02:00:00+00:00,8380.569258,8380.569258,0.000000
2026-05-16T03:00:00+00:00,8380.569258,8380.569258,0.000000
2026-05-16T04:00:00+00:00,8380.569258,8380.569258,0.000000
2026-05-16T05:00:00+00:00,8380.569258,8380.569258,0.000000
2026-05-16T06:00:00+00:00,8380.569258,8380.569258,0.000000
2026-05-16T07:00:00+00:00,8380.569258,8380.569258,0.000000
2026-05-16T08:00:00+00:00,8380.569258,8380.569258,0.000000
2026-05-16T09:00:00+00:00,8380.569258,8380.569258,0.000000
2026-05-16T10:00:00+00:00,8380.569258,8380.569258,0.000000
2026-05-16T11:00:00+00:00,8380.569258,8380.569258,0.000000
2026-05-16T12:00:00+00:00,8380.569258,8380.569258,0.000000
2026-05-16T13:00:00+00:00,8380.569258,8380.569258,0.000000
2026-05-16T14:00:00+00:00,8380.569258,8380.569258,0.000000
2026-05-16T15:00:00+00:00,8380.569258,8380.569258,0.000000
2026-05-16T16:00:00+00:00,8380.569258,8380.569258,0.000000
2026-05-16T17:00:00+00:00,8380.569258,8380.569258,0.000000
2026-05-16T18:00:00+00:00,8380.569258,8380.569258,0.000000
2026-05-16T19:00:00+00:00,8380.569258,8380.569258,0.000000
2026-05-16T20:00:00+00:00,8380.569258,8380.569258,0.000000
2026-05-16T21:00:00+00:00,8380.569258,8380.569258,0.000000
2026-05-16T22:00:00+00:00,8380.569258,8380.569258,0.000000
2026-05-16T23:00:00+00:00,8380.569258,8380.569258,0.000000
2026-05-17T00:00:00+00:00,8380.569258,8380.569258,0.000000
2026-05-17T01:00:00+00:00,8380.569258,8380.569258,0.000000
2026-05-17T02:00:00+00:00,8380.569258,8380.569258,0.000000
2026-05-17T03:00:00+00:00,8380.569258,8380.569258,0.000000
2026-05-17T04:00:00+00:00,8374.703698,-2.513333,8380.569258
2026-05-17T05:00:00+00:00,8380.261867,-2.513333,8375.011089
2026-05-17T06:00:00+00:00,8383.328443,-2.513333,8371.944513
2026-05-17T07:00:00+00:00,8378.728579,-2.513333,8376.544377
2026-05-17T08:00:00+00:00,8378.728579,-2.513333,8376.544377
2026-05-17T09:00:00+00:00,8363.779020,-2.513333,8391.493935
2026-05-17T10:00:00+00:00,8347.679495,-2.513333,8407.593460
2026-05-17T11:00:00+00:00,8355.920919,-2.513333,8399.352037
2026-05-17T12:00:00+00:00,8347.296173,-2.513333,8407.976782
2026-05-17T13:00:00+00:00,8356.495902,-2.513333,8398.777054
2026-05-17T14:00:00+00:00,8377.578613,-2.513333,8377.694343
2026-05-17T15:00:00+00:00,8377.961935,-2.513333,8377.311021
2026-05-17T16:00:00+00:00,8386.865209,8386.865209,0.000000
2026-05-17T17:00:00+00:00,8386.865209,8386.865209,0.000000
2026-05-17T18:00:00+00:00,8386.865209,8386.865209,0.000000
2026-05-17T19:00:00+00:00,8386.865209,8386.865209,0.000000
2026-05-17T20:00:00+00:00,8386.865209,8386.865209,0.000000
2026-05-17T21:00:00+00:00,8386.865209,8386.865209,0.000000
2026-05-17T22:00:00+00:00,8386.865209,8386.865209,0.000000
2026-05-17T23:00:00+00:00,8380.993565,-5.871644,8386.865209
2026-05-18T00:00:00+00:00,8276.207739,8276.207739,0.000000
2026-05-18T01:00:00+00:00,8276.207739,8276.207739,0.000000
2026-05-18T02:00:00+00:00,8276.207739,8276.207739,0.000000
2026-05-18T03:00:00+00:00,8276.207739,8276.207739,0.000000
2026-05-18T04:00:00+00:00,8276.207739,8276.207739,0.000000
2026-05-18T05:00:00+00:00,8276.207739,8276.207739,0.000000
2026-05-18T06:00:00+00:00,8276.207739,8276.207739,0.000000
2026-05-18T07:00:00+00:00,8276.207739,8276.207739,0.000000
2026-05-18T08:00:00+00:00,8276.207739,8276.207739,0.000000
2026-05-18T09:00:00+00:00,8276.207739,8276.207739,0.000000
2026-05-18T10:00:00+00:00,8276.207739,8276.207739,0.000000
2026-05-18T11:00:00+00:00,8276.207739,8276.207739,0.000000
2026-05-18T12:00:00+00:00,8276.207739,8276.207739,0.000000
2026-05-18T13:00:00+00:00,8276.207739,8276.207739,0.000000
2026-05-18T14:00:00+00:00,8276.207739,8276.207739,0.000000
2026-05-18T15:00:00+00:00,8276.207739,8276.207739,0.000000
2026-05-18T16:00:00+00:00,8276.207739,8276.207739,0.000000
2026-05-18T17:00:00+00:00,8276.207739,8276.207739,0.000000
2026-05-18T18:00:00+00:00,8270.413566,-5.794173,8276.207739
2026-05-18T19:00:00+00:00,8386.177289,8386.177289,0.000000
2026-05-18T20:00:00+00:00,8386.177289,8386.177289,0.000000
2026-05-18T21:00:00+00:00,8386.177289,8386.177289,0.000000
2026-05-18T22:00:00+00:00,8386.177289,8386.177289,0.000000
2026-05-18T23:00:00+00:00,8386.177289,8386.177289,0.000000
2026-05-19T00:00:00+00:00,8386.177289,8386.177289,0.000000
2026-05-19T01:00:00+00:00,8386.177289,8386.177289,0.000000
2026-05-19T02:00:00+00:00,8386.177289,8386.177289,0.000000
2026-05-19T03:00:00+00:00,8386.177289,8386.177289,0.000000
2026-05-19T04:00:00+00:00,8386.177289,8386.177289,0.000000
2026-05-19T05:00:00+00:00,8386.177289,8386.177289,0.000000
2026-05-19T06:00:00+00:00,8386.177289,8386.177289,0.000000
2026-05-19T07:00:00+00:00,8386.177289,8386.177289,0.000000
2026-05-19T08:00:00+00:00,8386.177289,8386.177289,0.000000
2026-05-19T09:00:00+00:00,8386.177289,8386.177289,0.000000
2026-05-19T10:00:00+00:00,8386.177289,8386.177289,0.000000
2026-05-19T11:00:00+00:00,8386.177289,8386.177289,0.000000
2026-05-19T12:00:00+00:00,8386.177289,8386.177289,0.000000
2026-05-19T13:00:00+00:00,8386.177289,8386.177289,0.000000
2026-05-19T14:00:00+00:00,8380.306126,-5.871163,8386.177289
2026-05-19T15:00:00+00:00,8396.239584,-5.871163,8402.110747
2026-05-19T16:00:00+00:00,8440.255762,-5.871163,8446.126924
2026-05-19T17:00:00+00:00,8418.347257,-5.871163,8424.218420
2026-05-19T18:00:00+00:00,8416.156406,-5.871163,8422.027569
2026-05-19T19:00:00+00:00,8408.388846,-5.871163,8414.260008
2026-05-19T20:00:00+00:00,8428.704005,-5.871163,8434.575167
2026-05-19T21:00:00+00:00,8422.928126,-5.871163,8428.799289
2026-05-19T22:00:00+00:00,8383.209831,8383.209831,0.000000
2026-05-19T23:00:00+00:00,8383.209831,8383.209831,0.000000
2026-05-20T00:00:00+00:00,8383.209831,8383.209831,0.000000
2026-05-20T01:00:00+00:00,8383.209831,8383.209831,0.000000
2026-05-20T02:00:00+00:00,8383.209831,8383.209831,0.000000
2026-05-20T03:00:00+00:00,8383.209831,8383.209831,0.000000
2026-05-20T04:00:00+00:00,8383.209831,8383.209831,0.000000
2026-05-20T05:00:00+00:00,8377.342423,-2.514125,8383.209831
2026-05-20T06:00:00+00:00,8343.802481,-2.514125,8416.749773
2026-05-20T07:00:00+00:00,8360.769745,-2.514125,8399.782508
2026-05-20T08:00:00+00:00,8352.286113,-2.514125,8408.266141
2026-05-20T09:00:00+00:00,8361.164333,-2.514125,8399.387921
2026-05-20T10:00:00+00:00,8356.823870,-2.514125,8403.728384
2026-05-20T11:00:00+00:00,8366.293971,-2.514125,8394.258283
2026-05-20T12:00:00+00:00,8343.407893,-2.514125,8417.144361
2026-05-20T13:00:00+00:00,8345.954079,8345.954079,0.000000
2026-05-20T14:00:00+00:00,8345.954079,8345.954079,0.000000
2026-05-20T15:00:00+00:00,8345.954079,8345.954079,0.000000
2026-05-20T16:00:00+00:00,8345.954079,8345.954079,0.000000
2026-05-20T17:00:00+00:00,8345.954079,8345.954079,0.000000
2026-05-20T18:00:00+00:00,8345.954079,8345.954079,0.000000
2026-05-20T19:00:00+00:00,8345.954079,8345.954079,0.000000
2026-05-20T20:00:00+00:00,8345.954079,8345.954079,0.000000
2026-05-20T21:00:00+00:00,8345.954079,8345.954079,0.000000
2026-05-20T22:00:00+00:00,8345.954079,8345.954079,0.000000
2026-05-20T23:00:00+00:00,8345.954079,8345.954079,0.000000
2026-05-21T00:00:00+00:00,8340.112746,-2.502952,8345.954079
2026-05-21T01:00:00+00:00,8282.391043,8282.391043,0.000000
2026-05-21T02:00:00+00:00,8282.391043,8282.391043,0.000000
2026-05-21T03:00:00+00:00,8282.391043,8282.391043,0.000000
2026-05-21T04:00:00+00:00,8282.391043,8282.391043,0.000000
2026-05-21T05:00:00+00:00,8282.391043,8282.391043,0.000000
2026-05-21T06:00:00+00:00,8282.391043,8282.391043,0.000000
2026-05-21T07:00:00+00:00,8282.391043,8282.391043,0.000000
2026-05-21T08:00:00+00:00,8282.391043,8282.391043,0.000000
2026-05-21T09:00:00+00:00,8282.391043,8282.391043,0.000000
2026-05-21T10:00:00+00:00,8276.592541,-5.798502,8282.391043
2026-05-21T11:00:00+00:00,8279.727806,-5.798502,8285.526308
2026-05-21T12:00:00+00:00,8287.565969,-5.798502,8293.364471
2026-05-21T13:00:00+00:00,8244.598523,8244.598523,0.000000
2026-05-21T14:00:00+00:00,8244.598523,8244.598523,0.000000
2026-05-21T15:00:00+00:00,8244.598523,8244.598523,0.000000
2026-05-21T16:00:00+00:00,8244.598523,8244.598523,0.000000
2026-05-21T17:00:00+00:00,8244.598523,8244.598523,0.000000
2026-05-21T18:00:00+00:00,8244.598523,8244.598523,0.000000
2026-05-21T19:00:00+00:00,8244.598523,8244.598523,0.000000
2026-05-21T20:00:00+00:00,8244.598523,8244.598523,0.000000
2026-05-21T21:00:00+00:00,8244.598523,8244.598523,0.000000
2026-05-21T22:00:00+00:00,8244.598523,8244.598523,0.000000
2026-05-21T23:00:00+00:00,8244.598523,8244.598523,0.000000
2026-05-22T00:00:00+00:00,8244.598523,8244.598523,0.000000
2026-05-22T01:00:00+00:00,8244.598523,8244.598523,0.000000
2026-05-22T02:00:00+00:00,8244.598523,8244.598523,0.000000
2026-05-22T03:00:00+00:00,8244.598523,8244.598523,0.000000
2026-05-22T04:00:00+00:00,8244.598523,8244.598523,0.000000
2026-05-22T05:00:00+00:00,8244.598523,8244.598523,0.000000
2026-05-22T06:00:00+00:00,8244.598523,8244.598523,0.000000
2026-05-22T07:00:00+00:00,8244.598523,8244.598523,0.000000
2026-05-22T08:00:00+00:00,8244.598523,8244.598523,0.000000
2026-05-22T09:00:00+00:00,8244.598523,8244.598523,0.000000
2026-05-22T10:00:00+00:00,8244.598523,8244.598523,0.000000
2026-05-22T11:00:00+00:00,8244.598523,8244.598523,0.000000
2026-05-22T12:00:00+00:00,8244.598523,8244.598523,0.000000
2026-05-22T13:00:00+00:00,8244.598523,8244.598523,0.000000
2026-05-22T14:00:00+00:00,8238.826480,-5.772043,8244.598523
2026-05-22T15:00:00+00:00,8248.957372,-5.772043,8254.729416
2026-05-22T16:00:00+00:00,8262.789938,-5.772043,8268.561981
2026-05-22T17:00:00+00:00,8249.347022,-5.772043,8255.119066
2026-05-22T18:00:00+00:00,8135.818140,8135.818140,0.000000
2026-05-22T19:00:00+00:00,8135.818140,8135.818140,0.000000
2026-05-22T20:00:00+00:00,8135.818140,8135.818140,0.000000
2026-05-22T21:00:00+00:00,8135.818140,8135.818140,0.000000
2026-05-22T22:00:00+00:00,8135.818140,8135.818140,0.000000
2026-05-22T23:00:00+00:00,8135.818140,8135.818140,0.000000
2026-05-23T00:00:00+00:00,8135.818140,8135.818140,0.000000
2026-05-23T01:00:00+00:00,8135.818140,8135.818140,0.000000
2026-05-23T02:00:00+00:00,8135.818140,8135.818140,0.000000
2026-05-23T03:00:00+00:00,8135.818140,8135.818140,0.000000
2026-05-23T04:00:00+00:00,8135.818140,8135.818140,0.000000
2026-05-23T05:00:00+00:00,8135.818140,8135.818140,0.000000
2026-05-23T06:00:00+00:00,8135.818140,8135.818140,0.000000
2026-05-23T07:00:00+00:00,8135.818140,8135.818140,0.000000
2026-05-23T08:00:00+00:00,8135.818140,8135.818140,0.000000
2026-05-23T09:00:00+00:00,8135.818140,8135.818140,0.000000
2026-05-23T10:00:00+00:00,8135.818140,8135.818140,0.000000
2026-05-23T11:00:00+00:00,8135.818140,8135.818140,0.000000
2026-05-23T12:00:00+00:00,8135.818140,8135.818140,0.000000
2026-05-23T13:00:00+00:00,8135.818140,8135.818140,0.000000
2026-05-23T14:00:00+00:00,8135.818140,8135.818140,0.000000
2026-05-23T15:00:00+00:00,8135.818140,8135.818140,0.000000
2026-05-23T16:00:00+00:00,8135.818140,8135.818140,0.000000
2026-05-23T17:00:00+00:00,8135.818140,8135.818140,0.000000
2026-05-23T18:00:00+00:00,8135.818140,8135.818140,0.000000
2026-05-23T19:00:00+00:00,8135.818140,8135.818140,0.000000
2026-05-23T20:00:00+00:00,8130.123881,-2.439932,8135.818140
2026-05-23T21:00:00+00:00,8214.758830,8214.758830,0.000000
2026-05-23T22:00:00+00:00,8214.758830,8214.758830,0.000000
2026-05-23T23:00:00+00:00,8214.758830,8214.758830,0.000000
2026-05-24T00:00:00+00:00,8214.758830,8214.758830,0.000000
2026-05-24T01:00:00+00:00,8214.758830,8214.758830,0.000000
2026-05-24T02:00:00+00:00,8214.758830,8214.758830,0.000000
2026-05-24T03:00:00+00:00,8214.758830,8214.758830,0.000000
2026-05-24T04:00:00+00:00,8214.758830,8214.758830,0.000000
2026-05-24T05:00:00+00:00,8214.758830,8214.758830,0.000000
2026-05-24T06:00:00+00:00,8214.758830,8214.758830,0.000000
2026-05-24T07:00:00+00:00,8214.758830,8214.758830,0.000000
2026-05-24T08:00:00+00:00,8214.758830,8214.758830,0.000000
2026-05-24T09:00:00+00:00,8214.758830,8214.758830,0.000000
2026-05-24T10:00:00+00:00,8214.758830,8214.758830,0.000000
2026-05-24T11:00:00+00:00,8214.758830,8214.758830,0.000000
2026-05-24T12:00:00+00:00,8214.758830,8214.758830,0.000000
2026-05-24T13:00:00+00:00,8214.758830,8214.758830,0.000000
2026-05-24T14:00:00+00:00,8214.758830,8214.758830,0.000000
2026-05-24T15:00:00+00:00,8209.007677,-5.751153,8214.758830
2026-05-24T16:00:00+00:00,8239.198906,-5.751153,8244.950058
2026-05-24T17:00:00+00:00,8236.062155,-5.751153,8241.813307
2026-05-24T18:00:00+00:00,8224.691432,-5.751153,8230.442585
2026-05-24T19:00:00+00:00,8228.024230,-5.751153,8233.775383
2026-05-24T20:00:00+00:00,8188.698157,8188.698157,0.000000
2026-05-24T21:00:00+00:00,8188.698157,8188.698157,0.000000
2026-05-24T22:00:00+00:00,8188.698157,8188.698157,0.000000
2026-05-24T23:00:00+00:00,8188.698157,8188.698157,0.000000
2026-05-25T00:00:00+00:00,8188.698157,8188.698157,0.000000
2026-05-25T01:00:00+00:00,8188.698157,8188.698157,0.000000
2026-05-25T02:00:00+00:00,8188.698157,8188.698157,0.000000
2026-05-25T03:00:00+00:00,8188.698157,8188.698157,0.000000
2026-05-25T04:00:00+00:00,8188.698157,8188.698157,0.000000
2026-05-25T05:00:00+00:00,8188.698157,8188.698157,0.000000
2026-05-25T06:00:00+00:00,8188.698157,8188.698157,0.000000
2026-05-25T07:00:00+00:00,8188.698157,8188.698157,0.000000
2026-05-25T08:00:00+00:00,8188.698157,8188.698157,0.000000
2026-05-25T09:00:00+00:00,8188.698157,8188.698157,0.000000
2026-05-25T10:00:00+00:00,8188.698157,8188.698157,0.000000
2026-05-25T11:00:00+00:00,8188.698157,8188.698157,0.000000
2026-05-25T12:00:00+00:00,8188.698157,8188.698157,0.000000
2026-05-25T13:00:00+00:00,8188.698157,8188.698157,0.000000
2026-05-25T14:00:00+00:00,8188.698157,8188.698157,0.000000
2026-05-25T15:00:00+00:00,8188.698157,8188.698157,0.000000
2026-05-25T16:00:00+00:00,8188.698157,8188.698157,0.000000
2026-05-25T17:00:00+00:00,8188.698157,8188.698157,0.000000
2026-05-25T18:00:00+00:00,8188.698157,8188.698157,0.000000
2026-05-25T19:00:00+00:00,8188.698157,8188.698157,0.000000
2026-05-25T20:00:00+00:00,8188.698157,8188.698157,0.000000
2026-05-25T21:00:00+00:00,8188.698157,8188.698157,0.000000
2026-05-25T22:00:00+00:00,8188.698157,8188.698157,0.000000
2026-05-25T23:00:00+00:00,8188.698157,8188.698157,0.000000
2026-05-26T00:00:00+00:00,8182.965249,-5.732908,8188.698157
2026-05-26T01:00:00+00:00,8170.467296,-5.732908,8176.200203
2026-05-26T02:00:00+00:00,8149.572280,-5.732908,8155.305187
2026-05-26T03:00:00+00:00,8166.171124,-5.732908,8171.904032
2026-05-26T04:00:00+00:00,8167.538088,-5.732908,8173.270995
2026-05-26T05:00:00+00:00,8195.658483,-5.732908,8201.391391
2026-05-26T06:00:00+00:00,8199.564093,-5.732908,8205.297001
2026-05-26T07:00:00+00:00,8173.396503,-5.732908,8179.129411
2026-05-26T08:00:00+00:00,8181.207724,-5.732908,8186.940632
2026-05-26T09:00:00+00:00,8179.059639,-5.732908,8184.792546
2026-05-26T10:00:00+00:00,8267.217148,8267.217148,0.000000
2026-05-26T11:00:00+00:00,8267.217148,8267.217148,0.000000
2026-05-26T12:00:00+00:00,8267.217148,8267.217148,0.000000
2026-05-26T13:00:00+00:00,8267.217148,8267.217148,0.000000
2026-05-26T14:00:00+00:00,8267.217148,8267.217148,0.000000
2026-05-26T15:00:00+00:00,8267.217148,8267.217148,0.000000
2026-05-26T16:00:00+00:00,8267.217148,8267.217148,0.000000
2026-05-26T17:00:00+00:00,8261.429269,-5.787879,8267.217148
2026-05-26T18:00:00+00:00,8253.640935,-5.787879,8259.428814
2026-05-26T19:00:00+00:00,8275.608032,-5.787879,8281.395911
2026-05-26T20:00:00+00:00,8291.584103,-5.787879,8297.371981
2026-05-26T21:00:00+00:00,8270.016407,-5.787879,8275.804286
2026-05-26T22:00:00+00:00,8254.040337,-5.787879,8259.828216
2026-05-26T23:00:00+00:00,8272.812220,-5.787879,8278.600099
2026-05-27T00:00:00+00:00,8311.354490,-5.787879,8317.142369
2026-05-27T01:00:00+00:00,8276.007434,-5.787879,8281.795313
2026-05-27T02:00:00+00:00,8283.196666,-5.787879,8288.984544
2026-05-27T03:00:00+00:00,8256.836149,-5.787879,8262.624028
2026-05-27T04:00:00+00:00,8243.793904,8243.793904,0.000000
2026-05-27T05:00:00+00:00,8243.793904,8243.793904,0.000000
2026-05-27T06:00:00+00:00,8243.793904,8243.793904,0.000000
2026-05-27T07:00:00+00:00,8243.793904,8243.793904,0.000000
2026-05-27T08:00:00+00:00,8243.793904,8243.793904,0.000000
2026-05-27T09:00:00+00:00,8243.793904,8243.793904,0.000000
2026-05-27T10:00:00+00:00,8243.793904,8243.793904,0.000000
2026-05-27T11:00:00+00:00,8243.793904,8243.793904,0.000000
2026-05-27T12:00:00+00:00,8243.793904,8243.793904,0.000000
2026-05-27T13:00:00+00:00,8238.022423,-5.771480,8243.793904
2026-05-27T14:00:00+00:00,8195.848493,8195.848493,0.000000
2026-05-27T15:00:00+00:00,8195.848493,8195.848493,0.000000
2026-05-27T16:00:00+00:00,8195.848493,8195.848493,0.000000
2026-05-27T17:00:00+00:00,8195.848493,8195.848493,0.000000
2026-05-27T18:00:00+00:00,8195.848493,8195.848493,0.000000
2026-05-27T19:00:00+00:00,8195.848493,8195.848493,0.000000
2026-05-27T20:00:00+00:00,8195.848493,8195.848493,0.000000
2026-05-27T21:00:00+00:00,8195.848493,8195.848493,0.000000
2026-05-27T22:00:00+00:00,8195.848493,8195.848493,0.000000
2026-05-27T23:00:00+00:00,8195.848493,8195.848493,0.000000
2026-05-28T00:00:00+00:00,8195.848493,8195.848493,0.000000
2026-05-28T01:00:00+00:00,8195.848493,8195.848493,0.000000
2026-05-28T02:00:00+00:00,8195.848493,8195.848493,0.000000
2026-05-28T03:00:00+00:00,8195.848493,8195.848493,0.000000
2026-05-28T04:00:00+00:00,8195.848493,8195.848493,0.000000
2026-05-28T05:00:00+00:00,8195.848493,8195.848493,0.000000
2026-05-28T06:00:00+00:00,8195.848493,8195.848493,0.000000
2026-05-28T07:00:00+00:00,8195.848493,8195.848493,0.000000
2026-05-28T08:00:00+00:00,8195.848493,8195.848493,0.000000
2026-05-28T09:00:00+00:00,8195.848493,8195.848493,0.000000
2026-05-28T10:00:00+00:00,8195.848493,8195.848493,0.000000
2026-05-28T11:00:00+00:00,8195.848493,8195.848493,0.000000
2026-05-28T12:00:00+00:00,8195.848493,8195.848493,0.000000
2026-05-28T13:00:00+00:00,8195.848493,8195.848493,0.000000
2026-05-28T14:00:00+00:00,8195.848493,8195.848493,0.000000
2026-05-28T15:00:00+00:00,8195.848493,8195.848493,0.000000
2026-05-28T16:00:00+00:00,8195.848493,8195.848493,0.000000
2026-05-28T17:00:00+00:00,8195.848493,8195.848493,0.000000
2026-05-28T18:00:00+00:00,8195.848493,8195.848493,0.000000
2026-05-28T19:00:00+00:00,8195.848493,8195.848493,0.000000
2026-05-28T20:00:00+00:00,8195.848493,8195.848493,0.000000
2026-05-28T21:00:00+00:00,8195.848493,8195.848493,0.000000
2026-05-28T22:00:00+00:00,8195.848493,8195.848493,0.000000
2026-05-28T23:00:00+00:00,8195.848493,8195.848493,0.000000
2026-05-29T00:00:00+00:00,8195.848493,8195.848493,0.000000
2026-05-29T01:00:00+00:00,8195.848493,8195.848493,0.000000
2026-05-29T02:00:00+00:00,8195.848493,8195.848493,0.000000
2026-05-29T03:00:00+00:00,8195.848493,8195.848493,0.000000
2026-05-29T04:00:00+00:00,8195.848493,8195.848493,0.000000
2026-05-29T05:00:00+00:00,8195.848493,8195.848493,0.000000
2026-05-29T06:00:00+00:00,8195.848493,8195.848493,0.000000
2026-05-29T07:00:00+00:00,8195.848493,8195.848493,0.000000
2026-05-29T08:00:00+00:00,8195.848493,8195.848493,0.000000
2026-05-29T09:00:00+00:00,8195.848493,8195.848493,0.000000
2026-05-29T10:00:00+00:00,8195.848493,8195.848493,0.000000
2026-05-29T11:00:00+00:00,8195.848493,8195.848493,0.000000
2026-05-29T12:00:00+00:00,8195.848493,8195.848493,0.000000
2026-05-29T13:00:00+00:00,8195.848493,8195.848493,0.000000
2026-05-29T14:00:00+00:00,8195.848493,8195.848493,0.000000
2026-05-29T15:00:00+00:00,8190.112219,-2.457935,8195.848493
2026-05-29T16:00:00+00:00,8157.636867,8157.636867,0.000000
2026-05-29T17:00:00+00:00,8157.636867,8157.636867,0.000000
2026-05-29T18:00:00+00:00,8157.636867,8157.636867,0.000000
2026-05-29T19:00:00+00:00,8157.636867,8157.636867,0.000000
2026-05-29T20:00:00+00:00,8157.636867,8157.636867,0.000000
2026-05-29T21:00:00+00:00,8157.636867,8157.636867,0.000000
2026-05-29T22:00:00+00:00,8157.636867,8157.636867,0.000000
2026-05-29T23:00:00+00:00,8157.636867,8157.636867,0.000000
2026-05-30T00:00:00+00:00,8157.636867,8157.636867,0.000000
2026-05-30T01:00:00+00:00,8157.636867,8157.636867,0.000000
2026-05-30T02:00:00+00:00,8157.636867,8157.636867,0.000000
2026-05-30T03:00:00+00:00,8157.636867,8157.636867,0.000000
2026-05-30T04:00:00+00:00,8157.636867,8157.636867,0.000000
2026-05-30T05:00:00+00:00,8157.636867,8157.636867,0.000000
2026-05-30T06:00:00+00:00,8157.636867,8157.636867,0.000000
2026-05-30T07:00:00+00:00,8157.636867,8157.636867,0.000000
2026-05-30T08:00:00+00:00,8157.636867,8157.636867,0.000000
2026-05-30T09:00:00+00:00,8157.636867,8157.636867,0.000000
2026-05-30T10:00:00+00:00,8157.636867,8157.636867,0.000000
2026-05-30T11:00:00+00:00,8157.636867,8157.636867,0.000000
2026-05-30T12:00:00+00:00,8157.636867,8157.636867,0.000000
2026-05-30T13:00:00+00:00,8157.636867,8157.636867,0.000000
2026-05-30T14:00:00+00:00,8151.927337,-2.446475,8157.636867
2026-05-30T15:00:00+00:00,8151.726008,-2.446475,8157.838196
2026-05-30T16:00:00+00:00,8150.316707,-2.446475,8159.247496
2026-05-30T17:00:00+00:00,8150.115379,-2.446475,8159.448825
2026-05-30T18:00:00+00:00,8148.504749,-2.446475,8161.059455
2026-05-30T19:00:00+00:00,8143.874190,-2.446475,8165.690014
2026-05-30T20:00:00+00:00,8150.719365,-2.446475,8158.844839
2026-05-30T21:00:00+00:00,8145.686148,-2.446475,8163.878056
2026-05-30T22:00:00+00:00,8165.416359,-2.446475,8144.147845
2026-05-30T23:00:00+00:00,8170.248247,-2.446475,8139.315957
2026-05-31T00:00:00+00:00,8151.927337,-2.446475,8157.636867
2026-05-31T01:00:00+00:00,8141.860903,-2.446475,8167.703301
2026-05-31T02:00:00+00:00,8112.387006,8112.387006,0.000000
2026-05-31T03:00:00+00:00,8112.387006,8112.387006,0.000000
2026-05-31T04:00:00+00:00,8112.387006,8112.387006,0.000000
2026-05-31T05:00:00+00:00,8112.387006,8112.387006,0.000000
2026-05-31T06:00:00+00:00,8112.387006,8112.387006,0.000000
2026-05-31T07:00:00+00:00,8112.387006,8112.387006,0.000000
2026-05-31T08:00:00+00:00,8112.387006,8112.387006,0.000000
2026-05-31T09:00:00+00:00,8112.387006,8112.387006,0.000000
2026-05-31T10:00:00+00:00,8112.387006,8112.387006,0.000000
2026-05-31T11:00:00+00:00,8112.387006,8112.387006,0.000000
2026-05-31T12:00:00+00:00,8112.387006,8112.387006,0.000000
2026-05-31T13:00:00+00:00,8112.387006,8112.387006,0.000000
2026-05-31T14:00:00+00:00,8106.707524,-5.679482,8112.387006
2026-05-31T15:00:00+00:00,8117.217368,-5.679482,8122.896851
2026-05-31T16:00:00+00:00,8066.028911,8066.028911,0.000000
2026-05-31T17:00:00+00:00,8066.028911,8066.028911,0.000000
2026-05-31T18:00:00+00:00,8066.028911,8066.028911,0.000000
2026-05-31T19:00:00+00:00,8066.028911,8066.028911,0.000000
2026-05-31T20:00:00+00:00,8066.028911,8066.028911,0.000000
2026-05-31T21:00:00+00:00,8066.028911,8066.028911,0.000000
2026-05-31T22:00:00+00:00,8066.028911,8066.028911,0.000000
2026-05-31T23:00:00+00:00,8066.028911,8066.028911,0.000000
2026-06-01T00:00:00+00:00,8066.028911,8066.028911,0.000000
2026-06-01T01:00:00+00:00,8066.028911,8066.028911,0.000000
2026-06-01T02:00:00+00:00,8066.028911,8066.028911,0.000000
2026-06-01T03:00:00+00:00,8066.028911,8066.028911,0.000000
2026-06-01T04:00:00+00:00,8066.028911,8066.028911,0.000000
2026-06-01T05:00:00+00:00,8066.028911,8066.028911,0.000000
2026-06-01T06:00:00+00:00,8060.381884,-5.647027,8066.028911
2026-06-01T07:00:00+00:00,8000.311898,8000.311898,0.000000
2026-06-01T08:00:00+00:00,8000.311898,8000.311898,0.000000
2026-06-01T09:00:00+00:00,8000.311898,8000.311898,0.000000
2026-06-01T10:00:00+00:00,8000.311898,8000.311898,0.000000
2026-06-01T11:00:00+00:00,8000.311898,8000.311898,0.000000
2026-06-01T12:00:00+00:00,8000.311898,8000.311898,0.000000
2026-06-01T13:00:00+00:00,8000.311898,8000.311898,0.000000
2026-06-01T14:00:00+00:00,8000.311898,8000.311898,0.000000
2026-06-01T15:00:00+00:00,8000.311898,8000.311898,0.000000
2026-06-01T16:00:00+00:00,8000.311898,8000.311898,0.000000
2026-06-01T17:00:00+00:00,8000.311898,8000.311898,0.000000
2026-06-01T18:00:00+00:00,8000.311898,8000.311898,0.000000
2026-06-01T19:00:00+00:00,8000.311898,8000.311898,0.000000
2026-06-01T20:00:00+00:00,8000.311898,8000.311898,0.000000
2026-06-01T21:00:00+00:00,8000.311898,8000.311898,0.000000
2026-06-01T22:00:00+00:00,8000.311898,8000.311898,0.000000
2026-06-01T23:00:00+00:00,8000.311898,8000.311898,0.000000
2026-06-02T00:00:00+00:00,8000.311898,8000.311898,0.000000
2026-06-02T01:00:00+00:00,8000.311898,8000.311898,0.000000
2026-06-02T02:00:00+00:00,8000.311898,8000.311898,0.000000
2026-06-02T03:00:00+00:00,8000.311898,8000.311898,0.000000
2026-06-02T04:00:00+00:00,8000.311898,8000.311898,0.000000
2026-06-02T05:00:00+00:00,8000.311898,8000.311898,0.000000
2026-06-02T06:00:00+00:00,8000.311898,8000.311898,0.000000
2026-06-02T07:00:00+00:00,8000.311898,8000.311898,0.000000
2026-06-02T08:00:00+00:00,8000.311898,8000.311898,0.000000
2026-06-02T09:00:00+00:00,8000.311898,8000.311898,0.000000
2026-06-02T10:00:00+00:00,8000.311898,8000.311898,0.000000
2026-06-02T11:00:00+00:00,8000.311898,8000.311898,0.000000
2026-06-02T12:00:00+00:00,8000.311898,8000.311898,0.000000
2026-06-02T13:00:00+00:00,8000.311898,8000.311898,0.000000
2026-06-02T14:00:00+00:00,7994.710879,-5.601018,8000.311898
2026-06-02T15:00:00+00:00,7894.754666,7894.754666,0.000000
2026-06-02T16:00:00+00:00,7894.754666,7894.754666,0.000000
2026-06-02T17:00:00+00:00,7894.754666,7894.754666,0.000000
2026-06-02T18:00:00+00:00,7894.754666,7894.754666,0.000000
2026-06-02T19:00:00+00:00,7894.754666,7894.754666,0.000000
2026-06-02T20:00:00+00:00,7894.754666,7894.754666,0.000000
2026-06-02T21:00:00+00:00,7894.754666,7894.754666,0.000000
2026-06-02T22:00:00+00:00,7894.754666,7894.754666,0.000000
2026-06-02T23:00:00+00:00,7894.754666,7894.754666,0.000000
2026-06-03T00:00:00+00:00,7894.754666,7894.754666,0.000000
2026-06-03T01:00:00+00:00,7894.754666,7894.754666,0.000000
2026-06-03T02:00:00+00:00,7894.754666,7894.754666,0.000000
2026-06-03T03:00:00+00:00,7894.754666,7894.754666,0.000000
2026-06-03T04:00:00+00:00,7894.754666,7894.754666,0.000000
2026-06-03T05:00:00+00:00,7894.754666,7894.754666,0.000000
2026-06-03T06:00:00+00:00,7894.754666,7894.754666,0.000000
2026-06-03T07:00:00+00:00,7894.754666,7894.754666,0.000000
2026-06-03T08:00:00+00:00,7894.754666,7894.754666,0.000000
2026-06-03T09:00:00+00:00,7894.754666,7894.754666,0.000000
2026-06-03T10:00:00+00:00,7894.754666,7894.754666,0.000000
2026-06-03T11:00:00+00:00,7894.754666,7894.754666,0.000000
2026-06-03T12:00:00+00:00,7894.754666,7894.754666,0.000000
2026-06-03T13:00:00+00:00,7894.754666,7894.754666,0.000000
2026-06-03T14:00:00+00:00,7894.754666,7894.754666,0.000000
2026-06-03T15:00:00+00:00,7894.754666,7894.754666,0.000000
2026-06-03T16:00:00+00:00,7894.754666,7894.754666,0.000000
2026-06-03T17:00:00+00:00,7894.754666,7894.754666,0.000000
2026-06-03T18:00:00+00:00,7894.754666,7894.754666,0.000000
2026-06-03T19:00:00+00:00,7889.227549,-5.527118,7894.754666
2026-06-03T20:00:00+00:00,7790.590172,7790.590172,0.000000
2026-06-03T21:00:00+00:00,7790.590172,7790.590172,0.000000
2026-06-03T22:00:00+00:00,7790.590172,7790.590172,0.000000
2026-06-03T23:00:00+00:00,7790.590172,7790.590172,0.000000
2026-06-04T00:00:00+00:00,7790.590172,7790.590172,0.000000
2026-06-04T01:00:00+00:00,7790.590172,7790.590172,0.000000
2026-06-04T02:00:00+00:00,7790.590172,7790.590172,0.000000
2026-06-04T03:00:00+00:00,7790.590172,7790.590172,0.000000
2026-06-04T04:00:00+00:00,7790.590172,7790.590172,0.000000
2026-06-04T05:00:00+00:00,7790.590172,7790.590172,0.000000
2026-06-04T06:00:00+00:00,7790.590172,7790.590172,0.000000
2026-06-04T07:00:00+00:00,7790.590172,7790.590172,0.000000
2026-06-04T08:00:00+00:00,7790.590172,7790.590172,0.000000
2026-06-04T09:00:00+00:00,7790.590172,7790.590172,0.000000
2026-06-04T10:00:00+00:00,7790.590172,7790.590172,0.000000
2026-06-04T11:00:00+00:00,7790.590172,7790.590172,0.000000
2026-06-04T12:00:00+00:00,7790.590172,7790.590172,0.000000
2026-06-04T13:00:00+00:00,7790.590172,7790.590172,0.000000
2026-06-04T14:00:00+00:00,7790.590172,7790.590172,0.000000
2026-06-04T15:00:00+00:00,7790.590172,7790.590172,0.000000
2026-06-04T16:00:00+00:00,7790.590172,7790.590172,0.000000
2026-06-04T17:00:00+00:00,7790.590172,7790.590172,0.000000
2026-06-04T18:00:00+00:00,7790.590172,7790.590172,0.000000
2026-06-04T19:00:00+00:00,7790.590172,7790.590172,0.000000
2026-06-04T20:00:00+00:00,7790.590172,7790.590172,0.000000
2026-06-04T21:00:00+00:00,7790.590172,7790.590172,0.000000
2026-06-04T22:00:00+00:00,7790.590172,7790.590172,0.000000
2026-06-04T23:00:00+00:00,7790.590172,7790.590172,0.000000
2026-06-05T00:00:00+00:00,7790.590172,7790.590172,0.000000
2026-06-05T01:00:00+00:00,7790.590172,7790.590172,0.000000
2026-06-05T02:00:00+00:00,7785.135980,-5.454192,7790.590172
2026-06-05T03:00:00+00:00,7759.374291,7759.374291,0.000000
2026-06-05T04:00:00+00:00,7759.374291,7759.374291,0.000000
2026-06-05T05:00:00+00:00,7759.374291,7759.374291,0.000000
2026-06-05T06:00:00+00:00,7759.374291,7759.374291,0.000000
2026-06-05T07:00:00+00:00,7759.374291,7759.374291,0.000000
2026-06-05T08:00:00+00:00,7759.374291,7759.374291,0.000000
2026-06-05T09:00:00+00:00,7759.374291,7759.374291,0.000000
2026-06-05T10:00:00+00:00,7759.374291,7759.374291,0.000000
2026-06-05T11:00:00+00:00,7759.374291,7759.374291,0.000000
2026-06-05T12:00:00+00:00,7759.374291,7759.374291,0.000000
2026-06-05T13:00:00+00:00,7759.374291,7759.374291,0.000000
2026-06-05T14:00:00+00:00,7759.374291,7759.374291,0.000000
2026-06-05T15:00:00+00:00,7759.374291,7759.374291,0.000000
2026-06-05T16:00:00+00:00,7759.374291,7759.374291,0.000000
2026-06-05T17:00:00+00:00,7759.374291,7759.374291,0.000000
2026-06-05T18:00:00+00:00,7759.374291,7759.374291,0.000000
2026-06-05T19:00:00+00:00,7759.374291,7759.374291,0.000000
2026-06-05T20:00:00+00:00,7759.374291,7759.374291,0.000000
2026-06-05T21:00:00+00:00,7759.374291,7759.374291,0.000000
2026-06-05T22:00:00+00:00,7759.374291,7759.374291,0.000000
2026-06-05T23:00:00+00:00,7759.374291,7759.374291,0.000000
2026-06-06T00:00:00+00:00,7759.374291,7759.374291,0.000000
2026-06-06T01:00:00+00:00,7759.374291,7759.374291,0.000000
2026-06-06T02:00:00+00:00,7759.374291,7759.374291,0.000000
2026-06-06T03:00:00+00:00,7759.374291,7759.374291,0.000000
2026-06-06T04:00:00+00:00,7759.374291,7759.374291,0.000000
2026-06-06T05:00:00+00:00,7759.374291,7759.374291,0.000000
2026-06-06T06:00:00+00:00,7759.374291,7759.374291,0.000000
2026-06-06T07:00:00+00:00,7759.374291,7759.374291,0.000000
2026-06-06T08:00:00+00:00,7759.374291,7759.374291,0.000000
2026-06-06T09:00:00+00:00,7759.374291,7759.374291,0.000000
2026-06-06T10:00:00+00:00,7759.374291,7759.374291,0.000000
2026-06-06T11:00:00+00:00,7759.374291,7759.374291,0.000000
2026-06-06T12:00:00+00:00,7759.374291,7759.374291,0.000000
2026-06-06T13:00:00+00:00,7759.374291,7759.374291,0.000000
2026-06-06T14:00:00+00:00,7759.374291,7759.374291,0.000000
2026-06-06T15:00:00+00:00,7759.374291,7759.374291,0.000000
2026-06-06T16:00:00+00:00,7759.374291,7759.374291,0.000000
2026-06-06T17:00:00+00:00,7759.374291,7759.374291,0.000000
2026-06-06T18:00:00+00:00,7759.374291,7759.374291,0.000000
2026-06-06T19:00:00+00:00,7759.374291,7759.374291,0.000000
2026-06-06T20:00:00+00:00,7759.374291,7759.374291,0.000000
2026-06-06T21:00:00+00:00,7759.374291,7759.374291,0.000000
2026-06-06T22:00:00+00:00,7759.374291,7759.374291,0.000000
2026-06-06T23:00:00+00:00,7759.374291,7759.374291,0.000000
2026-06-07T00:00:00+00:00,7759.374291,7759.374291,0.000000
2026-06-07T01:00:00+00:00,7753.943505,-2.327036,7759.374291
2026-06-07T02:00:00+00:00,7740.516448,-2.327036,7772.801349
2026-06-07T03:00:00+00:00,7726.285801,7726.285801,0.000000
2026-06-07T04:00:00+00:00,7726.285801,7726.285801,0.000000
2026-06-07T05:00:00+00:00,7726.285801,7726.285801,0.000000
2026-06-07T06:00:00+00:00,7726.285801,7726.285801,0.000000
2026-06-07T07:00:00+00:00,7726.285801,7726.285801,0.000000
2026-06-07T08:00:00+00:00,7726.285801,7726.285801,0.000000
2026-06-07T09:00:00+00:00,7726.285801,7726.285801,0.000000
2026-06-07T10:00:00+00:00,7726.285801,7726.285801,0.000000
2026-06-07T11:00:00+00:00,7726.285801,7726.285801,0.000000
2026-06-07T12:00:00+00:00,7726.285801,7726.285801,0.000000
2026-06-07T13:00:00+00:00,7726.285801,7726.285801,0.000000
2026-06-07T14:00:00+00:00,7726.285801,7726.285801,0.000000
2026-06-07T15:00:00+00:00,7726.285801,7726.285801,0.000000
2026-06-07T16:00:00+00:00,7726.285801,7726.285801,0.000000
2026-06-07T17:00:00+00:00,7726.285801,7726.285801,0.000000
2026-06-07T18:00:00+00:00,7726.285801,7726.285801,0.000000
2026-06-07T19:00:00+00:00,7726.285801,7726.285801,0.000000
2026-06-07T20:00:00+00:00,7726.285801,7726.285801,0.000000
2026-06-07T21:00:00+00:00,7726.285801,7726.285801,0.000000
2026-06-07T22:00:00+00:00,7720.878173,-2.317113,7726.285801
2026-06-07T23:00:00+00:00,7662.472276,7662.472276,0.000000
2026-06-08T00:00:00+00:00,7662.472276,7662.472276,0.000000
2026-06-08T01:00:00+00:00,7662.472276,7662.472276,0.000000
2026-06-08T02:00:00+00:00,7662.472276,7662.472276,0.000000
2026-06-08T03:00:00+00:00,7662.472276,7662.472276,0.000000
2026-06-08T04:00:00+00:00,7662.472276,7662.472276,0.000000
2026-06-08T05:00:00+00:00,7662.472276,7662.472276,0.000000
2026-06-08T06:00:00+00:00,7662.472276,7662.472276,0.000000
2026-06-08T07:00:00+00:00,7662.472276,7662.472276,0.000000
2026-06-08T08:00:00+00:00,7662.472276,7662.472276,0.000000
2026-06-08T09:00:00+00:00,7662.472276,7662.472276,0.000000
2026-06-08T10:00:00+00:00,7662.472276,7662.472276,0.000000
2026-06-08T11:00:00+00:00,7662.472276,7662.472276,0.000000
2026-06-08T12:00:00+00:00,7662.472276,7662.472276,0.000000
2026-06-08T13:00:00+00:00,7662.472276,7662.472276,0.000000
2026-06-08T14:00:00+00:00,7662.472276,7662.472276,0.000000
2026-06-08T15:00:00+00:00,7662.472276,7662.472276,0.000000
2026-06-08T16:00:00+00:00,7662.472276,7662.472276,0.000000
2026-06-08T17:00:00+00:00,7662.472276,7662.472276,0.000000
2026-06-08T18:00:00+00:00,7662.472276,7662.472276,0.000000
2026-06-08T19:00:00+00:00,7662.472276,7662.472276,0.000000
2026-06-08T20:00:00+00:00,7662.472276,7662.472276,0.000000
2026-06-08T21:00:00+00:00,7662.472276,7662.472276,0.000000
2026-06-08T22:00:00+00:00,7662.472276,7662.472276,0.000000
2026-06-08T23:00:00+00:00,7662.472276,7662.472276,0.000000
2026-06-09T00:00:00+00:00,7662.472276,7662.472276,0.000000
2026-06-09T01:00:00+00:00,7662.472276,7662.472276,0.000000
2026-06-09T02:00:00+00:00,7662.472276,7662.472276,0.000000
2026-06-09T03:00:00+00:00,7662.472276,7662.472276,0.000000
2026-06-09T04:00:00+00:00,7662.472276,7662.472276,0.000000
2026-06-09T05:00:00+00:00,7662.472276,7662.472276,0.000000
2026-06-09T06:00:00+00:00,7662.472276,7662.472276,0.000000
2026-06-09T07:00:00+00:00,7662.472276,7662.472276,0.000000
2026-06-09T08:00:00+00:00,7662.472276,7662.472276,0.000000
2026-06-09T09:00:00+00:00,7662.472276,7662.472276,0.000000
2026-06-09T10:00:00+00:00,7662.472276,7662.472276,0.000000
2026-06-09T11:00:00+00:00,7662.472276,7662.472276,0.000000
2026-06-09T12:00:00+00:00,7662.472276,7662.472276,0.000000
2026-06-09T13:00:00+00:00,7662.472276,7662.472276,0.000000
2026-06-09T14:00:00+00:00,7657.107779,-5.364497,7662.472276
2026-06-09T15:00:00+00:00,7628.125463,7628.125463,0.000000
2026-06-09T16:00:00+00:00,7628.125463,7628.125463,0.000000
2026-06-09T17:00:00+00:00,7628.125463,7628.125463,0.000000
2026-06-09T18:00:00+00:00,7628.125463,7628.125463,0.000000
2026-06-09T19:00:00+00:00,7628.125463,7628.125463,0.000000
2026-06-09T20:00:00+00:00,7628.125463,7628.125463,0.000000
2026-06-09T21:00:00+00:00,7628.125463,7628.125463,0.000000
2026-06-09T22:00:00+00:00,7628.125463,7628.125463,0.000000
2026-06-09T23:00:00+00:00,7628.125463,7628.125463,0.000000
2026-06-10T00:00:00+00:00,7628.125463,7628.125463,0.000000
2026-06-10T01:00:00+00:00,7628.125463,7628.125463,0.000000
2026-06-10T02:00:00+00:00,7628.125463,7628.125463,0.000000
2026-06-10T03:00:00+00:00,7628.125463,7628.125463,0.000000
2026-06-10T04:00:00+00:00,7628.125463,7628.125463,0.000000
2026-06-10T05:00:00+00:00,7628.125463,7628.125463,0.000000
2026-06-10T06:00:00+00:00,7628.125463,7628.125463,0.000000
2026-06-10T07:00:00+00:00,7628.125463,7628.125463,0.000000
2026-06-10T08:00:00+00:00,7628.125463,7628.125463,0.000000
2026-06-10T09:00:00+00:00,7628.125463,7628.125463,0.000000
2026-06-10T10:00:00+00:00,7628.125463,7628.125463,0.000000
2026-06-10T11:00:00+00:00,7628.125463,7628.125463,0.000000
2026-06-10T12:00:00+00:00,7628.125463,7628.125463,0.000000
2026-06-10T13:00:00+00:00,7628.125463,7628.125463,0.000000
2026-06-10T14:00:00+00:00,7628.125463,7628.125463,0.000000
2026-06-10T15:00:00+00:00,7628.125463,7628.125463,0.000000
2026-06-10T16:00:00+00:00,7628.125463,7628.125463,0.000000
2026-06-10T17:00:00+00:00,7628.125463,7628.125463,0.000000
2026-06-10T18:00:00+00:00,7628.125463,7628.125463,0.000000
2026-06-10T19:00:00+00:00,7628.125463,7628.125463,0.000000
2026-06-10T20:00:00+00:00,7628.125463,7628.125463,0.000000
2026-06-10T21:00:00+00:00,7628.125463,7628.125463,0.000000
2026-06-10T22:00:00+00:00,7628.125463,7628.125463,0.000000
2026-06-10T23:00:00+00:00,7628.125463,7628.125463,0.000000
2026-06-11T00:00:00+00:00,7628.125463,7628.125463,0.000000
2026-06-11T01:00:00+00:00,7628.125463,7628.125463,0.000000
2026-06-11T02:00:00+00:00,7628.125463,7628.125463,0.000000
2026-06-11T03:00:00+00:00,7628.125463,7628.125463,0.000000
2026-06-11T04:00:00+00:00,7628.125463,7628.125463,0.000000
2026-06-11T05:00:00+00:00,7628.125463,7628.125463,0.000000
2026-06-11T06:00:00+00:00,7628.125463,7628.125463,0.000000
2026-06-11T07:00:00+00:00,7628.125463,7628.125463,0.000000
2026-06-11T08:00:00+00:00,7628.125463,7628.125463,0.000000
2026-06-11T09:00:00+00:00,7628.125463,7628.125463,0.000000
2026-06-11T10:00:00+00:00,7628.125463,7628.125463,0.000000
2026-06-11T11:00:00+00:00,7628.125463,7628.125463,0.000000
2026-06-11T12:00:00+00:00,7628.125463,7628.125463,0.000000
2026-06-11T13:00:00+00:00,7628.125463,7628.125463,0.000000
2026-06-11T14:00:00+00:00,7628.125463,7628.125463,0.000000
2026-06-11T15:00:00+00:00,7628.125463,7628.125463,0.000000
2026-06-11T16:00:00+00:00,7628.125463,7628.125463,0.000000
2026-06-11T17:00:00+00:00,7622.786538,-2.287675,7628.125463
2026-06-11T18:00:00+00:00,7611.073976,7611.073976,0.000000
2026-06-11T19:00:00+00:00,7611.073976,7611.073976,0.000000
2026-06-11T20:00:00+00:00,7611.073976,7611.073976,0.000000
2026-06-11T21:00:00+00:00,7611.073976,7611.073976,0.000000
2026-06-11T22:00:00+00:00,7611.073976,7611.073976,0.000000
2026-06-11T23:00:00+00:00,7611.073976,7611.073976,0.000000
2026-06-12T00:00:00+00:00,7611.073976,7611.073976,0.000000
2026-06-12T01:00:00+00:00,7611.073976,7611.073976,0.000000
2026-06-12T02:00:00+00:00,7611.073976,7611.073976,0.000000
2026-06-12T03:00:00+00:00,7611.073976,7611.073976,0.000000
2026-06-12T04:00:00+00:00,7611.073976,7611.073976,0.000000
2026-06-12T05:00:00+00:00,7611.073976,7611.073976,0.000000
2026-06-12T06:00:00+00:00,7611.073976,7611.073976,0.000000
2026-06-12T07:00:00+00:00,7611.073976,7611.073976,0.000000
2026-06-12T08:00:00+00:00,7611.073976,7611.073976,0.000000
2026-06-12T09:00:00+00:00,7611.073976,7611.073976,0.000000
2026-06-12T10:00:00+00:00,7611.073976,7611.073976,0.000000
2026-06-12T11:00:00+00:00,7611.073976,7611.073976,0.000000
2026-06-12T12:00:00+00:00,7611.073976,7611.073976,0.000000
2026-06-12T13:00:00+00:00,7611.073976,7611.073976,0.000000
2026-06-12T14:00:00+00:00,7611.073976,7611.073976,0.000000
2026-06-12T15:00:00+00:00,7611.073976,7611.073976,0.000000
2026-06-12T16:00:00+00:00,7611.073976,7611.073976,0.000000
2026-06-12T17:00:00+00:00,7611.073976,7611.073976,0.000000
2026-06-12T18:00:00+00:00,7611.073976,7611.073976,0.000000
2026-06-12T19:00:00+00:00,7611.073976,7611.073976,0.000000
2026-06-12T20:00:00+00:00,7611.073976,7611.073976,0.000000
2026-06-12T21:00:00+00:00,7611.073976,7611.073976,0.000000
2026-06-12T22:00:00+00:00,7611.073976,7611.073976,0.000000
2026-06-12T23:00:00+00:00,7611.073976,7611.073976,0.000000
2026-06-13T00:00:00+00:00,7611.073976,7611.073976,0.000000
2026-06-13T01:00:00+00:00,7611.073976,7611.073976,0.000000
2026-06-13T02:00:00+00:00,7611.073976,7611.073976,0.000000
2026-06-13T03:00:00+00:00,7611.073976,7611.073976,0.000000
2026-06-13T04:00:00+00:00,7611.073976,7611.073976,0.000000
2026-06-13T05:00:00+00:00,7611.073976,7611.073976,0.000000
2026-06-13T06:00:00+00:00,7611.073976,7611.073976,0.000000
2026-06-13T07:00:00+00:00,7611.073976,7611.073976,0.000000
2026-06-13T08:00:00+00:00,7611.073976,7611.073976,0.000000
2026-06-13T09:00:00+00:00,7611.073976,7611.073976,0.000000
2026-06-13T10:00:00+00:00,7611.073976,7611.073976,0.000000
2026-06-13T11:00:00+00:00,7605.746985,-2.282561,7611.073976
2026-06-13T12:00:00+00:00,7595.538999,-2.282561,7621.281961
2026-06-13T13:00:00+00:00,7607.561738,-2.282561,7609.259223
2026-06-13T14:00:00+00:00,7598.487973,-2.282561,7618.332988
2026-06-13T15:00:00+00:00,7588.506832,-2.282561,7628.314129
2026-06-13T16:00:00+00:00,7613.232841,-2.282561,7603.588120
2026-06-13T17:00:00+00:00,7624.575047,-2.282561,7592.245914
2026-06-13T18:00:00+00:00,7606.200673,-2.282561,7610.620287
2026-06-13T19:00:00+00:00,7605.746985,-2.282561,7611.073976
2026-06-13T20:00:00+00:00,7614.140217,-2.282561,7602.680743
2026-06-13T21:00:00+00:00,7572.666001,7572.666001,0.000000
2026-06-13T22:00:00+00:00,7572.666001,7572.666001,0.000000
2026-06-13T23:00:00+00:00,7572.666001,7572.666001,0.000000
2026-06-14T00:00:00+00:00,7572.666001,7572.666001,0.000000
2026-06-14T01:00:00+00:00,7572.666001,7572.666001,0.000000
2026-06-14T02:00:00+00:00,7572.666001,7572.666001,0.000000
2026-06-14T03:00:00+00:00,7572.666001,7572.666001,0.000000
2026-06-14T04:00:00+00:00,7572.666001,7572.666001,0.000000
2026-06-14T05:00:00+00:00,7572.666001,7572.666001,0.000000
2026-06-14T06:00:00+00:00,7572.666001,7572.666001,0.000000
2026-06-14T07:00:00+00:00,7572.666001,7572.666001,0.000000
2026-06-14T08:00:00+00:00,7572.666001,7572.666001,0.000000
2026-06-14T09:00:00+00:00,7572.666001,7572.666001,0.000000
2026-06-14T10:00:00+00:00,7572.666001,7572.666001,0.000000
2026-06-14T11:00:00+00:00,7572.666001,7572.666001,0.000000
2026-06-14T12:00:00+00:00,7567.364378,-5.301623,7572.666001
2026-06-14T13:00:00+00:00,7565.319001,-5.301623,7570.620625
2026-06-14T14:00:00+00:00,7517.520801,7517.520801,0.000000
2026-06-14T15:00:00+00:00,7517.520801,7517.520801,0.000000
2026-06-14T16:00:00+00:00,7517.520801,7517.520801,0.000000
2026-06-14T17:00:00+00:00,7517.520801,7517.520801,0.000000
2026-06-14T18:00:00+00:00,7517.520801,7517.520801,0.000000
2026-06-14T19:00:00+00:00,7517.520801,7517.520801,0.000000
2026-06-14T20:00:00+00:00,7517.520801,7517.520801,0.000000
2026-06-14T21:00:00+00:00,7512.259289,-2.254504,7517.520801
2026-06-14T22:00:00+00:00,7474.406886,7474.406886,0.000000
2026-06-14T23:00:00+00:00,7474.406886,7474.406886,0.000000
2026-06-15T00:00:00+00:00,7474.406886,7474.406886,0.000000
2026-06-15T01:00:00+00:00,7474.406886,7474.406886,0.000000
2026-06-15T02:00:00+00:00,7474.406886,7474.406886,0.000000
2026-06-15T03:00:00+00:00,7474.406886,7474.406886,0.000000
2026-06-15T04:00:00+00:00,7474.406886,7474.406886,0.000000
2026-06-15T05:00:00+00:00,7474.406886,7474.406886,0.000000
2026-06-15T06:00:00+00:00,7474.406886,7474.406886,0.000000
2026-06-15T07:00:00+00:00,7474.406886,7474.406886,0.000000
2026-06-15T08:00:00+00:00,7474.406886,7474.406886,0.000000
2026-06-15T09:00:00+00:00,7474.406886,7474.406886,0.000000
2026-06-15T10:00:00+00:00,7474.406886,7474.406886,0.000000
2026-06-15T11:00:00+00:00,7474.406886,7474.406886,0.000000
2026-06-15T12:00:00+00:00,7474.406886,7474.406886,0.000000
2026-06-15T13:00:00+00:00,7474.406886,7474.406886,0.000000
2026-06-15T14:00:00+00:00,7474.406886,7474.406886,0.000000
2026-06-15T15:00:00+00:00,7474.406886,7474.406886,0.000000
2026-06-15T16:00:00+00:00,7474.406886,7474.406886,0.000000
2026-06-15T17:00:00+00:00,7474.406886,7474.406886,0.000000
2026-06-15T18:00:00+00:00,7474.406886,7474.406886,0.000000
2026-06-15T19:00:00+00:00,7474.406886,7474.406886,0.000000
2026-06-15T20:00:00+00:00,7474.406886,7474.406886,0.000000
2026-06-15T21:00:00+00:00,7474.406886,7474.406886,0.000000
2026-06-15T22:00:00+00:00,7474.406886,7474.406886,0.000000
2026-06-15T23:00:00+00:00,7474.406886,7474.406886,0.000000
2026-06-16T00:00:00+00:00,7474.406886,7474.406886,0.000000
2026-06-16T01:00:00+00:00,7474.406886,7474.406886,0.000000
2026-06-16T02:00:00+00:00,7474.406886,7474.406886,0.000000
2026-06-16T03:00:00+00:00,7474.406886,7474.406886,0.000000
2026-06-16T04:00:00+00:00,7474.406886,7474.406886,0.000000
2026-06-16T05:00:00+00:00,7474.406886,7474.406886,0.000000
2026-06-16T06:00:00+00:00,7474.406886,7474.406886,0.000000
2026-06-16T07:00:00+00:00,7474.406886,7474.406886,0.000000
2026-06-16T08:00:00+00:00,7474.406886,7474.406886,0.000000
2026-06-16T09:00:00+00:00,7474.406886,7474.406886,0.000000
2026-06-16T10:00:00+00:00,7474.406886,7474.406886,0.000000
2026-06-16T11:00:00+00:00,7474.406886,7474.406886,0.000000
2026-06-16T12:00:00+00:00,7474.406886,7474.406886,0.000000
2026-06-16T13:00:00+00:00,7474.406886,7474.406886,0.000000
2026-06-16T14:00:00+00:00,7474.406886,7474.406886,0.000000
2026-06-16T15:00:00+00:00,7474.406886,7474.406886,0.000000
2026-06-16T16:00:00+00:00,7474.406886,7474.406886,0.000000
2026-06-16T17:00:00+00:00,7474.406886,7474.406886,0.000000
2026-06-16T18:00:00+00:00,7474.406886,7474.406886,0.000000
2026-06-16T19:00:00+00:00,7474.406886,7474.406886,0.000000
2026-06-16T20:00:00+00:00,7474.406886,7474.406886,0.000000
2026-06-16T21:00:00+00:00,7474.406886,7474.406886,0.000000
2026-06-16T22:00:00+00:00,7474.406886,7474.406886,0.000000
2026-06-16T23:00:00+00:00,7474.406886,7474.406886,0.000000
2026-06-17T00:00:00+00:00,7474.406886,7474.406886,0.000000
2026-06-17T01:00:00+00:00,7474.406886,7474.406886,0.000000
2026-06-17T02:00:00+00:00,7474.406886,7474.406886,0.000000
2026-06-17T03:00:00+00:00,7474.406886,7474.406886,0.000000
2026-06-17T04:00:00+00:00,7474.406886,7474.406886,0.000000
2026-06-17T05:00:00+00:00,7474.406886,7474.406886,0.000000
2026-06-17T06:00:00+00:00,7474.406886,7474.406886,0.000000
2026-06-17T07:00:00+00:00,7474.406886,7474.406886,0.000000
2026-06-17T08:00:00+00:00,7469.174054,-5.232832,7474.406886
2026-06-17T09:00:00+00:00,7501.364852,-5.232832,7506.597684
2026-06-17T10:00:00+00:00,7481.880948,-5.232832,7487.113780
2026-06-17T11:00:00+00:00,7456.464441,7456.464441,0.000000
2026-06-17T12:00:00+00:00,7456.464441,7456.464441,0.000000
2026-06-17T13:00:00+00:00,7456.464441,7456.464441,0.000000
2026-06-17T14:00:00+00:00,7456.464441,7456.464441,0.000000
2026-06-17T15:00:00+00:00,7456.464441,7456.464441,0.000000
2026-06-17T16:00:00+00:00,7456.464441,7456.464441,0.000000
2026-06-17T17:00:00+00:00,7456.464441,7456.464441,0.000000
2026-06-17T18:00:00+00:00,7456.464441,7456.464441,0.000000
2026-06-17T19:00:00+00:00,7451.244170,-5.220271,7456.464441
2026-06-17T20:00:00+00:00,7443.541427,7443.541427,0.000000
2026-06-17T21:00:00+00:00,7443.541427,7443.541427,0.000000
2026-06-17T22:00:00+00:00,7443.541427,7443.541427,0.000000
2026-06-17T23:00:00+00:00,7443.541427,7443.541427,0.000000
2026-06-18T00:00:00+00:00,7443.541427,7443.541427,0.000000
2026-06-18T01:00:00+00:00,7443.541427,7443.541427,0.000000
2026-06-18T02:00:00+00:00,7443.541427,7443.541427,0.000000
2026-06-18T03:00:00+00:00,7443.541427,7443.541427,0.000000
2026-06-18T04:00:00+00:00,7443.541427,7443.541427,0.000000
2026-06-18T05:00:00+00:00,7443.541427,7443.541427,0.000000
2026-06-18T06:00:00+00:00,7443.541427,7443.541427,0.000000
2026-06-18T07:00:00+00:00,7443.541427,7443.541427,0.000000
2026-06-18T08:00:00+00:00,7443.541427,7443.541427,0.000000
2026-06-18T09:00:00+00:00,7443.541427,7443.541427,0.000000
2026-06-18T10:00:00+00:00,7443.541427,7443.541427,0.000000
2026-06-18T11:00:00+00:00,7443.541427,7443.541427,0.000000
2026-06-18T12:00:00+00:00,7443.541427,7443.541427,0.000000
2026-06-18T13:00:00+00:00,7443.541427,7443.541427,0.000000
2026-06-18T14:00:00+00:00,7443.541427,7443.541427,0.000000
2026-06-18T15:00:00+00:00,7438.330204,-5.211223,7443.541427
2026-06-18T16:00:00+00:00,7459.581021,-5.211223,7464.792244
2026-06-18T17:00:00+00:00,7421.670756,7421.670756,0.000000
2026-06-18T18:00:00+00:00,7421.670756,7421.670756,0.000000
2026-06-18T19:00:00+00:00,7421.670756,7421.670756,0.000000
2026-06-18T20:00:00+00:00,7421.670756,7421.670756,0.000000
2026-06-18T21:00:00+00:00,7421.670756,7421.670756,0.000000
2026-06-18T22:00:00+00:00,7421.670756,7421.670756,0.000000
2026-06-18T23:00:00+00:00,7421.670756,7421.670756,0.000000
2026-06-19T00:00:00+00:00,7421.670756,7421.670756,0.000000
2026-06-19T01:00:00+00:00,7421.670756,7421.670756,0.000000
2026-06-19T02:00:00+00:00,7421.670756,7421.670756,0.000000
2026-06-19T03:00:00+00:00,7421.670756,7421.670756,0.000000
2026-06-19T04:00:00+00:00,7421.670756,7421.670756,0.000000
2026-06-19T05:00:00+00:00,7421.670756,7421.670756,0.000000
2026-06-19T06:00:00+00:00,7421.670756,7421.670756,0.000000
2026-06-19T07:00:00+00:00,7421.670756,7421.670756,0.000000
2026-06-19T08:00:00+00:00,7421.670756,7421.670756,0.000000
2026-06-19T09:00:00+00:00,7421.670756,7421.670756,0.000000
2026-06-19T10:00:00+00:00,7421.670756,7421.670756,0.000000
2026-06-19T11:00:00+00:00,7421.670756,7421.670756,0.000000
2026-06-19T12:00:00+00:00,7421.670756,7421.670756,0.000000
2026-06-19T13:00:00+00:00,7421.670756,7421.670756,0.000000
2026-06-19T14:00:00+00:00,7421.670756,7421.670756,0.000000
2026-06-19T15:00:00+00:00,7421.670756,7421.670756,0.000000
2026-06-19T16:00:00+00:00,7421.670756,7421.670756,0.000000
2026-06-19T17:00:00+00:00,7421.670756,7421.670756,0.000000
2026-06-19T18:00:00+00:00,7421.670756,7421.670756,0.000000
2026-06-19T19:00:00+00:00,7421.670756,7421.670756,0.000000
2026-06-19T20:00:00+00:00,7421.670756,7421.670756,0.000000
2026-06-19T21:00:00+00:00,7421.670756,7421.670756,0.000000
2026-06-19T22:00:00+00:00,7421.670756,7421.670756,0.000000
2026-06-19T23:00:00+00:00,7421.670756,7421.670756,0.000000
2026-06-20T00:00:00+00:00,7421.670756,7421.670756,0.000000
2026-06-20T01:00:00+00:00,7421.670756,7421.670756,0.000000
2026-06-20T02:00:00+00:00,7421.670756,7421.670756,0.000000
2026-06-20T03:00:00+00:00,7421.670756,7421.670756,0.000000
2026-06-20T04:00:00+00:00,7421.670756,7421.670756,0.000000
2026-06-20T05:00:00+00:00,7416.476329,-2.225759,7421.670756
2026-06-20T06:00:00+00:00,7409.593657,-2.225759,7428.553428
2026-06-20T07:00:00+00:00,7417.121579,-2.225759,7421.025506
2026-06-20T08:00:00+00:00,7430.026588,-2.225759,7408.120496
2026-06-20T09:00:00+00:00,7405.937238,-2.225759,7432.209847
2026-06-20T10:00:00+00:00,7409.163490,-2.225759,7428.983595
2026-06-20T11:00:00+00:00,7411.959575,-2.225759,7426.187509
2026-06-20T12:00:00+00:00,7413.250076,-2.225759,7424.897008
2026-06-20T13:00:00+00:00,7410.877499,7410.877499,0.000000
2026-06-20T14:00:00+00:00,7410.877499,7410.877499,0.000000
2026-06-20T15:00:00+00:00,7410.877499,7410.877499,0.000000
2026-06-20T16:00:00+00:00,7410.877499,7410.877499,0.000000
2026-06-20T17:00:00+00:00,7410.877499,7410.877499,0.000000
2026-06-20T18:00:00+00:00,7410.877499,7410.877499,0.000000
2026-06-20T19:00:00+00:00,7410.877499,7410.877499,0.000000
2026-06-20T20:00:00+00:00,7410.877499,7410.877499,0.000000
2026-06-20T21:00:00+00:00,7410.877499,7410.877499,0.000000
2026-06-20T22:00:00+00:00,7410.877499,7410.877499,0.000000
2026-06-20T23:00:00+00:00,7410.877499,7410.877499,0.000000
2026-06-21T00:00:00+00:00,7410.877499,7410.877499,0.000000
2026-06-21T01:00:00+00:00,7410.877499,7410.877499,0.000000
2026-06-21T02:00:00+00:00,7410.877499,7410.877499,0.000000
2026-06-21T03:00:00+00:00,7410.877499,7410.877499,0.000000
2026-06-21T04:00:00+00:00,7410.877499,7410.877499,0.000000
2026-06-21T05:00:00+00:00,7410.877499,7410.877499,0.000000
2026-06-21T06:00:00+00:00,7410.877499,7410.877499,0.000000
2026-06-21T07:00:00+00:00,7410.877499,7410.877499,0.000000
2026-06-21T08:00:00+00:00,7410.877499,7410.877499,0.000000
2026-06-21T09:00:00+00:00,7410.877499,7410.877499,0.000000
2026-06-21T10:00:00+00:00,7410.877499,7410.877499,0.000000
2026-06-21T11:00:00+00:00,7410.877499,7410.877499,0.000000
2026-06-21T12:00:00+00:00,7410.877499,7410.877499,0.000000
2026-06-21T13:00:00+00:00,7410.877499,7410.877499,0.000000
2026-06-21T14:00:00+00:00,7410.877499,7410.877499,0.000000
2026-06-21T15:00:00+00:00,7410.877499,7410.877499,0.000000
2026-06-21T16:00:00+00:00,7410.877499,7410.877499,0.000000
2026-06-21T17:00:00+00:00,7410.877499,7410.877499,0.000000
2026-06-21T18:00:00+00:00,7410.877499,7410.877499,0.000000
2026-06-21T19:00:00+00:00,7410.877499,7410.877499,0.000000
2026-06-21T20:00:00+00:00,7405.689143,-5.188355,7410.877499
2026-06-21T21:00:00+00:00,7354.493583,7354.493583,0.000000
2026-06-21T22:00:00+00:00,7354.493583,7354.493583,0.000000
2026-06-21T23:00:00+00:00,7354.493583,7354.493583,0.000000
2026-06-22T00:00:00+00:00,7354.493583,7354.493583,0.000000
2026-06-22T01:00:00+00:00,7349.346173,-2.205613,7354.493583
2026-06-22T02:00:00+00:00,7377.194514,-2.205613,7326.645243
2026-06-22T03:00:00+00:00,7359.803281,7359.803281,0.000000
2026-06-22T04:00:00+00:00,7359.803281,7359.803281,0.000000
2026-06-22T05:00:00+00:00,7359.803281,7359.803281,0.000000
2026-06-22T06:00:00+00:00,7359.803281,7359.803281,0.000000
2026-06-22T07:00:00+00:00,7359.803281,7359.803281,0.000000
2026-06-22T08:00:00+00:00,7359.803281,7359.803281,0.000000
2026-06-22T09:00:00+00:00,7359.803281,7359.803281,0.000000
2026-06-22T10:00:00+00:00,7359.803281,7359.803281,0.000000
2026-06-22T11:00:00+00:00,7359.803281,7359.803281,0.000000
2026-06-22T12:00:00+00:00,7359.803281,7359.803281,0.000000
2026-06-22T13:00:00+00:00,7359.803281,7359.803281,0.000000
2026-06-22T14:00:00+00:00,7359.803281,7359.803281,0.000000
2026-06-22T15:00:00+00:00,7359.803281,7359.803281,0.000000
2026-06-22T16:00:00+00:00,7359.803281,7359.803281,0.000000
2026-06-22T17:00:00+00:00,7359.803281,7359.803281,0.000000
2026-06-22T18:00:00+00:00,7359.803281,7359.803281,0.000000
2026-06-22T19:00:00+00:00,7359.803281,7359.803281,0.000000
2026-06-22T20:00:00+00:00,7359.803281,7359.803281,0.000000
2026-06-22T21:00:00+00:00,7359.803281,7359.803281,0.000000
2026-06-22T22:00:00+00:00,7359.803281,7359.803281,0.000000
2026-06-22T23:00:00+00:00,7359.803281,7359.803281,0.000000
2026-06-23T00:00:00+00:00,7359.803281,7359.803281,0.000000
2026-06-23T01:00:00+00:00,7359.803281,7359.803281,0.000000
2026-06-23T02:00:00+00:00,7359.803281,7359.803281,0.000000
2026-06-23T03:00:00+00:00,7359.803281,7359.803281,0.000000
2026-06-23T04:00:00+00:00,7359.803281,7359.803281,0.000000
2026-06-23T05:00:00+00:00,7359.803281,7359.803281,0.000000
2026-06-23T06:00:00+00:00,7354.650683,-5.152598,7359.803281
2026-06-23T07:00:00+00:00,7308.564856,7308.564856,0.000000
2026-06-23T08:00:00+00:00,7308.564856,7308.564856,0.000000
2026-06-23T09:00:00+00:00,7308.564856,7308.564856,0.000000
2026-06-23T10:00:00+00:00,7308.564856,7308.564856,0.000000
2026-06-23T11:00:00+00:00,7308.564856,7308.564856,0.000000
2026-06-23T12:00:00+00:00,7308.564856,7308.564856,0.000000
2026-06-23T13:00:00+00:00,7308.564856,7308.564856,0.000000
2026-06-23T14:00:00+00:00,7308.564856,7308.564856,0.000000
2026-06-23T15:00:00+00:00,7308.564856,7308.564856,0.000000
2026-06-23T16:00:00+00:00,7308.564856,7308.564856,0.000000
2026-06-23T17:00:00+00:00,7308.564856,7308.564856,0.000000
2026-06-23T18:00:00+00:00,7308.564856,7308.564856,0.000000
2026-06-23T19:00:00+00:00,7308.564856,7308.564856,0.000000
2026-06-23T20:00:00+00:00,7308.564856,7308.564856,0.000000
2026-06-23T21:00:00+00:00,7308.564856,7308.564856,0.000000
2026-06-23T22:00:00+00:00,7308.564856,7308.564856,0.000000
2026-06-23T23:00:00+00:00,7308.564856,7308.564856,0.000000
2026-06-24T00:00:00+00:00,7308.564856,7308.564856,0.000000
2026-06-24T01:00:00+00:00,7308.564856,7308.564856,0.000000
2026-06-24T02:00:00+00:00,7308.564856,7308.564856,0.000000
2026-06-24T03:00:00+00:00,7308.564856,7308.564856,0.000000
2026-06-24T04:00:00+00:00,7308.564856,7308.564856,0.000000
2026-06-24T05:00:00+00:00,7308.564856,7308.564856,0.000000
2026-06-24T06:00:00+00:00,7308.564856,7308.564856,0.000000
2026-06-24T07:00:00+00:00,7308.564856,7308.564856,0.000000
2026-06-24T08:00:00+00:00,7308.564856,7308.564856,0.000000
2026-06-24T09:00:00+00:00,7308.564856,7308.564856,0.000000
2026-06-24T10:00:00+00:00,7308.564856,7308.564856,0.000000
2026-06-24T11:00:00+00:00,7308.564856,7308.564856,0.000000
2026-06-24T12:00:00+00:00,7308.564856,7308.564856,0.000000
2026-06-24T13:00:00+00:00,7303.448130,-5.116726,7308.564856
2026-06-24T14:00:00+00:00,7293.213123,7293.213123,0.000000
2026-06-24T15:00:00+00:00,7293.213123,7293.213123,0.000000
2026-06-24T16:00:00+00:00,7293.213123,7293.213123,0.000000
2026-06-24T17:00:00+00:00,7293.213123,7293.213123,0.000000
2026-06-24T18:00:00+00:00,7293.213123,7293.213123,0.000000
2026-06-24T19:00:00+00:00,7293.213123,7293.213123,0.000000
2026-06-24T20:00:00+00:00,7293.213123,7293.213123,0.000000
2026-06-24T21:00:00+00:00,7293.213123,7293.213123,0.000000
2026-06-24T22:00:00+00:00,7293.213123,7293.213123,0.000000
2026-06-24T23:00:00+00:00,7293.213123,7293.213123,0.000000
2026-06-25T00:00:00+00:00,7293.213123,7293.213123,0.000000
2026-06-25T01:00:00+00:00,7293.213123,7293.213123,0.000000
2026-06-25T02:00:00+00:00,7293.213123,7293.213123,0.000000
2026-06-25T03:00:00+00:00,7293.213123,7293.213123,0.000000
2026-06-25T04:00:00+00:00,7293.213123,7293.213123,0.000000
2026-06-25T05:00:00+00:00,7293.213123,7293.213123,0.000000
2026-06-25T06:00:00+00:00,7293.213123,7293.213123,0.000000
2026-06-25T07:00:00+00:00,7293.213123,7293.213123,0.000000
2026-06-25T08:00:00+00:00,7293.213123,7293.213123,0.000000
2026-06-25T09:00:00+00:00,7293.213123,7293.213123,0.000000
2026-06-25T10:00:00+00:00,7293.213123,7293.213123,0.000000
2026-06-25T11:00:00+00:00,7293.213123,7293.213123,0.000000
2026-06-25T12:00:00+00:00,7293.213123,7293.213123,0.000000
2026-06-25T13:00:00+00:00,7288.107144,-5.105979,7293.213123
2026-06-25T14:00:00+00:00,7481.679072,7481.679072,0.000000
2026-06-25T15:00:00+00:00,7481.679072,7481.679072,0.000000
2026-06-25T16:00:00+00:00,7481.679072,7481.679072,0.000000
2026-06-25T17:00:00+00:00,7481.679072,7481.679072,0.000000
2026-06-25T18:00:00+00:00,7481.679072,7481.679072,0.000000
2026-06-25T19:00:00+00:00,7481.679072,7481.679072,0.000000
2026-06-25T20:00:00+00:00,7481.679072,7481.679072,0.000000
2026-06-25T21:00:00+00:00,7481.679072,7481.679072,0.000000
2026-06-25T22:00:00+00:00,7481.679072,7481.679072,0.000000
2026-06-25T23:00:00+00:00,7481.679072,7481.679072,0.000000
2026-06-26T00:00:00+00:00,7481.679072,7481.679072,0.000000
2026-06-26T01:00:00+00:00,7481.679072,7481.679072,0.000000
2026-06-26T02:00:00+00:00,7481.679072,7481.679072,0.000000
2026-06-26T03:00:00+00:00,7481.679072,7481.679072,0.000000
2026-06-26T04:00:00+00:00,7481.679072,7481.679072,0.000000
2026-06-26T05:00:00+00:00,7481.679072,7481.679072,0.000000
2026-06-26T06:00:00+00:00,7481.679072,7481.679072,0.000000
2026-06-26T07:00:00+00:00,7481.679072,7481.679072,0.000000
2026-06-26T08:00:00+00:00,7481.679072,7481.679072,0.000000
2026-06-26T09:00:00+00:00,7481.679072,7481.679072,0.000000
2026-06-26T10:00:00+00:00,7481.679072,7481.679072,0.000000
2026-06-26T11:00:00+00:00,7481.679072,7481.679072,0.000000
2026-06-26T12:00:00+00:00,7481.679072,7481.679072,0.000000
2026-06-26T13:00:00+00:00,7481.679072,7481.679072,0.000000
2026-06-26T14:00:00+00:00,7481.679072,7481.679072,0.000000
2026-06-26T15:00:00+00:00,7481.679072,7481.679072,0.000000
2026-06-26T16:00:00+00:00,7481.679072,7481.679072,0.000000
2026-06-26T17:00:00+00:00,7481.679072,7481.679072,0.000000
2026-06-26T18:00:00+00:00,7481.679072,7481.679072,0.000000
2026-06-26T19:00:00+00:00,7481.679072,7481.679072,0.000000
2026-06-26T20:00:00+00:00,7481.679072,7481.679072,0.000000
2026-06-26T21:00:00+00:00,7481.679072,7481.679072,0.000000
2026-06-26T22:00:00+00:00,7481.679072,7481.679072,0.000000
2026-06-26T23:00:00+00:00,7481.679072,7481.679072,0.000000
2026-06-27T00:00:00+00:00,7481.679072,7481.679072,0.000000
2026-06-27T01:00:00+00:00,7481.679072,7481.679072,0.000000
2026-06-27T02:00:00+00:00,7481.679072,7481.679072,0.000000
2026-06-27T03:00:00+00:00,7481.679072,7481.679072,0.000000
2026-06-27T04:00:00+00:00,7481.679072,7481.679072,0.000000
2026-06-27T05:00:00+00:00,7481.679072,7481.679072,0.000000
2026-06-27T06:00:00+00:00,7481.679072,7481.679072,0.000000
2026-06-27T07:00:00+00:00,7481.679072,7481.679072,0.000000
2026-06-27T08:00:00+00:00,7481.679072,7481.679072,0.000000
2026-06-27T09:00:00+00:00,7481.679072,7481.679072,0.000000
2026-06-27T10:00:00+00:00,7481.679072,7481.679072,0.000000
2026-06-27T11:00:00+00:00,7481.679072,7481.679072,0.000000
2026-06-27T12:00:00+00:00,7481.679072,7481.679072,0.000000
2026-06-27T13:00:00+00:00,7476.442645,-2.243756,7481.679072
2026-06-27T14:00:00+00:00,7465.160188,-2.243756,7492.961529
2026-06-27T15:00:00+00:00,7382.877070,7382.877070,0.000000
2026-06-27T16:00:00+00:00,7382.877070,7382.877070,0.000000
2026-06-27T17:00:00+00:00,7382.877070,7382.877070,0.000000
2026-06-27T18:00:00+00:00,7382.877070,7382.877070,0.000000
2026-06-27T19:00:00+00:00,7382.877070,7382.877070,0.000000
2026-06-27T20:00:00+00:00,7382.877070,7382.877070,0.000000
2026-06-27T21:00:00+00:00,7382.877070,7382.877070,0.000000
2026-06-27T22:00:00+00:00,7382.877070,7382.877070,0.000000
2026-06-27T23:00:00+00:00,7382.877070,7382.877070,0.000000
2026-06-28T00:00:00+00:00,7382.877070,7382.877070,0.000000
2026-06-28T01:00:00+00:00,7382.877070,7382.877070,0.000000
2026-06-28T02:00:00+00:00,7382.877070,7382.877070,0.000000
2026-06-28T03:00:00+00:00,7382.877070,7382.877070,0.000000
2026-06-28T04:00:00+00:00,7382.877070,7382.877070,0.000000
2026-06-28T05:00:00+00:00,7382.877070,7382.877070,0.000000
2026-06-28T06:00:00+00:00,7382.877070,7382.877070,0.000000
2026-06-28T07:00:00+00:00,7382.877070,7382.877070,0.000000
2026-06-28T08:00:00+00:00,7382.877070,7382.877070,0.000000
2026-06-28T09:00:00+00:00,7382.877070,7382.877070,0.000000
2026-06-28T10:00:00+00:00,7382.877070,7382.877070,0.000000
2026-06-28T11:00:00+00:00,7382.877070,7382.877070,0.000000
2026-06-28T12:00:00+00:00,7382.877070,7382.877070,0.000000
2026-06-28T13:00:00+00:00,7382.877070,7382.877070,0.000000
2026-06-28T14:00:00+00:00,7382.877070,7382.877070,0.000000
2026-06-28T15:00:00+00:00,7382.877070,7382.877070,0.000000
2026-06-28T16:00:00+00:00,7382.877070,7382.877070,0.000000
2026-06-28T17:00:00+00:00,7382.877070,7382.877070,0.000000
2026-06-28T18:00:00+00:00,7382.877070,7382.877070,0.000000
2026-06-28T19:00:00+00:00,7377.708317,-5.168752,7382.877070
2026-06-28T20:00:00+00:00,7417.839064,-5.168752,7423.007816
2026-06-28T21:00:00+00:00,7370.618001,7370.618001,0.000000
2026-06-28T22:00:00+00:00,7370.618001,7370.618001,0.000000
2026-06-28T23:00:00+00:00,7370.618001,7370.618001,0.000000
2026-06-29T00:00:00+00:00,7370.618001,7370.618001,0.000000
2026-06-29T01:00:00+00:00,7370.618001,7370.618001,0.000000
2026-06-29T02:00:00+00:00,7370.618001,7370.618001,0.000000
2026-06-29T03:00:00+00:00,7370.618001,7370.618001,0.000000
2026-06-29T04:00:00+00:00,7370.618001,7370.618001,0.000000
2026-06-29T05:00:00+00:00,7370.618001,7370.618001,0.000000
2026-06-29T06:00:00+00:00,7370.618001,7370.618001,0.000000
2026-06-29T07:00:00+00:00,7370.618001,7370.618001,0.000000
2026-06-29T08:00:00+00:00,7370.618001,7370.618001,0.000000
2026-06-29T09:00:00+00:00,7370.618001,7370.618001,0.000000
2026-06-29T10:00:00+00:00,7370.618001,7370.618001,0.000000
2026-06-29T11:00:00+00:00,7370.618001,7370.618001,0.000000
2026-06-29T12:00:00+00:00,7370.618001,7370.618001,0.000000
2026-06-29T13:00:00+00:00,7370.618001,7370.618001,0.000000
2026-06-29T14:00:00+00:00,7370.618001,7370.618001,0.000000
2026-06-29T15:00:00+00:00,7370.618001,7370.618001,0.000000
2026-06-29T16:00:00+00:00,7370.618001,7370.618001,0.000000
2026-06-29T17:00:00+00:00,7365.459306,-2.210448,7370.618001
2026-06-29T18:00:00+00:00,7396.935416,-2.210448,7339.141891
2026-06-29T19:00:00+00:00,7376.555201,-2.210448,7359.522106
2026-06-29T20:00:00+00:00,7413.239588,-2.210448,7322.837719
2026-06-29T21:00:00+00:00,7402.370140,-2.210448,7333.707167
2026-06-29T22:00:00+00:00,7434.752037,-2.210448,7301.325270
2026-06-29T23:00:00+00:00,7434.978484,-2.210448,7301.098823
2026-06-30T00:00:00+00:00,7463.926678,7463.926678,0.000000
2026-06-30T01:00:00+00:00,7463.926678,7463.926678,0.000000
2026-06-30T02:00:00+00:00,7463.926678,7463.926678,0.000000
2026-06-30T03:00:00+00:00,7463.926678,7463.926678,0.000000
2026-06-30T04:00:00+00:00,7463.926678,7463.926678,0.000000
2026-06-30T05:00:00+00:00,7463.926678,7463.926678,0.000000
2026-06-30T06:00:00+00:00,7463.926678,7463.926678,0.000000
2026-06-30T07:00:00+00:00,7463.926678,7463.926678,0.000000
2026-06-30T08:00:00+00:00,7463.926678,7463.926678,0.000000
2026-06-30T09:00:00+00:00,7463.926678,7463.926678,0.000000
2026-06-30T10:00:00+00:00,7463.926678,7463.926678,0.000000
2026-06-30T11:00:00+00:00,7463.926678,7463.926678,0.000000
2026-06-30T12:00:00+00:00,7458.701183,-5.225495,7463.926678
2026-06-30T13:00:00+00:00,7465.804852,7465.804852,0.000000
2026-06-30T14:00:00+00:00,7465.804852,7465.804852,0.000000
2026-06-30T15:00:00+00:00,7465.804852,7465.804852,0.000000
2026-06-30T16:00:00+00:00,7465.804852,7465.804852,0.000000
2026-06-30T17:00:00+00:00,7465.804852,7465.804852,0.000000
2026-06-30T18:00:00+00:00,7465.804852,7465.804852,0.000000
2026-06-30T19:00:00+00:00,7465.804852,7465.804852,0.000000
2026-06-30T20:00:00+00:00,7465.804852,7465.804852,0.000000
2026-06-30T21:00:00+00:00,7465.804852,7465.804852,0.000000
2026-06-30T22:00:00+00:00,7465.804852,7465.804852,0.000000
2026-06-30T23:00:00+00:00,7465.804852,7465.804852,0.000000
2026-07-01T00:00:00+00:00,7465.804852,7465.804852,0.000000
2026-07-01T01:00:00+00:00,7465.804852,7465.804852,0.000000
2026-07-01T02:00:00+00:00,7465.804852,7465.804852,0.000000
2026-07-01T03:00:00+00:00,7460.579535,-2.238995,7465.804852
2026-07-01T04:00:00+00:00,7414.481153,7414.481153,0.000000
2026-07-01T05:00:00+00:00,7414.481153,7414.481153,0.000000
2026-07-01T06:00:00+00:00,7414.481153,7414.481153,0.000000
2026-07-01T07:00:00+00:00,7414.481153,7414.481153,0.000000
2026-07-01T08:00:00+00:00,7414.481153,7414.481153,0.000000
2026-07-01T09:00:00+00:00,7414.481153,7414.481153,0.000000
2026-07-01T10:00:00+00:00,7414.481153,7414.481153,0.000000
2026-07-01T11:00:00+00:00,7414.481153,7414.481153,0.000000
2026-07-01T12:00:00+00:00,7414.481153,7414.481153,0.000000
2026-07-01T13:00:00+00:00,7414.481153,7414.481153,0.000000
2026-07-01T14:00:00+00:00,7414.481153,7414.481153,0.000000
2026-07-01T15:00:00+00:00,7409.291758,-2.223603,7414.481153
2026-07-01T16:00:00+00:00,7380.307344,7380.307344,0.000000
2026-07-01T17:00:00+00:00,7380.307344,7380.307344,0.000000
2026-07-01T18:00:00+00:00,7380.307344,7380.307344,0.000000
2026-07-01T19:00:00+00:00,7380.307344,7380.307344,0.000000
2026-07-01T20:00:00+00:00,7380.307344,7380.307344,0.000000
2026-07-01T21:00:00+00:00,7380.307344,7380.307344,0.000000
2026-07-01T22:00:00+00:00,7380.307344,7380.307344,0.000000
2026-07-01T23:00:00+00:00,7380.307344,7380.307344,0.000000
2026-07-02T00:00:00+00:00,7380.307344,7380.307344,0.000000
2026-07-02T01:00:00+00:00,7380.307344,7380.307344,0.000000
2026-07-02T02:00:00+00:00,7380.307344,7380.307344,0.000000
2026-07-02T03:00:00+00:00,7380.307344,7380.307344,0.000000
2026-07-02T04:00:00+00:00,7380.307344,7380.307344,0.000000
2026-07-02T05:00:00+00:00,7380.307344,7380.307344,0.000000
2026-07-02T06:00:00+00:00,7380.307344,7380.307344,0.000000
2026-07-02T07:00:00+00:00,7380.307344,7380.307344,0.000000
2026-07-02T08:00:00+00:00,7380.307344,7380.307344,0.000000
2026-07-02T09:00:00+00:00,7380.307344,7380.307344,0.000000
2026-07-02T10:00:00+00:00,7380.307344,7380.307344,0.000000
2026-07-02T11:00:00+00:00,7380.307344,7380.307344,0.000000
2026-07-02T12:00:00+00:00,7380.307344,7380.307344,0.000000
2026-07-02T13:00:00+00:00,7380.307344,7380.307344,0.000000
2026-07-02T14:00:00+00:00,7380.307344,7380.307344,0.000000
2026-07-02T15:00:00+00:00,7380.307344,7380.307344,0.000000
2026-07-02T16:00:00+00:00,7380.307344,7380.307344,0.000000
2026-07-02T17:00:00+00:00,7380.307344,7380.307344,0.000000
2026-07-02T18:00:00+00:00,7380.307344,7380.307344,0.000000
2026-07-02T19:00:00+00:00,7380.307344,7380.307344,0.000000
2026-07-02T20:00:00+00:00,7380.307344,7380.307344,0.000000
2026-07-02T21:00:00+00:00,7380.307344,7380.307344,0.000000
2026-07-02T22:00:00+00:00,7380.307344,7380.307344,0.000000
2026-07-02T23:00:00+00:00,7380.307344,7380.307344,0.000000
2026-07-03T00:00:00+00:00,7380.307344,7380.307344,0.000000
2026-07-03T01:00:00+00:00,7380.307344,7380.307344,0.000000
2026-07-03T02:00:00+00:00,7380.307344,7380.307344,0.000000
2026-07-03T03:00:00+00:00,7380.307344,7380.307344,0.000000
2026-07-03T04:00:00+00:00,7380.307344,7380.307344,0.000000
2026-07-03T05:00:00+00:00,7380.307344,7380.307344,0.000000
2026-07-03T06:00:00+00:00,7380.307344,7380.307344,0.000000
2026-07-03T07:00:00+00:00,7380.307344,7380.307344,0.000000
2026-07-03T08:00:00+00:00,7380.307344,7380.307344,0.000000
2026-07-03T09:00:00+00:00,7380.307344,7380.307344,0.000000
2026-07-03T10:00:00+00:00,7380.307344,7380.307344,0.000000
2026-07-03T11:00:00+00:00,7380.307344,7380.307344,0.000000
2026-07-03T12:00:00+00:00,7380.307344,7380.307344,0.000000
2026-07-03T13:00:00+00:00,7380.307344,7380.307344,0.000000
2026-07-03T14:00:00+00:00,7380.307344,7380.307344,0.000000
2026-07-03T15:00:00+00:00,7380.307344,7380.307344,0.000000
2026-07-03T16:00:00+00:00,7380.307344,7380.307344,0.000000
2026-07-03T17:00:00+00:00,7380.307344,7380.307344,0.000000
2026-07-03T18:00:00+00:00,7380.307344,7380.307344,0.000000
2026-07-03T19:00:00+00:00,7380.307344,7380.307344,0.000000
2026-07-03T20:00:00+00:00,7380.307344,7380.307344,0.000000
2026-07-03T21:00:00+00:00,7380.307344,7380.307344,0.000000
2026-07-03T22:00:00+00:00,7380.307344,7380.307344,0.000000
2026-07-03T23:00:00+00:00,7380.307344,7380.307344,0.000000
2026-07-04T00:00:00+00:00,7380.307344,7380.307344,0.000000
2026-07-04T01:00:00+00:00,7380.307344,7380.307344,0.000000
2026-07-04T02:00:00+00:00,7380.307344,7380.307344,0.000000
2026-07-04T03:00:00+00:00,7380.307344,7380.307344,0.000000
2026-07-04T04:00:00+00:00,7380.307344,7380.307344,0.000000
2026-07-04T05:00:00+00:00,7380.307344,7380.307344,0.000000
2026-07-04T06:00:00+00:00,7380.307344,7380.307344,0.000000
2026-07-04T07:00:00+00:00,7380.307344,7380.307344,0.000000
2026-07-04T08:00:00+00:00,7380.307344,7380.307344,0.000000
2026-07-04T09:00:00+00:00,7380.307344,7380.307344,0.000000
2026-07-04T10:00:00+00:00,7380.307344,7380.307344,0.000000
2026-07-04T11:00:00+00:00,7380.307344,7380.307344,0.000000
2026-07-04T12:00:00+00:00,7380.307344,7380.307344,0.000000
2026-07-04T13:00:00+00:00,7380.307344,7380.307344,0.000000
2026-07-04T14:00:00+00:00,7380.307344,7380.307344,0.000000
2026-07-04T15:00:00+00:00,7380.307344,7380.307344,0.000000
2026-07-04T16:00:00+00:00,7380.307344,7380.307344,0.000000
2026-07-04T17:00:00+00:00,7380.307344,7380.307344,0.000000
2026-07-04T18:00:00+00:00,7380.307344,7380.307344,0.000000
2026-07-04T19:00:00+00:00,7380.307344,7380.307344,0.000000
2026-07-04T20:00:00+00:00,7380.307344,7380.307344,0.000000
2026-07-04T21:00:00+00:00,7380.307344,7380.307344,0.000000
2026-07-04T22:00:00+00:00,7380.307344,7380.307344,0.000000
2026-07-04T23:00:00+00:00,7380.307344,7380.307344,0.000000
2026-07-05T00:00:00+00:00,7380.307344,7380.307344,0.000000
2026-07-05T01:00:00+00:00,7380.307344,7380.307344,0.000000
2026-07-05T02:00:00+00:00,7380.307344,7380.307344,0.000000
2026-07-05T03:00:00+00:00,7380.307344,7380.307344,0.000000
2026-07-05T04:00:00+00:00,7380.307344,7380.307344,0.000000
2026-07-05T05:00:00+00:00,7380.307344,7380.307344,0.000000
2026-07-05T06:00:00+00:00,7380.307344,7380.307344,0.000000
2026-07-05T07:00:00+00:00,7380.307344,7380.307344,0.000000
2026-07-05T08:00:00+00:00,7380.307344,7380.307344,0.000000
2026-07-05T09:00:00+00:00,7380.307344,7380.307344,0.000000
2026-07-05T10:00:00+00:00,7380.307344,7380.307344,0.000000
2026-07-05T11:00:00+00:00,7380.307344,7380.307344,0.000000
2026-07-05T12:00:00+00:00,7380.307344,7380.307344,0.000000
2026-07-05T13:00:00+00:00,7380.307344,7380.307344,0.000000
2026-07-05T14:00:00+00:00,7380.307344,7380.307344,0.000000
2026-07-05T15:00:00+00:00,7380.307344,7380.307344,0.000000
2026-07-05T16:00:00+00:00,7380.307344,7380.307344,0.000000
2026-07-05T17:00:00+00:00,7380.307344,7380.307344,0.000000
2026-07-05T18:00:00+00:00,7380.307344,7380.307344,0.000000
2026-07-05T19:00:00+00:00,7380.307344,7380.307344,0.000000
2026-07-05T20:00:00+00:00,7380.307344,7380.307344,0.000000
2026-07-05T21:00:00+00:00,7375.141866,-2.213354,7380.307344
2026-07-05T22:00:00+00:00,7282.844042,7282.844042,0.000000
2026-07-05T23:00:00+00:00,7282.844042,7282.844042,0.000000
2026-07-06T00:00:00+00:00,7282.844042,7282.844042,0.000000
2026-07-06T01:00:00+00:00,7282.844042,7282.844042,0.000000
2026-07-06T02:00:00+00:00,7282.844042,7282.844042,0.000000
2026-07-06T03:00:00+00:00,7282.844042,7282.844042,0.000000
2026-07-06T04:00:00+00:00,7282.844042,7282.844042,0.000000
2026-07-06T05:00:00+00:00,7282.844042,7282.844042,0.000000
2026-07-06T06:00:00+00:00,7282.844042,7282.844042,0.000000
2026-07-06T07:00:00+00:00,7282.844042,7282.844042,0.000000
2026-07-06T08:00:00+00:00,7282.844042,7282.844042,0.000000
2026-07-06T09:00:00+00:00,7277.745323,-5.098719,7282.844042
2026-07-06T10:00:00+00:00,7277.463461,7277.463461,0.000000
2026-07-06T11:00:00+00:00,7277.463461,7277.463461,0.000000
2026-07-06T12:00:00+00:00,7277.463461,7277.463461,0.000000
2026-07-06T13:00:00+00:00,7277.463461,7277.463461,0.000000
2026-07-06T14:00:00+00:00,7277.463461,7277.463461,0.000000
2026-07-06T15:00:00+00:00,7277.463461,7277.463461,0.000000
2026-07-06T16:00:00+00:00,7277.463461,7277.463461,0.000000
2026-07-06T17:00:00+00:00,7277.463461,7277.463461,0.000000
2026-07-06T18:00:00+00:00,7277.463461,7277.463461,0.000000
2026-07-06T19:00:00+00:00,7277.463461,7277.463461,0.000000
2026-07-06T20:00:00+00:00,7277.463461,7277.463461,0.000000
2026-07-06T21:00:00+00:00,7272.369964,-2.182511,7277.463461
2026-07-06T22:00:00+00:00,7306.470537,-2.182511,7243.362888
2026-07-06T23:00:00+00:00,7333.349813,-2.182511,7216.483613
2026-07-07T00:00:00+00:00,7289.342690,7289.342690,0.000000
2026-07-07T01:00:00+00:00,7289.342690,7289.342690,0.000000
2026-07-07T02:00:00+00:00,7289.342690,7289.342690,0.000000
2026-07-07T03:00:00+00:00,7289.342690,7289.342690,0.000000
2026-07-07T04:00:00+00:00,7289.342690,7289.342690,0.000000
2026-07-07T05:00:00+00:00,7289.342690,7289.342690,0.000000
2026-07-07T06:00:00+00:00,7289.342690,7289.342690,0.000000
2026-07-07T07:00:00+00:00,7289.342690,7289.342690,0.000000
2026-07-07T08:00:00+00:00,7289.342690,7289.342690,0.000000
2026-07-07T09:00:00+00:00,7289.342690,7289.342690,0.000000
2026-07-07T10:00:00+00:00,7289.342690,7289.342690,0.000000
2026-07-07T11:00:00+00:00,7289.342690,7289.342690,0.000000
2026-07-07T12:00:00+00:00,7289.342690,7289.342690,0.000000
2026-07-07T13:00:00+00:00,7289.342690,7289.342690,0.000000
2026-07-07T14:00:00+00:00,7289.342690,7289.342690,0.000000
2026-07-07T15:00:00+00:00,7289.342690,7289.342690,0.000000
2026-07-07T16:00:00+00:00,7289.342690,7289.342690,0.000000
2026-07-07T17:00:00+00:00,7289.342690,7289.342690,0.000000
2026-07-07T18:00:00+00:00,7289.342690,7289.342690,0.000000
2026-07-07T19:00:00+00:00,7289.342690,7289.342690,0.000000
2026-07-07T20:00:00+00:00,7289.342690,7289.342690,0.000000
2026-07-07T21:00:00+00:00,7289.342690,7289.342690,0.000000
2026-07-07T22:00:00+00:00,7289.342690,7289.342690,0.000000
2026-07-07T23:00:00+00:00,7289.342690,7289.342690,0.000000
2026-07-08T00:00:00+00:00,7289.342690,7289.342690,0.000000
2026-07-08T01:00:00+00:00,7284.239421,-5.103269,7289.342690
2026-07-08T02:00:00+00:00,7236.096179,7236.096179,0.000000
2026-07-08T03:00:00+00:00,7236.096179,7236.096179,0.000000
2026-07-08T04:00:00+00:00,7236.096179,7236.096179,0.000000
2026-07-08T05:00:00+00:00,7236.096179,7236.096179,0.000000
2026-07-08T06:00:00+00:00,7236.096179,7236.096179,0.000000
2026-07-08T07:00:00+00:00,7236.096179,7236.096179,0.000000
2026-07-08T07:00:00+00:00,7236.096179,7236.096179,0.000000
